study,model,seed,partition,threshold,net_benefit_model,net_benefit_all,net_benefit_none
RADCURE,B0,17,oof,0.05,0.16593645713446956,0.165936220030519,0.0
RADCURE,B0,17,oof,0.1,0.11959984391833232,0.11959934336554782,0.0
RADCURE,B0,17,oof,0.15,0.06781186444147308,0.06781106944587417,0.0
RADCURE,B0,17,oof,0.2,0.009550387530006421,0.009549261286241312,0.0
RADCURE,B0,17,oof,0.25,0.0,-0.056480787961342566,0.0
RADCURE,B0,17,oof,0.3,0.0,-0.1319437013871528,0.0
RADCURE,B0,17,oof,0.35,0.0,-0.21901629380154916,0.0
RADCURE,B0,17,oof,0.4,0.0,-0.3206009849516783,0.0
RADCURE,B0,17,oof,0.45,0.0,-0.4406556199472853,0.0
RADCURE,B0,17,oof,0.5,0.0,-0.584721181942014,0.0
RADCURE,B0,17,calibration,0.05,0.16303996669974766,0.16299594076076102,0.0
RADCURE,B0,17,calibration,0.1,0.11658865889644177,0.11649571524746996,0.0
RADCURE,B0,17,calibration,0.15,0.06467249135157047,0.06452487496790937,0.0
RADCURE,B0,17,calibration,0.2,0.006266802863590271,0.0060576796534037025,0.0
RADCURE,B0,17,calibration,0.25,0.0,-0.060205141703036036,0.0
RADCURE,B0,17,calibration,0.3,0.0,-0.1359340803961101,0.0
RADCURE,B0,17,calibration,0.35,0.0,-0.22331362504196467,0.0
RADCURE,B0,17,calibration,0.4,0.0,-0.32525642712879516,0.0
RADCURE,B0,17,calibration,0.45,0.0,-0.4457342841405037,0.0
RADCURE,B0,17,calibration,0.5,0.0,-0.5903077125545542,0.0
RADCURE,B0,29,oof,0.05,0.16593645713446956,0.165936220030519,0.0
RADCURE,B0,29,oof,0.1,0.11959984391833232,0.11959934336554782,0.0
RADCURE,B0,29,oof,0.15,0.06781186444147308,0.06781106944587417,0.0
RADCURE,B0,29,oof,0.2,0.009550387530006421,0.009549261286241312,0.0
RADCURE,B0,29,oof,0.25,0.0,-0.056480787961342566,0.0
RADCURE,B0,29,oof,0.3,0.0,-0.1319437013871528,0.0
RADCURE,B0,29,oof,0.35,0.0,-0.21901629380154916,0.0
RADCURE,B0,29,oof,0.4,0.0,-0.3206009849516783,0.0
RADCURE,B0,29,oof,0.45,0.0,-0.4406556199472853,0.0
RADCURE,B0,29,oof,0.5,0.0,-0.584721181942014,0.0
RADCURE,B0,29,calibration,0.05,0.16303996669974766,0.16299594076076102,0.0
RADCURE,B0,29,calibration,0.1,0.11658865889644177,0.11649571524746996,0.0
RADCURE,B0,29,calibration,0.15,0.06467249135157047,0.06452487496790937,0.0
RADCURE,B0,29,calibration,0.2,0.006266802863590271,0.0060576796534037025,0.0
RADCURE,B0,29,calibration,0.25,0.0,-0.060205141703036036,0.0
RADCURE,B0,29,calibration,0.3,0.0,-0.1359340803961101,0.0
RADCURE,B0,29,calibration,0.35,0.0,-0.22331362504196467,0.0
RADCURE,B0,29,calibration,0.4,0.0,-0.32525642712879516,0.0
RADCURE,B0,29,calibration,0.45,0.0,-0.4457342841405037,0.0
RADCURE,B0,29,calibration,0.5,0.0,-0.5903077125545542,0.0
RADCURE,B0,43,oof,0.05,0.16593645713446956,0.165936220030519,0.0
RADCURE,B0,43,oof,0.1,0.11959984391833232,0.11959934336554782,0.0
RADCURE,B0,43,oof,0.15,0.06781186444147308,0.06781106944587417,0.0
RADCURE,B0,43,oof,0.2,-0.0035720956068843734,0.009549261286241312,0.0
RADCURE,B0,43,oof,0.25,0.0,-0.056480787961342566,0.0
RADCURE,B0,43,oof,0.3,0.0,-0.1319437013871528,0.0
RADCURE,B0,43,oof,0.35,0.0,-0.21901629380154916,0.0
RADCURE,B0,43,oof,0.4,0.0,-0.3206009849516783,0.0
RADCURE,B0,43,oof,0.45,0.0,-0.4406556199472853,0.0
RADCURE,B0,43,oof,0.5,0.0,-0.584721181942014,0.0
RADCURE,B0,43,calibration,0.05,0.16303996669974766,0.16299594076076102,0.0
RADCURE,B0,43,calibration,0.1,0.11658865889644177,0.11649571524746996,0.0
RADCURE,B0,43,calibration,0.15,0.06467249135157047,0.06452487496790937,0.0
RADCURE,B0,43,calibration,0.2,0.006266802863590271,0.0060576796534037025,0.0
RADCURE,B0,43,calibration,0.25,0.0,-0.060205141703036036,0.0
RADCURE,B0,43,calibration,0.3,0.0,-0.1359340803961101,0.0
RADCURE,B0,43,calibration,0.35,0.0,-0.22331362504196467,0.0
RADCURE,B0,43,calibration,0.4,0.0,-0.32525642712879516,0.0
RADCURE,B0,43,calibration,0.45,0.0,-0.4457342841405037,0.0
RADCURE,B0,43,calibration,0.5,0.0,-0.5903077125545542,0.0
RADCURE,B0,71,oof,0.05,0.16593645713446956,0.165936220030519,0.0
RADCURE,B0,71,oof,0.1,0.11959984391833232,0.11959934336554782,0.0
RADCURE,B0,71,oof,0.15,0.06781186444147308,0.06781106944587417,0.0
RADCURE,B0,71,oof,0.2,0.009550387530006421,0.009549261286241312,0.0
RADCURE,B0,71,oof,0.25,0.0,-0.056480787961342566,0.0
RADCURE,B0,71,oof,0.3,0.0,-0.1319437013871528,0.0
RADCURE,B0,71,oof,0.35,0.0,-0.21901629380154916,0.0
RADCURE,B0,71,oof,0.4,0.0,-0.3206009849516783,0.0
RADCURE,B0,71,oof,0.45,0.0,-0.4406556199472853,0.0
RADCURE,B0,71,oof,0.5,0.0,-0.584721181942014,0.0
RADCURE,B0,71,calibration,0.05,0.16303996669974766,0.16299594076076102,0.0
RADCURE,B0,71,calibration,0.1,0.11658865889644177,0.11649571524746996,0.0
RADCURE,B0,71,calibration,0.15,0.06467249135157047,0.06452487496790937,0.0
RADCURE,B0,71,calibration,0.2,0.006266802863590271,0.0060576796534037025,0.0
RADCURE,B0,71,calibration,0.25,0.0,-0.060205141703036036,0.0
RADCURE,B0,71,calibration,0.3,0.0,-0.1359340803961101,0.0
RADCURE,B0,71,calibration,0.35,0.0,-0.22331362504196467,0.0
RADCURE,B0,71,calibration,0.4,0.0,-0.32525642712879516,0.0
RADCURE,B0,71,calibration,0.45,0.0,-0.4457342841405037,0.0
RADCURE,B0,71,calibration,0.5,0.0,-0.5903077125545542,0.0
RADCURE,B0,101,oof,0.05,0.16593645713446956,0.165936220030519,0.0
RADCURE,B0,101,oof,0.1,0.11959984391833232,0.11959934336554782,0.0
RADCURE,B0,101,oof,0.15,0.06781186444147308,0.06781106944587417,0.0
RADCURE,B0,101,oof,0.2,0.009550387530006421,0.009549261286241312,0.0
RADCURE,B0,101,oof,0.25,0.0,-0.056480787961342566,0.0
RADCURE,B0,101,oof,0.3,0.0,-0.1319437013871528,0.0
RADCURE,B0,101,oof,0.35,0.0,-0.21901629380154916,0.0
RADCURE,B0,101,oof,0.4,0.0,-0.3206009849516783,0.0
RADCURE,B0,101,oof,0.45,0.0,-0.4406556199472853,0.0
RADCURE,B0,101,oof,0.5,0.0,-0.584721181942014,0.0
RADCURE,B0,101,calibration,0.05,0.16303996669974766,0.16299594076076102,0.0
RADCURE,B0,101,calibration,0.1,0.11658865889644177,0.11649571524746996,0.0
RADCURE,B0,101,calibration,0.15,0.06467249135157047,0.06452487496790937,0.0
RADCURE,B0,101,calibration,0.2,0.006266802863590271,0.0060576796534037025,0.0
RADCURE,B0,101,calibration,0.25,0.0,-0.060205141703036036,0.0
RADCURE,B0,101,calibration,0.3,0.0,-0.1359340803961101,0.0
RADCURE,B0,101,calibration,0.35,0.0,-0.22331362504196467,0.0
RADCURE,B0,101,calibration,0.4,0.0,-0.32525642712879516,0.0
RADCURE,B0,101,calibration,0.45,0.0,-0.4457342841405037,0.0
RADCURE,B0,101,calibration,0.5,0.0,-0.5903077125545542,0.0
RADCURE,B1,17,oof,0.05,0.17206329235996504,0.165936220030519,0.0
RADCURE,B1,17,oof,0.1,0.1442923267529838,0.11959934336554782,0.0
RADCURE,B1,17,oof,0.15,0.12194971119069654,0.06781106944587417,0.0
RADCURE,B1,17,oof,0.2,0.09321190053545023,0.009549261286241312,0.0
RADCURE,B1,17,oof,0.25,0.07048172035629571,-0.056480787961342566,0.0
RADCURE,B1,17,oof,0.3,0.055816086372970426,-0.1319437013871528,0.0
RADCURE,B1,17,oof,0.35,0.04155234969288806,-0.21901629380154916,0.0
RADCURE,B1,17,oof,0.4,0.02984885392641471,-0.3206009849516783,0.0
RADCURE,B1,17,oof,0.45,0.016772607082945937,-0.4406556199472853,0.0
RADCURE,B1,17,oof,0.5,0.004859110491947552,-0.584721181942014,0.0
RADCURE,B1,17,calibration,0.05,0.16478876437826154,0.16299594076076102,0.0
RADCURE,B1,17,calibration,0.1,0.15043100520035108,0.11649571524746996,0.0
RADCURE,B1,17,calibration,0.15,0.10776683594982582,0.06452487496790937,0.0
RADCURE,B1,17,calibration,0.2,0.0957190019015624,0.0060576796534037025,0.0
RADCURE,B1,17,calibration,0.25,0.06156841117500457,-0.060205141703036036,0.0
RADCURE,B1,17,calibration,0.3,0.043810152186305525,-0.1359340803961101,0.0
RADCURE,B1,17,calibration,0.35,0.04034721102803547,-0.22331362504196467,0.0
RADCURE,B1,17,calibration,0.4,0.018654690253925917,-0.32525642712879516,0.0
RADCURE,B1,17,calibration,0.45,0.01706277117755709,-0.4457342841405037,0.0
RADCURE,B1,17,calibration,0.5,0.0032509566112103525,-0.5903077125545542,0.0
RADCURE,B1,29,oof,0.05,0.16906993251395624,0.165936220030519,0.0
RADCURE,B1,29,oof,0.1,0.14648766115112602,0.11959934336554782,0.0
RADCURE,B1,29,oof,0.15,0.12010192653474847,0.06781106944587417,0.0
RADCURE,B1,29,oof,0.2,0.09897994878058813,0.009549261286241312,0.0
RADCURE,B1,29,oof,0.25,0.07982750475690097,-0.056480787961342566,0.0
RADCURE,B1,29,oof,0.3,0.06523431056685228,-0.1319437013871528,0.0
RADCURE,B1,29,oof,0.35,0.0489048850500794,-0.21901629380154916,0.0
RADCURE,B1,29,oof,0.4,0.033963494920722724,-0.3206009849516783,0.0
RADCURE,B1,29,oof,0.45,0.024106574746585605,-0.4406556199472853,0.0
RADCURE,B1,29,oof,0.5,0.010630242217728673,-0.584721181942014,0.0
RADCURE,B1,29,calibration,0.05,0.16478876437826154,0.16299594076076102,0.0
RADCURE,B1,29,calibration,0.1,0.15043100520035108,0.11649571524746996,0.0
RADCURE,B1,29,calibration,0.15,0.10776683594982582,0.06452487496790937,0.0
RADCURE,B1,29,calibration,0.2,0.0957190019015624,0.0060576796534037025,0.0
RADCURE,B1,29,calibration,0.25,0.06156841117500457,-0.060205141703036036,0.0
RADCURE,B1,29,calibration,0.3,0.043810152186305525,-0.1359340803961101,0.0
RADCURE,B1,29,calibration,0.35,0.04034721102803547,-0.22331362504196467,0.0
RADCURE,B1,29,calibration,0.4,0.018654690253925917,-0.32525642712879516,0.0
RADCURE,B1,29,calibration,0.45,0.01706277117755709,-0.4457342841405037,0.0
RADCURE,B1,29,calibration,0.5,0.0032509566112103525,-0.5903077125545542,0.0
RADCURE,B1,43,oof,0.05,0.16894051495029153,0.165936220030519,0.0
RADCURE,B1,43,oof,0.1,0.14008326029358603,0.11959934336554782,0.0
RADCURE,B1,43,oof,0.15,0.11681126111523066,0.06781106944587417,0.0
RADCURE,B1,43,oof,0.2,0.09238951383540787,0.009549261286241312,0.0
RADCURE,B1,43,oof,0.25,0.0704855145841475,-0.056480787961342566,0.0
RADCURE,B1,43,oof,0.3,0.05416681309957458,-0.1319437013871528,0.0
RADCURE,B1,43,oof,0.35,0.04656098907731462,-0.21901629380154916,0.0
RADCURE,B1,43,oof,0.4,0.0339712035659166,-0.3206009849516783,0.0
RADCURE,B1,43,oof,0.45,0.021485338519734484,-0.4406556199472853,0.0
RADCURE,B1,43,oof,0.5,0.015571309733489129,-0.584721181942014,0.0
RADCURE,B1,43,calibration,0.05,0.16478876437826154,0.16299594076076102,0.0
RADCURE,B1,43,calibration,0.1,0.15043100520035108,0.11649571524746996,0.0
RADCURE,B1,43,calibration,0.15,0.10776683594982582,0.06452487496790937,0.0
RADCURE,B1,43,calibration,0.2,0.0957190019015624,0.0060576796534037025,0.0
RADCURE,B1,43,calibration,0.25,0.06156841117500457,-0.060205141703036036,0.0
RADCURE,B1,43,calibration,0.3,0.043810152186305525,-0.1359340803961101,0.0
RADCURE,B1,43,calibration,0.35,0.04034721102803547,-0.22331362504196467,0.0
RADCURE,B1,43,calibration,0.4,0.018654690253925917,-0.32525642712879516,0.0
RADCURE,B1,43,calibration,0.45,0.01706277117755709,-0.4457342841405037,0.0
RADCURE,B1,43,calibration,0.5,0.0032509566112103525,-0.5903077125545542,0.0
RADCURE,B1,71,oof,0.05,0.16829037489936866,0.165936220030519,0.0
RADCURE,B1,71,oof,0.1,0.14411275229820036,0.11959934336554782,0.0
RADCURE,B1,71,oof,0.15,0.11773059883925778,0.06781106944587417,0.0
RADCURE,B1,71,oof,0.2,0.09300707345516315,0.009549261286241312,0.0
RADCURE,B1,71,oof,0.25,0.07707822300498929,-0.056480787961342566,0.0
RADCURE,B1,71,oof,0.3,0.06076108935061857,-0.1319437013871528,0.0
RADCURE,B1,71,oof,0.35,0.04681304178150321,-0.21901629380154916,0.0
RADCURE,B1,71,oof,0.4,0.0369919088869713,-0.3206009849516783,0.0
RADCURE,B1,71,oof,0.45,0.02906212935826183,-0.4406556199472853,0.0
RADCURE,B1,71,oof,0.5,0.015577722288333928,-0.584721181942014,0.0
RADCURE,B1,71,calibration,0.05,0.16478876437826154,0.16299594076076102,0.0
RADCURE,B1,71,calibration,0.1,0.15043100520035108,0.11649571524746996,0.0
RADCURE,B1,71,calibration,0.15,0.10776683594982582,0.06452487496790937,0.0
RADCURE,B1,71,calibration,0.2,0.0957190019015624,0.0060576796534037025,0.0
RADCURE,B1,71,calibration,0.25,0.06156841117500457,-0.060205141703036036,0.0
RADCURE,B1,71,calibration,0.3,0.043810152186305525,-0.1359340803961101,0.0
RADCURE,B1,71,calibration,0.35,0.04034721102803547,-0.22331362504196467,0.0
RADCURE,B1,71,calibration,0.4,0.018654690253925917,-0.32525642712879516,0.0
RADCURE,B1,71,calibration,0.45,0.01706277117755709,-0.4457342841405037,0.0
RADCURE,B1,71,calibration,0.5,0.0032509566112103525,-0.5903077125545542,0.0
RADCURE,B1,101,oof,0.05,0.16720825401274036,0.165936220030519,0.0
RADCURE,B1,101,oof,0.1,0.1376105758568234,0.11959934336554782,0.0
RADCURE,B1,101,oof,0.15,0.11715050824111217,0.06781106944587417,0.0
RADCURE,B1,101,oof,0.2,0.09341652910019099,0.009549261286241312,0.0
RADCURE,B1,101,oof,0.25,0.07488098102706259,-0.056480787961342566,0.0
RADCURE,B1,101,oof,0.3,0.05628065577805681,-0.1319437013871528,0.0
RADCURE,B1,101,oof,0.35,0.04351119219397635,-0.21901629380154916,0.0
RADCURE,B1,101,oof,0.4,0.03369199302552374,-0.3206009849516783,0.0
RADCURE,B1,101,oof,0.45,0.02748020209165402,-0.4406556199472853,0.0
RADCURE,B1,101,oof,0.5,0.013924701865098282,-0.584721181942014,0.0
RADCURE,B1,101,calibration,0.05,0.16478876437826154,0.16299594076076102,0.0
RADCURE,B1,101,calibration,0.1,0.15043100520035108,0.11649571524746996,0.0
RADCURE,B1,101,calibration,0.15,0.10776683594982582,0.06452487496790937,0.0
RADCURE,B1,101,calibration,0.2,0.0957190019015624,0.0060576796534037025,0.0
RADCURE,B1,101,calibration,0.25,0.06156841117500457,-0.060205141703036036,0.0
RADCURE,B1,101,calibration,0.3,0.043810152186305525,-0.1359340803961101,0.0
RADCURE,B1,101,calibration,0.35,0.04034721102803547,-0.22331362504196467,0.0
RADCURE,B1,101,calibration,0.4,0.018654690253925917,-0.32525642712879516,0.0
RADCURE,B1,101,calibration,0.45,0.01706277117755709,-0.4457342841405037,0.0
RADCURE,B1,101,calibration,0.5,0.0032509566112103525,-0.5903077125545542,0.0
RADCURE,B2,17,oof,0.05,0.1660233382842498,0.165936220030519,0.0
RADCURE,B2,17,oof,0.1,0.12538162653591467,0.11959934336554782,0.0
RADCURE,B2,17,oof,0.15,0.10129010161462211,0.06781106944587417,0.0
RADCURE,B2,17,oof,0.2,0.07958730177098475,0.009549261286241312,0.0
RADCURE,B2,17,oof,0.25,0.05647973382277559,-0.056480787961342566,0.0
RADCURE,B2,17,oof,0.3,0.027469556124529684,-0.1319437013871528,0.0
RADCURE,B2,17,oof,0.35,0.014530114106090154,-0.21901629380154916,0.0
RADCURE,B2,17,oof,0.4,0.0027195344296120257,-0.3206009849516783,0.0
RADCURE,B2,17,oof,0.45,-0.002038787736599509,-0.4406556199472853,0.0
RADCURE,B2,17,oof,0.5,-0.002483236070790669,-0.584721181942014,0.0
RADCURE,B2,17,calibration,0.05,0.16303996669974766,0.16299594076076102,0.0
RADCURE,B2,17,calibration,0.1,0.12210818851602931,0.11649571524746996,0.0
RADCURE,B2,17,calibration,0.15,0.10752296567790642,0.06452487496790937,0.0
RADCURE,B2,17,calibration,0.2,0.07916667942917077,0.0060576796534037025,0.0
RADCURE,B2,17,calibration,0.25,0.057164255332153815,-0.060205141703036036,0.0
RADCURE,B2,17,calibration,0.3,0.02965261206938414,-0.1359340803961101,0.0
RADCURE,B2,17,calibration,0.35,0.023086991361381,-0.22331362504196467,0.0
RADCURE,B2,17,calibration,0.4,0.012096529973822372,-0.32525642712879516,0.0
RADCURE,B2,17,calibration,0.45,0.014409735312919909,-0.4457342841405037,0.0
RADCURE,B2,17,calibration,0.5,0.00991276775908449,-0.5903077125545542,0.0
RADCURE,B2,29,oof,0.05,0.16611021943403007,0.165936220030519,0.0
RADCURE,B2,29,oof,0.1,0.12418942409170779,0.11959934336554782,0.0
RADCURE,B2,29,oof,0.15,0.10051318266469608,0.06781106944587417,0.0
RADCURE,B2,29,oof,0.2,0.08226106613819467,0.009549261286241312,0.0
RADCURE,B2,29,oof,0.25,0.05675010689512777,-0.056480787961342566,0.0
RADCURE,B2,29,oof,0.3,0.03088429863717862,-0.1319437013871528,0.0
RADCURE,B2,29,oof,0.35,0.012439640152169848,-0.21901629380154916,0.0
RADCURE,B2,29,oof,0.4,-0.0005738225412055993,-0.3206009849516783,0.0
RADCURE,B2,29,oof,0.45,-0.001364952826645653,-0.4406556199472853,0.0
RADCURE,B2,29,oof,0.5,-0.0024807640795827977,-0.584721181942014,0.0
RADCURE,B2,29,calibration,0.05,0.16303996669974766,0.16299594076076102,0.0
RADCURE,B2,29,calibration,0.1,0.12210818851602931,0.11649571524746996,0.0
RADCURE,B2,29,calibration,0.15,0.10752296567790642,0.06452487496790937,0.0
RADCURE,B2,29,calibration,0.2,0.07916667942917077,0.0060576796534037025,0.0
RADCURE,B2,29,calibration,0.25,0.057164255332153815,-0.060205141703036036,0.0
RADCURE,B2,29,calibration,0.3,0.02965261206938414,-0.1359340803961101,0.0
RADCURE,B2,29,calibration,0.35,0.023086991361381,-0.22331362504196467,0.0
RADCURE,B2,29,calibration,0.4,0.012096529973822372,-0.32525642712879516,0.0
RADCURE,B2,29,calibration,0.45,0.014409735312919909,-0.4457342841405037,0.0
RADCURE,B2,29,calibration,0.5,0.00991276775908449,-0.5903077125545542,0.0
RADCURE,B2,43,oof,0.05,0.1660233382842498,0.165936220030519,0.0
RADCURE,B2,43,oof,0.1,0.12254201132008444,0.11959934336554782,0.0
RADCURE,B2,43,oof,0.15,0.10085314053778613,0.06781106944587417,0.0
RADCURE,B2,43,oof,0.2,0.08205690272710413,0.009549261286241312,0.0
RADCURE,B2,43,oof,0.25,0.055377917022248396,-0.056480787961342566,0.0
RADCURE,B2,43,oof,0.3,0.03264927668931513,-0.1319437013871528,0.0
RADCURE,B2,43,oof,0.35,0.015537927778923401,-0.21901629380154916,0.0
RADCURE,B2,43,oof,0.4,0.0018967818336925908,-0.3206009849516783,0.0
RADCURE,B2,43,oof,0.45,-0.0036870575912165277,-0.4406556199472853,0.0
RADCURE,B2,43,oof,0.5,-0.0016562502396640318,-0.584721181942014,0.0
RADCURE,B2,43,calibration,0.05,0.16303996669974766,0.16299594076076102,0.0
RADCURE,B2,43,calibration,0.1,0.12210818851602931,0.11649571524746996,0.0
RADCURE,B2,43,calibration,0.15,0.10752296567790642,0.06452487496790937,0.0
RADCURE,B2,43,calibration,0.2,0.07916667942917077,0.0060576796534037025,0.0
RADCURE,B2,43,calibration,0.25,0.057164255332153815,-0.060205141703036036,0.0
RADCURE,B2,43,calibration,0.3,0.02965261206938414,-0.1359340803961101,0.0
RADCURE,B2,43,calibration,0.35,0.023086991361381,-0.22331362504196467,0.0
RADCURE,B2,43,calibration,0.4,0.012096529973822372,-0.32525642712879516,0.0
RADCURE,B2,43,calibration,0.45,0.014409735312919909,-0.4457342841405037,0.0
RADCURE,B2,43,calibration,0.5,0.00991276775908449,-0.5903077125545542,0.0
RADCURE,B2,71,oof,0.05,0.1660233382842498,0.165936220030519,0.0
RADCURE,B2,71,oof,0.1,0.12629784825615703,0.11959934336554782,0.0
RADCURE,B2,71,oof,0.15,0.09973731931331001,0.06781106944587417,0.0
RADCURE,B2,71,oof,0.2,0.08020329356053782,0.009549261286241312,0.0
RADCURE,B2,71,oof,0.25,0.05813037641082731,-0.056480787961342566,0.0
RADCURE,B2,71,oof,0.3,0.031003578083679144,-0.1319437013871528,0.0
RADCURE,B2,71,oof,0.35,0.010726312396357345,-0.21901629380154916,0.0
RADCURE,B2,71,oof,0.4,0.002997276397575851,-0.3206009849516783,0.0
RADCURE,B2,71,oof,0.45,-0.00256488086144656,-0.4406556199472853,0.0
RADCURE,B2,71,oof,0.5,-5.508393839143144e-06,-0.584721181942014,0.0
RADCURE,B2,71,calibration,0.05,0.16303996669974766,0.16299594076076102,0.0
RADCURE,B2,71,calibration,0.1,0.12210818851602931,0.11649571524746996,0.0
RADCURE,B2,71,calibration,0.15,0.10752296567790642,0.06452487496790937,0.0
RADCURE,B2,71,calibration,0.2,0.07916667942917077,0.0060576796534037025,0.0
RADCURE,B2,71,calibration,0.25,0.057164255332153815,-0.060205141703036036,0.0
RADCURE,B2,71,calibration,0.3,0.02965261206938414,-0.1359340803961101,0.0
RADCURE,B2,71,calibration,0.35,0.023086991361381,-0.22331362504196467,0.0
RADCURE,B2,71,calibration,0.4,0.012096529973822372,-0.32525642712879516,0.0
RADCURE,B2,71,calibration,0.45,0.014409735312919909,-0.4457342841405037,0.0
RADCURE,B2,71,calibration,0.5,0.00991276775908449,-0.5903077125545542,0.0
RADCURE,B2,101,oof,0.05,0.1660233382842498,0.165936220030519,0.0
RADCURE,B2,101,oof,0.1,0.12492308713429663,0.11959934336554782,0.0
RADCURE,B2,101,oof,0.15,0.10100026280249386,0.06781106944587417,0.0
RADCURE,B2,101,oof,0.2,0.08453140058762729,0.009549261286241312,0.0
RADCURE,B2,101,oof,0.25,0.061971707187925024,-0.056480787961342566,0.0
RADCURE,B2,101,oof,0.3,0.027703709300243552,-0.1319437013871528,0.0
RADCURE,B2,101,oof,0.35,0.01415154641356527,-0.21901629380154916,0.0
RADCURE,B2,101,oof,0.4,0.002168064168799645,-0.3206009849516783,0.0
RADCURE,B2,101,oof,0.45,-0.0030125119340541308,-0.4406556199472853,0.0
RADCURE,B2,101,oof,0.5,-0.0008340620551679986,-0.584721181942014,0.0
RADCURE,B2,101,calibration,0.05,0.16303996669974766,0.16299594076076102,0.0
RADCURE,B2,101,calibration,0.1,0.12210818851602931,0.11649571524746996,0.0
RADCURE,B2,101,calibration,0.15,0.10752296567790642,0.06452487496790937,0.0
RADCURE,B2,101,calibration,0.2,0.07916667942917077,0.0060576796534037025,0.0
RADCURE,B2,101,calibration,0.25,0.057164255332153815,-0.060205141703036036,0.0
RADCURE,B2,101,calibration,0.3,0.02965261206938414,-0.1359340803961101,0.0
RADCURE,B2,101,calibration,0.35,0.023086991361381,-0.22331362504196467,0.0
RADCURE,B2,101,calibration,0.4,0.012096529973822372,-0.32525642712879516,0.0
RADCURE,B2,101,calibration,0.45,0.014409735312919909,-0.4457342841405037,0.0
RADCURE,B2,101,calibration,0.5,0.00991276775908449,-0.5903077125545542,0.0
RADCURE,B3,17,oof,0.05,0.16884697565210816,0.165936220030519,0.0
RADCURE,B3,17,oof,0.1,0.14014816309821726,0.11959934336554782,0.0
RADCURE,B3,17,oof,0.15,0.12026374487677688,0.06781106944587417,0.0
RADCURE,B3,17,oof,0.2,0.09914896094789065,0.009549261286241312,0.0
RADCURE,B3,17,oof,0.25,0.07814217086413386,-0.056480787961342566,0.0
RADCURE,B3,17,oof,0.3,0.058403602562683635,-0.1319437013871528,0.0
RADCURE,B3,17,oof,0.35,0.03270251795796844,-0.21901629380154916,0.0
RADCURE,B3,17,oof,0.4,0.01892040399556787,-0.3206009849516783,0.0
RADCURE,B3,17,oof,0.45,0.007332499091210627,-0.4406556199472853,0.0
RADCURE,B3,17,oof,0.5,0.0032958289620254964,-0.584721181942014,0.0
RADCURE,B3,17,calibration,0.05,0.16339178832621742,0.16299594076076102,0.0
RADCURE,B3,17,calibration,0.1,0.13718894565846396,0.11649571524746996,0.0
RADCURE,B3,17,calibration,0.15,0.11122542943342344,0.06452487496790937,0.0
RADCURE,B3,17,calibration,0.2,0.09402529987127832,0.0060576796534037025,0.0
RADCURE,B3,17,calibration,0.25,0.07808045618040016,-0.060205141703036036,0.0
RADCURE,B3,17,calibration,0.3,0.0697757154899721,-0.1359340803961101,0.0
RADCURE,B3,17,calibration,0.35,0.017728658053855244,-0.22331362504196467,0.0
RADCURE,B3,17,calibration,0.4,0.01428735460261697,-0.32525642712879516,0.0
RADCURE,B3,17,calibration,0.45,0.01051108651950055,-0.4457342841405037,0.0
RADCURE,B3,17,calibration,0.5,0.006612437726081192,-0.5903077125545542,0.0
RADCURE,B3,29,oof,0.05,0.1687600945023279,0.165936220030519,0.0
RADCURE,B3,29,oof,0.1,0.14060437684441257,0.11959934336554782,0.0
RADCURE,B3,29,oof,0.15,0.11803286025304517,0.06781106944587417,0.0
RADCURE,B3,29,oof,0.2,0.0964667510419835,0.009549261286241312,0.0
RADCURE,B3,29,oof,0.25,0.07979311122550509,-0.056480787961342566,0.0
RADCURE,B3,29,oof,0.3,0.05863112362346079,-0.1319437013871528,0.0
RADCURE,B3,29,oof,0.35,0.03688943431154921,-0.21901629380154916,0.0
RADCURE,B3,29,oof,0.4,0.013976770332575585,-0.3206009849516783,0.0
RADCURE,B3,29,oof,0.45,0.008304707638224225,-0.4406556199472853,0.0
RADCURE,B3,29,oof,0.5,0.004117970068509556,-0.584721181942014,0.0
RADCURE,B3,29,calibration,0.05,0.1595629922503896,0.16299594076076102,0.0
RADCURE,B3,29,calibration,0.1,0.1349918341857892,0.11649571524746996,0.0
RADCURE,B3,29,calibration,0.15,0.11026132693993934,0.06452487496790937,0.0
RADCURE,B3,29,calibration,0.2,0.09734084438230116,0.0060576796534037025,0.0
RADCURE,B3,29,calibration,0.25,0.07697134879003434,-0.060205141703036036,0.0
RADCURE,B3,29,calibration,0.3,0.05845041269764538,-0.1359340803961101,0.0
RADCURE,B3,29,calibration,0.35,0.01594938579002904,-0.22331362504196467,0.0
RADCURE,B3,29,calibration,0.4,0.009887242827230107,-0.32525642712879516,0.0
RADCURE,B3,29,calibration,0.45,0.005095286314251478,-0.4457342841405037,0.0
RADCURE,B3,29,calibration,0.5,0.006612437726081192,-0.5903077125545542,0.0
RADCURE,B3,43,oof,0.05,0.16841256990320688,0.165936220030519,0.0
RADCURE,B3,43,oof,0.1,0.13913851933166393,0.11959934336554782,0.0
RADCURE,B3,43,oof,0.15,0.12001927455699173,0.06781106944587417,0.0
RADCURE,B3,43,oof,0.2,0.10120687986133264,0.009549261286241312,0.0
RADCURE,B3,43,oof,0.25,0.0803462956523048,-0.056480787961342566,0.0
RADCURE,B3,43,oof,0.3,0.05933944149752227,-0.1319437013871528,0.0
RADCURE,B3,43,oof,0.35,0.033400563887562906,-0.21901629380154916,0.0
RADCURE,B3,43,oof,0.4,0.02578087226351804,-0.3206009849516783,0.0
RADCURE,B3,43,oof,0.45,0.008451738676122488,-0.4406556199472853,0.0
RADCURE,B3,43,oof,0.5,0.004115644413086823,-0.584721181942014,0.0
RADCURE,B3,43,calibration,0.05,0.1661754299764708,0.16299594076076102,0.0
RADCURE,B3,43,calibration,0.1,0.13352087610535118,0.11649571524746996,0.0
RADCURE,B3,43,calibration,0.15,0.11180948631830324,0.06452487496790937,0.0
RADCURE,B3,43,calibration,0.2,0.09816482148460258,0.0060576796534037025,0.0
RADCURE,B3,43,calibration,0.25,0.08578335000088268,-0.060205141703036036,0.0
RADCURE,B3,43,calibration,0.3,0.0697757154899721,-0.1359340803961101,0.0
RADCURE,B3,43,calibration,0.35,0.014437255654991297,-0.22331362504196467,0.0
RADCURE,B3,43,calibration,0.4,0.01539989881092773,-0.32525642712879516,0.0
RADCURE,B3,43,calibration,0.45,0.007803186416876014,-0.4457342841405037,0.0
RADCURE,B3,43,calibration,0.5,0.003306218863040596,-0.5903077125545542,0.0
RADCURE,B3,71,oof,0.05,0.16815192645386612,0.165936220030519,0.0
RADCURE,B3,71,oof,0.1,0.13959791581627562,0.11959934336554782,0.0
RADCURE,B3,71,oof,0.15,0.12162146517205706,0.06781106944587417,0.0
RADCURE,B3,71,oof,0.2,0.10368517194970753,0.009549261286241312,0.0
RADCURE,B3,71,oof,0.25,0.07979695253136881,-0.056480787961342566,0.0
RADCURE,B3,71,oof,0.3,0.05368499182296582,-0.1319437013871528,0.0
RADCURE,B3,71,oof,0.35,0.036577393092648874,-0.21901629380154916,0.0
RADCURE,B3,71,oof,0.4,0.02084783731256579,-0.3206009849516783,0.0
RADCURE,B3,71,oof,0.45,0.006131102483980666,-0.4406556199472853,0.0
RADCURE,B3,71,oof,0.5,-6.26621905965713e-06,-0.584721181942014,0.0
RADCURE,B3,71,calibration,0.05,0.16321759592195503,0.16299594076076102,0.0
RADCURE,B3,71,calibration,0.1,0.1397631222992305,0.11649571524746996,0.0
RADCURE,B3,71,calibration,0.15,0.11026132693993934,0.06452487496790937,0.0
RADCURE,B3,71,calibration,0.2,0.0973374075643562,0.0060576796534037025,0.0
RADCURE,B3,71,calibration,0.25,0.07807456735036286,-0.060205141703036036,0.0
RADCURE,B3,71,calibration,0.3,0.0664694966269315,-0.1359340803961101,0.0
RADCURE,B3,71,calibration,0.35,0.017473671141475,-0.22331362504196467,0.0
RADCURE,B3,71,calibration,0.4,0.0054802574159533435,-0.32525642712879516,0.0
RADCURE,B3,71,calibration,0.45,0.007210756486497253,-0.4457342841405037,0.0
RADCURE,B3,71,calibration,0.5,0.006612437726081192,-0.5903077125545542,0.0
RADCURE,B3,101,oof,0.05,0.16884697565210816,0.165936220030519,0.0
RADCURE,B3,101,oof,0.1,0.14088096905781244,0.11959934336554782,0.0
RADCURE,B3,101,oof,0.15,0.12006939361795349,0.06781106944587417,0.0
RADCURE,B3,101,oof,0.2,0.10203048954024573,0.009549261286241312,0.0
RADCURE,B3,101,oof,0.25,0.0858436781535202,-0.056480787961342566,0.0
RADCURE,B3,101,oof,0.3,0.05781187258382288,-0.1319437013871528,0.0
RADCURE,B3,101,oof,0.35,0.03637696169053079,-0.21901629380154916,0.0
RADCURE,B3,101,oof,0.4,0.01892011132399759,-0.3206009849516783,0.0
RADCURE,B3,101,oof,0.45,0.003807529146980738,-0.4406556199472853,0.0
RADCURE,B3,101,oof,0.5,0.004117259321301015,-0.584721181942014,0.0
RADCURE,B3,101,calibration,0.05,0.16321759592195503,0.16299594076076102,0.0
RADCURE,B3,101,calibration,0.1,0.13462409466567968,0.11649571524746996,0.0
RADCURE,B3,101,calibration,0.15,0.11686787583598326,0.06452487496790937,0.0
RADCURE,B3,101,calibration,0.2,0.08989755591802863,0.0060576796534037025,0.0
RADCURE,B3,101,calibration,0.25,0.07697419881596959,-0.060205141703036036,0.0
RADCURE,B3,101,calibration,0.3,0.05655672886784698,-0.1359340803961101,0.0
RADCURE,B3,101,calibration,0.35,0.006042695639148658,-0.22331362504196467,0.0
RADCURE,B3,101,calibration,0.4,0.0010801456405664777,-0.32525642712879516,0.0
RADCURE,B3,101,calibration,0.45,0.005095286314251478,-0.4457342841405037,0.0
RADCURE,B3,101,calibration,0.5,0.003302782045095648,-0.5903077125545542,0.0
RADCURE,M0,17,oof,0.05,0.16593645713446956,0.165936220030519,0.0
RADCURE,M0,17,oof,0.1,0.11959984391833232,0.11959934336554782,0.0
RADCURE,M0,17,oof,0.15,0.06781186444147308,0.06781106944587417,0.0
RADCURE,M0,17,oof,0.2,0.005668601670548584,0.009549261286241312,0.0
RADCURE,M0,17,oof,0.25,0.0,-0.056480787961342566,0.0
RADCURE,M0,17,oof,0.3,0.0,-0.1319437013871528,0.0
RADCURE,M0,17,oof,0.35,0.0,-0.21901629380154916,0.0
RADCURE,M0,17,oof,0.4,0.0,-0.3206009849516783,0.0
RADCURE,M0,17,oof,0.45,0.0,-0.4406556199472853,0.0
RADCURE,M0,17,oof,0.5,0.0,-0.584721181942014,0.0
RADCURE,M0,17,calibration,0.05,0.16303996669974766,0.16299594076076102,0.0
RADCURE,M0,17,calibration,0.1,0.11658865889644177,0.11649571524746996,0.0
RADCURE,M0,17,calibration,0.15,0.06467249135157047,0.06452487496790937,0.0
RADCURE,M0,17,calibration,0.2,0.006266802863590271,0.0060576796534037025,0.0
RADCURE,M0,17,calibration,0.25,0.0,-0.060205141703036036,0.0
RADCURE,M0,17,calibration,0.3,0.0,-0.1359340803961101,0.0
RADCURE,M0,17,calibration,0.35,0.0,-0.22331362504196467,0.0
RADCURE,M0,17,calibration,0.4,0.0,-0.32525642712879516,0.0
RADCURE,M0,17,calibration,0.45,0.0,-0.4457342841405037,0.0
RADCURE,M0,17,calibration,0.5,0.0,-0.5903077125545542,0.0
RADCURE,M0,29,oof,0.05,0.16593645713446956,0.165936220030519,0.0
RADCURE,M0,29,oof,0.1,0.11959984391833232,0.11959934336554782,0.0
RADCURE,M0,29,oof,0.15,0.06781186444147308,0.06781106944587417,0.0
RADCURE,M0,29,oof,0.2,0.009550387530006421,0.009549261286241312,0.0
RADCURE,M0,29,oof,0.25,0.0,-0.056480787961342566,0.0
RADCURE,M0,29,oof,0.3,0.0,-0.1319437013871528,0.0
RADCURE,M0,29,oof,0.35,0.0,-0.21901629380154916,0.0
RADCURE,M0,29,oof,0.4,0.0,-0.3206009849516783,0.0
RADCURE,M0,29,oof,0.45,0.0,-0.4406556199472853,0.0
RADCURE,M0,29,oof,0.5,0.0,-0.584721181942014,0.0
RADCURE,M0,29,calibration,0.05,0.16303996669974766,0.16299594076076102,0.0
RADCURE,M0,29,calibration,0.1,0.11658865889644177,0.11649571524746996,0.0
RADCURE,M0,29,calibration,0.15,0.06467249135157047,0.06452487496790937,0.0
RADCURE,M0,29,calibration,0.2,0.006266802863590271,0.0060576796534037025,0.0
RADCURE,M0,29,calibration,0.25,0.0,-0.060205141703036036,0.0
RADCURE,M0,29,calibration,0.3,0.0,-0.1359340803961101,0.0
RADCURE,M0,29,calibration,0.35,0.0,-0.22331362504196467,0.0
RADCURE,M0,29,calibration,0.4,0.0,-0.32525642712879516,0.0
RADCURE,M0,29,calibration,0.45,0.0,-0.4457342841405037,0.0
RADCURE,M0,29,calibration,0.5,0.0,-0.5903077125545542,0.0
RADCURE,M0,43,oof,0.05,0.16593645713446956,0.165936220030519,0.0
RADCURE,M0,43,oof,0.1,0.11959984391833232,0.11959934336554782,0.0
RADCURE,M0,43,oof,0.15,0.06781186444147308,0.06781106944587417,0.0
RADCURE,M0,43,oof,0.2,-0.0072515785570241575,0.009549261286241312,0.0
RADCURE,M0,43,oof,0.25,0.0,-0.056480787961342566,0.0
RADCURE,M0,43,oof,0.3,0.0,-0.1319437013871528,0.0
RADCURE,M0,43,oof,0.35,0.0,-0.21901629380154916,0.0
RADCURE,M0,43,oof,0.4,0.0,-0.3206009849516783,0.0
RADCURE,M0,43,oof,0.45,0.0,-0.4406556199472853,0.0
RADCURE,M0,43,oof,0.5,0.0,-0.584721181942014,0.0
RADCURE,M0,43,calibration,0.05,0.16303996669974766,0.16299594076076102,0.0
RADCURE,M0,43,calibration,0.1,0.11658865889644177,0.11649571524746996,0.0
RADCURE,M0,43,calibration,0.15,0.06467249135157047,0.06452487496790937,0.0
RADCURE,M0,43,calibration,0.2,0.006266802863590271,0.0060576796534037025,0.0
RADCURE,M0,43,calibration,0.25,0.0,-0.060205141703036036,0.0
RADCURE,M0,43,calibration,0.3,0.0,-0.1359340803961101,0.0
RADCURE,M0,43,calibration,0.35,0.0,-0.22331362504196467,0.0
RADCURE,M0,43,calibration,0.4,0.0,-0.32525642712879516,0.0
RADCURE,M0,43,calibration,0.45,0.0,-0.4457342841405037,0.0
RADCURE,M0,43,calibration,0.5,0.0,-0.5903077125545542,0.0
RADCURE,M0,71,oof,0.05,0.16593645713446956,0.165936220030519,0.0
RADCURE,M0,71,oof,0.1,0.11959984391833232,0.11959934336554782,0.0
RADCURE,M0,71,oof,0.15,0.06781186444147308,0.06781106944587417,0.0
RADCURE,M0,71,oof,0.2,0.0077297504004189,0.009549261286241312,0.0
RADCURE,M0,71,oof,0.25,0.0,-0.056480787961342566,0.0
RADCURE,M0,71,oof,0.3,0.0,-0.1319437013871528,0.0
RADCURE,M0,71,oof,0.35,0.0,-0.21901629380154916,0.0
RADCURE,M0,71,oof,0.4,0.0,-0.3206009849516783,0.0
RADCURE,M0,71,oof,0.45,0.0,-0.4406556199472853,0.0
RADCURE,M0,71,oof,0.5,0.0,-0.584721181942014,0.0
RADCURE,M0,71,calibration,0.05,0.16303996669974766,0.16299594076076102,0.0
RADCURE,M0,71,calibration,0.1,0.11658865889644177,0.11649571524746996,0.0
RADCURE,M0,71,calibration,0.15,0.06467249135157047,0.06452487496790937,0.0
RADCURE,M0,71,calibration,0.2,0.006266802863590271,0.0060576796534037025,0.0
RADCURE,M0,71,calibration,0.25,0.0,-0.060205141703036036,0.0
RADCURE,M0,71,calibration,0.3,0.0,-0.1359340803961101,0.0
RADCURE,M0,71,calibration,0.35,0.0,-0.22331362504196467,0.0
RADCURE,M0,71,calibration,0.4,0.0,-0.32525642712879516,0.0
RADCURE,M0,71,calibration,0.45,0.0,-0.4457342841405037,0.0
RADCURE,M0,71,calibration,0.5,0.0,-0.5903077125545542,0.0
RADCURE,M0,101,oof,0.05,0.16593645713446956,0.165936220030519,0.0
RADCURE,M0,101,oof,0.1,0.11959984391833232,0.11959934336554782,0.0
RADCURE,M0,101,oof,0.15,0.06781186444147308,0.06781106944587417,0.0
RADCURE,M0,101,oof,0.2,0.009550387530006421,0.009549261286241312,0.0
RADCURE,M0,101,oof,0.25,0.0,-0.056480787961342566,0.0
RADCURE,M0,101,oof,0.3,0.0,-0.1319437013871528,0.0
RADCURE,M0,101,oof,0.35,0.0,-0.21901629380154916,0.0
RADCURE,M0,101,oof,0.4,0.0,-0.3206009849516783,0.0
RADCURE,M0,101,oof,0.45,0.0,-0.4406556199472853,0.0
RADCURE,M0,101,oof,0.5,0.0,-0.584721181942014,0.0
RADCURE,M0,101,calibration,0.05,0.16303996669974766,0.16299594076076102,0.0
RADCURE,M0,101,calibration,0.1,0.11658865889644177,0.11649571524746996,0.0
RADCURE,M0,101,calibration,0.15,0.06467249135157047,0.06452487496790937,0.0
RADCURE,M0,101,calibration,0.2,0.006266802863590271,0.0060576796534037025,0.0
RADCURE,M0,101,calibration,0.25,0.0,-0.060205141703036036,0.0
RADCURE,M0,101,calibration,0.3,0.0,-0.1359340803961101,0.0
RADCURE,M0,101,calibration,0.35,0.0,-0.22331362504196467,0.0
RADCURE,M0,101,calibration,0.4,0.0,-0.32525642712879516,0.0
RADCURE,M0,101,calibration,0.45,0.0,-0.4457342841405037,0.0
RADCURE,M0,101,calibration,0.5,0.0,-0.5903077125545542,0.0
HANCOCK,B0,17,oof,0.05,0.08749141345475574,0.08747512567694835,0.0
HANCOCK,B0,17,oof,0.1,0.03681368463437219,0.0367792993256677,0.0
HANCOCK,B0,17,oof,0.15,0.0,-0.01988074189046951,0.0
HANCOCK,B0,17,oof,0.2,0.0,-0.08362328825862383,0.0
HANCOCK,B0,17,oof,0.25,0.0,-0.15586484080919874,0.0
HANCOCK,B0,17,oof,0.3,0.0,-0.238426615152713,0.0
HANCOCK,B0,17,oof,0.35,0.0,-0.33369020093369084,0.0
HANCOCK,B0,17,oof,0.4,0.0,-0.44483105101149856,0.0
HANCOCK,B0,17,oof,0.45,0.0,-0.5761793283761801,0.0
HANCOCK,B0,17,oof,0.5,0.0,-0.7337972612137982,0.0
HANCOCK,B0,17,calibration,0.05,0.13924840396439625,0.1389598283284777,0.0
HANCOCK,B0,17,calibration,0.1,0.09173347846699896,0.09112426323561533,0.0
HANCOCK,B0,17,calibration,0.15,0.0,0.037660984602416236,0.0
HANCOCK,B0,17,calibration,0.2,0.0,-0.022485203859932745,0.0
HANCOCK,B0,17,calibration,0.25,0.0,-0.09065088411726158,0.0
HANCOCK,B0,17,calibration,0.3,0.0,-0.168554518697066,0.0
HANCOCK,B0,17,calibration,0.35,0.0,-0.25844332782760954,0.0
HANCOCK,B0,17,calibration,0.4,0.0,-0.36331360514657707,0.0
HANCOCK,B0,17,calibration,0.45,0.0,-0.48725120561444757,0.0
HANCOCK,B0,17,calibration,0.5,0.0,-0.6359763261758924,0.0
HANCOCK,B0,29,oof,0.05,0.08749141345475574,0.08747512567694835,0.0
HANCOCK,B0,29,oof,0.1,0.03681368463437219,0.0367792993256677,0.0
HANCOCK,B0,29,oof,0.15,0.0,-0.01988074189046951,0.0
HANCOCK,B0,29,oof,0.2,0.0,-0.08362328825862383,0.0
HANCOCK,B0,29,oof,0.25,0.0,-0.15586484080919874,0.0
HANCOCK,B0,29,oof,0.3,0.0,-0.238426615152713,0.0
HANCOCK,B0,29,oof,0.35,0.0,-0.33369020093369084,0.0
HANCOCK,B0,29,oof,0.4,0.0,-0.44483105101149856,0.0
HANCOCK,B0,29,oof,0.45,0.0,-0.5761793283761801,0.0
HANCOCK,B0,29,oof,0.5,0.0,-0.7337972612137982,0.0
HANCOCK,B0,29,calibration,0.05,0.13924840396439625,0.1389598283284777,0.0
HANCOCK,B0,29,calibration,0.1,0.09173347846699896,0.09112426323561533,0.0
HANCOCK,B0,29,calibration,0.15,0.0,0.037660984602416236,0.0
HANCOCK,B0,29,calibration,0.2,0.0,-0.022485203859932745,0.0
HANCOCK,B0,29,calibration,0.25,0.0,-0.09065088411726158,0.0
HANCOCK,B0,29,calibration,0.3,0.0,-0.168554518697066,0.0
HANCOCK,B0,29,calibration,0.35,0.0,-0.25844332782760954,0.0
HANCOCK,B0,29,calibration,0.4,0.0,-0.36331360514657707,0.0
HANCOCK,B0,29,calibration,0.45,0.0,-0.48725120561444757,0.0
HANCOCK,B0,29,calibration,0.5,0.0,-0.6359763261758924,0.0
HANCOCK,B0,43,oof,0.05,0.08749141345475574,0.08747512567694835,0.0
HANCOCK,B0,43,oof,0.1,0.03681368463437219,0.0367792993256677,0.0
HANCOCK,B0,43,oof,0.15,0.0,-0.01988074189046951,0.0
HANCOCK,B0,43,oof,0.2,0.0,-0.08362328825862383,0.0
HANCOCK,B0,43,oof,0.25,0.0,-0.15586484080919874,0.0
HANCOCK,B0,43,oof,0.3,0.0,-0.238426615152713,0.0
HANCOCK,B0,43,oof,0.35,0.0,-0.33369020093369084,0.0
HANCOCK,B0,43,oof,0.4,0.0,-0.44483105101149856,0.0
HANCOCK,B0,43,oof,0.45,0.0,-0.5761793283761801,0.0
HANCOCK,B0,43,oof,0.5,0.0,-0.7337972612137982,0.0
HANCOCK,B0,43,calibration,0.05,0.13924840396439625,0.1389598283284777,0.0
HANCOCK,B0,43,calibration,0.1,0.09173347846699896,0.09112426323561533,0.0
HANCOCK,B0,43,calibration,0.15,0.0,0.037660984602416236,0.0
HANCOCK,B0,43,calibration,0.2,0.0,-0.022485203859932745,0.0
HANCOCK,B0,43,calibration,0.25,0.0,-0.09065088411726158,0.0
HANCOCK,B0,43,calibration,0.3,0.0,-0.168554518697066,0.0
HANCOCK,B0,43,calibration,0.35,0.0,-0.25844332782760954,0.0
HANCOCK,B0,43,calibration,0.4,0.0,-0.36331360514657707,0.0
HANCOCK,B0,43,calibration,0.45,0.0,-0.48725120561444757,0.0
HANCOCK,B0,43,calibration,0.5,0.0,-0.6359763261758924,0.0
HANCOCK,B0,71,oof,0.05,0.08749141345475574,0.08747512567694835,0.0
HANCOCK,B0,71,oof,0.1,0.03681368463437219,0.0367792993256677,0.0
HANCOCK,B0,71,oof,0.15,0.0,-0.01988074189046951,0.0
HANCOCK,B0,71,oof,0.2,0.0,-0.08362328825862383,0.0
HANCOCK,B0,71,oof,0.25,0.0,-0.15586484080919874,0.0
HANCOCK,B0,71,oof,0.3,0.0,-0.238426615152713,0.0
HANCOCK,B0,71,oof,0.35,0.0,-0.33369020093369084,0.0
HANCOCK,B0,71,oof,0.4,0.0,-0.44483105101149856,0.0
HANCOCK,B0,71,oof,0.45,0.0,-0.5761793283761801,0.0
HANCOCK,B0,71,oof,0.5,0.0,-0.7337972612137982,0.0
HANCOCK,B0,71,calibration,0.05,0.13924840396439625,0.1389598283284777,0.0
HANCOCK,B0,71,calibration,0.1,0.09173347846699896,0.09112426323561533,0.0
HANCOCK,B0,71,calibration,0.15,0.0,0.037660984602416236,0.0
HANCOCK,B0,71,calibration,0.2,0.0,-0.022485203859932745,0.0
HANCOCK,B0,71,calibration,0.25,0.0,-0.09065088411726158,0.0
HANCOCK,B0,71,calibration,0.3,0.0,-0.168554518697066,0.0
HANCOCK,B0,71,calibration,0.35,0.0,-0.25844332782760954,0.0
HANCOCK,B0,71,calibration,0.4,0.0,-0.36331360514657707,0.0
HANCOCK,B0,71,calibration,0.45,0.0,-0.48725120561444757,0.0
HANCOCK,B0,71,calibration,0.5,0.0,-0.6359763261758924,0.0
HANCOCK,B0,101,oof,0.05,0.08749141345475574,0.08747512567694835,0.0
HANCOCK,B0,101,oof,0.1,0.03681368463437219,0.0367792993256677,0.0
HANCOCK,B0,101,oof,0.15,0.0,-0.01988074189046951,0.0
HANCOCK,B0,101,oof,0.2,0.0,-0.08362328825862383,0.0
HANCOCK,B0,101,oof,0.25,0.0,-0.15586484080919874,0.0
HANCOCK,B0,101,oof,0.3,0.0,-0.238426615152713,0.0
HANCOCK,B0,101,oof,0.35,0.0,-0.33369020093369084,0.0
HANCOCK,B0,101,oof,0.4,0.0,-0.44483105101149856,0.0
HANCOCK,B0,101,oof,0.45,0.0,-0.5761793283761801,0.0
HANCOCK,B0,101,oof,0.5,0.0,-0.7337972612137982,0.0
HANCOCK,B0,101,calibration,0.05,0.13924840396439625,0.1389598283284777,0.0
HANCOCK,B0,101,calibration,0.1,0.09173347846699896,0.09112426323561533,0.0
HANCOCK,B0,101,calibration,0.15,0.0,0.037660984602416236,0.0
HANCOCK,B0,101,calibration,0.2,0.0,-0.022485203859932745,0.0
HANCOCK,B0,101,calibration,0.25,0.0,-0.09065088411726158,0.0
HANCOCK,B0,101,calibration,0.3,0.0,-0.168554518697066,0.0
HANCOCK,B0,101,calibration,0.35,0.0,-0.25844332782760954,0.0
HANCOCK,B0,101,calibration,0.4,0.0,-0.36331360514657707,0.0
HANCOCK,B0,101,calibration,0.45,0.0,-0.48725120561444757,0.0
HANCOCK,B0,101,calibration,0.5,0.0,-0.6359763261758924,0.0
HANCOCK,B1,17,oof,0.05,0.07784599835968288,0.08747512567694835,0.0
HANCOCK,B1,17,oof,0.1,0.04810148483939745,0.0367792993256677,0.0
HANCOCK,B1,17,oof,0.15,0.035238780677195346,-0.01988074189046951,0.0
HANCOCK,B1,17,oof,0.2,0.02074818391970555,-0.08362328825862383,0.0
HANCOCK,B1,17,oof,0.25,0.018258473582786258,-0.15586484080919874,0.0
HANCOCK,B1,17,oof,0.3,0.01581018242166803,-0.238426615152713,0.0
HANCOCK,B1,17,oof,0.35,0.00813409809418333,-0.33369020093369084,0.0
HANCOCK,B1,17,oof,0.4,0.0010264226830350304,-0.44483105101149856,0.0
HANCOCK,B1,17,oof,0.45,0.002569688495027478,-0.5761793283761801,0.0
HANCOCK,B1,17,oof,0.5,0.002462127792013366,-0.7337972612137982,0.0
HANCOCK,B1,17,calibration,0.05,0.12004253711716191,0.1389598283284777,0.0
HANCOCK,B1,17,calibration,0.1,0.08118269216817377,0.09112426323561533,0.0
HANCOCK,B1,17,calibration,0.15,0.04172214123891443,0.037660984602416236,0.0
HANCOCK,B1,17,calibration,0.2,0.015365823708960169,-0.022485203859932745,0.0
HANCOCK,B1,17,calibration,0.25,0.015365823708960169,-0.09065088411726158,0.0
HANCOCK,B1,17,calibration,0.3,-0.01033548601117066,-0.168554518697066,0.0
HANCOCK,B1,17,calibration,0.35,-0.013928402359448755,-0.25844332782760954,0.0
HANCOCK,B1,17,calibration,0.4,-0.014970075726122467,-0.36331360514657707,0.0
HANCOCK,B1,17,calibration,0.45,-0.015704048558524003,-0.48725120561444757,0.0
HANCOCK,B1,17,calibration,0.5,0.0,-0.6359763261758924,0.0
HANCOCK,B1,29,oof,0.05,0.08438436341725108,0.08747512567694835,0.0
HANCOCK,B1,29,oof,0.1,0.04748407563978161,0.0367792993256677,0.0
HANCOCK,B1,29,oof,0.15,0.03848377263118807,-0.01988074189046951,0.0
HANCOCK,B1,29,oof,0.2,0.034525690557050896,-0.08362328825862383,0.0
HANCOCK,B1,29,oof,0.25,0.027201961769053866,-0.15586484080919874,0.0
HANCOCK,B1,29,oof,0.3,0.016066895581201616,-0.238426615152713,0.0
HANCOCK,B1,29,oof,0.35,0.009699790248638169,-0.33369020093369084,0.0
HANCOCK,B1,29,oof,0.4,0.004784120835420368,-0.44483105101149856,0.0
HANCOCK,B1,29,oof,0.45,0.004359515235958605,-0.5761793283761801,0.0
HANCOCK,B1,29,oof,0.5,0.004820221861598452,-0.7337972612137982,0.0
HANCOCK,B1,29,calibration,0.05,0.12004253711716191,0.1389598283284777,0.0
HANCOCK,B1,29,calibration,0.1,0.08118269216817377,0.09112426323561533,0.0
HANCOCK,B1,29,calibration,0.15,0.04172214123891443,0.037660984602416236,0.0
HANCOCK,B1,29,calibration,0.2,0.015365823708960169,-0.022485203859932745,0.0
HANCOCK,B1,29,calibration,0.25,0.015365823708960169,-0.09065088411726158,0.0
HANCOCK,B1,29,calibration,0.3,-0.01033548601117066,-0.168554518697066,0.0
HANCOCK,B1,29,calibration,0.35,-0.013928402359448755,-0.25844332782760954,0.0
HANCOCK,B1,29,calibration,0.4,-0.014970075726122467,-0.36331360514657707,0.0
HANCOCK,B1,29,calibration,0.45,-0.015704048558524003,-0.48725120561444757,0.0
HANCOCK,B1,29,calibration,0.5,0.0,-0.6359763261758924,0.0
HANCOCK,B1,43,oof,0.05,0.08765338251253732,0.08747512567694835,0.0
HANCOCK,B1,43,oof,0.1,0.052249188371439326,0.0367792993256677,0.0
HANCOCK,B1,43,oof,0.15,0.04139382055206382,-0.01988074189046951,0.0
HANCOCK,B1,43,oof,0.2,0.03254639518596749,-0.08362328825862383,0.0
HANCOCK,B1,43,oof,0.25,0.016949685070350363,-0.15586484080919874,0.0
HANCOCK,B1,43,oof,0.3,0.006524285790470562,-0.238426615152713,0.0
HANCOCK,B1,43,oof,0.35,0.004374630628797942,-0.33369020093369084,0.0
HANCOCK,B1,43,oof,0.4,0.003405689788099849,-0.44483105101149856,0.0
HANCOCK,B1,43,oof,0.45,0.004250318601772912,-0.5761793283761801,0.0
HANCOCK,B1,43,oof,0.5,-0.005099681342795034,-0.7337972612137982,0.0
HANCOCK,B1,43,calibration,0.05,0.12004253711716191,0.1389598283284777,0.0
HANCOCK,B1,43,calibration,0.1,0.08118269216817377,0.09112426323561533,0.0
HANCOCK,B1,43,calibration,0.15,0.04172214123891443,0.037660984602416236,0.0
HANCOCK,B1,43,calibration,0.2,0.015365823708960169,-0.022485203859932745,0.0
HANCOCK,B1,43,calibration,0.25,0.015365823708960169,-0.09065088411726158,0.0
HANCOCK,B1,43,calibration,0.3,-0.01033548601117066,-0.168554518697066,0.0
HANCOCK,B1,43,calibration,0.35,-0.013928402359448755,-0.25844332782760954,0.0
HANCOCK,B1,43,calibration,0.4,-0.014970075726122467,-0.36331360514657707,0.0
HANCOCK,B1,43,calibration,0.45,-0.015704048558524003,-0.48725120561444757,0.0
HANCOCK,B1,43,calibration,0.5,0.0,-0.6359763261758924,0.0
HANCOCK,B1,71,oof,0.05,0.08967706790474395,0.08747512567694835,0.0
HANCOCK,B1,71,oof,0.1,0.0598357809088549,0.0367792993256677,0.0
HANCOCK,B1,71,oof,0.15,0.03924008488996814,-0.01988074189046951,0.0
HANCOCK,B1,71,oof,0.2,0.035837743094315554,-0.08362328825862383,0.0
HANCOCK,B1,71,oof,0.25,0.03276672070962004,-0.15586484080919874,0.0
HANCOCK,B1,71,oof,0.3,0.02465741417057774,-0.238426615152713,0.0
HANCOCK,B1,71,oof,0.35,0.018281199827170743,-0.33369020093369084,0.0
HANCOCK,B1,71,oof,0.4,0.008789890489256925,-0.44483105101149856,0.0
HANCOCK,B1,71,oof,0.45,0.004652975637449833,-0.5761793283761801,0.0
HANCOCK,B1,71,oof,0.5,-0.002439017385711291,-0.7337972612137982,0.0
HANCOCK,B1,71,calibration,0.05,0.12004253711716191,0.1389598283284777,0.0
HANCOCK,B1,71,calibration,0.1,0.08118269216817377,0.09112426323561533,0.0
HANCOCK,B1,71,calibration,0.15,0.04172214123891443,0.037660984602416236,0.0
HANCOCK,B1,71,calibration,0.2,0.015365823708960169,-0.022485203859932745,0.0
HANCOCK,B1,71,calibration,0.25,0.015365823708960169,-0.09065088411726158,0.0
HANCOCK,B1,71,calibration,0.3,-0.01033548601117066,-0.168554518697066,0.0
HANCOCK,B1,71,calibration,0.35,-0.013928402359448755,-0.25844332782760954,0.0
HANCOCK,B1,71,calibration,0.4,-0.014970075726122467,-0.36331360514657707,0.0
HANCOCK,B1,71,calibration,0.45,-0.015704048558524003,-0.48725120561444757,0.0
HANCOCK,B1,71,calibration,0.5,0.0,-0.6359763261758924,0.0
HANCOCK,B1,101,oof,0.05,0.08350793968322495,0.08747512567694835,0.0
HANCOCK,B1,101,oof,0.1,0.04830977305594784,0.0367792993256677,0.0
HANCOCK,B1,101,oof,0.15,0.04246502301992827,-0.01988074189046951,0.0
HANCOCK,B1,101,oof,0.2,0.01953775069559218,-0.08362328825862383,0.0
HANCOCK,B1,101,oof,0.25,0.01775472425583357,-0.15586484080919874,0.0
HANCOCK,B1,101,oof,0.3,0.009845082857690177,-0.238426615152713,0.0
HANCOCK,B1,101,oof,0.35,0.01305635107954305,-0.33369020093369084,0.0
HANCOCK,B1,101,oof,0.4,0.004473095902260256,-0.44483105101149856,0.0
HANCOCK,B1,101,oof,0.45,-0.0022949997671930546,-0.5761793283761801,0.0
HANCOCK,B1,101,oof,0.5,0.0006114496493070873,-0.7337972612137982,0.0
HANCOCK,B1,101,calibration,0.05,0.12004253711716191,0.1389598283284777,0.0
HANCOCK,B1,101,calibration,0.1,0.08118269216817377,0.09112426323561533,0.0
HANCOCK,B1,101,calibration,0.15,0.04172214123891443,0.037660984602416236,0.0
HANCOCK,B1,101,calibration,0.2,0.015365823708960169,-0.022485203859932745,0.0
HANCOCK,B1,101,calibration,0.25,0.015365823708960169,-0.09065088411726158,0.0
HANCOCK,B1,101,calibration,0.3,-0.01033548601117066,-0.168554518697066,0.0
HANCOCK,B1,101,calibration,0.35,-0.013928402359448755,-0.25844332782760954,0.0
HANCOCK,B1,101,calibration,0.4,-0.014970075726122467,-0.36331360514657707,0.0
HANCOCK,B1,101,calibration,0.45,-0.015704048558524003,-0.48725120561444757,0.0
HANCOCK,B1,101,calibration,0.5,0.0,-0.6359763261758924,0.0
HANCOCK,B2,17,oof,0.05,0.08749141345475574,0.08747512567694835,0.0
HANCOCK,B2,17,oof,0.1,0.04507784896226201,0.0367792993256677,0.0
HANCOCK,B2,17,oof,0.15,0.028435621930204776,-0.01988074189046951,0.0
HANCOCK,B2,17,oof,0.2,0.01089244023739705,-0.08362328825862383,0.0
HANCOCK,B2,17,oof,0.25,0.005785220472195915,-0.15586484080919874,0.0
HANCOCK,B2,17,oof,0.3,0.0045947170234313765,-0.238426615152713,0.0
HANCOCK,B2,17,oof,0.35,0.004037818904526063,-0.33369020093369084,0.0
HANCOCK,B2,17,oof,0.4,0.005077362059815982,-0.44483105101149856,0.0
HANCOCK,B2,17,oof,0.45,3.2315265085182746e-05,-0.5761793283761801,0.0
HANCOCK,B2,17,oof,0.5,-0.0004283913605546679,-0.7337972612137982,0.0
HANCOCK,B2,17,calibration,0.05,0.13924840396439625,0.1389598283284777,0.0
HANCOCK,B2,17,calibration,0.1,0.09963283483094126,0.09112426323561533,0.0
HANCOCK,B2,17,calibration,0.15,0.07479057511161655,0.037660984602416236,0.0
HANCOCK,B2,17,calibration,0.2,0.010618889264286308,-0.022485203859932745,0.0
HANCOCK,B2,17,calibration,0.25,0.0,-0.09065088411726158,0.0
HANCOCK,B2,17,calibration,0.3,0.0,-0.168554518697066,0.0
HANCOCK,B2,17,calibration,0.35,0.0,-0.25844332782760954,0.0
HANCOCK,B2,17,calibration,0.4,0.0,-0.36331360514657707,0.0
HANCOCK,B2,17,calibration,0.45,0.0,-0.48725120561444757,0.0
HANCOCK,B2,17,calibration,0.5,0.0,-0.6359763261758924,0.0
HANCOCK,B2,29,oof,0.05,0.08749141345475574,0.08747512567694835,0.0
HANCOCK,B2,29,oof,0.1,0.05097675701553307,0.0367792993256677,0.0
HANCOCK,B2,29,oof,0.15,0.033615592825175934,-0.01988074189046951,0.0
HANCOCK,B2,29,oof,0.2,0.006804088153292934,-0.08362328825862383,0.0
HANCOCK,B2,29,oof,0.25,0.008971829288710431,-0.15586484080919874,0.0
HANCOCK,B2,29,oof,0.3,0.0035087656915660146,-0.238426615152713,0.0
HANCOCK,B2,29,oof,0.35,0.004037818904526063,-0.33369020093369084,0.0
HANCOCK,B2,29,oof,0.4,0.003388104432469863,-0.44483105101149856,0.0
HANCOCK,B2,29,oof,0.45,0.00031304916656262234,-0.5761793283761801,0.0
HANCOCK,B2,29,oof,0.5,0.0019255223563020988,-0.7337972612137982,0.0
HANCOCK,B2,29,calibration,0.05,0.13924840396439625,0.1389598283284777,0.0
HANCOCK,B2,29,calibration,0.1,0.09963283483094126,0.09112426323561533,0.0
HANCOCK,B2,29,calibration,0.15,0.07479057511161655,0.037660984602416236,0.0
HANCOCK,B2,29,calibration,0.2,0.010618889264286308,-0.022485203859932745,0.0
HANCOCK,B2,29,calibration,0.25,0.0,-0.09065088411726158,0.0
HANCOCK,B2,29,calibration,0.3,0.0,-0.168554518697066,0.0
HANCOCK,B2,29,calibration,0.35,0.0,-0.25844332782760954,0.0
HANCOCK,B2,29,calibration,0.4,0.0,-0.36331360514657707,0.0
HANCOCK,B2,29,calibration,0.45,0.0,-0.48725120561444757,0.0
HANCOCK,B2,29,calibration,0.5,0.0,-0.6359763261758924,0.0
HANCOCK,B2,43,oof,0.05,0.08749141345475574,0.08747512567694835,0.0
HANCOCK,B2,43,oof,0.1,0.04947690391698717,0.0367792993256677,0.0
HANCOCK,B2,43,oof,0.15,0.02283285988449138,-0.01988074189046951,0.0
HANCOCK,B2,43,oof,0.2,0.005960829887140064,-0.08362328825862383,0.0
HANCOCK,B2,43,oof,0.25,0.004940591658522855,-0.15586484080919874,0.0
HANCOCK,B2,43,oof,0.3,0.0024228143597006526,-0.238426615152713,0.0
HANCOCK,B2,43,oof,0.35,0.002673418513208044,-0.33369020093369084,0.0
HANCOCK,B2,43,oof,0.4,-0.0006083640847170798,-0.44483105101149856,0.0
HANCOCK,B2,43,oof,0.45,-0.001792445913901887,-0.5761793283761801,0.0
HANCOCK,B2,43,oof,0.5,-0.0050677728820383555,-0.7337972612137982,0.0
HANCOCK,B2,43,calibration,0.05,0.13924840396439625,0.1389598283284777,0.0
HANCOCK,B2,43,calibration,0.1,0.09963283483094126,0.09112426323561533,0.0
HANCOCK,B2,43,calibration,0.15,0.07479057511161655,0.037660984602416236,0.0
HANCOCK,B2,43,calibration,0.2,0.010618889264286308,-0.022485203859932745,0.0
HANCOCK,B2,43,calibration,0.25,0.0,-0.09065088411726158,0.0
HANCOCK,B2,43,calibration,0.3,0.0,-0.168554518697066,0.0
HANCOCK,B2,43,calibration,0.35,0.0,-0.25844332782760954,0.0
HANCOCK,B2,43,calibration,0.4,0.0,-0.36331360514657707,0.0
HANCOCK,B2,43,calibration,0.45,0.0,-0.48725120561444757,0.0
HANCOCK,B2,43,calibration,0.5,0.0,-0.6359763261758924,0.0
HANCOCK,B2,71,oof,0.05,0.08749141345475574,0.08747512567694835,0.0
HANCOCK,B2,71,oof,0.1,0.047747562507891694,0.0367792993256677,0.0
HANCOCK,B2,71,oof,0.15,0.025760813604077552,-0.01988074189046951,0.0
HANCOCK,B2,71,oof,0.2,0.011785244935655241,-0.08362328825862383,0.0
HANCOCK,B2,71,oof,0.25,0.007282571661364314,-0.15586484080919874,0.0
HANCOCK,B2,71,oof,0.3,0.009333813065998887,-0.238426615152713,0.0
HANCOCK,B2,71,oof,0.35,0.005402219295844082,-0.33369020093369084,0.0
HANCOCK,B2,71,oof,0.4,0.005077362059815982,-0.44483105101149856,0.0
HANCOCK,B2,71,oof,0.45,0.0023862289819419494,-0.5761793283761801,0.0
HANCOCK,B2,71,oof,0.5,0.0019255223563020988,-0.7337972612137982,0.0
HANCOCK,B2,71,calibration,0.05,0.13924840396439625,0.1389598283284777,0.0
HANCOCK,B2,71,calibration,0.1,0.09963283483094126,0.09112426323561533,0.0
HANCOCK,B2,71,calibration,0.15,0.07479057511161655,0.037660984602416236,0.0
HANCOCK,B2,71,calibration,0.2,0.010618889264286308,-0.022485203859932745,0.0
HANCOCK,B2,71,calibration,0.25,0.0,-0.09065088411726158,0.0
HANCOCK,B2,71,calibration,0.3,0.0,-0.168554518697066,0.0
HANCOCK,B2,71,calibration,0.35,0.0,-0.25844332782760954,0.0
HANCOCK,B2,71,calibration,0.4,0.0,-0.36331360514657707,0.0
HANCOCK,B2,71,calibration,0.45,0.0,-0.48725120561444757,0.0
HANCOCK,B2,71,calibration,0.5,0.0,-0.6359763261758924,0.0
HANCOCK,B2,101,oof,0.05,0.08749141345475574,0.08747512567694835,0.0
HANCOCK,B2,101,oof,0.1,0.04513876736336511,0.0367792993256677,0.0
HANCOCK,B2,101,oof,0.15,0.041253571389516845,-0.01988074189046951,0.0
HANCOCK,B2,101,oof,0.2,0.009100044221632575,-0.08362328825862383,0.0
HANCOCK,B2,101,oof,0.25,0.005785220472195915,-0.15586484080919874,0.0
HANCOCK,B2,101,oof,0.3,0.0033734574654559145,-0.238426615152713,0.0
HANCOCK,B2,101,oof,0.35,0.0030950084060032577,-0.33369020093369084,0.0
HANCOCK,B2,101,oof,0.4,0.002770151169975158,-0.44483105101149856,0.0
HANCOCK,B2,101,oof,0.45,0.00028073390147744003,-0.5761793283761801,0.0
HANCOCK,B2,101,oof,0.5,-0.00017997272416241062,-0.7337972612137982,0.0
HANCOCK,B2,101,calibration,0.05,0.13924840396439625,0.1389598283284777,0.0
HANCOCK,B2,101,calibration,0.1,0.09963283483094126,0.09112426323561533,0.0
HANCOCK,B2,101,calibration,0.15,0.07479057511161655,0.037660984602416236,0.0
HANCOCK,B2,101,calibration,0.2,0.010618889264286308,-0.022485203859932745,0.0
HANCOCK,B2,101,calibration,0.25,0.0,-0.09065088411726158,0.0
HANCOCK,B2,101,calibration,0.3,0.0,-0.168554518697066,0.0
HANCOCK,B2,101,calibration,0.35,0.0,-0.25844332782760954,0.0
HANCOCK,B2,101,calibration,0.4,0.0,-0.36331360514657707,0.0
HANCOCK,B2,101,calibration,0.45,0.0,-0.48725120561444757,0.0
HANCOCK,B2,101,calibration,0.5,0.0,-0.6359763261758924,0.0
HANCOCK,B3,17,oof,0.05,0.09349272344664326,0.08747512567694835,0.0
HANCOCK,B3,17,oof,0.1,0.06396095150891863,0.0367792993256677,0.0
HANCOCK,B3,17,oof,0.15,0.04394953276818129,-0.01988074189046951,0.0
HANCOCK,B3,17,oof,0.2,0.03187045356992949,-0.08362328825862383,0.0
HANCOCK,B3,17,oof,0.25,0.019056948124806294,-0.15586484080919874,0.0
HANCOCK,B3,17,oof,0.3,0.014258366855317457,-0.238426615152713,0.0
HANCOCK,B3,17,oof,0.35,0.004894739011712143,-0.33369020093369084,0.0
HANCOCK,B3,17,oof,0.4,0.0,-0.44483105101149856,0.0
HANCOCK,B3,17,oof,0.45,0.0,-0.5761793283761801,0.0
HANCOCK,B3,17,oof,0.5,0.0,-0.7337972612137982,0.0
HANCOCK,B3,17,calibration,0.05,0.14031748978808767,0.1389598283284777,0.0
HANCOCK,B3,17,calibration,0.1,0.1117910100776372,0.09112426323561533,0.0
HANCOCK,B3,17,calibration,0.15,0.07468379242289355,0.037660984602416236,0.0
HANCOCK,B3,17,calibration,0.2,0.017860589793122612,-0.022485203859932745,0.0
HANCOCK,B3,17,calibration,0.25,0.005864042244669257,-0.09065088411726158,0.0
HANCOCK,B3,17,calibration,0.3,0.013384727848664735,-0.168554518697066,0.0
HANCOCK,B3,17,calibration,0.35,0.0,-0.25844332782760954,0.0
HANCOCK,B3,17,calibration,0.4,0.0,-0.36331360514657707,0.0
HANCOCK,B3,17,calibration,0.45,0.0,-0.48725120561444757,0.0
HANCOCK,B3,17,calibration,0.5,0.0,-0.6359763261758924,0.0
HANCOCK,B3,29,oof,0.05,0.08701659201427817,0.08747512567694835,0.0
HANCOCK,B3,29,oof,0.1,0.06831631776812411,0.0367792993256677,0.0
HANCOCK,B3,29,oof,0.15,0.03826638748805776,-0.01988074189046951,0.0
HANCOCK,B3,29,oof,0.2,0.023768436531713698,-0.08362328825862383,0.0
HANCOCK,B3,29,oof,0.25,0.02598401029682694,-0.15586484080919874,0.0
HANCOCK,B3,29,oof,0.3,0.010321994843633135,-0.238426615152713,0.0
HANCOCK,B3,29,oof,0.35,0.00459418685129517,-0.33369020093369084,0.0
HANCOCK,B3,29,oof,0.4,0.0,-0.44483105101149856,0.0
HANCOCK,B3,29,oof,0.45,0.0,-0.5761793283761801,0.0
HANCOCK,B3,29,oof,0.5,0.0,-0.7337972612137982,0.0
HANCOCK,B3,29,calibration,0.05,0.14138657561177911,0.1389598283284777,0.0
HANCOCK,B3,29,calibration,0.1,0.11291948955820039,0.09112426323561533,0.0
HANCOCK,B3,29,calibration,0.15,0.06643667891599915,0.037660984602416236,0.0
HANCOCK,B3,29,calibration,0.2,0.02363737873352852,-0.022485203859932745,0.0
HANCOCK,B3,29,calibration,0.25,0.005864042244669257,-0.09065088411726158,0.0
HANCOCK,B3,29,calibration,0.3,0.013384727848664735,-0.168554518697066,0.0
HANCOCK,B3,29,calibration,0.35,0.0,-0.25844332782760954,0.0
HANCOCK,B3,29,calibration,0.4,0.0,-0.36331360514657707,0.0
HANCOCK,B3,29,calibration,0.45,0.0,-0.48725120561444757,0.0
HANCOCK,B3,29,calibration,0.5,0.0,-0.6359763261758924,0.0
HANCOCK,B3,43,oof,0.05,0.08957372718354147,0.08747512567694835,0.0
HANCOCK,B3,43,oof,0.1,0.0687918981013573,0.0367792993256677,0.0
HANCOCK,B3,43,oof,0.15,0.03983702529812001,-0.01988074189046951,0.0
HANCOCK,B3,43,oof,0.2,0.030827453953336057,-0.08362328825862383,0.0
HANCOCK,B3,43,oof,0.25,0.01977390802775046,-0.15586484080919874,0.0
HANCOCK,B3,43,oof,0.3,0.013081756242697827,-0.238426615152713,0.0
HANCOCK,B3,43,oof,0.35,0.004493679919035132,-0.33369020093369084,0.0
HANCOCK,B3,43,oof,0.4,0.0,-0.44483105101149856,0.0
HANCOCK,B3,43,oof,0.45,0.0,-0.5761793283761801,0.0
HANCOCK,B3,43,oof,0.5,0.0,-0.7337972612137982,0.0
HANCOCK,B3,43,calibration,0.05,0.14138657561177911,0.1389598283284777,0.0
HANCOCK,B3,43,calibration,0.1,0.11291948955820039,0.09112426323561533,0.0
HANCOCK,B3,43,calibration,0.15,0.04756607677846072,0.037660984602416236,0.0
HANCOCK,B3,43,calibration,0.2,0.03125461522733002,-0.022485203859932745,0.0
HANCOCK,B3,43,calibration,0.25,0.005864042244669257,-0.09065088411726158,0.0
HANCOCK,B3,43,calibration,0.3,0.013384727848664735,-0.168554518697066,0.0
HANCOCK,B3,43,calibration,0.35,0.0,-0.25844332782760954,0.0
HANCOCK,B3,43,calibration,0.4,0.0,-0.36331360514657707,0.0
HANCOCK,B3,43,calibration,0.45,0.0,-0.48725120561444757,0.0
HANCOCK,B3,43,calibration,0.5,0.0,-0.6359763261758924,0.0
HANCOCK,B3,71,oof,0.05,0.08986868872326667,0.08747512567694835,0.0
HANCOCK,B3,71,oof,0.1,0.06903695431758047,0.0367792993256677,0.0
HANCOCK,B3,71,oof,0.15,0.046797723900795035,-0.01988074189046951,0.0
HANCOCK,B3,71,oof,0.2,0.03353110514191078,-0.08362328825862383,0.0
HANCOCK,B3,71,oof,0.25,0.023926900477750663,-0.15586484080919874,0.0
HANCOCK,B3,71,oof,0.3,0.006311772664922265,-0.238426615152713,0.0
HANCOCK,B3,71,oof,0.35,0.006800890808875956,-0.33369020093369084,0.0
HANCOCK,B3,71,oof,0.4,0.002397116039726053,-0.44483105101149856,0.0
HANCOCK,B3,71,oof,0.45,0.0,-0.5761793283761801,0.0
HANCOCK,B3,71,oof,0.5,0.0,-0.7337972612137982,0.0
HANCOCK,B3,71,calibration,0.05,0.14192111852362482,0.1389598283284777,0.0
HANCOCK,B3,71,calibration,0.1,0.1117910100776372,0.09112426323561533,0.0
HANCOCK,B3,71,calibration,0.15,0.0692348921296359,0.037660984602416236,0.0
HANCOCK,B3,71,calibration,0.2,0.022938747455656945,-0.022485203859932745,0.0
HANCOCK,B3,71,calibration,0.25,0.005864042244669257,-0.09065088411726158,0.0
HANCOCK,B3,71,calibration,0.3,0.013384727848664735,-0.168554518697066,0.0
HANCOCK,B3,71,calibration,0.35,0.0,-0.25844332782760954,0.0
HANCOCK,B3,71,calibration,0.4,0.0,-0.36331360514657707,0.0
HANCOCK,B3,71,calibration,0.45,0.0,-0.48725120561444757,0.0
HANCOCK,B3,71,calibration,0.5,0.0,-0.6359763261758924,0.0
HANCOCK,B3,101,oof,0.05,0.09026877605605917,0.08747512567694835,0.0
HANCOCK,B3,101,oof,0.1,0.06379297115455976,0.0367792993256677,0.0
HANCOCK,B3,101,oof,0.15,0.04537196462207023,-0.01988074189046951,0.0
HANCOCK,B3,101,oof,0.2,0.022249288514858294,-0.08362328825862383,0.0
HANCOCK,B3,101,oof,0.25,0.016161091032071848,-0.15586484080919874,0.0
HANCOCK,B3,101,oof,0.3,0.010501003178988028,-0.238426615152713,0.0
HANCOCK,B3,101,oof,0.35,0.004493679919035132,-0.33369020093369084,0.0
HANCOCK,B3,101,oof,0.4,0.002397116039726053,-0.44483105101149856,0.0
HANCOCK,B3,101,oof,0.45,0.0,-0.5761793283761801,0.0
HANCOCK,B3,101,oof,0.5,0.0,-0.7337972612137982,0.0
HANCOCK,B3,101,calibration,0.05,0.1408520326999334,0.1389598283284777,0.0
HANCOCK,B3,101,calibration,0.1,0.1117910100776372,0.09112426323561533,0.0
HANCOCK,B3,101,calibration,0.15,0.08567872694800571,0.037660984602416236,0.0
HANCOCK,B3,101,calibration,0.2,0.028715536396062856,-0.022485203859932745,0.0
HANCOCK,B3,101,calibration,0.25,0.012634919128048372,-0.09065088411726158,0.0
HANCOCK,B3,101,calibration,0.3,0.00487238248966707,-0.168554518697066,0.0
HANCOCK,B3,101,calibration,0.35,0.0,-0.25844332782760954,0.0
HANCOCK,B3,101,calibration,0.4,0.0,-0.36331360514657707,0.0
HANCOCK,B3,101,calibration,0.45,0.0,-0.48725120561444757,0.0
HANCOCK,B3,101,calibration,0.5,0.0,-0.6359763261758924,0.0
HANCOCK,B4,17,oof,0.05,0.08829158812034074,0.08747512567694835,0.0
HANCOCK,B4,17,oof,0.1,0.038313184267117426,0.0367792993256677,0.0
HANCOCK,B4,17,oof,0.15,0.020169138663803994,-0.01988074189046951,0.0
HANCOCK,B4,17,oof,0.2,0.01301822548290868,-0.08362328825862383,0.0
HANCOCK,B4,17,oof,0.25,0.016352355980207154,-0.15586484080919874,0.0
HANCOCK,B4,17,oof,0.3,0.007952692053801346,-0.238426615152713,0.0
HANCOCK,B4,17,oof,0.35,0.006114288447669055,-0.33369020093369084,0.0
HANCOCK,B4,17,oof,0.4,0.002677758139003505,-0.44483105101149856,0.0
HANCOCK,B4,17,oof,0.45,0.0022056923008114114,-0.5761793283761801,0.0
HANCOCK,B4,17,oof,0.5,0.0,-0.7337972612137982,0.0
HANCOCK,B4,17,calibration,0.05,0.13978294687624196,0.1389598283284777,0.0
HANCOCK,B4,17,calibration,0.1,0.09338329155030534,0.09112426323561533,0.0
HANCOCK,B4,17,calibration,0.15,0.05303150411134684,0.037660984602416236,0.0
HANCOCK,B4,17,calibration,0.2,0.058356442744419576,-0.022485203859932745,0.0
HANCOCK,B4,17,calibration,0.25,0.04171089393243603,-0.09065088411726158,0.0
HANCOCK,B4,17,calibration,0.3,0.04509633237412559,-0.168554518697066,0.0
HANCOCK,B4,17,calibration,0.35,0.036657093895870296,-0.25844332782760954,0.0
HANCOCK,B4,17,calibration,0.4,0.026972116343628925,-0.36331360514657707,0.0
HANCOCK,B4,17,calibration,0.45,0.026972116343628925,-0.48725120561444757,0.0
HANCOCK,B4,17,calibration,0.5,0.026972116343628925,-0.6359763261758924,0.0
HANCOCK,B4,29,oof,0.05,0.08802486323181241,0.08747512567694835,0.0
HANCOCK,B4,29,oof,0.1,0.052689191129488375,0.0367792993256677,0.0
HANCOCK,B4,29,oof,0.15,0.031192843529652715,-0.01988074189046951,0.0
HANCOCK,B4,29,oof,0.2,0.018744986738447433,-0.08362328825862383,0.0
HANCOCK,B4,29,oof,0.25,0.016812165063301517,-0.15586484080919874,0.0
HANCOCK,B4,29,oof,0.3,0.01152649308902234,-0.238426615152713,0.0
HANCOCK,B4,29,oof,0.35,0.005592260154979713,-0.33369020093369084,0.0
HANCOCK,B4,29,oof,0.4,0.0023660006248105675,-0.44483105101149856,0.0
HANCOCK,B4,29,oof,0.45,0.0,-0.5761793283761801,0.0
HANCOCK,B4,29,oof,0.5,0.0,-0.7337972612137982,0.0
HANCOCK,B4,29,calibration,0.05,0.13978294687624196,0.1389598283284777,0.0
HANCOCK,B4,29,calibration,0.1,0.09338329155030534,0.09112426323561533,0.0
HANCOCK,B4,29,calibration,0.15,0.05303150411134684,0.037660984602416236,0.0
HANCOCK,B4,29,calibration,0.2,0.058356442744419576,-0.022485203859932745,0.0
HANCOCK,B4,29,calibration,0.25,0.04171089393243603,-0.09065088411726158,0.0
HANCOCK,B4,29,calibration,0.3,0.04509633237412559,-0.168554518697066,0.0
HANCOCK,B4,29,calibration,0.35,0.036657093895870296,-0.25844332782760954,0.0
HANCOCK,B4,29,calibration,0.4,0.026972116343628925,-0.36331360514657707,0.0
HANCOCK,B4,29,calibration,0.45,0.026972116343628925,-0.48725120561444757,0.0
HANCOCK,B4,29,calibration,0.5,0.026972116343628925,-0.6359763261758924,0.0
HANCOCK,B4,43,oof,0.05,0.08789150078754823,0.08747512567694835,0.0
HANCOCK,B4,43,oof,0.1,0.050608132340262305,0.0367792993256677,0.0
HANCOCK,B4,43,oof,0.15,0.035720081354326715,-0.01988074189046951,0.0
HANCOCK,B4,43,oof,0.2,0.009125234411319044,-0.08362328825862383,0.0
HANCOCK,B4,43,oof,0.25,0.016203515276024916,-0.15586484080919874,0.0
HANCOCK,B4,43,oof,0.3,0.01124826112976348,-0.238426615152713,0.0
HANCOCK,B4,43,oof,0.35,0.00984468946379764,-0.33369020093369084,0.0
HANCOCK,B4,43,oof,0.4,0.008918679574380702,-0.44483105101149856,0.0
HANCOCK,B4,43,oof,0.45,0.006712987273569291,-0.5761793283761801,0.0
HANCOCK,B4,43,oof,0.5,0.004527324090348781,-0.7337972612137982,0.0
HANCOCK,B4,43,calibration,0.05,0.13978294687624196,0.1389598283284777,0.0
HANCOCK,B4,43,calibration,0.1,0.09338329155030534,0.09112426323561533,0.0
HANCOCK,B4,43,calibration,0.15,0.05303150411134684,0.037660984602416236,0.0
HANCOCK,B4,43,calibration,0.2,0.058356442744419576,-0.022485203859932745,0.0
HANCOCK,B4,43,calibration,0.25,0.04171089393243603,-0.09065088411726158,0.0
HANCOCK,B4,43,calibration,0.3,0.04509633237412559,-0.168554518697066,0.0
HANCOCK,B4,43,calibration,0.35,0.036657093895870296,-0.25844332782760954,0.0
HANCOCK,B4,43,calibration,0.4,0.026972116343628925,-0.36331360514657707,0.0
HANCOCK,B4,43,calibration,0.45,0.026972116343628925,-0.48725120561444757,0.0
HANCOCK,B4,43,calibration,0.5,0.026972116343628925,-0.6359763261758924,0.0
HANCOCK,B4,71,oof,0.05,0.0876247758990199,0.08747512567694835,0.0
HANCOCK,B4,71,oof,0.1,0.05195850042427817,0.0367792993256677,0.0
HANCOCK,B4,71,oof,0.15,0.026873812008812878,-0.01988074189046951,0.0
HANCOCK,B4,71,oof,0.2,0.013799268956528794,-0.08362328825862383,0.0
HANCOCK,B4,71,oof,0.25,0.011926678950799439,-0.15586484080919874,0.0
HANCOCK,B4,71,oof,0.3,0.008396700944548904,-0.238426615152713,0.0
HANCOCK,B4,71,oof,0.35,0.001618185866122686,-0.33369020093369084,0.0
HANCOCK,B4,71,oof,0.4,0.0043469866487587236,-0.44483105101149856,0.0
HANCOCK,B4,71,oof,0.45,0.0,-0.5761793283761801,0.0
HANCOCK,B4,71,oof,0.5,0.0,-0.7337972612137982,0.0
HANCOCK,B4,71,calibration,0.05,0.13978294687624196,0.1389598283284777,0.0
HANCOCK,B4,71,calibration,0.1,0.09338329155030534,0.09112426323561533,0.0
HANCOCK,B4,71,calibration,0.15,0.05303150411134684,0.037660984602416236,0.0
HANCOCK,B4,71,calibration,0.2,0.058356442744419576,-0.022485203859932745,0.0
HANCOCK,B4,71,calibration,0.25,0.04171089393243603,-0.09065088411726158,0.0
HANCOCK,B4,71,calibration,0.3,0.04509633237412559,-0.168554518697066,0.0
HANCOCK,B4,71,calibration,0.35,0.036657093895870296,-0.25844332782760954,0.0
HANCOCK,B4,71,calibration,0.4,0.026972116343628925,-0.36331360514657707,0.0
HANCOCK,B4,71,calibration,0.45,0.026972116343628925,-0.48725120561444757,0.0
HANCOCK,B4,71,calibration,0.5,0.026972116343628925,-0.6359763261758924,0.0
HANCOCK,B4,101,oof,0.05,0.08775813834328408,0.08747512567694835,0.0
HANCOCK,B4,101,oof,0.1,0.05096274724801603,0.0367792993256677,0.0
HANCOCK,B4,101,oof,0.15,0.026601004069702297,-0.01988074189046951,0.0
HANCOCK,B4,101,oof,0.2,0.02288589327282063,-0.08362328825862383,0.0
HANCOCK,B4,101,oof,0.25,0.007959378382838805,-0.15586484080919874,0.0
HANCOCK,B4,101,oof,0.3,0.007192241995679306,-0.238426615152713,0.0
HANCOCK,B4,101,oof,0.35,0.001638214983713586,-0.33369020093369084,0.0
HANCOCK,B4,101,oof,0.4,0.004367015766349624,-0.44483105101149856,0.0
HANCOCK,B4,101,oof,0.45,0.0021613234655382127,-0.5761793283761801,0.0
HANCOCK,B4,101,oof,0.5,0.0,-0.7337972612137982,0.0
HANCOCK,B4,101,calibration,0.05,0.13978294687624196,0.1389598283284777,0.0
HANCOCK,B4,101,calibration,0.1,0.09338329155030534,0.09112426323561533,0.0
HANCOCK,B4,101,calibration,0.15,0.05303150411134684,0.037660984602416236,0.0
HANCOCK,B4,101,calibration,0.2,0.058356442744419576,-0.022485203859932745,0.0
HANCOCK,B4,101,calibration,0.25,0.04171089393243603,-0.09065088411726158,0.0
HANCOCK,B4,101,calibration,0.3,0.04509633237412559,-0.168554518697066,0.0
HANCOCK,B4,101,calibration,0.35,0.036657093895870296,-0.25844332782760954,0.0
HANCOCK,B4,101,calibration,0.4,0.026972116343628925,-0.36331360514657707,0.0
HANCOCK,B4,101,calibration,0.45,0.026972116343628925,-0.48725120561444757,0.0
HANCOCK,B4,101,calibration,0.5,0.026972116343628925,-0.6359763261758924,0.0
HANCOCK,B5,17,oof,0.05,0.08949185011871824,0.08747512567694835,0.0
HANCOCK,B5,17,oof,0.1,0.05642036781959659,0.0367792993256677,0.0
HANCOCK,B5,17,oof,0.15,0.04248152560580906,-0.01988074189046951,0.0
HANCOCK,B5,17,oof,0.2,0.021730360692109568,-0.08362328825862383,0.0
HANCOCK,B5,17,oof,0.25,0.012575505612419302,-0.15586484080919874,0.0
HANCOCK,B5,17,oof,0.3,0.011824141102294908,-0.238426615152713,0.0
HANCOCK,B5,17,oof,0.35,0.010291033527409111,-0.33369020093369084,0.0
HANCOCK,B5,17,oof,0.4,0.005669219472373459,-0.44483105101149856,0.0
HANCOCK,B5,17,oof,0.45,0.0024720386403580897,-0.5761793283761801,0.0
HANCOCK,B5,17,oof,0.5,0.0018788195292861552,-0.7337972612137982,0.0
HANCOCK,B5,17,calibration,0.05,0.13978294687624196,0.1389598283284777,0.0
HANCOCK,B5,17,calibration,0.1,0.1060755057940789,0.09112426323561533,0.0
HANCOCK,B5,17,calibration,0.15,0.07981942713780571,0.037660984602416236,0.0
HANCOCK,B5,17,calibration,0.2,0.05073920625061807,-0.022485203859932745,0.0
HANCOCK,B5,17,calibration,0.25,0.04171089393243603,-0.09065088411726158,0.0
HANCOCK,B5,17,calibration,0.3,0.03541135482188421,-0.168554518697066,0.0
HANCOCK,B5,17,calibration,0.35,0.026972116343628925,-0.25844332782760954,0.0
HANCOCK,B5,17,calibration,0.4,0.018656248571955844,-0.36331360514657707,0.0
HANCOCK,B5,17,calibration,0.45,0.018656248571955844,-0.48725120561444757,0.0
HANCOCK,B5,17,calibration,0.5,0.018656248571955844,-0.6359763261758924,0.0
HANCOCK,B5,29,oof,0.05,0.0884249505646049,0.08747512567694835,0.0
HANCOCK,B5,29,oof,0.1,0.06476053151093888,0.0367792993256677,0.0
HANCOCK,B5,29,oof,0.15,0.043420971160098513,-0.01988074189046951,0.0
HANCOCK,B5,29,oof,0.2,0.028442733302119,-0.08362328825862383,0.0
HANCOCK,B5,29,oof,0.25,0.018655046277791625,-0.15586484080919874,0.0
HANCOCK,B5,29,oof,0.3,0.011679905761498886,-0.238426615152713,0.0
HANCOCK,B5,29,oof,0.35,0.008997842156178819,-0.33369020093369084,0.0
HANCOCK,B5,29,oof,0.4,0.009872699140575501,-0.44483105101149856,0.0
HANCOCK,B5,29,oof,0.45,0.00705944049659334,-0.5761793283761801,0.0
HANCOCK,B5,29,oof,0.5,0.0018788195292861552,-0.7337972612137982,0.0
HANCOCK,B5,29,calibration,0.05,0.13978294687624196,0.1389598283284777,0.0
HANCOCK,B5,29,calibration,0.1,0.1060755057940789,0.09112426323561533,0.0
HANCOCK,B5,29,calibration,0.15,0.07981942713780571,0.037660984602416236,0.0
HANCOCK,B5,29,calibration,0.2,0.05073920625061807,-0.022485203859932745,0.0
HANCOCK,B5,29,calibration,0.25,0.04171089393243603,-0.09065088411726158,0.0
HANCOCK,B5,29,calibration,0.3,0.03541135482188421,-0.168554518697066,0.0
HANCOCK,B5,29,calibration,0.35,0.026972116343628925,-0.25844332782760954,0.0
HANCOCK,B5,29,calibration,0.4,0.018656248571955844,-0.36331360514657707,0.0
HANCOCK,B5,29,calibration,0.45,0.018656248571955844,-0.48725120561444757,0.0
HANCOCK,B5,29,calibration,0.5,0.018656248571955844,-0.6359763261758924,0.0
HANCOCK,B5,43,oof,0.05,0.08869167545313324,0.08747512567694835,0.0
HANCOCK,B5,43,oof,0.1,0.06393619803554638,0.0367792993256677,0.0
HANCOCK,B5,43,oof,0.15,0.032373697866993824,-0.01988074189046951,0.0
HANCOCK,B5,43,oof,0.2,0.02536455597301673,-0.08362328825862383,0.0
HANCOCK,B5,43,oof,0.25,0.014147410300862348,-0.15586484080919874,0.0
HANCOCK,B5,43,oof,0.3,0.013934164129169022,-0.238426615152713,0.0
HANCOCK,B5,43,oof,0.35,0.011292633760901657,-0.33369020093369084,0.0
HANCOCK,B5,43,oof,0.4,0.013046862835453393,-0.44483105101149856,0.0
HANCOCK,B5,43,oof,0.45,0.0068668502452747865,-0.5761793283761801,0.0
HANCOCK,B5,43,oof,0.5,0.006406143619634936,-0.7337972612137982,0.0
HANCOCK,B5,43,calibration,0.05,0.13978294687624196,0.1389598283284777,0.0
HANCOCK,B5,43,calibration,0.1,0.1060755057940789,0.09112426323561533,0.0
HANCOCK,B5,43,calibration,0.15,0.07981942713780571,0.037660984602416236,0.0
HANCOCK,B5,43,calibration,0.2,0.05073920625061807,-0.022485203859932745,0.0
HANCOCK,B5,43,calibration,0.25,0.04171089393243603,-0.09065088411726158,0.0
HANCOCK,B5,43,calibration,0.3,0.03541135482188421,-0.168554518697066,0.0
HANCOCK,B5,43,calibration,0.35,0.026972116343628925,-0.25844332782760954,0.0
HANCOCK,B5,43,calibration,0.4,0.018656248571955844,-0.36331360514657707,0.0
HANCOCK,B5,43,calibration,0.45,0.018656248571955844,-0.48725120561444757,0.0
HANCOCK,B5,43,calibration,0.5,0.018656248571955844,-0.6359763261758924,0.0
HANCOCK,B5,71,oof,0.05,0.0888250378973974,0.08747512567694835,0.0
HANCOCK,B5,71,oof,0.1,0.05947981157107278,0.0367792993256677,0.0
HANCOCK,B5,71,oof,0.15,0.041446636973031525,-0.01988074189046951,0.0
HANCOCK,B5,71,oof,0.2,0.025520069897434133,-0.08362328825862383,0.0
HANCOCK,B5,71,oof,0.25,0.015630210739738387,-0.15586484080919874,0.0
HANCOCK,B5,71,oof,0.3,0.014090782320714729,-0.238426615152713,0.0
HANCOCK,B5,71,oof,0.35,0.01045134185140827,-0.33369020093369084,0.0
HANCOCK,B5,71,oof,0.4,0.003860170270661957,-0.44483105101149856,0.0
HANCOCK,B5,71,oof,0.45,0.006854763337320986,-0.5761793283761801,0.0
HANCOCK,B5,71,oof,0.5,0.004232733246142923,-0.7337972612137982,0.0
HANCOCK,B5,71,calibration,0.05,0.13978294687624196,0.1389598283284777,0.0
HANCOCK,B5,71,calibration,0.1,0.1060755057940789,0.09112426323561533,0.0
HANCOCK,B5,71,calibration,0.15,0.07981942713780571,0.037660984602416236,0.0
HANCOCK,B5,71,calibration,0.2,0.05073920625061807,-0.022485203859932745,0.0
HANCOCK,B5,71,calibration,0.25,0.04171089393243603,-0.09065088411726158,0.0
HANCOCK,B5,71,calibration,0.3,0.03541135482188421,-0.168554518697066,0.0
HANCOCK,B5,71,calibration,0.35,0.026972116343628925,-0.25844332782760954,0.0
HANCOCK,B5,71,calibration,0.4,0.018656248571955844,-0.36331360514657707,0.0
HANCOCK,B5,71,calibration,0.45,0.018656248571955844,-0.48725120561444757,0.0
HANCOCK,B5,71,calibration,0.5,0.018656248571955844,-0.6359763261758924,0.0
HANCOCK,B5,101,oof,0.05,0.08869167545313325,0.08747512567694835,0.0
HANCOCK,B5,101,oof,0.1,0.05224262648719411,0.0367792993256677,0.0
HANCOCK,B5,101,oof,0.15,0.03804586940663929,-0.01988074189046951,0.0
HANCOCK,B5,101,oof,0.2,0.025708149399002515,-0.08362328825862383,0.0
HANCOCK,B5,101,oof,0.25,0.013477477759194459,-0.15586484080919874,0.0
HANCOCK,B5,101,oof,0.3,0.008552526587209038,-0.238426615152713,0.0
HANCOCK,B5,101,oof,0.35,0.01047137096899917,-0.33369020093369084,0.0
HANCOCK,B5,101,oof,0.4,0.007755120198819485,-0.44483105101149856,0.0
HANCOCK,B5,101,oof,0.45,0.00028073390147744003,-0.5761793283761801,0.0
HANCOCK,B5,101,oof,0.5,-0.00017997272416241062,-0.7337972612137982,0.0
HANCOCK,B5,101,calibration,0.05,0.13978294687624196,0.1389598283284777,0.0
HANCOCK,B5,101,calibration,0.1,0.1060755057940789,0.09112426323561533,0.0
HANCOCK,B5,101,calibration,0.15,0.07981942713780571,0.037660984602416236,0.0
HANCOCK,B5,101,calibration,0.2,0.05073920625061807,-0.022485203859932745,0.0
HANCOCK,B5,101,calibration,0.25,0.04171089393243603,-0.09065088411726158,0.0
HANCOCK,B5,101,calibration,0.3,0.03541135482188421,-0.168554518697066,0.0
HANCOCK,B5,101,calibration,0.35,0.026972116343628925,-0.25844332782760954,0.0
HANCOCK,B5,101,calibration,0.4,0.018656248571955844,-0.36331360514657707,0.0
HANCOCK,B5,101,calibration,0.45,0.018656248571955844,-0.48725120561444757,0.0
HANCOCK,B5,101,calibration,0.5,0.018656248571955844,-0.6359763261758924,0.0
HANCOCK,M0,17,oof,0.05,0.08749141345475574,0.08747512567694835,0.0
HANCOCK,M0,17,oof,0.1,0.03681368463437219,0.0367792993256677,0.0
HANCOCK,M0,17,oof,0.15,-0.0015413289720867338,-0.01988074189046951,0.0
HANCOCK,M0,17,oof,0.2,0.0,-0.08362328825862383,0.0
HANCOCK,M0,17,oof,0.25,0.0,-0.15586484080919874,0.0
HANCOCK,M0,17,oof,0.3,0.0,-0.238426615152713,0.0
HANCOCK,M0,17,oof,0.35,0.0,-0.33369020093369084,0.0
HANCOCK,M0,17,oof,0.4,0.0,-0.44483105101149856,0.0
HANCOCK,M0,17,oof,0.45,0.0,-0.5761793283761801,0.0
HANCOCK,M0,17,oof,0.5,0.0,-0.7337972612137982,0.0
HANCOCK,M0,17,calibration,0.05,0.13924840396439625,0.1389598283284777,0.0
HANCOCK,M0,17,calibration,0.1,0.09173347846699896,0.09112426323561533,0.0
HANCOCK,M0,17,calibration,0.15,0.0,0.037660984602416236,0.0
HANCOCK,M0,17,calibration,0.2,0.0,-0.022485203859932745,0.0
HANCOCK,M0,17,calibration,0.25,0.0,-0.09065088411726158,0.0
HANCOCK,M0,17,calibration,0.3,0.0,-0.168554518697066,0.0
HANCOCK,M0,17,calibration,0.35,0.0,-0.25844332782760954,0.0
HANCOCK,M0,17,calibration,0.4,0.0,-0.36331360514657707,0.0
HANCOCK,M0,17,calibration,0.45,0.0,-0.48725120561444757,0.0
HANCOCK,M0,17,calibration,0.5,0.0,-0.6359763261758924,0.0
HANCOCK,M0,29,oof,0.05,0.08749141345475574,0.08747512567694835,0.0
HANCOCK,M0,29,oof,0.1,0.03681368463437219,0.0367792993256677,0.0
HANCOCK,M0,29,oof,0.15,-0.0033154106279990837,-0.01988074189046951,0.0
HANCOCK,M0,29,oof,0.2,0.0,-0.08362328825862383,0.0
HANCOCK,M0,29,oof,0.25,0.0,-0.15586484080919874,0.0
HANCOCK,M0,29,oof,0.3,0.0,-0.238426615152713,0.0
HANCOCK,M0,29,oof,0.35,0.0,-0.33369020093369084,0.0
HANCOCK,M0,29,oof,0.4,0.0,-0.44483105101149856,0.0
HANCOCK,M0,29,oof,0.45,0.0,-0.5761793283761801,0.0
HANCOCK,M0,29,oof,0.5,0.0,-0.7337972612137982,0.0
HANCOCK,M0,29,calibration,0.05,0.13924840396439625,0.1389598283284777,0.0
HANCOCK,M0,29,calibration,0.1,0.09173347846699896,0.09112426323561533,0.0
HANCOCK,M0,29,calibration,0.15,0.0,0.037660984602416236,0.0
HANCOCK,M0,29,calibration,0.2,0.0,-0.022485203859932745,0.0
HANCOCK,M0,29,calibration,0.25,0.0,-0.09065088411726158,0.0
HANCOCK,M0,29,calibration,0.3,0.0,-0.168554518697066,0.0
HANCOCK,M0,29,calibration,0.35,0.0,-0.25844332782760954,0.0
HANCOCK,M0,29,calibration,0.4,0.0,-0.36331360514657707,0.0
HANCOCK,M0,29,calibration,0.45,0.0,-0.48725120561444757,0.0
HANCOCK,M0,29,calibration,0.5,0.0,-0.6359763261758924,0.0
HANCOCK,M0,43,oof,0.05,0.08749141345475574,0.08747512567694835,0.0
HANCOCK,M0,43,oof,0.1,0.03681368463437219,0.0367792993256677,0.0
HANCOCK,M0,43,oof,0.15,-0.00579411717529878,-0.01988074189046951,0.0
HANCOCK,M0,43,oof,0.2,0.0,-0.08362328825862383,0.0
HANCOCK,M0,43,oof,0.25,0.0,-0.15586484080919874,0.0
HANCOCK,M0,43,oof,0.3,0.0,-0.238426615152713,0.0
HANCOCK,M0,43,oof,0.35,0.0,-0.33369020093369084,0.0
HANCOCK,M0,43,oof,0.4,0.0,-0.44483105101149856,0.0
HANCOCK,M0,43,oof,0.45,0.0,-0.5761793283761801,0.0
HANCOCK,M0,43,oof,0.5,0.0,-0.7337972612137982,0.0
HANCOCK,M0,43,calibration,0.05,0.13924840396439625,0.1389598283284777,0.0
HANCOCK,M0,43,calibration,0.1,0.09173347846699896,0.09112426323561533,0.0
HANCOCK,M0,43,calibration,0.15,0.0,0.037660984602416236,0.0
HANCOCK,M0,43,calibration,0.2,0.0,-0.022485203859932745,0.0
HANCOCK,M0,43,calibration,0.25,0.0,-0.09065088411726158,0.0
HANCOCK,M0,43,calibration,0.3,0.0,-0.168554518697066,0.0
HANCOCK,M0,43,calibration,0.35,0.0,-0.25844332782760954,0.0
HANCOCK,M0,43,calibration,0.4,0.0,-0.36331360514657707,0.0
HANCOCK,M0,43,calibration,0.45,0.0,-0.48725120561444757,0.0
HANCOCK,M0,43,calibration,0.5,0.0,-0.6359763261758924,0.0
HANCOCK,M0,71,oof,0.05,0.08749141345475574,0.08747512567694835,0.0
HANCOCK,M0,71,oof,0.1,0.03681368463437219,0.0367792993256677,0.0
HANCOCK,M0,71,oof,0.15,0.0033895868125995796,-0.01988074189046951,0.0
HANCOCK,M0,71,oof,0.2,0.0,-0.08362328825862383,0.0
HANCOCK,M0,71,oof,0.25,0.0,-0.15586484080919874,0.0
HANCOCK,M0,71,oof,0.3,0.0,-0.238426615152713,0.0
HANCOCK,M0,71,oof,0.35,0.0,-0.33369020093369084,0.0
HANCOCK,M0,71,oof,0.4,0.0,-0.44483105101149856,0.0
HANCOCK,M0,71,oof,0.45,0.0,-0.5761793283761801,0.0
HANCOCK,M0,71,oof,0.5,0.0,-0.7337972612137982,0.0
HANCOCK,M0,71,calibration,0.05,0.13924840396439625,0.1389598283284777,0.0
HANCOCK,M0,71,calibration,0.1,0.09173347846699896,0.09112426323561533,0.0
HANCOCK,M0,71,calibration,0.15,0.0,0.037660984602416236,0.0
HANCOCK,M0,71,calibration,0.2,0.0,-0.022485203859932745,0.0
HANCOCK,M0,71,calibration,0.25,0.0,-0.09065088411726158,0.0
HANCOCK,M0,71,calibration,0.3,0.0,-0.168554518697066,0.0
HANCOCK,M0,71,calibration,0.35,0.0,-0.25844332782760954,0.0
HANCOCK,M0,71,calibration,0.4,0.0,-0.36331360514657707,0.0
HANCOCK,M0,71,calibration,0.45,0.0,-0.48725120561444757,0.0
HANCOCK,M0,71,calibration,0.5,0.0,-0.6359763261758924,0.0
HANCOCK,M0,101,oof,0.05,0.08749141345475574,0.08747512567694835,0.0
HANCOCK,M0,101,oof,0.1,0.03681368463437219,0.0367792993256677,0.0
HANCOCK,M0,101,oof,0.15,0.0,-0.01988074189046951,0.0
HANCOCK,M0,101,oof,0.2,0.0,-0.08362328825862383,0.0
HANCOCK,M0,101,oof,0.25,0.0,-0.15586484080919874,0.0
HANCOCK,M0,101,oof,0.3,0.0,-0.238426615152713,0.0
HANCOCK,M0,101,oof,0.35,0.0,-0.33369020093369084,0.0
HANCOCK,M0,101,oof,0.4,0.0,-0.44483105101149856,0.0
HANCOCK,M0,101,oof,0.45,0.0,-0.5761793283761801,0.0
HANCOCK,M0,101,oof,0.5,0.0,-0.7337972612137982,0.0
HANCOCK,M0,101,calibration,0.05,0.13924840396439625,0.1389598283284777,0.0
HANCOCK,M0,101,calibration,0.1,0.09173347846699896,0.09112426323561533,0.0
HANCOCK,M0,101,calibration,0.15,0.0,0.037660984602416236,0.0
HANCOCK,M0,101,calibration,0.2,0.0,-0.022485203859932745,0.0
HANCOCK,M0,101,calibration,0.25,0.0,-0.09065088411726158,0.0
HANCOCK,M0,101,calibration,0.3,0.0,-0.168554518697066,0.0
HANCOCK,M0,101,calibration,0.35,0.0,-0.25844332782760954,0.0
HANCOCK,M0,101,calibration,0.4,0.0,-0.36331360514657707,0.0
HANCOCK,M0,101,calibration,0.45,0.0,-0.48725120561444757,0.0
HANCOCK,M0,101,calibration,0.5,0.0,-0.6359763261758924,0.0
HANCOCK,N0,17,oof,0.05,0.08749141345475574,0.08747512567694835,0.0
HANCOCK,N0,17,oof,0.1,0.03414748163962847,0.0367792993256677,0.0
HANCOCK,N0,17,oof,0.15,-0.013539834621165963,-0.01988074189046951,0.0
HANCOCK,N0,17,oof,0.2,-0.0012669432205095889,-0.08362328825862383,0.0
HANCOCK,N0,17,oof,0.25,0.0,-0.15586484080919874,0.0
HANCOCK,N0,17,oof,0.3,0.0,-0.238426615152713,0.0
HANCOCK,N0,17,oof,0.35,0.0,-0.33369020093369084,0.0
HANCOCK,N0,17,oof,0.4,0.0,-0.44483105101149856,0.0
HANCOCK,N0,17,oof,0.45,0.0,-0.5761793283761801,0.0
HANCOCK,N0,17,oof,0.5,0.0,-0.7337972612137982,0.0
HANCOCK,N0,17,calibration,0.05,0.13924840396439625,0.1389598283284777,0.0
HANCOCK,N0,17,calibration,0.1,0.09286195794756213,0.09112426323561533,0.0
HANCOCK,N0,17,calibration,0.15,0.0010275575526034067,0.037660984602416236,0.0
HANCOCK,N0,17,calibration,0.2,0.0,-0.022485203859932745,0.0
HANCOCK,N0,17,calibration,0.25,0.0,-0.09065088411726158,0.0
HANCOCK,N0,17,calibration,0.3,0.0,-0.168554518697066,0.0
HANCOCK,N0,17,calibration,0.35,0.0,-0.25844332782760954,0.0
HANCOCK,N0,17,calibration,0.4,0.0,-0.36331360514657707,0.0
HANCOCK,N0,17,calibration,0.45,0.0,-0.48725120561444757,0.0
HANCOCK,N0,17,calibration,0.5,0.0,-0.6359763261758924,0.0
HANCOCK,N0,29,oof,0.05,0.08749141345475574,0.08747512567694835,0.0
HANCOCK,N0,29,oof,0.1,0.03571129580433388,0.0367792993256677,0.0
HANCOCK,N0,29,oof,0.15,-0.01163945040390029,-0.01988074189046951,0.0
HANCOCK,N0,29,oof,0.2,-0.0012669432205095889,-0.08362328825862383,0.0
HANCOCK,N0,29,oof,0.25,0.0,-0.15586484080919874,0.0
HANCOCK,N0,29,oof,0.3,0.0,-0.238426615152713,0.0
HANCOCK,N0,29,oof,0.35,0.0,-0.33369020093369084,0.0
HANCOCK,N0,29,oof,0.4,0.0,-0.44483105101149856,0.0
HANCOCK,N0,29,oof,0.45,0.0,-0.5761793283761801,0.0
HANCOCK,N0,29,oof,0.5,0.0,-0.7337972612137982,0.0
HANCOCK,N0,29,calibration,0.05,0.13924840396439625,0.1389598283284777,0.0
HANCOCK,N0,29,calibration,0.1,0.09173347846699896,0.09112426323561533,0.0
HANCOCK,N0,29,calibration,0.15,-0.02150749127661601,0.037660984602416236,0.0
HANCOCK,N0,29,calibration,0.2,0.0,-0.022485203859932745,0.0
HANCOCK,N0,29,calibration,0.25,0.0,-0.09065088411726158,0.0
HANCOCK,N0,29,calibration,0.3,0.0,-0.168554518697066,0.0
HANCOCK,N0,29,calibration,0.35,0.0,-0.25844332782760954,0.0
HANCOCK,N0,29,calibration,0.4,0.0,-0.36331360514657707,0.0
HANCOCK,N0,29,calibration,0.45,0.0,-0.48725120561444757,0.0
HANCOCK,N0,29,calibration,0.5,0.0,-0.6359763261758924,0.0
HANCOCK,N0,43,oof,0.05,0.08749141345475574,0.08747512567694835,0.0
HANCOCK,N0,43,oof,0.1,0.03349653119157951,0.0367792993256677,0.0
HANCOCK,N0,43,oof,0.15,-0.009487100231185378,-0.01988074189046951,0.0
HANCOCK,N0,43,oof,0.2,-0.0006334716102547944,-0.08362328825862383,0.0
HANCOCK,N0,43,oof,0.25,0.0,-0.15586484080919874,0.0
HANCOCK,N0,43,oof,0.3,0.0,-0.238426615152713,0.0
HANCOCK,N0,43,oof,0.35,0.0,-0.33369020093369084,0.0
HANCOCK,N0,43,oof,0.4,0.0,-0.44483105101149856,0.0
HANCOCK,N0,43,oof,0.45,0.0,-0.5761793283761801,0.0
HANCOCK,N0,43,oof,0.5,0.0,-0.7337972612137982,0.0
HANCOCK,N0,43,calibration,0.05,0.13924840396439625,0.1389598283284777,0.0
HANCOCK,N0,43,calibration,0.1,0.09173347846699896,0.09112426323561533,0.0
HANCOCK,N0,43,calibration,0.15,-0.014338327517744007,0.037660984602416236,0.0
HANCOCK,N0,43,calibration,0.2,-0.0025390788312671677,-0.022485203859932745,0.0
HANCOCK,N0,43,calibration,0.25,0.0,-0.09065088411726158,0.0
HANCOCK,N0,43,calibration,0.3,0.0,-0.168554518697066,0.0
HANCOCK,N0,43,calibration,0.35,0.0,-0.25844332782760954,0.0
HANCOCK,N0,43,calibration,0.4,0.0,-0.36331360514657707,0.0
HANCOCK,N0,43,calibration,0.45,0.0,-0.48725120561444757,0.0
HANCOCK,N0,43,calibration,0.5,0.0,-0.6359763261758924,0.0
HANCOCK,N0,71,oof,0.05,0.08749141345475574,0.08747512567694835,0.0
HANCOCK,N0,71,oof,0.1,0.03721924735632376,0.0367792993256677,0.0
HANCOCK,N0,71,oof,0.15,-0.004566948590369942,-0.01988074189046951,0.0
HANCOCK,N0,71,oof,0.2,0.000908896757393076,-0.08362328825862383,0.0
HANCOCK,N0,71,oof,0.25,0.0,-0.15586484080919874,0.0
HANCOCK,N0,71,oof,0.3,0.0,-0.238426615152713,0.0
HANCOCK,N0,71,oof,0.35,0.0,-0.33369020093369084,0.0
HANCOCK,N0,71,oof,0.4,0.0,-0.44483105101149856,0.0
HANCOCK,N0,71,oof,0.45,0.0,-0.5761793283761801,0.0
HANCOCK,N0,71,oof,0.5,0.0,-0.7337972612137982,0.0
HANCOCK,N0,71,calibration,0.05,0.13924840396439625,0.1389598283284777,0.0
HANCOCK,N0,71,calibration,0.1,0.09173347846699896,0.09112426323561533,0.0
HANCOCK,N0,71,calibration,0.15,0.0073704703921886605,0.037660984602416236,0.0
HANCOCK,N0,71,calibration,0.2,-0.0025390788312671677,-0.022485203859932745,0.0
HANCOCK,N0,71,calibration,0.25,-0.0033854384416895566,-0.09065088411726158,0.0
HANCOCK,N0,71,calibration,0.3,0.0,-0.168554518697066,0.0
HANCOCK,N0,71,calibration,0.35,0.0,-0.25844332782760954,0.0
HANCOCK,N0,71,calibration,0.4,0.0,-0.36331360514657707,0.0
HANCOCK,N0,71,calibration,0.45,0.0,-0.48725120561444757,0.0
HANCOCK,N0,71,calibration,0.5,0.0,-0.6359763261758924,0.0
HANCOCK,N0,101,oof,0.05,0.08749141345475574,0.08747512567694835,0.0
HANCOCK,N0,101,oof,0.1,0.03878448519960932,0.0367792993256677,0.0
HANCOCK,N0,101,oof,0.15,0.008078891634625971,-0.01988074189046951,0.0
HANCOCK,N0,101,oof,0.2,-0.0015048735931891227,-0.08362328825862383,0.0
HANCOCK,N0,101,oof,0.25,0.0,-0.15586484080919874,0.0
HANCOCK,N0,101,oof,0.3,0.0,-0.238426615152713,0.0
HANCOCK,N0,101,oof,0.35,0.0,-0.33369020093369084,0.0
HANCOCK,N0,101,oof,0.4,0.0,-0.44483105101149856,0.0
HANCOCK,N0,101,oof,0.45,0.0,-0.5761793283761801,0.0
HANCOCK,N0,101,oof,0.5,0.0,-0.7337972612137982,0.0
HANCOCK,N0,101,calibration,0.05,0.13924840396439625,0.1389598283284777,0.0
HANCOCK,N0,101,calibration,0.1,0.09173347846699896,0.09112426323561533,0.0
HANCOCK,N0,101,calibration,0.15,0.006074637753783462,0.037660984602416236,0.0
HANCOCK,N0,101,calibration,0.2,0.0,-0.022485203859932745,0.0
HANCOCK,N0,101,calibration,0.25,0.0,-0.09065088411726158,0.0
HANCOCK,N0,101,calibration,0.3,0.0,-0.168554518697066,0.0
HANCOCK,N0,101,calibration,0.35,0.0,-0.25844332782760954,0.0
HANCOCK,N0,101,calibration,0.4,0.0,-0.36331360514657707,0.0
HANCOCK,N0,101,calibration,0.45,0.0,-0.48725120561444757,0.0
HANCOCK,N0,101,calibration,0.5,0.0,-0.6359763261758924,0.0
TCGA-HNSC,B0,17,oof,0.05,0.30176547763850775,0.30172064552875455,0.0
TCGA-HNSC,B0,17,oof,0.1,0.2630219936231643,0.2629273480581298,0.0
TCGA-HNSC,B0,17,oof,0.15,0.21972045266483933,0.21957013323801977,0.0
TCGA-HNSC,B0,17,oof,0.2,0.17100621908672373,0.170793266565396,0.0
TCGA-HNSC,B0,17,oof,0.25,0.11579675436485937,0.11551281766975574,0.0
TCGA-HNSC,B0,17,oof,0.3,0.05270022325415724,0.052335161789023976,0.0
TCGA-HNSC,B0,17,oof,0.35,0.0,-0.02056213345797414,0.0
TCGA-HNSC,B0,17,oof,0.4,0.0,-0.10560897791280538,0.0
TCGA-HNSC,B0,17,oof,0.45,0.0,-0.20611888499578757,0.0
TCGA-HNSC,B0,17,oof,0.5,0.0,-0.3267307734953664,0.0
TCGA-HNSC,B0,17,calibration,0.05,0.32544923297747463,0.3271564576339839,0.0
TCGA-HNSC,B0,17,calibration,0.1,0.2861721198943523,0.2897762608358719,0.0
TCGA-HNSC,B0,17,calibration,0.15,0.2422741699779215,0.24799839382621727,0.0
TCGA-HNSC,B0,17,calibration,0.2,0.19288897632193683,0.20099829344035586,0.0
TCGA-HNSC,B0,17,calibration,0.25,0.13691909017848755,0.14773151300304627,0.0
TCGA-HNSC,B0,17,calibration,0.3,0.07295350601454548,0.08685519250326379,0.0
TCGA-HNSC,B0,17,calibration,0.35,0.0,0.016613284234284154,0.0
TCGA-HNSC,B0,17,calibration,0.4,0.0,-0.06533560874619226,0.0
TCGA-HNSC,B0,17,calibration,0.45,0.0,-0.16218430045039145,0.0
TCGA-HNSC,B0,17,calibration,0.5,0.0,-0.27840273049543063,0.0
TCGA-HNSC,B0,29,oof,0.05,0.30176547763850775,0.30172064552875455,0.0
TCGA-HNSC,B0,29,oof,0.1,0.2630219936231643,0.2629273480581298,0.0
TCGA-HNSC,B0,29,oof,0.15,0.21972045266483933,0.21957013323801977,0.0
TCGA-HNSC,B0,29,oof,0.2,0.17100621908672373,0.170793266565396,0.0
TCGA-HNSC,B0,29,oof,0.25,0.11579675436485937,0.11551281766975574,0.0
TCGA-HNSC,B0,29,oof,0.3,0.05270022325415724,0.052335161789023976,0.0
TCGA-HNSC,B0,29,oof,0.35,0.0,-0.02056213345797414,0.0
TCGA-HNSC,B0,29,oof,0.4,0.0,-0.10560897791280538,0.0
TCGA-HNSC,B0,29,oof,0.45,0.0,-0.20611888499578757,0.0
TCGA-HNSC,B0,29,oof,0.5,0.0,-0.3267307734953664,0.0
TCGA-HNSC,B0,29,calibration,0.05,0.32544923297747463,0.3271564576339839,0.0
TCGA-HNSC,B0,29,calibration,0.1,0.2861721198943523,0.2897762608358719,0.0
TCGA-HNSC,B0,29,calibration,0.15,0.2422741699779215,0.24799839382621727,0.0
TCGA-HNSC,B0,29,calibration,0.2,0.19288897632193683,0.20099829344035586,0.0
TCGA-HNSC,B0,29,calibration,0.25,0.13691909017848755,0.14773151300304627,0.0
TCGA-HNSC,B0,29,calibration,0.3,0.07295350601454548,0.08685519250326379,0.0
TCGA-HNSC,B0,29,calibration,0.35,0.0,0.016613284234284154,0.0
TCGA-HNSC,B0,29,calibration,0.4,0.0,-0.06533560874619226,0.0
TCGA-HNSC,B0,29,calibration,0.45,0.0,-0.16218430045039145,0.0
TCGA-HNSC,B0,29,calibration,0.5,0.0,-0.27840273049543063,0.0
TCGA-HNSC,B0,43,oof,0.05,0.30176547763850775,0.30172064552875455,0.0
TCGA-HNSC,B0,43,oof,0.1,0.2630219936231643,0.2629273480581298,0.0
TCGA-HNSC,B0,43,oof,0.15,0.21972045266483933,0.21957013323801977,0.0
TCGA-HNSC,B0,43,oof,0.2,0.17100621908672373,0.170793266565396,0.0
TCGA-HNSC,B0,43,oof,0.25,0.11579675436485937,0.11551281766975574,0.0
TCGA-HNSC,B0,43,oof,0.3,0.05270022325415724,0.052335161789023976,0.0
TCGA-HNSC,B0,43,oof,0.35,0.0,-0.02056213345797414,0.0
TCGA-HNSC,B0,43,oof,0.4,0.0,-0.10560897791280538,0.0
TCGA-HNSC,B0,43,oof,0.45,0.0,-0.20611888499578757,0.0
TCGA-HNSC,B0,43,oof,0.5,0.0,-0.3267307734953664,0.0
TCGA-HNSC,B0,43,calibration,0.05,0.32544923297747463,0.3271564576339839,0.0
TCGA-HNSC,B0,43,calibration,0.1,0.2861721198943523,0.2897762608358719,0.0
TCGA-HNSC,B0,43,calibration,0.15,0.2422741699779215,0.24799839382621727,0.0
TCGA-HNSC,B0,43,calibration,0.2,0.19288897632193683,0.20099829344035586,0.0
TCGA-HNSC,B0,43,calibration,0.25,0.13691909017848755,0.14773151300304627,0.0
TCGA-HNSC,B0,43,calibration,0.3,0.07295350601454548,0.08685519250326379,0.0
TCGA-HNSC,B0,43,calibration,0.35,0.0,0.016613284234284154,0.0
TCGA-HNSC,B0,43,calibration,0.4,0.0,-0.06533560874619226,0.0
TCGA-HNSC,B0,43,calibration,0.45,0.0,-0.16218430045039145,0.0
TCGA-HNSC,B0,43,calibration,0.5,0.0,-0.27840273049543063,0.0
TCGA-HNSC,B0,71,oof,0.05,0.30176547763850775,0.30172064552875455,0.0
TCGA-HNSC,B0,71,oof,0.1,0.2630219936231643,0.2629273480581298,0.0
TCGA-HNSC,B0,71,oof,0.15,0.21972045266483933,0.21957013323801977,0.0
TCGA-HNSC,B0,71,oof,0.2,0.17100621908672373,0.170793266565396,0.0
TCGA-HNSC,B0,71,oof,0.25,0.11579675436485937,0.11551281766975574,0.0
TCGA-HNSC,B0,71,oof,0.3,0.05270022325415724,0.052335161789023976,0.0
TCGA-HNSC,B0,71,oof,0.35,-0.03654087789212307,-0.02056213345797414,0.0
TCGA-HNSC,B0,71,oof,0.4,0.0,-0.10560897791280538,0.0
TCGA-HNSC,B0,71,oof,0.45,0.0,-0.20611888499578757,0.0
TCGA-HNSC,B0,71,oof,0.5,0.0,-0.3267307734953664,0.0
TCGA-HNSC,B0,71,calibration,0.05,0.32544923297747463,0.3271564576339839,0.0
TCGA-HNSC,B0,71,calibration,0.1,0.2861721198943523,0.2897762608358719,0.0
TCGA-HNSC,B0,71,calibration,0.15,0.2422741699779215,0.24799839382621727,0.0
TCGA-HNSC,B0,71,calibration,0.2,0.19288897632193683,0.20099829344035586,0.0
TCGA-HNSC,B0,71,calibration,0.25,0.13691909017848755,0.14773151300304627,0.0
TCGA-HNSC,B0,71,calibration,0.3,0.07295350601454548,0.08685519250326379,0.0
TCGA-HNSC,B0,71,calibration,0.35,0.0,0.016613284234284154,0.0
TCGA-HNSC,B0,71,calibration,0.4,0.0,-0.06533560874619226,0.0
TCGA-HNSC,B0,71,calibration,0.45,0.0,-0.16218430045039145,0.0
TCGA-HNSC,B0,71,calibration,0.5,0.0,-0.27840273049543063,0.0
TCGA-HNSC,B0,101,oof,0.05,0.30176547763850775,0.30172064552875455,0.0
TCGA-HNSC,B0,101,oof,0.1,0.2630219936231643,0.2629273480581298,0.0
TCGA-HNSC,B0,101,oof,0.15,0.21972045266483933,0.21957013323801977,0.0
TCGA-HNSC,B0,101,oof,0.2,0.17100621908672373,0.170793266565396,0.0
TCGA-HNSC,B0,101,oof,0.25,0.11579675436485937,0.11551281766975574,0.0
TCGA-HNSC,B0,101,oof,0.3,0.05270022325415724,0.052335161789023976,0.0
TCGA-HNSC,B0,101,oof,0.35,0.0,-0.02056213345797414,0.0
TCGA-HNSC,B0,101,oof,0.4,0.0,-0.10560897791280538,0.0
TCGA-HNSC,B0,101,oof,0.45,0.0,-0.20611888499578757,0.0
TCGA-HNSC,B0,101,oof,0.5,0.0,-0.3267307734953664,0.0
TCGA-HNSC,B0,101,calibration,0.05,0.32544923297747463,0.3271564576339839,0.0
TCGA-HNSC,B0,101,calibration,0.1,0.2861721198943523,0.2897762608358719,0.0
TCGA-HNSC,B0,101,calibration,0.15,0.2422741699779215,0.24799839382621727,0.0
TCGA-HNSC,B0,101,calibration,0.2,0.19288897632193683,0.20099829344035586,0.0
TCGA-HNSC,B0,101,calibration,0.25,0.13691909017848755,0.14773151300304627,0.0
TCGA-HNSC,B0,101,calibration,0.3,0.07295350601454548,0.08685519250326379,0.0
TCGA-HNSC,B0,101,calibration,0.35,0.0,0.016613284234284154,0.0
TCGA-HNSC,B0,101,calibration,0.4,0.0,-0.06533560874619226,0.0
TCGA-HNSC,B0,101,calibration,0.45,0.0,-0.16218430045039145,0.0
TCGA-HNSC,B0,101,calibration,0.5,0.0,-0.27840273049543063,0.0
TCGA-HNSC,B1,17,oof,0.05,0.28774713048603007,0.30172064552875455,0.0
TCGA-HNSC,B1,17,oof,0.1,0.24570877092613427,0.2629273480581298,0.0
TCGA-HNSC,B1,17,oof,0.15,0.19363660181119824,0.21957013323801977,0.0
TCGA-HNSC,B1,17,oof,0.2,0.14407148066947686,0.170793266565396,0.0
TCGA-HNSC,B1,17,oof,0.25,0.08275736233647776,0.11551281766975574,0.0
TCGA-HNSC,B1,17,oof,0.3,0.04333647086883463,0.052335161789023976,0.0
TCGA-HNSC,B1,17,oof,0.35,0.007587376373366428,-0.02056213345797414,0.0
TCGA-HNSC,B1,17,oof,0.4,-0.011930353394913149,-0.10560897791280538,0.0
TCGA-HNSC,B1,17,oof,0.45,-0.01036173694240021,-0.20611888499578757,0.0
TCGA-HNSC,B1,17,oof,0.5,-0.006832688788005407,-0.3267307734953664,0.0
TCGA-HNSC,B1,17,calibration,0.05,0.32544923297747463,0.3271564576339839,0.0
TCGA-HNSC,B1,17,calibration,0.1,0.2893477162712856,0.2897762608358719,0.0
TCGA-HNSC,B1,17,calibration,0.15,0.24177382772313744,0.24799839382621727,0.0
TCGA-HNSC,B1,17,calibration,0.2,0.15384853946981758,0.20099829344035586,0.0
TCGA-HNSC,B1,17,calibration,0.25,0.116414670140055,0.14773151300304627,0.0
TCGA-HNSC,B1,17,calibration,0.3,0.10334218460919642,0.08685519250326379,0.0
TCGA-HNSC,B1,17,calibration,0.35,0.062491527016679926,0.016613284234284154,0.0
TCGA-HNSC,B1,17,calibration,0.4,-0.004282289555597937,-0.06533560874619226,0.0
TCGA-HNSC,B1,17,calibration,0.45,0.015966517109669967,-0.16218430045039145,0.0
TCGA-HNSC,B1,17,calibration,0.5,-0.021487572084030765,-0.27840273049543063,0.0
TCGA-HNSC,B1,29,oof,0.05,0.29145509296588573,0.30172064552875455,0.0
TCGA-HNSC,B1,29,oof,0.1,0.2512377204332033,0.2629273480581298,0.0
TCGA-HNSC,B1,29,oof,0.15,0.2028240408985733,0.21957013323801977,0.0
TCGA-HNSC,B1,29,oof,0.2,0.151290922049669,0.170793266565396,0.0
TCGA-HNSC,B1,29,oof,0.25,0.0890898253435993,0.11551281766975574,0.0
TCGA-HNSC,B1,29,oof,0.3,0.056516804352597094,0.052335161789023976,0.0
TCGA-HNSC,B1,29,oof,0.35,0.02346446074006156,-0.02056213345797414,0.0
TCGA-HNSC,B1,29,oof,0.4,-0.0025311670051766932,-0.10560897791280538,0.0
TCGA-HNSC,B1,29,oof,0.45,-0.016157991691576487,-0.20611888499578757,0.0
TCGA-HNSC,B1,29,oof,0.5,-0.021231830386890263,-0.3267307734953664,0.0
TCGA-HNSC,B1,29,calibration,0.05,0.32544923297747463,0.3271564576339839,0.0
TCGA-HNSC,B1,29,calibration,0.1,0.2893477162712856,0.2897762608358719,0.0
TCGA-HNSC,B1,29,calibration,0.15,0.24177382772313744,0.24799839382621727,0.0
TCGA-HNSC,B1,29,calibration,0.2,0.15384853946981758,0.20099829344035586,0.0
TCGA-HNSC,B1,29,calibration,0.25,0.116414670140055,0.14773151300304627,0.0
TCGA-HNSC,B1,29,calibration,0.3,0.10334218460919642,0.08685519250326379,0.0
TCGA-HNSC,B1,29,calibration,0.35,0.062491527016679926,0.016613284234284154,0.0
TCGA-HNSC,B1,29,calibration,0.4,-0.004282289555597937,-0.06533560874619226,0.0
TCGA-HNSC,B1,29,calibration,0.45,0.015966517109669967,-0.16218430045039145,0.0
TCGA-HNSC,B1,29,calibration,0.5,-0.021487572084030765,-0.27840273049543063,0.0
TCGA-HNSC,B1,43,oof,0.05,0.29107812933762833,0.30172064552875455,0.0
TCGA-HNSC,B1,43,oof,0.1,0.2531082551844638,0.2629273480581298,0.0
TCGA-HNSC,B1,43,oof,0.15,0.1988957858761452,0.21957013323801977,0.0
TCGA-HNSC,B1,43,oof,0.2,0.1480296876149273,0.170793266565396,0.0
TCGA-HNSC,B1,43,oof,0.25,0.083078574864028,0.11551281766975574,0.0
TCGA-HNSC,B1,43,oof,0.3,0.030230497285923613,0.052335161789023976,0.0
TCGA-HNSC,B1,43,oof,0.35,0.0006825362438571958,-0.02056213345797414,0.0
TCGA-HNSC,B1,43,oof,0.4,-0.019321215104842263,-0.10560897791280538,0.0
TCGA-HNSC,B1,43,oof,0.45,-0.034659624678958736,-0.20611888499578757,0.0
TCGA-HNSC,B1,43,oof,0.5,-0.004693623005027792,-0.3267307734953664,0.0
TCGA-HNSC,B1,43,calibration,0.05,0.32544923297747463,0.3271564576339839,0.0
TCGA-HNSC,B1,43,calibration,0.1,0.2893477162712856,0.2897762608358719,0.0
TCGA-HNSC,B1,43,calibration,0.15,0.24177382772313744,0.24799839382621727,0.0
TCGA-HNSC,B1,43,calibration,0.2,0.15384853946981758,0.20099829344035586,0.0
TCGA-HNSC,B1,43,calibration,0.25,0.116414670140055,0.14773151300304627,0.0
TCGA-HNSC,B1,43,calibration,0.3,0.10334218460919642,0.08685519250326379,0.0
TCGA-HNSC,B1,43,calibration,0.35,0.062491527016679926,0.016613284234284154,0.0
TCGA-HNSC,B1,43,calibration,0.4,-0.004282289555597937,-0.06533560874619226,0.0
TCGA-HNSC,B1,43,calibration,0.45,0.015966517109669967,-0.16218430045039145,0.0
TCGA-HNSC,B1,43,calibration,0.5,-0.021487572084030765,-0.27840273049543063,0.0
TCGA-HNSC,B1,71,oof,0.05,0.29377257994333056,0.30172064552875455,0.0
TCGA-HNSC,B1,71,oof,0.1,0.25624149284710224,0.2629273480581298,0.0
TCGA-HNSC,B1,71,oof,0.15,0.20361312258179898,0.21957013323801977,0.0
TCGA-HNSC,B1,71,oof,0.2,0.15536891497669503,0.170793266565396,0.0
TCGA-HNSC,B1,71,oof,0.25,0.08607851945005437,0.11551281766975574,0.0
TCGA-HNSC,B1,71,oof,0.3,0.019750376175769996,0.052335161789023976,0.0
TCGA-HNSC,B1,71,oof,0.35,0.0007271842964598485,-0.02056213345797414,0.0
TCGA-HNSC,B1,71,oof,0.4,-0.017090494235490195,-0.10560897791280538,0.0
TCGA-HNSC,B1,71,oof,0.45,-0.02332433418259028,-0.20611888499578757,0.0
TCGA-HNSC,B1,71,oof,0.5,-0.015655155723621,-0.3267307734953664,0.0
TCGA-HNSC,B1,71,calibration,0.05,0.32544923297747463,0.3271564576339839,0.0
TCGA-HNSC,B1,71,calibration,0.1,0.2893477162712856,0.2897762608358719,0.0
TCGA-HNSC,B1,71,calibration,0.15,0.24177382772313744,0.24799839382621727,0.0
TCGA-HNSC,B1,71,calibration,0.2,0.15384853946981758,0.20099829344035586,0.0
TCGA-HNSC,B1,71,calibration,0.25,0.116414670140055,0.14773151300304627,0.0
TCGA-HNSC,B1,71,calibration,0.3,0.10334218460919642,0.08685519250326379,0.0
TCGA-HNSC,B1,71,calibration,0.35,0.062491527016679926,0.016613284234284154,0.0
TCGA-HNSC,B1,71,calibration,0.4,-0.004282289555597937,-0.06533560874619226,0.0
TCGA-HNSC,B1,71,calibration,0.45,0.015966517109669967,-0.16218430045039145,0.0
TCGA-HNSC,B1,71,calibration,0.5,-0.021487572084030765,-0.27840273049543063,0.0
TCGA-HNSC,B1,101,oof,0.05,0.291266611151757,0.30172064552875455,0.0
TCGA-HNSC,B1,101,oof,0.1,0.24181156938795056,0.2629273480581298,0.0
TCGA-HNSC,B1,101,oof,0.15,0.19922301035604234,0.21957013323801977,0.0
TCGA-HNSC,B1,101,oof,0.2,0.1480502015222472,0.170793266565396,0.0
TCGA-HNSC,B1,101,oof,0.25,0.0876005728276022,0.11551281766975574,0.0
TCGA-HNSC,B1,101,oof,0.3,0.041362535950053514,0.052335161789023976,0.0
TCGA-HNSC,B1,101,oof,0.35,-0.003207222527438408,-0.02056213345797414,0.0
TCGA-HNSC,B1,101,oof,0.4,-0.0024225937046426366,-0.10560897791280538,0.0
TCGA-HNSC,B1,101,oof,0.45,0.0041374186987038625,-0.20611888499578757,0.0
TCGA-HNSC,B1,101,oof,0.5,-0.013758327869980061,-0.3267307734953664,0.0
TCGA-HNSC,B1,101,calibration,0.05,0.32544923297747463,0.3271564576339839,0.0
TCGA-HNSC,B1,101,calibration,0.1,0.2893477162712856,0.2897762608358719,0.0
TCGA-HNSC,B1,101,calibration,0.15,0.24177382772313744,0.24799839382621727,0.0
TCGA-HNSC,B1,101,calibration,0.2,0.15384853946981758,0.20099829344035586,0.0
TCGA-HNSC,B1,101,calibration,0.25,0.116414670140055,0.14773151300304627,0.0
TCGA-HNSC,B1,101,calibration,0.3,0.10334218460919642,0.08685519250326379,0.0
TCGA-HNSC,B1,101,calibration,0.35,0.062491527016679926,0.016613284234284154,0.0
TCGA-HNSC,B1,101,calibration,0.4,-0.004282289555597937,-0.06533560874619226,0.0
TCGA-HNSC,B1,101,calibration,0.45,0.015966517109669967,-0.16218430045039145,0.0
TCGA-HNSC,B1,101,calibration,0.5,-0.021487572084030765,-0.27840273049543063,0.0
TCGA-HNSC,B2,17,oof,0.05,0.30176547763850775,0.30172064552875455,0.0
TCGA-HNSC,B2,17,oof,0.1,0.2630219936231643,0.2629273480581298,0.0
TCGA-HNSC,B2,17,oof,0.15,0.21972045266483933,0.21957013323801977,0.0
TCGA-HNSC,B2,17,oof,0.2,0.16351078249652737,0.170793266565396,0.0
TCGA-HNSC,B2,17,oof,0.25,0.11307606997124975,0.11551281766975574,0.0
TCGA-HNSC,B2,17,oof,0.3,0.0483904529322674,0.052335161789023976,0.0
TCGA-HNSC,B2,17,oof,0.35,0.023556766808304708,-0.02056213345797414,0.0
TCGA-HNSC,B2,17,oof,0.4,0.016652217186102075,-0.10560897791280538,0.0
TCGA-HNSC,B2,17,oof,0.45,0.025434033864608414,-0.20611888499578757,0.0
TCGA-HNSC,B2,17,oof,0.5,0.0,-0.3267307734953664,0.0
TCGA-HNSC,B2,17,calibration,0.05,0.32544923297747463,0.3271564576339839,0.0
TCGA-HNSC,B2,17,calibration,0.1,0.2861721198943523,0.2897762608358719,0.0
TCGA-HNSC,B2,17,calibration,0.15,0.2422741699779215,0.24799839382621727,0.0
TCGA-HNSC,B2,17,calibration,0.2,0.19288897632193683,0.20099829344035586,0.0
TCGA-HNSC,B2,17,calibration,0.25,0.12371206275507979,0.14773151300304627,0.0
TCGA-HNSC,B2,17,calibration,0.3,0.013593647605043613,0.08685519250326379,0.0
TCGA-HNSC,B2,17,calibration,0.35,-0.03260721833603328,0.016613284234284154,0.0
TCGA-HNSC,B2,17,calibration,0.4,-0.04454405970378343,-0.06533560874619226,0.0
TCGA-HNSC,B2,17,calibration,0.45,0.02198410804949733,-0.16218430045039145,0.0
TCGA-HNSC,B2,17,calibration,0.5,0.0,-0.27840273049543063,0.0
TCGA-HNSC,B2,29,oof,0.05,0.30176547763850775,0.30172064552875455,0.0
TCGA-HNSC,B2,29,oof,0.1,0.2630219936231643,0.2629273480581298,0.0
TCGA-HNSC,B2,29,oof,0.15,0.21972045266483933,0.21957013323801977,0.0
TCGA-HNSC,B2,29,oof,0.2,0.16940370408150954,0.170793266565396,0.0
TCGA-HNSC,B2,29,oof,0.25,0.10617301393955325,0.11551281766975574,0.0
TCGA-HNSC,B2,29,oof,0.3,0.05007136342453325,0.052335161789023976,0.0
TCGA-HNSC,B2,29,oof,0.35,0.014535512179738586,-0.02056213345797414,0.0
TCGA-HNSC,B2,29,oof,0.4,0.03342122603724046,-0.10560897791280538,0.0
TCGA-HNSC,B2,29,oof,0.45,0.024351995983337003,-0.20611888499578757,0.0
TCGA-HNSC,B2,29,oof,0.5,0.00266204634863846,-0.3267307734953664,0.0
TCGA-HNSC,B2,29,calibration,0.05,0.32544923297747463,0.3271564576339839,0.0
TCGA-HNSC,B2,29,calibration,0.1,0.2861721198943523,0.2897762608358719,0.0
TCGA-HNSC,B2,29,calibration,0.15,0.2422741699779215,0.24799839382621727,0.0
TCGA-HNSC,B2,29,calibration,0.2,0.19288897632193683,0.20099829344035586,0.0
TCGA-HNSC,B2,29,calibration,0.25,0.12371206275507979,0.14773151300304627,0.0
TCGA-HNSC,B2,29,calibration,0.3,0.013593647605043613,0.08685519250326379,0.0
TCGA-HNSC,B2,29,calibration,0.35,-0.03260721833603328,0.016613284234284154,0.0
TCGA-HNSC,B2,29,calibration,0.4,-0.04454405970378343,-0.06533560874619226,0.0
TCGA-HNSC,B2,29,calibration,0.45,0.02198410804949733,-0.16218430045039145,0.0
TCGA-HNSC,B2,29,calibration,0.5,0.0,-0.27840273049543063,0.0
TCGA-HNSC,B2,43,oof,0.05,0.30176547763850775,0.30172064552875455,0.0
TCGA-HNSC,B2,43,oof,0.1,0.2630219936231643,0.2629273480581298,0.0
TCGA-HNSC,B2,43,oof,0.15,0.21972045266483933,0.21957013323801977,0.0
TCGA-HNSC,B2,43,oof,0.2,0.16860018180278113,0.170793266565396,0.0
TCGA-HNSC,B2,43,oof,0.25,0.10454108069373036,0.11551281766975574,0.0
TCGA-HNSC,B2,43,oof,0.3,0.051408265352875515,0.052335161789023976,0.0
TCGA-HNSC,B2,43,oof,0.35,0.017890107427772667,-0.02056213345797414,0.0
TCGA-HNSC,B2,43,oof,0.4,0.014227161209254227,-0.10560897791280538,0.0
TCGA-HNSC,B2,43,oof,0.45,0.010450862530982298,-0.20611888499578757,0.0
TCGA-HNSC,B2,43,oof,0.5,0.002415501421745376,-0.3267307734953664,0.0
TCGA-HNSC,B2,43,calibration,0.05,0.32544923297747463,0.3271564576339839,0.0
TCGA-HNSC,B2,43,calibration,0.1,0.2861721198943523,0.2897762608358719,0.0
TCGA-HNSC,B2,43,calibration,0.15,0.2422741699779215,0.24799839382621727,0.0
TCGA-HNSC,B2,43,calibration,0.2,0.19288897632193683,0.20099829344035586,0.0
TCGA-HNSC,B2,43,calibration,0.25,0.12371206275507979,0.14773151300304627,0.0
TCGA-HNSC,B2,43,calibration,0.3,0.013593647605043613,0.08685519250326379,0.0
TCGA-HNSC,B2,43,calibration,0.35,-0.03260721833603328,0.016613284234284154,0.0
TCGA-HNSC,B2,43,calibration,0.4,-0.04454405970378343,-0.06533560874619226,0.0
TCGA-HNSC,B2,43,calibration,0.45,0.02198410804949733,-0.16218430045039145,0.0
TCGA-HNSC,B2,43,calibration,0.5,0.0,-0.27840273049543063,0.0
TCGA-HNSC,B2,71,oof,0.05,0.30176547763850775,0.30172064552875455,0.0
TCGA-HNSC,B2,71,oof,0.1,0.2630219936231643,0.2629273480581298,0.0
TCGA-HNSC,B2,71,oof,0.15,0.21722264904251384,0.21957013323801977,0.0
TCGA-HNSC,B2,71,oof,0.2,0.16618271983298954,0.170793266565396,0.0
TCGA-HNSC,B2,71,oof,0.25,0.10414072708469388,0.11551281766975574,0.0
TCGA-HNSC,B2,71,oof,0.3,0.050863979119399355,0.052335161789023976,0.0
TCGA-HNSC,B2,71,oof,0.35,-0.009504657586123122,-0.02056213345797414,0.0
TCGA-HNSC,B2,71,oof,0.4,0.01586642580605934,-0.10560897791280538,0.0
TCGA-HNSC,B2,71,oof,0.45,0.01204445183640157,-0.20611888499578757,0.0
TCGA-HNSC,B2,71,oof,0.5,0.0024096385542168677,-0.3267307734953664,0.0
TCGA-HNSC,B2,71,calibration,0.05,0.32544923297747463,0.3271564576339839,0.0
TCGA-HNSC,B2,71,calibration,0.1,0.2861721198943523,0.2897762608358719,0.0
TCGA-HNSC,B2,71,calibration,0.15,0.2422741699779215,0.24799839382621727,0.0
TCGA-HNSC,B2,71,calibration,0.2,0.19288897632193683,0.20099829344035586,0.0
TCGA-HNSC,B2,71,calibration,0.25,0.12371206275507979,0.14773151300304627,0.0
TCGA-HNSC,B2,71,calibration,0.3,0.013593647605043613,0.08685519250326379,0.0
TCGA-HNSC,B2,71,calibration,0.35,-0.03260721833603328,0.016613284234284154,0.0
TCGA-HNSC,B2,71,calibration,0.4,-0.04454405970378343,-0.06533560874619226,0.0
TCGA-HNSC,B2,71,calibration,0.45,0.02198410804949733,-0.16218430045039145,0.0
TCGA-HNSC,B2,71,calibration,0.5,0.0,-0.27840273049543063,0.0
TCGA-HNSC,B2,101,oof,0.05,0.30176547763850775,0.30172064552875455,0.0
TCGA-HNSC,B2,101,oof,0.1,0.2630219936231643,0.2629273480581298,0.0
TCGA-HNSC,B2,101,oof,0.15,0.21972045266483933,0.21957013323801977,0.0
TCGA-HNSC,B2,101,oof,0.2,0.16940370408150954,0.170793266565396,0.0
TCGA-HNSC,B2,101,oof,0.25,0.10877079761752839,0.11551281766975574,0.0
TCGA-HNSC,B2,101,oof,0.3,0.06265564966020859,0.052335161789023976,0.0
TCGA-HNSC,B2,101,oof,0.35,0.025733733093337152,-0.02056213345797414,0.0
TCGA-HNSC,B2,101,oof,0.4,0.02957437775586967,-0.10560897791280538,0.0
TCGA-HNSC,B2,101,oof,0.45,0.010748882219556336,-0.20611888499578757,0.0
TCGA-HNSC,B2,101,oof,0.5,0.0024096385542168677,-0.3267307734953664,0.0
TCGA-HNSC,B2,101,calibration,0.05,0.32544923297747463,0.3271564576339839,0.0
TCGA-HNSC,B2,101,calibration,0.1,0.2861721198943523,0.2897762608358719,0.0
TCGA-HNSC,B2,101,calibration,0.15,0.2422741699779215,0.24799839382621727,0.0
TCGA-HNSC,B2,101,calibration,0.2,0.19288897632193683,0.20099829344035586,0.0
TCGA-HNSC,B2,101,calibration,0.25,0.12371206275507979,0.14773151300304627,0.0
TCGA-HNSC,B2,101,calibration,0.3,0.013593647605043613,0.08685519250326379,0.0
TCGA-HNSC,B2,101,calibration,0.35,-0.03260721833603328,0.016613284234284154,0.0
TCGA-HNSC,B2,101,calibration,0.4,-0.04454405970378343,-0.06533560874619226,0.0
TCGA-HNSC,B2,101,calibration,0.45,0.02198410804949733,-0.16218430045039145,0.0
TCGA-HNSC,B2,101,calibration,0.5,0.0,-0.27840273049543063,0.0
TCGA-HNSC,B3,17,oof,0.05,0.30176547763850775,0.30172064552875455,0.0
TCGA-HNSC,B3,17,oof,0.1,0.2630219936231643,0.2629273480581298,0.0
TCGA-HNSC,B3,17,oof,0.15,0.21972045266483933,0.21957013323801977,0.0
TCGA-HNSC,B3,17,oof,0.2,0.17100621908672373,0.170793266565396,0.0
TCGA-HNSC,B3,17,oof,0.25,0.1098092245750783,0.11551281766975574,0.0
TCGA-HNSC,B3,17,oof,0.3,0.04226787922896327,0.052335161789023976,0.0
TCGA-HNSC,B3,17,oof,0.35,0.020474469522613226,-0.02056213345797414,0.0
TCGA-HNSC,B3,17,oof,0.4,0.01715742747993957,-0.10560897791280538,0.0
TCGA-HNSC,B3,17,oof,0.45,0.00970029963021261,-0.20611888499578757,0.0
TCGA-HNSC,B3,17,oof,0.5,0.002421407293192186,-0.3267307734953664,0.0
TCGA-HNSC,B3,17,calibration,0.05,0.32544923297747463,0.3271564576339839,0.0
TCGA-HNSC,B3,17,calibration,0.1,0.2861721198943523,0.2897762608358719,0.0
TCGA-HNSC,B3,17,calibration,0.15,0.2422741699779215,0.24799839382621727,0.0
TCGA-HNSC,B3,17,calibration,0.2,0.19288897632193683,0.20099829344035586,0.0
TCGA-HNSC,B3,17,calibration,0.25,0.1416824847438875,0.14773151300304627,0.0
TCGA-HNSC,B3,17,calibration,0.3,0.10151173731846547,0.08685519250326379,0.0
TCGA-HNSC,B3,17,calibration,0.35,0.028765864077306497,0.016613284234284154,0.0
TCGA-HNSC,B3,17,calibration,0.4,-0.02549048144218368,-0.06533560874619226,0.0
TCGA-HNSC,B3,17,calibration,0.45,-0.00139982890792055,-0.16218430045039145,0.0
TCGA-HNSC,B3,17,calibration,0.5,0.02198410804949733,-0.27840273049543063,0.0
TCGA-HNSC,B3,29,oof,0.05,0.30176547763850775,0.30172064552875455,0.0
TCGA-HNSC,B3,29,oof,0.1,0.2630219936231643,0.2629273480581298,0.0
TCGA-HNSC,B3,29,oof,0.15,0.21972045266483933,0.21957013323801977,0.0
TCGA-HNSC,B3,29,oof,0.2,0.17100621908672373,0.170793266565396,0.0
TCGA-HNSC,B3,29,oof,0.25,0.11317262919441354,0.11551281766975574,0.0
TCGA-HNSC,B3,29,oof,0.3,0.04996927672138082,0.052335161789023976,0.0
TCGA-HNSC,B3,29,oof,0.35,0.002057088178158792,-0.02056213345797414,0.0
TCGA-HNSC,B3,29,oof,0.4,0.017295425440623007,-0.10560897791280538,0.0
TCGA-HNSC,B3,29,oof,0.45,0.02513053489799822,-0.20611888499578757,0.0
TCGA-HNSC,B3,29,oof,0.5,0.002415501421745376,-0.3267307734953664,0.0
TCGA-HNSC,B3,29,calibration,0.05,0.32544923297747463,0.3271564576339839,0.0
TCGA-HNSC,B3,29,calibration,0.1,0.2861721198943523,0.2897762608358719,0.0
TCGA-HNSC,B3,29,calibration,0.15,0.2422741699779215,0.24799839382621727,0.0
TCGA-HNSC,B3,29,calibration,0.2,0.19288897632193683,0.20099829344035586,0.0
TCGA-HNSC,B3,29,calibration,0.25,0.13691909017848755,0.14773151300304627,0.0
TCGA-HNSC,B3,29,calibration,0.3,0.11414165279069721,0.08685519250326379,0.0
TCGA-HNSC,B3,29,calibration,0.35,0.0332999236829775,0.016613284234284154,0.0
TCGA-HNSC,B3,29,calibration,0.4,-0.01596369231138379,-0.06533560874619226,0.0
TCGA-HNSC,B3,29,calibration,0.45,0.01029213957078839,-0.16218430045039145,0.0
TCGA-HNSC,B3,29,calibration,0.5,0.02198410804949733,-0.27840273049543063,0.0
TCGA-HNSC,B3,43,oof,0.05,0.30176547763850775,0.30172064552875455,0.0
TCGA-HNSC,B3,43,oof,0.1,0.2630219936231643,0.2629273480581298,0.0
TCGA-HNSC,B3,43,oof,0.15,0.21972045266483933,0.21957013323801977,0.0
TCGA-HNSC,B3,43,oof,0.2,0.17100621908672373,0.170793266565396,0.0
TCGA-HNSC,B3,43,oof,0.25,0.10816758107709723,0.11551281766975574,0.0
TCGA-HNSC,B3,43,oof,0.3,0.04538126908937981,0.052335161789023976,0.0
TCGA-HNSC,B3,43,oof,0.35,-0.016698327966328266,-0.02056213345797414,0.0
TCGA-HNSC,B3,43,oof,0.4,0.00141796555868208,-0.10560897791280538,0.0
TCGA-HNSC,B3,43,oof,0.45,0.021449472055195172,-0.20611888499578757,0.0
TCGA-HNSC,B3,43,oof,0.5,-0.0023371689609282672,-0.3267307734953664,0.0
TCGA-HNSC,B3,43,calibration,0.05,0.32544923297747463,0.3271564576339839,0.0
TCGA-HNSC,B3,43,calibration,0.1,0.2861721198943523,0.2897762608358719,0.0
TCGA-HNSC,B3,43,calibration,0.15,0.2422741699779215,0.24799839382621727,0.0
TCGA-HNSC,B3,43,calibration,0.2,0.19288897632193683,0.20099829344035586,0.0
TCGA-HNSC,B3,43,calibration,0.25,0.13136327747933252,0.14773151300304627,0.0
TCGA-HNSC,B3,43,calibration,0.3,0.095387372877237,0.08685519250326379,0.0
TCGA-HNSC,B3,43,calibration,0.35,0.03652012111496172,0.016613284234284154,0.0
TCGA-HNSC,B3,43,calibration,0.4,-0.02549048144218368,-0.06533560874619226,0.0
TCGA-HNSC,B3,43,calibration,0.45,-0.00139982890792055,-0.16218430045039145,0.0
TCGA-HNSC,B3,43,calibration,0.5,0.02198410804949733,-0.27840273049543063,0.0
TCGA-HNSC,B3,71,oof,0.05,0.30176547763850775,0.30172064552875455,0.0
TCGA-HNSC,B3,71,oof,0.1,0.2630219936231643,0.2629273480581298,0.0
TCGA-HNSC,B3,71,oof,0.15,0.21972045266483933,0.21957013323801977,0.0
TCGA-HNSC,B3,71,oof,0.2,0.17100621908672373,0.170793266565396,0.0
TCGA-HNSC,B3,71,oof,0.25,0.11443538003111678,0.11551281766975574,0.0
TCGA-HNSC,B3,71,oof,0.3,0.051066170796372906,0.052335161789023976,0.0
TCGA-HNSC,B3,71,oof,0.35,0.0010855193458817608,-0.02056213345797414,0.0
TCGA-HNSC,B3,71,oof,0.4,0.009575234458461195,-0.10560897791280538,0.0
TCGA-HNSC,B3,71,oof,0.45,0.010663086797335398,-0.20611888499578757,0.0
TCGA-HNSC,B3,71,oof,0.5,0.009521541543846702,-0.3267307734953664,0.0
TCGA-HNSC,B3,71,calibration,0.05,0.32544923297747463,0.3271564576339839,0.0
TCGA-HNSC,B3,71,calibration,0.1,0.2861721198943523,0.2897762608358719,0.0
TCGA-HNSC,B3,71,calibration,0.15,0.2422741699779215,0.24799839382621727,0.0
TCGA-HNSC,B3,71,calibration,0.2,0.19288897632193683,0.20099829344035586,0.0
TCGA-HNSC,B3,71,calibration,0.25,0.13691909017848755,0.14773151300304627,0.0
TCGA-HNSC,B3,71,calibration,0.3,0.095387372877237,0.08685519250326379,0.0
TCGA-HNSC,B3,71,calibration,0.35,0.028765864077306497,0.016613284234284154,0.0
TCGA-HNSC,B3,71,calibration,0.4,-0.01596369231138379,-0.06533560874619226,0.0
TCGA-HNSC,B3,71,calibration,0.45,-0.00139982890792055,-0.16218430045039145,0.0
TCGA-HNSC,B3,71,calibration,0.5,0.02198410804949733,-0.27840273049543063,0.0
TCGA-HNSC,B3,101,oof,0.05,0.30176547763850775,0.30172064552875455,0.0
TCGA-HNSC,B3,101,oof,0.1,0.2630219936231643,0.2629273480581298,0.0
TCGA-HNSC,B3,101,oof,0.15,0.21972045266483933,0.21957013323801977,0.0
TCGA-HNSC,B3,101,oof,0.2,0.17100621908672373,0.170793266565396,0.0
TCGA-HNSC,B3,101,oof,0.25,0.10692601492604872,0.11551281766975574,0.0
TCGA-HNSC,B3,101,oof,0.3,0.06079642784575387,0.052335161789023976,0.0
TCGA-HNSC,B3,101,oof,0.35,0.007663553012939639,-0.02056213345797414,0.0
TCGA-HNSC,B3,101,oof,0.4,0.019337837128807406,-0.10560897791280538,0.0
TCGA-HNSC,B3,101,oof,0.45,0.007709794785901079,-0.20611888499578757,0.0
TCGA-HNSC,B3,101,oof,0.5,0.001243985507516988,-0.3267307734953664,0.0
TCGA-HNSC,B3,101,calibration,0.05,0.32544923297747463,0.3271564576339839,0.0
TCGA-HNSC,B3,101,calibration,0.1,0.2861721198943523,0.2897762608358719,0.0
TCGA-HNSC,B3,101,calibration,0.15,0.2422741699779215,0.24799839382621727,0.0
TCGA-HNSC,B3,101,calibration,0.2,0.19288897632193683,0.20099829344035586,0.0
TCGA-HNSC,B3,101,calibration,0.25,0.13691909017848755,0.14773151300304627,0.0
TCGA-HNSC,B3,101,calibration,0.3,0.10151173731846547,0.08685519250326379,0.0
TCGA-HNSC,B3,101,calibration,0.35,0.017910495087070002,0.016613284234284154,0.0
TCGA-HNSC,B3,101,calibration,0.4,-0.01596369231138379,-0.06533560874619226,0.0
TCGA-HNSC,B3,101,calibration,0.45,-0.00139982890792055,-0.16218430045039145,0.0
TCGA-HNSC,B3,101,calibration,0.5,0.02198410804949733,-0.27840273049543063,0.0
TCGA-HNSC,B4,17,oof,0.05,0.2987914429434741,0.30172064552875455,0.0
TCGA-HNSC,B4,17,oof,0.1,0.252828022389139,0.2629273480581298,0.0
TCGA-HNSC,B4,17,oof,0.15,0.20780300281716926,0.21957013323801977,0.0
TCGA-HNSC,B4,17,oof,0.2,0.16105656994959028,0.170793266565396,0.0
TCGA-HNSC,B4,17,oof,0.25,0.10283550845321202,0.11551281766975574,0.0
TCGA-HNSC,B4,17,oof,0.3,0.07671194640902224,0.052335161789023976,0.0
TCGA-HNSC,B4,17,oof,0.35,0.03448575577996804,-0.02056213345797414,0.0
TCGA-HNSC,B4,17,oof,0.4,0.016672878690138532,-0.10560897791280538,0.0
TCGA-HNSC,B4,17,oof,0.45,-0.002107072161850382,-0.20611888499578757,0.0
TCGA-HNSC,B4,17,oof,0.5,-0.02801942789770609,-0.3267307734953664,0.0
TCGA-HNSC,B4,17,calibration,0.05,0.32544923297747463,0.3271564576339839,0.0
TCGA-HNSC,B4,17,calibration,0.1,0.2861721198943523,0.2897762608358719,0.0
TCGA-HNSC,B4,17,calibration,0.15,0.24983956134649787,0.24799839382621727,0.0
TCGA-HNSC,B4,17,calibration,0.2,0.22861443556243638,0.20099829344035586,0.0
TCGA-HNSC,B4,17,calibration,0.25,0.18011502804262824,0.14773151300304627,0.0
TCGA-HNSC,B4,17,calibration,0.3,0.14577631139772101,0.08685519250326379,0.0
TCGA-HNSC,B4,17,calibration,0.35,0.05741213424829322,0.016613284234284154,0.0
TCGA-HNSC,B4,17,calibration,0.4,-0.0007772948174321059,-0.06533560874619226,0.0
TCGA-HNSC,B4,17,calibration,0.45,-0.07964696721795794,-0.16218430045039145,0.0
TCGA-HNSC,B4,17,calibration,0.5,-0.058861245478030955,-0.27840273049543063,0.0
TCGA-HNSC,B4,29,oof,0.05,0.3019539594526364,0.30172064552875455,0.0
TCGA-HNSC,B4,29,oof,0.1,0.2599833766237679,0.2629273480581298,0.0
TCGA-HNSC,B4,29,oof,0.15,0.21471583624327445,0.21957013323801977,0.0
TCGA-HNSC,B4,29,oof,0.2,0.16071720070072198,0.170793266565396,0.0
TCGA-HNSC,B4,29,oof,0.25,0.12617258061450223,0.11551281766975574,0.0
TCGA-HNSC,B4,29,oof,0.3,0.09252727119065168,0.052335161789023976,0.0
TCGA-HNSC,B4,29,oof,0.35,0.0415112863680224,-0.02056213345797414,0.0
TCGA-HNSC,B4,29,oof,0.4,0.015048823461458083,-0.10560897791280538,0.0
TCGA-HNSC,B4,29,oof,0.45,-0.014374892357499822,-0.20611888499578757,0.0
TCGA-HNSC,B4,29,oof,0.5,-0.013335585122496746,-0.3267307734953664,0.0
TCGA-HNSC,B4,29,calibration,0.05,0.32544923297747463,0.3271564576339839,0.0
TCGA-HNSC,B4,29,calibration,0.1,0.2861721198943523,0.2897762608358719,0.0
TCGA-HNSC,B4,29,calibration,0.15,0.24983956134649787,0.24799839382621727,0.0
TCGA-HNSC,B4,29,calibration,0.2,0.22861443556243638,0.20099829344035586,0.0
TCGA-HNSC,B4,29,calibration,0.25,0.18011502804262824,0.14773151300304627,0.0
TCGA-HNSC,B4,29,calibration,0.3,0.14577631139772101,0.08685519250326379,0.0
TCGA-HNSC,B4,29,calibration,0.35,0.05741213424829322,0.016613284234284154,0.0
TCGA-HNSC,B4,29,calibration,0.4,-0.0007772948174321059,-0.06533560874619226,0.0
TCGA-HNSC,B4,29,calibration,0.45,-0.07964696721795794,-0.16218430045039145,0.0
TCGA-HNSC,B4,29,calibration,0.5,-0.058861245478030955,-0.27840273049543063,0.0
TCGA-HNSC,B4,43,oof,0.05,0.30176547763850775,0.30172064552875455,0.0
TCGA-HNSC,B4,43,oof,0.1,0.2586469715967521,0.2629273480581298,0.0
TCGA-HNSC,B4,43,oof,0.15,0.2016353956132393,0.21957013323801977,0.0
TCGA-HNSC,B4,43,oof,0.2,0.14776336031300316,0.170793266565396,0.0
TCGA-HNSC,B4,43,oof,0.25,0.10495613009028099,0.11551281766975574,0.0
TCGA-HNSC,B4,43,oof,0.3,0.06816587264179985,0.052335161789023976,0.0
TCGA-HNSC,B4,43,oof,0.35,0.03437339895775593,-0.02056213345797414,0.0
TCGA-HNSC,B4,43,oof,0.4,0.005000071263545569,-0.10560897791280538,0.0
TCGA-HNSC,B4,43,oof,0.45,-0.007893255426695167,-0.20611888499578757,0.0
TCGA-HNSC,B4,43,oof,0.5,-0.009190446728800289,-0.3267307734953664,0.0
TCGA-HNSC,B4,43,calibration,0.05,0.32544923297747463,0.3271564576339839,0.0
TCGA-HNSC,B4,43,calibration,0.1,0.2861721198943523,0.2897762608358719,0.0
TCGA-HNSC,B4,43,calibration,0.15,0.24983956134649787,0.24799839382621727,0.0
TCGA-HNSC,B4,43,calibration,0.2,0.22861443556243638,0.20099829344035586,0.0
TCGA-HNSC,B4,43,calibration,0.25,0.18011502804262824,0.14773151300304627,0.0
TCGA-HNSC,B4,43,calibration,0.3,0.14577631139772101,0.08685519250326379,0.0
TCGA-HNSC,B4,43,calibration,0.35,0.05741213424829322,0.016613284234284154,0.0
TCGA-HNSC,B4,43,calibration,0.4,-0.0007772948174321059,-0.06533560874619226,0.0
TCGA-HNSC,B4,43,calibration,0.45,-0.07964696721795794,-0.16218430045039145,0.0
TCGA-HNSC,B4,43,calibration,0.5,-0.058861245478030955,-0.27840273049543063,0.0
TCGA-HNSC,B4,71,oof,0.05,0.30176547763850775,0.30172064552875455,0.0
TCGA-HNSC,B4,71,oof,0.1,0.24937648854078748,0.2629273480581298,0.0
TCGA-HNSC,B4,71,oof,0.15,0.2153073278979877,0.21957013323801977,0.0
TCGA-HNSC,B4,71,oof,0.2,0.15598206381652435,0.170793266565396,0.0
TCGA-HNSC,B4,71,oof,0.25,0.11907477841961428,0.11551281766975574,0.0
TCGA-HNSC,B4,71,oof,0.3,0.06785758421169158,0.052335161789023976,0.0
TCGA-HNSC,B4,71,oof,0.35,0.029507749802267808,-0.02056213345797414,0.0
TCGA-HNSC,B4,71,oof,0.4,0.0010702907702910547,-0.10560897791280538,0.0
TCGA-HNSC,B4,71,oof,0.45,-0.01410833126834618,-0.20611888499578757,0.0
TCGA-HNSC,B4,71,oof,0.5,-0.0025166260525062434,-0.3267307734953664,0.0
TCGA-HNSC,B4,71,calibration,0.05,0.32544923297747463,0.3271564576339839,0.0
TCGA-HNSC,B4,71,calibration,0.1,0.2861721198943523,0.2897762608358719,0.0
TCGA-HNSC,B4,71,calibration,0.15,0.24983956134649787,0.24799839382621727,0.0
TCGA-HNSC,B4,71,calibration,0.2,0.22861443556243638,0.20099829344035586,0.0
TCGA-HNSC,B4,71,calibration,0.25,0.18011502804262824,0.14773151300304627,0.0
TCGA-HNSC,B4,71,calibration,0.3,0.14577631139772101,0.08685519250326379,0.0
TCGA-HNSC,B4,71,calibration,0.35,0.05741213424829322,0.016613284234284154,0.0
TCGA-HNSC,B4,71,calibration,0.4,-0.0007772948174321059,-0.06533560874619226,0.0
TCGA-HNSC,B4,71,calibration,0.45,-0.07964696721795794,-0.16218430045039145,0.0
TCGA-HNSC,B4,71,calibration,0.5,-0.058861245478030955,-0.27840273049543063,0.0
TCGA-HNSC,B4,101,oof,0.05,0.30176547763850775,0.30172064552875455,0.0
TCGA-HNSC,B4,101,oof,0.1,0.26165879148115156,0.2629273480581298,0.0
TCGA-HNSC,B4,101,oof,0.15,0.2078351384394175,0.21957013323801977,0.0
TCGA-HNSC,B4,101,oof,0.2,0.17060713409360254,0.170793266565396,0.0
TCGA-HNSC,B4,101,oof,0.25,0.12162868318926032,0.11551281766975574,0.0
TCGA-HNSC,B4,101,oof,0.3,0.09067567584751432,0.052335161789023976,0.0
TCGA-HNSC,B4,101,oof,0.35,0.06539375898804939,-0.02056213345797414,0.0
TCGA-HNSC,B4,101,oof,0.4,0.030986689891336988,-0.10560897791280538,0.0
TCGA-HNSC,B4,101,oof,0.45,0.0026290079155077556,-0.20611888499578757,0.0
TCGA-HNSC,B4,101,oof,0.5,-0.025341474966886712,-0.3267307734953664,0.0
TCGA-HNSC,B4,101,calibration,0.05,0.32544923297747463,0.3271564576339839,0.0
TCGA-HNSC,B4,101,calibration,0.1,0.2861721198943523,0.2897762608358719,0.0
TCGA-HNSC,B4,101,calibration,0.15,0.24983956134649787,0.24799839382621727,0.0
TCGA-HNSC,B4,101,calibration,0.2,0.22861443556243638,0.20099829344035586,0.0
TCGA-HNSC,B4,101,calibration,0.25,0.18011502804262824,0.14773151300304627,0.0
TCGA-HNSC,B4,101,calibration,0.3,0.14577631139772101,0.08685519250326379,0.0
TCGA-HNSC,B4,101,calibration,0.35,0.05741213424829322,0.016613284234284154,0.0
TCGA-HNSC,B4,101,calibration,0.4,-0.0007772948174321059,-0.06533560874619226,0.0
TCGA-HNSC,B4,101,calibration,0.45,-0.07964696721795794,-0.16218430045039145,0.0
TCGA-HNSC,B4,101,calibration,0.5,-0.058861245478030955,-0.27840273049543063,0.0
TCGA-HNSC,B5,17,oof,0.05,0.2960465422079402,0.30172064552875455,0.0
TCGA-HNSC,B5,17,oof,0.1,0.25711436586190944,0.2629273480581298,0.0
TCGA-HNSC,B5,17,oof,0.15,0.21031000168382954,0.21957013323801977,0.0
TCGA-HNSC,B5,17,oof,0.2,0.1694982500990323,0.170793266565396,0.0
TCGA-HNSC,B5,17,oof,0.25,0.1287963897380407,0.11551281766975574,0.0
TCGA-HNSC,B5,17,oof,0.3,0.08128407158659245,0.052335161789023976,0.0
TCGA-HNSC,B5,17,oof,0.35,0.05297325277795681,-0.02056213345797414,0.0
TCGA-HNSC,B5,17,oof,0.4,0.0215548536063499,-0.10560897791280538,0.0
TCGA-HNSC,B5,17,oof,0.45,0.02281828909702663,-0.20611888499578757,0.0
TCGA-HNSC,B5,17,oof,0.5,0.00797176985719747,-0.3267307734953664,0.0
TCGA-HNSC,B5,17,calibration,0.05,0.32544923297747463,0.3271564576339839,0.0
TCGA-HNSC,B5,17,calibration,0.1,0.2861721198943523,0.2897762608358719,0.0
TCGA-HNSC,B5,17,calibration,0.15,0.2548831555922154,0.24799839382621727,0.0
TCGA-HNSC,B5,17,calibration,0.2,0.23933207333458625,0.20099829344035586,0.0
TCGA-HNSC,B5,17,calibration,0.25,0.17761180238001262,0.14773151300304627,0.0
TCGA-HNSC,B5,17,calibration,0.3,0.10267985032965057,0.08685519250326379,0.0
TCGA-HNSC,B5,17,calibration,0.35,0.024334830799548207,0.016613284234284154,0.0
TCGA-HNSC,B5,17,calibration,0.4,-0.03709248584138454,-0.06533560874619226,0.0
TCGA-HNSC,B5,17,calibration,0.45,-0.10225384742660491,-0.16218430045039145,0.0
TCGA-HNSC,B5,17,calibration,0.5,-0.11616020593600004,-0.27840273049543063,0.0
TCGA-HNSC,B5,29,oof,0.05,0.3023309230808938,0.30172064552875455,0.0
TCGA-HNSC,B5,29,oof,0.1,0.26232502793039897,0.2629273480581298,0.0
TCGA-HNSC,B5,29,oof,0.15,0.21586771611783906,0.21957013323801977,0.0
TCGA-HNSC,B5,29,oof,0.2,0.17142488677266499,0.170793266565396,0.0
TCGA-HNSC,B5,29,oof,0.25,0.14315798170123023,0.11551281766975574,0.0
TCGA-HNSC,B5,29,oof,0.3,0.10469916037660826,0.052335161789023976,0.0
TCGA-HNSC,B5,29,oof,0.35,0.06357207934404066,-0.02056213345797414,0.0
TCGA-HNSC,B5,29,oof,0.4,0.03841206232131583,-0.10560897791280538,0.0
TCGA-HNSC,B5,29,oof,0.45,-0.016725321006994878,-0.20611888499578757,0.0
TCGA-HNSC,B5,29,oof,0.5,-0.023894123749870974,-0.3267307734953664,0.0
TCGA-HNSC,B5,29,calibration,0.05,0.32544923297747463,0.3271564576339839,0.0
TCGA-HNSC,B5,29,calibration,0.1,0.2861721198943523,0.2897762608358719,0.0
TCGA-HNSC,B5,29,calibration,0.15,0.2548831555922154,0.24799839382621727,0.0
TCGA-HNSC,B5,29,calibration,0.2,0.23933207333458625,0.20099829344035586,0.0
TCGA-HNSC,B5,29,calibration,0.25,0.17761180238001262,0.14773151300304627,0.0
TCGA-HNSC,B5,29,calibration,0.3,0.10267985032965057,0.08685519250326379,0.0
TCGA-HNSC,B5,29,calibration,0.35,0.024334830799548207,0.016613284234284154,0.0
TCGA-HNSC,B5,29,calibration,0.4,-0.03709248584138454,-0.06533560874619226,0.0
TCGA-HNSC,B5,29,calibration,0.45,-0.10225384742660491,-0.16218430045039145,0.0
TCGA-HNSC,B5,29,calibration,0.5,-0.11616020593600004,-0.27840273049543063,0.0
TCGA-HNSC,B5,43,oof,0.05,0.30176547763850775,0.30172064552875455,0.0
TCGA-HNSC,B5,43,oof,0.1,0.2619271218783495,0.2629273480581298,0.0
TCGA-HNSC,B5,43,oof,0.15,0.19624595681783524,0.21957013323801977,0.0
TCGA-HNSC,B5,43,oof,0.2,0.1537186316791666,0.170793266565396,0.0
TCGA-HNSC,B5,43,oof,0.25,0.1116880806518914,0.11551281766975574,0.0
TCGA-HNSC,B5,43,oof,0.3,0.06363408740277299,0.052335161789023976,0.0
TCGA-HNSC,B5,43,oof,0.35,0.05075685278270817,-0.02056213345797414,0.0
TCGA-HNSC,B5,43,oof,0.4,0.01434522229707308,-0.10560897791280538,0.0
TCGA-HNSC,B5,43,oof,0.45,-0.00045111094492966686,-0.20611888499578757,0.0
TCGA-HNSC,B5,43,oof,0.5,-0.026725594502460814,-0.3267307734953664,0.0
TCGA-HNSC,B5,43,calibration,0.05,0.32544923297747463,0.3271564576339839,0.0
TCGA-HNSC,B5,43,calibration,0.1,0.2861721198943523,0.2897762608358719,0.0
TCGA-HNSC,B5,43,calibration,0.15,0.2548831555922154,0.24799839382621727,0.0
TCGA-HNSC,B5,43,calibration,0.2,0.23933207333458625,0.20099829344035586,0.0
TCGA-HNSC,B5,43,calibration,0.25,0.17761180238001262,0.14773151300304627,0.0
TCGA-HNSC,B5,43,calibration,0.3,0.10267985032965057,0.08685519250326379,0.0
TCGA-HNSC,B5,43,calibration,0.35,0.024334830799548207,0.016613284234284154,0.0
TCGA-HNSC,B5,43,calibration,0.4,-0.03709248584138454,-0.06533560874619226,0.0
TCGA-HNSC,B5,43,calibration,0.45,-0.10225384742660491,-0.16218430045039145,0.0
TCGA-HNSC,B5,43,calibration,0.5,-0.11616020593600004,-0.27840273049543063,0.0
TCGA-HNSC,B5,71,oof,0.05,0.2987914429434741,0.30172064552875455,0.0
TCGA-HNSC,B5,71,oof,0.1,0.25544209954170016,0.2629273480581298,0.0
TCGA-HNSC,B5,71,oof,0.15,0.20844476454574767,0.21957013323801977,0.0
TCGA-HNSC,B5,71,oof,0.2,0.15983576470370098,0.170793266565396,0.0
TCGA-HNSC,B5,71,oof,0.25,0.10408619189394938,0.11551281766975574,0.0
TCGA-HNSC,B5,71,oof,0.3,0.06216557049877067,0.052335161789023976,0.0
TCGA-HNSC,B5,71,oof,0.35,0.04324461948614755,-0.02056213345797414,0.0
TCGA-HNSC,B5,71,oof,0.4,0.025991793219724807,-0.10560897791280538,0.0
TCGA-HNSC,B5,71,oof,0.45,0.028399568344561338,-0.20611888499578757,0.0
TCGA-HNSC,B5,71,oof,0.5,-0.0050101309332060695,-0.3267307734953664,0.0
TCGA-HNSC,B5,71,calibration,0.05,0.32544923297747463,0.3271564576339839,0.0
TCGA-HNSC,B5,71,calibration,0.1,0.2861721198943523,0.2897762608358719,0.0
TCGA-HNSC,B5,71,calibration,0.15,0.2548831555922154,0.24799839382621727,0.0
TCGA-HNSC,B5,71,calibration,0.2,0.23933207333458625,0.20099829344035586,0.0
TCGA-HNSC,B5,71,calibration,0.25,0.17761180238001262,0.14773151300304627,0.0
TCGA-HNSC,B5,71,calibration,0.3,0.10267985032965057,0.08685519250326379,0.0
TCGA-HNSC,B5,71,calibration,0.35,0.024334830799548207,0.016613284234284154,0.0
TCGA-HNSC,B5,71,calibration,0.4,-0.03709248584138454,-0.06533560874619226,0.0
TCGA-HNSC,B5,71,calibration,0.45,-0.10225384742660491,-0.16218430045039145,0.0
TCGA-HNSC,B5,71,calibration,0.5,-0.11616020593600004,-0.27840273049543063,0.0
TCGA-HNSC,B5,101,oof,0.05,0.30176547763850775,0.30172064552875455,0.0
TCGA-HNSC,B5,101,oof,0.1,0.25749103862996947,0.2629273480581298,0.0
TCGA-HNSC,B5,101,oof,0.15,0.2127528768715145,0.21957013323801977,0.0
TCGA-HNSC,B5,101,oof,0.2,0.1578178593147544,0.170793266565396,0.0
TCGA-HNSC,B5,101,oof,0.25,0.13511079468656395,0.11551281766975574,0.0
TCGA-HNSC,B5,101,oof,0.3,0.10106307753341945,0.052335161789023976,0.0
TCGA-HNSC,B5,101,oof,0.35,0.06588209610508303,-0.02056213345797414,0.0
TCGA-HNSC,B5,101,oof,0.4,0.024796161080073043,-0.10560897791280538,0.0
TCGA-HNSC,B5,101,oof,0.45,0.012058090419945572,-0.20611888499578757,0.0
TCGA-HNSC,B5,101,oof,0.5,0.0003232868799595279,-0.3267307734953664,0.0
TCGA-HNSC,B5,101,calibration,0.05,0.32544923297747463,0.3271564576339839,0.0
TCGA-HNSC,B5,101,calibration,0.1,0.2861721198943523,0.2897762608358719,0.0
TCGA-HNSC,B5,101,calibration,0.15,0.2548831555922154,0.24799839382621727,0.0
TCGA-HNSC,B5,101,calibration,0.2,0.23933207333458625,0.20099829344035586,0.0
TCGA-HNSC,B5,101,calibration,0.25,0.17761180238001262,0.14773151300304627,0.0
TCGA-HNSC,B5,101,calibration,0.3,0.10267985032965057,0.08685519250326379,0.0
TCGA-HNSC,B5,101,calibration,0.35,0.024334830799548207,0.016613284234284154,0.0
TCGA-HNSC,B5,101,calibration,0.4,-0.03709248584138454,-0.06533560874619226,0.0
TCGA-HNSC,B5,101,calibration,0.45,-0.10225384742660491,-0.16218430045039145,0.0
TCGA-HNSC,B5,101,calibration,0.5,-0.11616020593600004,-0.27840273049543063,0.0
TCGA-HNSC,M0,17,oof,0.05,0.30176547763850775,0.30172064552875455,0.0
TCGA-HNSC,M0,17,oof,0.1,0.2630219936231643,0.2629273480581298,0.0
TCGA-HNSC,M0,17,oof,0.15,0.21972045266483933,0.21957013323801977,0.0
TCGA-HNSC,M0,17,oof,0.2,0.17100621908672373,0.170793266565396,0.0
TCGA-HNSC,M0,17,oof,0.25,0.11579675436485937,0.11551281766975574,0.0
TCGA-HNSC,M0,17,oof,0.3,0.05270022325415724,0.052335161789023976,0.0
TCGA-HNSC,M0,17,oof,0.35,0.0,-0.02056213345797414,0.0
TCGA-HNSC,M0,17,oof,0.4,0.0,-0.10560897791280538,0.0
TCGA-HNSC,M0,17,oof,0.45,0.0,-0.20611888499578757,0.0
TCGA-HNSC,M0,17,oof,0.5,0.0,-0.3267307734953664,0.0
TCGA-HNSC,M0,17,calibration,0.05,0.32544923297747463,0.3271564576339839,0.0
TCGA-HNSC,M0,17,calibration,0.1,0.2861721198943523,0.2897762608358719,0.0
TCGA-HNSC,M0,17,calibration,0.15,0.2422741699779215,0.24799839382621727,0.0
TCGA-HNSC,M0,17,calibration,0.2,0.19288897632193683,0.20099829344035586,0.0
TCGA-HNSC,M0,17,calibration,0.25,0.13691909017848755,0.14773151300304627,0.0
TCGA-HNSC,M0,17,calibration,0.3,0.07295350601454548,0.08685519250326379,0.0
TCGA-HNSC,M0,17,calibration,0.35,0.0,0.016613284234284154,0.0
TCGA-HNSC,M0,17,calibration,0.4,0.0,-0.06533560874619226,0.0
TCGA-HNSC,M0,17,calibration,0.45,0.0,-0.16218430045039145,0.0
TCGA-HNSC,M0,17,calibration,0.5,0.0,-0.27840273049543063,0.0
TCGA-HNSC,M0,29,oof,0.05,0.30176547763850775,0.30172064552875455,0.0
TCGA-HNSC,M0,29,oof,0.1,0.2630219936231643,0.2629273480581298,0.0
TCGA-HNSC,M0,29,oof,0.15,0.21972045266483933,0.21957013323801977,0.0
TCGA-HNSC,M0,29,oof,0.2,0.17100621908672373,0.170793266565396,0.0
TCGA-HNSC,M0,29,oof,0.25,0.11579675436485937,0.11551281766975574,0.0
TCGA-HNSC,M0,29,oof,0.3,0.05270022325415724,0.052335161789023976,0.0
TCGA-HNSC,M0,29,oof,0.35,0.0,-0.02056213345797414,0.0
TCGA-HNSC,M0,29,oof,0.4,0.0,-0.10560897791280538,0.0
TCGA-HNSC,M0,29,oof,0.45,0.0,-0.20611888499578757,0.0
TCGA-HNSC,M0,29,oof,0.5,0.0,-0.3267307734953664,0.0
TCGA-HNSC,M0,29,calibration,0.05,0.32544923297747463,0.3271564576339839,0.0
TCGA-HNSC,M0,29,calibration,0.1,0.2861721198943523,0.2897762608358719,0.0
TCGA-HNSC,M0,29,calibration,0.15,0.2422741699779215,0.24799839382621727,0.0
TCGA-HNSC,M0,29,calibration,0.2,0.19288897632193683,0.20099829344035586,0.0
TCGA-HNSC,M0,29,calibration,0.25,0.13691909017848755,0.14773151300304627,0.0
TCGA-HNSC,M0,29,calibration,0.3,0.07295350601454548,0.08685519250326379,0.0
TCGA-HNSC,M0,29,calibration,0.35,0.0,0.016613284234284154,0.0
TCGA-HNSC,M0,29,calibration,0.4,0.0,-0.06533560874619226,0.0
TCGA-HNSC,M0,29,calibration,0.45,0.0,-0.16218430045039145,0.0
TCGA-HNSC,M0,29,calibration,0.5,0.0,-0.27840273049543063,0.0
TCGA-HNSC,M0,43,oof,0.05,0.30176547763850775,0.30172064552875455,0.0
TCGA-HNSC,M0,43,oof,0.1,0.2630219936231643,0.2629273480581298,0.0
TCGA-HNSC,M0,43,oof,0.15,0.21972045266483933,0.21957013323801977,0.0
TCGA-HNSC,M0,43,oof,0.2,0.17100621908672373,0.170793266565396,0.0
TCGA-HNSC,M0,43,oof,0.25,0.11579675436485937,0.11551281766975574,0.0
TCGA-HNSC,M0,43,oof,0.3,0.05270022325415724,0.052335161789023976,0.0
TCGA-HNSC,M0,43,oof,0.35,0.0,-0.02056213345797414,0.0
TCGA-HNSC,M0,43,oof,0.4,0.0,-0.10560897791280538,0.0
TCGA-HNSC,M0,43,oof,0.45,0.0,-0.20611888499578757,0.0
TCGA-HNSC,M0,43,oof,0.5,0.0,-0.3267307734953664,0.0
TCGA-HNSC,M0,43,calibration,0.05,0.32544923297747463,0.3271564576339839,0.0
TCGA-HNSC,M0,43,calibration,0.1,0.2861721198943523,0.2897762608358719,0.0
TCGA-HNSC,M0,43,calibration,0.15,0.2422741699779215,0.24799839382621727,0.0
TCGA-HNSC,M0,43,calibration,0.2,0.19288897632193683,0.20099829344035586,0.0
TCGA-HNSC,M0,43,calibration,0.25,0.13691909017848755,0.14773151300304627,0.0
TCGA-HNSC,M0,43,calibration,0.3,0.07295350601454548,0.08685519250326379,0.0
TCGA-HNSC,M0,43,calibration,0.35,0.0,0.016613284234284154,0.0
TCGA-HNSC,M0,43,calibration,0.4,0.0,-0.06533560874619226,0.0
TCGA-HNSC,M0,43,calibration,0.45,0.0,-0.16218430045039145,0.0
TCGA-HNSC,M0,43,calibration,0.5,0.0,-0.27840273049543063,0.0
TCGA-HNSC,M0,71,oof,0.05,0.30176547763850775,0.30172064552875455,0.0
TCGA-HNSC,M0,71,oof,0.1,0.2630219936231643,0.2629273480581298,0.0
TCGA-HNSC,M0,71,oof,0.15,0.21972045266483933,0.21957013323801977,0.0
TCGA-HNSC,M0,71,oof,0.2,0.17100621908672373,0.170793266565396,0.0
TCGA-HNSC,M0,71,oof,0.25,0.11579675436485937,0.11551281766975574,0.0
TCGA-HNSC,M0,71,oof,0.3,0.05270022325415724,0.052335161789023976,0.0
TCGA-HNSC,M0,71,oof,0.35,-0.03654087789212307,-0.02056213345797414,0.0
TCGA-HNSC,M0,71,oof,0.4,0.0,-0.10560897791280538,0.0
TCGA-HNSC,M0,71,oof,0.45,0.0,-0.20611888499578757,0.0
TCGA-HNSC,M0,71,oof,0.5,0.0,-0.3267307734953664,0.0
TCGA-HNSC,M0,71,calibration,0.05,0.32544923297747463,0.3271564576339839,0.0
TCGA-HNSC,M0,71,calibration,0.1,0.2861721198943523,0.2897762608358719,0.0
TCGA-HNSC,M0,71,calibration,0.15,0.2422741699779215,0.24799839382621727,0.0
TCGA-HNSC,M0,71,calibration,0.2,0.19288897632193683,0.20099829344035586,0.0
TCGA-HNSC,M0,71,calibration,0.25,0.13691909017848755,0.14773151300304627,0.0
TCGA-HNSC,M0,71,calibration,0.3,0.07295350601454548,0.08685519250326379,0.0
TCGA-HNSC,M0,71,calibration,0.35,0.0,0.016613284234284154,0.0
TCGA-HNSC,M0,71,calibration,0.4,0.0,-0.06533560874619226,0.0
TCGA-HNSC,M0,71,calibration,0.45,0.0,-0.16218430045039145,0.0
TCGA-HNSC,M0,71,calibration,0.5,0.0,-0.27840273049543063,0.0
TCGA-HNSC,M0,101,oof,0.05,0.30176547763850775,0.30172064552875455,0.0
TCGA-HNSC,M0,101,oof,0.1,0.2630219936231643,0.2629273480581298,0.0
TCGA-HNSC,M0,101,oof,0.15,0.21972045266483933,0.21957013323801977,0.0
TCGA-HNSC,M0,101,oof,0.2,0.17100621908672373,0.170793266565396,0.0
TCGA-HNSC,M0,101,oof,0.25,0.11579675436485937,0.11551281766975574,0.0
TCGA-HNSC,M0,101,oof,0.3,0.05270022325415724,0.052335161789023976,0.0
TCGA-HNSC,M0,101,oof,0.35,0.0,-0.02056213345797414,0.0
TCGA-HNSC,M0,101,oof,0.4,0.0,-0.10560897791280538,0.0
TCGA-HNSC,M0,101,oof,0.45,0.0,-0.20611888499578757,0.0
TCGA-HNSC,M0,101,oof,0.5,0.0,-0.3267307734953664,0.0
TCGA-HNSC,M0,101,calibration,0.05,0.32544923297747463,0.3271564576339839,0.0
TCGA-HNSC,M0,101,calibration,0.1,0.2861721198943523,0.2897762608358719,0.0
TCGA-HNSC,M0,101,calibration,0.15,0.2422741699779215,0.24799839382621727,0.0
TCGA-HNSC,M0,101,calibration,0.2,0.19288897632193683,0.20099829344035586,0.0
TCGA-HNSC,M0,101,calibration,0.25,0.13691909017848755,0.14773151300304627,0.0
TCGA-HNSC,M0,101,calibration,0.3,0.07295350601454548,0.08685519250326379,0.0
TCGA-HNSC,M0,101,calibration,0.35,0.0,0.016613284234284154,0.0
TCGA-HNSC,M0,101,calibration,0.4,0.0,-0.06533560874619226,0.0
TCGA-HNSC,M0,101,calibration,0.45,0.0,-0.16218430045039145,0.0
TCGA-HNSC,M0,101,calibration,0.5,0.0,-0.27840273049543063,0.0
TCGA-HNSC,N0,17,oof,0.05,0.30176547763850775,0.30172064552875455,0.0
TCGA-HNSC,N0,17,oof,0.1,0.24916588821620111,0.2629273480581298,0.0
TCGA-HNSC,N0,17,oof,0.15,0.18158556887785807,0.21957013323801977,0.0
TCGA-HNSC,N0,17,oof,0.2,0.13240923356897202,0.170793266565396,0.0
TCGA-HNSC,N0,17,oof,0.25,0.07647076424053598,0.11551281766975574,0.0
TCGA-HNSC,N0,17,oof,0.3,0.022079068028282967,0.052335161789023976,0.0
TCGA-HNSC,N0,17,oof,0.35,-0.025770383420416793,-0.02056213345797414,0.0
TCGA-HNSC,N0,17,oof,0.4,-0.05617363409711491,-0.10560897791280538,0.0
TCGA-HNSC,N0,17,oof,0.45,-0.07989105477242175,-0.20611888499578757,0.0
TCGA-HNSC,N0,17,oof,0.5,-0.0769605932805667,-0.3267307734953664,0.0
TCGA-HNSC,N0,17,calibration,0.05,0.32544923297747463,0.3271564576339839,0.0
TCGA-HNSC,N0,17,calibration,0.1,0.287759918082819,0.2897762608358719,0.0
TCGA-HNSC,N0,17,calibration,0.15,0.24731776422363907,0.24799839382621727,0.0
TCGA-HNSC,N0,17,calibration,0.2,0.16922024054660273,0.20099829344035586,0.0
TCGA-HNSC,N0,17,calibration,0.25,0.05377122228465411,0.14773151300304627,0.0
TCGA-HNSC,N0,17,calibration,0.3,-0.01027251240221752,0.08685519250326379,0.0
TCGA-HNSC,N0,17,calibration,0.35,-0.007517090799034565,0.016613284234284154,0.0
TCGA-HNSC,N0,17,calibration,0.4,-0.06993485738642588,-0.06533560874619226,0.0
TCGA-HNSC,N0,17,calibration,0.45,-0.014209688586989865,-0.16218430045039145,0.0
TCGA-HNSC,N0,17,calibration,0.5,0.018268001631646075,-0.27840273049543063,0.0
TCGA-HNSC,N0,29,oof,0.05,0.30176547763850775,0.30172064552875455,0.0
TCGA-HNSC,N0,29,oof,0.1,0.26421571177931275,0.2629273480581298,0.0
TCGA-HNSC,N0,29,oof,0.15,0.20701321783219007,0.21957013323801977,0.0
TCGA-HNSC,N0,29,oof,0.2,0.15124848305483904,0.170793266565396,0.0
TCGA-HNSC,N0,29,oof,0.25,0.11618579400288098,0.11551281766975574,0.0
TCGA-HNSC,N0,29,oof,0.3,0.061013890828616524,0.052335161789023976,0.0
TCGA-HNSC,N0,29,oof,0.35,0.036817999903816956,-0.02056213345797414,0.0
TCGA-HNSC,N0,29,oof,0.4,0.004372445625452762,-0.10560897791280538,0.0
TCGA-HNSC,N0,29,oof,0.45,-0.022187202535049202,-0.20611888499578757,0.0
TCGA-HNSC,N0,29,oof,0.5,-0.018603813678076175,-0.3267307734953664,0.0
TCGA-HNSC,N0,29,calibration,0.05,0.32544923297747463,0.3271564576339839,0.0
TCGA-HNSC,N0,29,calibration,0.1,0.2861721198943523,0.2897762608358719,0.0
TCGA-HNSC,N0,29,calibration,0.15,0.2422741699779215,0.24799839382621727,0.0
TCGA-HNSC,N0,29,calibration,0.2,0.19646152224598679,0.20099829344035586,0.0
TCGA-HNSC,N0,29,calibration,0.25,0.05963441266396319,0.14773151300304627,0.0
TCGA-HNSC,N0,29,calibration,0.3,-0.019872737914528787,0.08685519250326379,0.0
TCGA-HNSC,N0,29,calibration,0.35,-0.023643114372715685,0.016613284234284154,0.0
TCGA-HNSC,N0,29,calibration,0.4,0.03840369024895057,-0.06533560874619226,0.0
TCGA-HNSC,N0,29,calibration,0.45,0.0070246802014674176,-0.16218430045039145,0.0
TCGA-HNSC,N0,29,calibration,0.5,0.02622451551460316,-0.27840273049543063,0.0
TCGA-HNSC,N0,43,oof,0.05,0.30176547763850775,0.30172064552875455,0.0
TCGA-HNSC,N0,43,oof,0.1,0.2532343671611069,0.2629273480581298,0.0
TCGA-HNSC,N0,43,oof,0.15,0.1927070648784172,0.21957013323801977,0.0
TCGA-HNSC,N0,43,oof,0.2,0.1307462795221233,0.170793266565396,0.0
TCGA-HNSC,N0,43,oof,0.25,0.06842497506139003,0.11551281766975574,0.0
TCGA-HNSC,N0,43,oof,0.3,0.011880145822718124,0.052335161789023976,0.0
TCGA-HNSC,N0,43,oof,0.35,-0.044378491356864974,-0.02056213345797414,0.0
TCGA-HNSC,N0,43,oof,0.4,-0.07359742895031375,-0.10560897791280538,0.0
TCGA-HNSC,N0,43,oof,0.45,-0.06360767272298777,-0.20611888499578757,0.0
TCGA-HNSC,N0,43,oof,0.5,-0.055029214363691625,-0.3267307734953664,0.0
TCGA-HNSC,N0,43,calibration,0.05,0.32544923297747463,0.3271564576339839,0.0
TCGA-HNSC,N0,43,calibration,0.1,0.2861721198943523,0.2897762608358719,0.0
TCGA-HNSC,N0,43,calibration,0.15,0.24479596710078028,0.24799839382621727,0.0
TCGA-HNSC,N0,43,calibration,0.2,0.1722421646939399,0.20099829344035586,0.0
TCGA-HNSC,N0,43,calibration,0.25,0.09830463419828886,0.14773151300304627,0.0
TCGA-HNSC,N0,43,calibration,0.3,0.018396972330296857,0.08685519250326379,0.0
TCGA-HNSC,N0,43,calibration,0.35,0.018732316522115267,0.016613284234284154,0.0
TCGA-HNSC,N0,43,calibration,0.4,-0.02450166658526283,-0.06533560874619226,0.0
TCGA-HNSC,N0,43,calibration,0.45,-0.0038992766148153585,-0.16218430045039145,0.0
TCGA-HNSC,N0,43,calibration,0.5,-0.05528331444794891,-0.27840273049543063,0.0
TCGA-HNSC,N0,71,oof,0.05,0.30176547763850775,0.30172064552875455,0.0
TCGA-HNSC,N0,71,oof,0.1,0.2634198996752138,0.2629273480581298,0.0
TCGA-HNSC,N0,71,oof,0.15,0.2223114931454848,0.21957013323801977,0.0
TCGA-HNSC,N0,71,oof,0.2,0.1673474116062582,0.170793266565396,0.0
TCGA-HNSC,N0,71,oof,0.25,0.09975046475182389,0.11551281766975574,0.0
TCGA-HNSC,N0,71,oof,0.3,0.04256222276613511,0.052335161789023976,0.0
TCGA-HNSC,N0,71,oof,0.35,0.0006799849053331086,-0.02056213345797414,0.0
TCGA-HNSC,N0,71,oof,0.4,-0.03136025232199338,-0.10560897791280538,0.0
TCGA-HNSC,N0,71,oof,0.45,-0.04756057298320497,-0.20611888499578757,0.0
TCGA-HNSC,N0,71,oof,0.5,-0.04661666151271684,-0.3267307734953664,0.0
TCGA-HNSC,N0,71,calibration,0.05,0.32544923297747463,0.3271564576339839,0.0
TCGA-HNSC,N0,71,calibration,0.1,0.2861721198943523,0.2897762608358719,0.0
TCGA-HNSC,N0,71,calibration,0.15,0.2422741699779215,0.24799839382621727,0.0
TCGA-HNSC,N0,71,calibration,0.2,0.19235778570727524,0.20099829344035586,0.0
TCGA-HNSC,N0,71,calibration,0.25,0.10344570633191852,0.14773151300304627,0.0
TCGA-HNSC,N0,71,calibration,0.3,0.09868231176651854,0.08685519250326379,0.0
TCGA-HNSC,N0,71,calibration,0.35,0.019497037273902174,0.016613284234284154,0.0
TCGA-HNSC,N0,71,calibration,0.4,-0.014514627201743041,-0.06533560874619226,0.0
TCGA-HNSC,N0,71,calibration,0.45,0.013477141978519819,-0.16218430045039145,0.0
TCGA-HNSC,N0,71,calibration,0.5,-0.022237187756418628,-0.27840273049543063,0.0
TCGA-HNSC,N0,101,oof,0.05,0.30176547763850775,0.30172064552875455,0.0
TCGA-HNSC,N0,101,oof,0.1,0.2615797930071288,0.2629273480581298,0.0
TCGA-HNSC,N0,101,oof,0.15,0.20837348769286124,0.21957013323801977,0.0
TCGA-HNSC,N0,101,oof,0.2,0.1479335680926446,0.170793266565396,0.0
TCGA-HNSC,N0,101,oof,0.25,0.11574168708216614,0.11551281766975574,0.0
TCGA-HNSC,N0,101,oof,0.3,0.04473396798545079,0.052335161789023976,0.0
TCGA-HNSC,N0,101,oof,0.35,0.03328376181599901,-0.02056213345797414,0.0
TCGA-HNSC,N0,101,oof,0.4,0.01877803994110208,-0.10560897791280538,0.0
TCGA-HNSC,N0,101,oof,0.45,0.014475657886112922,-0.20611888499578757,0.0
TCGA-HNSC,N0,101,oof,0.5,0.0021002643301441942,-0.3267307734953664,0.0
TCGA-HNSC,N0,101,calibration,0.05,0.32544923297747463,0.3271564576339839,0.0
TCGA-HNSC,N0,101,calibration,0.1,0.2861721198943523,0.2897762608358719,0.0
TCGA-HNSC,N0,101,calibration,0.15,0.20914678241405849,0.24799839382621727,0.0
TCGA-HNSC,N0,101,calibration,0.2,0.1377552595483413,0.20099829344035586,0.0
TCGA-HNSC,N0,101,calibration,0.25,0.08340637518148758,0.14773151300304627,0.0
TCGA-HNSC,N0,101,calibration,0.3,0.051915379867844336,0.08685519250326379,0.0
TCGA-HNSC,N0,101,calibration,0.35,0.03276717891791009,0.016613284234284154,0.0
TCGA-HNSC,N0,101,calibration,0.4,0.06369191325126547,-0.06533560874619226,0.0
TCGA-HNSC,N0,101,calibration,0.45,-0.008296647052770119,-0.16218430045039145,0.0
TCGA-HNSC,N0,101,calibration,0.5,-0.019305875561795,-0.27840273049543063,0.0
