candidate,family,gamma,seed,outer_fold,ipcw_brier_raw,ipcw_brier_candidate,delta_ipcw_brier,citl_raw,citl_candidate,abs_citl_error_deterioration,calibration_slope_raw,calibration_slope_candidate,abs_slope_error_deterioration,n_evaluable,events_evaluable,beta_effective_min
identity,identity,0.0,17,0,0.1367038757967255,0.1367038757967255,0.0,0.15681818185064597,0.15681818184869756,-1.948413652641534e-12,1.1786832967737033,1.178683296773703,-2.220446049250313e-16,96,18,1.0
global_intercept_shrinkage_g0.10,global_intercept_shrinkage,0.1,17,0,0.1367038757967255,0.1367179822850077,1.4106488282206175e-05,0.15681818185064597,0.15874988767587841,0.0019317058252324437,1.1786832967737033,1.1787070051307103,2.3708357006935188e-05,96,18,1.0
global_intercept_shrinkage_g0.25,global_intercept_shrinkage,0.25,17,0,0.1367038757967255,0.13673934270436983,3.546690764433258e-05,0.15681818185064597,0.16164744641769174,0.004829264567045771,1.1786832967737033,1.1787428214490911,5.9524675387834236e-05,96,18,1.0
global_intercept_shrinkage_g0.50,global_intercept_shrinkage,0.5,17,0,0.1367038757967255,0.13677547505350746,7.159925678196233e-05,0.15681818185064597,0.16647671099049083,0.009658529139844857,1.1786832967737033,1.1787995459218188,0.00011624914811547704,96,18,1.0
global_intercept_shrinkage_g0.75,global_intercept_shrinkage,0.75,17,0,0.1367038757967255,0.13681226627192167,0.00010839047519617395,0.15681818185064597,0.17130597557030416,0.014487793719658193,1.1786832967737033,1.1788449733354491,0.00016167656174581602,96,18,1.0
global_intercept_shrinkage_g1.00,global_intercept_shrinkage,1.0,17,0,0.1367038757967255,0.13684970981568967,0.00014583401896417492,0.15681818185064597,0.17613524015354973,0.019317058302903756,1.1786832967737033,1.1788683066017145,0.00018500982801117338,96,18,1.0
global_slope_shrinkage_g0.10,global_slope_shrinkage,0.1,17,0,0.1367038757967255,0.13671559887601728,1.172307929178662e-05,0.15681818185064597,0.1582245008656412,0.0014063190149952165,1.1786832967737033,1.177676868181483,-0.001006428592220221,96,18,1.0008703075259997
global_slope_shrinkage_g0.25,global_slope_shrinkage,0.25,17,0,0.1367038757967255,0.13673328783785493,2.9412041129439626e-05,0.15681818185064597,0.16033372120801687,0.003515539357370895,1.1786832967737033,1.17617044649222,-0.002512850281483292,96,18,1.002175768814999
global_slope_shrinkage_g0.50,global_slope_shrinkage,0.5,17,0,0.1367038757967255,0.1367630459005178,5.917010379230536e-05,0.15681818185064597,0.1638484004570702,0.007030218606424221,1.1786832967737033,1.1736664875209428,-0.00501680925276049,96,18,1.004351537629998
global_slope_shrinkage_g0.75,global_slope_shrinkage,0.75,17,0,0.1367038757967255,0.13679314664543873,8.927084871324098e-05,0.15681818185064597,0.16736222053007782,0.01054403867943185,1.1786832967737033,1.171167449264533,-0.007515847509170337,96,18,1.0065273064449969
global_slope_shrinkage_g1.00,global_slope_shrinkage,1.0,17,0,0.1367038757967255,0.1368235867540136,0.00011971095728810499,0.15681818185064597,0.1708751823637054,0.014057000513059442,1.1786832967737033,1.16866866399642,-0.010014632777283206,96,18,1.008703075259996
global_full_shrinkage_g0.10,global_full_shrinkage,0.1,17,0,0.1367038757967255,0.1367143197707666,1.0443974041096649e-05,0.15681818185064597,0.1587292959988477,0.0019111141482017202,1.1786832967737033,1.1812088152185058,0.0025255184448025325,96,18,0.9978791469785252
global_full_shrinkage_g0.25,global_full_shrinkage,0.25,17,0,0.1367038757967255,0.13673038046283406,2.650466610856772e-05,0.15681818185064597,0.16159443133703744,0.004776249486391465,1.1786832967737033,1.1850184893558484,0.006335192582145099,96,18,0.994697867446313
global_full_shrinkage_g0.50,global_full_shrinkage,0.5,17,0,0.1367038757967255,0.13675819565230773,5.431985558224106e-05,0.15681818185064597,0.16636555398385539,0.009547372133209414,1.1786832967737033,1.191423941249674,0.012740644475970786,96,18,0.9893957348926261
global_full_shrinkage_g0.75,global_full_shrinkage,0.75,17,0,0.1367038757967255,0.136787311464456,8.34356677305026e-05,0.15681818185064597,0.1711315362548129,0.014313354404166923,1.1786832967737033,1.197896425929379,0.019213129155675635,96,18,0.984093602338939
global_full_shrinkage_g1.00,global_full_shrinkage,1.0,17,0,0.1367038757967255,0.1368177179023665,0.00011384210564099884,0.15681818185064597,0.17589236461729868,0.01907418276665271,1.1786832967737033,1.2044303454970458,0.025747048723342436,96,18,0.9787914697852521
bounded_global_full_g0.25,bounded_global_full,0.25,17,0,0.1367038757967255,0.13673029553193103,2.641973520553509e-05,0.15681818185064597,0.1615830126475687,0.00476483079692272,1.1786832967737033,1.1850183432159145,0.006335046442211167,96,18,0.994697867446313
bounded_global_full_g0.50,bounded_global_full,0.5,17,0,0.1367038757967255,0.13675802210290122,5.4146306175728576e-05,0.15681818185064597,0.16634271660631403,0.009524534755668057,1.1786832967737033,1.191423654916625,0.012740358142921737,96,18,0.9893957348926261
bounded_global_full_g0.75,bounded_global_full,0.75,17,0,0.1367038757967255,0.13678704566401947,8.316986729398068e-05,0.15681818185064597,0.1710972801884403,0.014279098337794338,1.1786832967737033,1.1978960521135296,0.01921275533982625,96,18,0.984093602338939
bounded_global_full_g1.00,bounded_global_full,1.0,17,0,0.1367038757967255,0.1368173562736878,0.00011348047696230212,0.15681818185064597,0.1758466898612503,0.019028508010604323,1.1786832967737033,1.2044300102049605,0.02574671343125723,96,18,0.9787914697852521
identity,identity,0.0,17,1,0.11663494349976604,0.11663494349976604,0.0,-0.1841195718701297,-0.1841195718701297,0.0,0.717666554250058,0.717666554250058,0.0,95,14,1.0
global_intercept_shrinkage_g0.10,global_intercept_shrinkage,0.1,17,1,0.11663494349976604,0.11668165076879344,4.670726902740452e-05,-0.1841195718701297,-0.18994821652919844,0.005828644659068738,0.717666554250058,0.7177915876920649,-0.00012503344200687216,95,14,1.0
global_intercept_shrinkage_g0.25,global_intercept_shrinkage,0.25,17,1,0.11663494349976604,0.11675436401678445,0.00011942051701840928,-0.1841195718701297,-0.1986911837538821,0.014571611883752389,0.717666554250058,0.7178446739918835,-0.00017811974182546653,95,14,1.0
global_intercept_shrinkage_g0.50,global_intercept_shrinkage,0.5,17,1,0.11663494349976604,0.11688273277974068,0.00024778927997463895,-0.1841195718701297,-0.21326279643216378,0.02914322456203408,0.717666554250058,0.7179791949560086,-0.00031264070595060645,95,14,1.0
global_intercept_shrinkage_g0.75,global_intercept_shrinkage,0.75,17,1,0.11663494349976604,0.11702025185266952,0.0003853083529034851,-0.1841195718701297,-0.22783440991970752,0.04371483804957782,0.717666554250058,0.7180966450999017,-0.0004300908498436895,95,14,1.0
global_intercept_shrinkage_g1.00,global_intercept_shrinkage,1.0,17,1,0.11663494349976604,0.11716712520143467,0.0005321817016686325,-0.1841195718701297,-0.2424060242271815,0.05828645235705179,0.717666554250058,0.7176745223302478,-7.968080189768578e-06,95,14,1.0
global_slope_shrinkage_g0.10,global_slope_shrinkage,0.1,17,1,0.11663494349976604,0.11665690749909419,2.1963999328147854e-05,-0.1841195718701297,-0.1876612461623349,0.003541674292205199,0.717666554250058,0.7193502903488979,-0.001683736098839872,95,14,0.9977307846337368
global_slope_shrinkage_g0.25,global_slope_shrinkage,0.25,17,1,0.11663494349976604,0.11669073092927706,5.5787429511025555e-05,-0.1841195718701297,-0.19297549068637512,0.008855918816245423,0.717666554250058,0.7219102803577477,-0.004243726107689749,95,14,0.994326961584342
global_slope_shrinkage_g0.50,global_slope_shrinkage,0.5,17,1,0.11663494349976604,0.11674947349570534,0.00011452999593930535,-0.1841195718701297,-0.2018371921582329,0.017717620288103197,0.717666554250058,0.7260455913663251,-0.008379037116267085,95,14,0.988653923168684
global_slope_shrinkage_g0.75,global_slope_shrinkage,0.75,17,1,0.11663494349976604,0.11681122867729134,0.00017628517752529826,-0.1841195718701297,-0.21070468692443808,0.026585115054308384,0.717666554250058,0.7302939627521247,-0.012627408502066673,95,14,0.9829808847530259
global_slope_shrinkage_g1.00,global_slope_shrinkage,1.0,17,1,0.11663494349976604,0.11687605479031003,0.00024111129054399383,-0.1841195718701297,-0.21957798559277725,0.03545841372264755,0.717666554250058,0.7346291633747097,-0.01696260912465175,95,14,0.9773078463373679
global_full_shrinkage_g0.10,global_full_shrinkage,0.1,17,1,0.11663494349976604,0.11671237915540982,7.743565564377608e-05,-0.1841195718701297,-0.1904210646145916,0.006301492744461901,0.717666554250058,0.7108428040312819,0.006823750218776126,95,14,1.0095091605385413
global_full_shrinkage_g0.25,global_full_shrinkage,0.25,17,1,0.11663494349976604,0.11683497033806915,0.0002000268383031134,-0.1841195718701297,-0.19990359784261183,0.01578402597248213,0.717666554250058,0.7012306495256967,0.016435904724361294,95,14,1.0237729013463532
global_full_shrinkage_g0.50,global_full_shrinkage,0.5,17,1,0.11663494349976604,0.11705677129701558,0.0004218277972495438,-0.1841195718701297,-0.2157881785136898,0.03166860664356011,0.717666554250058,0.6856029395235428,0.0320636147265152,95,14,1.0475458026927065
global_full_shrinkage_g0.75,global_full_shrinkage,0.75,17,1,0.11663494349976604,0.11730092416480555,0.0006659806650395061,-0.1841195718701297,-0.23177250799881297,0.047652936128683265,0.717666554250058,0.6698215199515678,0.047845034298490186,95,14,1.0713187040390595
global_full_shrinkage_g1.00,global_full_shrinkage,1.0,17,1,0.11663494349976604,0.11756798527165056,0.0009330417718845241,-0.1841195718701297,-0.24785576908094498,0.06373619721081528,0.717666554250058,0.6549673211521454,0.06269923309791259,95,14,1.0950916053854127
bounded_global_full_g0.25,bounded_global_full,0.25,17,1,0.11663494349976604,0.11683480572992896,0.00019986223016292548,-0.1841195718701297,-0.19988470218311663,0.01576513031298693,0.717666554250058,0.7012300761723738,0.016436478077684225,95,14,1.0237729013463532
bounded_global_full_g0.50,bounded_global_full,0.5,17,1,0.11663494349976604,0.11705641027041462,0.00042146677064858196,-0.1841195718701297,-0.21575038719112805,0.031630815320998346,0.717666554250058,0.6856012627486276,0.03206529150143034,95,14,1.0475458026927065
bounded_global_full_g0.75,bounded_global_full,0.75,17,1,0.11663494349976604,0.11730033361581524,0.0006653901160491998,-0.1841195718701297,-0.23171582101543003,0.047596249145300334,0.717666554250058,0.6698248365093855,0.047841717740672474,95,14,1.0713187040390595
bounded_global_full_g1.00,bounded_global_full,1.0,17,1,0.11663494349976604,0.11756713084169654,0.0009321873419304988,-0.1841195718701297,-0.24778018643765307,0.06366061456752337,0.717666554250058,0.6549698241726889,0.06269673007736909,95,14,1.0950916053854127
identity,identity,0.0,17,2,0.11454584388648568,0.11454584388648567,-1.3877787807814457e-17,-0.1443776966255575,-0.14437769662683725,1.279754080485418e-12,1.5505068334020167,1.550506833402017,2.220446049250313e-16,105,16,1.0
global_intercept_shrinkage_g0.10,global_intercept_shrinkage,0.1,17,2,0.11454584388648568,0.11456279552881608,1.6951642330398364e-05,-0.1443776966255575,-0.15008861041699686,0.00571091379143937,1.5505068334020167,1.5504590362120563,-4.7797189960396835e-05,105,16,1.0
global_intercept_shrinkage_g0.25,global_intercept_shrinkage,0.25,17,2,0.11454584388648568,0.11459069105411944,4.4847167633754736e-05,-0.1443776966255575,-0.1586549813207679,0.014277284695210418,1.5505068334020167,1.5510405426259464,0.0005337092239297014,105,16,1.0
global_intercept_shrinkage_g0.50,global_intercept_shrinkage,0.5,17,2,0.11454584388648568,0.11464387352221816,9.802963573248002e-05,-0.1443776966255575,-0.17293226675408183,0.02855457012852433,1.5505068334020167,1.5503073946087969,-0.0001994387932198194,105,16,1.0
global_intercept_shrinkage_g0.75,global_intercept_shrinkage,0.75,17,2,0.11454584388648568,0.11470559603694502,0.00015975215045933855,-0.1443776966255575,-0.18720955293691946,0.042831856311361965,1.5505068334020167,1.5507420655621846,0.0002352321601679641,105,16,1.0
global_intercept_shrinkage_g1.00,global_intercept_shrinkage,1.0,17,2,0.11454584388648568,0.1147760655406613,0.00023022165417561913,-0.1443776966255575,-0.20148683988240815,0.05710914325685065,1.5505068334020167,1.5506019099459099,9.507654389317999e-05,105,16,1.0
global_slope_shrinkage_g0.10,global_slope_shrinkage,0.1,17,2,0.11454584388648568,0.11457760849104501,3.176460455932284e-05,-0.1443776966255575,-0.15037709757985382,0.0059994009542963245,1.5505068334020167,1.5563395206802066,0.005832687278189974,105,16,0.9962276725297112
global_slope_shrinkage_g0.25,global_slope_shrinkage,0.25,17,2,0.11454584388648568,0.1146279738493397,8.212996285401897e-05,-0.1443776966255575,-0.15937965975137117,0.015001963125813672,1.5505068334020167,1.5658920754250467,0.015385242023030044,105,16,0.990569181324278
global_slope_shrinkage_g0.50,global_slope_shrinkage,0.5,17,2,0.11454584388648568,0.11471931780581585,0.00017347391933016099,-0.1443776966255575,-0.17439317153396675,0.03001547490840925,1.5505068334020167,1.580122374082292,0.029615540680275387,105,16,0.9811383626485559
global_slope_shrinkage_g0.75,global_slope_shrinkage,0.75,17,2,0.11454584388648568,0.11482016565516537,0.0002743217686796834,-0.1443776966255575,-0.18941825593032804,0.04504055930477055,1.5505068334020167,1.5959965708926218,0.04548973749060514,105,16,0.9717075439728339
global_slope_shrinkage_g1.00,global_slope_shrinkage,1.0,17,2,0.11454584388648568,0.11493081345521577,0.0003849695687300897,-0.1443776966255575,-0.20445493664976316,0.06007724002420567,1.5505068334020167,1.611195223232565,0.06068838983054836,105,16,0.9622767252971118
global_full_shrinkage_g0.10,global_full_shrinkage,0.1,17,2,0.11454584388648568,0.11458306840993139,3.7224523445705815e-05,-0.1443776966255575,-0.1499519112520848,0.005574214626527296,1.5505068334020167,1.5592005144180014,0.008693681015984778,105,16,0.9944061116612848
global_full_shrinkage_g0.25,global_full_shrinkage,0.25,17,2,0.11454584388648568,0.1146414414201728,9.559753368711121e-05,-0.1443776966255575,-0.1583208462486614,0.013943149623103918,1.5505068334020167,1.5732631727702748,0.02275633936825816,105,16,0.986015279153212
global_full_shrinkage_g0.50,global_full_shrinkage,0.5,17,2,0.11454584388648568,0.1147456489334932,0.00019980504700752022,-0.1443776966255575,-0.17228941445320636,0.02791171782764887,1.5505068334020167,1.5950656735862216,0.04455884018420497,105,16,0.9720305583064239
global_full_shrinkage_g0.75,global_full_shrinkage,0.75,17,2,0.11454584388648568,0.11485876347656529,0.000312919590079605,-0.1443776966255575,-0.1862834786982102,0.04190578207265269,1.5505068334020167,1.6183483421020777,0.067841508700061,105,16,0.958045837459636
global_full_shrinkage_g1.00,global_full_shrinkage,1.0,17,2,0.11454584388648568,0.11498108946185216,0.00043524557536647746,-0.1443776966255575,-0.20030311524784,0.05592541862228251,1.5505068334020167,1.6426863754901215,0.09217954208810486,105,16,0.944061116612848
bounded_global_full_g0.25,bounded_global_full,0.25,17,2,0.11454584388648568,0.11464143500785554,9.55911213698507e-05,-0.1443776966255575,-0.15831894759904303,0.01394125097348553,1.5505068334020167,1.57326330028777,0.02275646688575339,105,16,0.986015279153212
bounded_global_full_g0.50,bounded_global_full,0.5,17,2,0.11454584388648568,0.11474563406038865,0.00019979017390296672,-0.1443776966255575,-0.1722856171537413,0.027907920528183805,1.5505068334020167,1.5950658910329767,0.04455905763096002,105,16,0.9720305583064239
bounded_global_full_g0.75,bounded_global_full,0.75,17,2,0.11454584388648568,0.11485873800020846,0.0003128941137227753,-0.1443776966255575,-0.18627778274889764,0.04190008612334015,1.5505068334020167,1.6183477890342677,0.06784095563225101,105,16,0.958045837459636
bounded_global_full_g1.00,bounded_global_full,1.0,17,2,0.11454584388648568,0.1149810511430009,0.00043520725651521874,-0.1443776966255575,-0.20029552064776834,0.05591782402221085,1.5505068334020167,1.6426870369684,0.09218020356638323,105,16,0.944061116612848
identity,identity,0.0,17,3,0.11736647687204238,0.1173664768720424,1.3877787807814457e-17,-0.08634133955648575,-0.08634133955648135,-4.399258735077183e-15,2.36224069563968,2.3622406956396804,4.440892098500626e-16,99,16,1.0
global_intercept_shrinkage_g0.10,global_intercept_shrinkage,0.1,17,3,0.11736647687204238,0.1173583420880634,-8.134783978985816e-06,-0.08634133955648575,-0.0908624965711507,0.004521157014664948,2.36224069563968,2.360638250266535,-0.0016024453731451338,99,16,1.0
global_intercept_shrinkage_g0.25,global_intercept_shrinkage,0.25,17,3,0.11736647687204238,0.11734767407623133,-1.8802795811054263e-05,-0.08634133955648575,-0.09764423219272901,0.011302892636243261,2.36224069563968,2.362217810201723,-2.288543795714304e-05,99,16,1.0
global_intercept_shrinkage_g0.50,global_intercept_shrinkage,0.5,17,3,0.11736647687204238,0.11733404260452757,-3.243426751481371e-05,-0.08634133955648575,-0.10894712514835106,0.02260578559186531,2.36224069563968,2.3623768370593963,0.00013614141971629579,99,16,1.0
global_intercept_shrinkage_g0.75,global_intercept_shrinkage,0.75,17,3,0.11736647687204238,0.11732569079325493,-4.0786078787449775e-05,-0.08634133955648575,-0.12025001842924304,0.033908678872757295,2.36224069563968,2.362503892717495,0.00026319707781485846,99,16,1.0
global_intercept_shrinkage_g1.00,global_intercept_shrinkage,1.0,17,3,0.11736647687204238,0.11732272793823167,-4.374893381070555e-05,-0.08634133955648575,-0.13155291203754949,0.045211572481063736,2.36224069563968,2.3622541583284486,1.3462688768672848e-05,99,16,1.0
global_slope_shrinkage_g0.10,global_slope_shrinkage,0.1,17,3,0.11736647687204238,0.11738998807136644,2.3511199324061094e-05,-0.08634133955648575,-0.09265119577824314,0.006309856221757393,2.36224069563968,2.370136100676686,0.007895405037006142,99,16,0.9959818859109322
global_slope_shrinkage_g0.25,global_slope_shrinkage,0.25,17,3,0.11736647687204238,0.11742850714046674,6.203026842435677e-05,-0.08634133955648575,-0.10211951964840923,0.015778180091923485,2.36224069563968,2.3861957512691947,0.02395505562951472,99,16,0.9899547147773303
global_slope_shrinkage_g0.50,global_slope_shrinkage,0.5,17,3,0.11736647687204238,0.11750156176309949,0.00013508489105711063,-0.08634133955648575,-0.11790951472583261,0.03156817516934686,2.36224069563968,2.4108560228514446,0.04861532721176465,99,16,0.9799094295546606
global_slope_shrinkage_g0.75,global_slope_shrinkage,0.75,17,3,0.11736647687204238,0.11758598940630828,0.00021951253426590045,-0.08634133955648575,-0.1337113556408719,0.04737001608438614,2.36224069563968,2.4356726781270996,0.07343198248741967,99,16,0.969864144331991
global_slope_shrinkage_g1.00,global_slope_shrinkage,1.0,17,3,0.11736647687204238,0.11768214598295906,0.00031566911091668315,-0.08634133955648575,-0.14952506500736823,0.06318372545088248,2.36224069563968,2.4612393322091672,0.09899863656948726,99,16,0.9598188591093213
global_full_shrinkage_g0.10,global_full_shrinkage,0.1,17,3,0.11736647687204238,0.11747893512717085,0.00011245825512846974,-0.08634133955648575,-0.09007658224242555,0.0037352426859398047,2.36224069563968,2.395246426324207,0.033005730684526835,99,16,0.9862192169761465
global_full_shrinkage_g0.25,global_full_shrinkage,0.25,17,3,0.11736647687204238,0.11765113702847481,0.0002846601564324286,-0.08634133955648575,-0.09572120104571226,0.00937986148922651,2.36224069563968,2.446521548717564,0.08428085307788402,99,16,0.965548042440366
global_full_shrinkage_g0.50,global_full_shrinkage,0.5,17,3,0.11736647687204238,0.11794775107174846,0.0005812741997060777,-0.08634133955648575,-0.10524090129518282,0.01889956173869707,2.36224069563968,2.537039122062293,0.17479842642261323,99,16,0.931096084880732
global_full_shrinkage_g0.75,global_full_shrinkage,0.75,17,3,0.11736647687204238,0.11825678081361024,0.0008903039415678604,-0.08634133955648575,-0.11490164931283164,0.028560309756345895,2.36224069563968,2.634507199768075,0.27226650412839515,99,16,0.8966441273210981
global_full_shrinkage_g1.00,global_full_shrinkage,1.0,17,3,0.11736647687204238,0.11857871016433016,0.0012122332922877843,-0.08634133955648575,-0.1247046202503133,0.03836328069382755,2.36224069563968,2.739741232023293,0.37750053638361303,99,16,0.8621921697614641
bounded_global_full_g0.25,bounded_global_full,0.25,17,3,0.11736647687204238,0.11765111845837141,0.00028464158632902914,-0.08634133955648575,-0.09573364904610858,0.00939230948962283,2.36224069563968,2.446521556775548,0.08428086113586808,99,16,0.965548042440366
bounded_global_full_g0.50,bounded_global_full,0.5,17,3,0.11736647687204238,0.11794772434494184,0.0005812474728994627,-0.08634133955648575,-0.10526579729902089,0.018924457742535136,2.36224069563968,2.5370391107404666,0.17479841510078664,99,16,0.931096084880732
bounded_global_full_g0.75,bounded_global_full,0.75,17,3,0.11736647687204238,0.1182567571526258,0.0008902802805834248,-0.08634133955648575,-0.11493899331778955,0.0285976537613038,2.36224069563968,2.6345069774825896,0.2722662818429096,99,16,0.8966441273210981
bounded_global_full_g1.00,bounded_global_full,1.0,17,3,0.11736647687204238,0.1185787016365392,0.0012122247644968248,-0.08634133955648575,-0.12475441226167899,0.038413072705193244,2.36224069563968,2.739740425119091,0.3774997294794109,99,16,0.8621921697614641
identity,identity,0.0,17,4,0.14606029689061706,0.14606029689061706,0.0,0.34210755585406155,0.34210755585406155,0.0,0.5379175787344588,0.5379175787344587,1.1102230246251565e-16,97,19,1.0
global_intercept_shrinkage_g0.10,global_intercept_shrinkage,0.1,17,4,0.14606029689061706,0.14610328114984905,4.2984259231992894e-05,0.34210755585406155,0.3481388279880331,0.0060312721339715325,0.5379175787344588,0.5378450315118949,7.254722256389012e-05,97,19,1.0
global_intercept_shrinkage_g0.25,global_intercept_shrinkage,0.25,17,4,0.14606029689061706,0.1461694191074267,0.00010912221680964285,0.34210755585406155,0.357185736200848,0.01507818034678643,0.5379175787344588,0.5377331471386968,0.0001844315957619802,97,19,1.0
global_intercept_shrinkage_g0.50,global_intercept_shrinkage,0.5,17,4,0.14606029689061706,0.14628399349979096,0.00022369660917390122,0.34210755585406155,0.3722639165701037,0.030156360716042163,0.5379175787344588,0.5375716661910764,0.0003459125433823429,97,19,1.0
global_intercept_shrinkage_g0.75,global_intercept_shrinkage,0.75,17,4,0.14606029689061706,0.14640385955171786,0.0003435626611008047,0.34210755585406155,0.38734214503070064,0.045234589176639084,0.5379175787344588,0.5374613574100099,0.0004562213244488911,97,19,1.0
global_intercept_shrinkage_g1.00,global_intercept_shrinkage,1.0,17,4,0.14606029689061706,0.14652885899629792,0.00046856210568085865,0.34210755585406155,0.4024203243735645,0.06031276851950296,0.5379175787344588,0.5374013018696775,0.0005162768647812843,97,19,1.0
global_slope_shrinkage_g0.10,global_slope_shrinkage,0.1,17,4,0.14606029689061706,0.14615583895095208,9.554206033501877e-05,0.34210755585406155,0.3534070131537976,0.011299457299736027,0.5379175787344588,0.5343533596279566,0.0035642191065021755,97,19,1.0065189667492223
global_slope_shrinkage_g0.25,global_slope_shrinkage,0.25,17,4,0.14606029689061706,0.14630282711816278,0.00024253022754572306,0.34210755585406155,0.3703433060437373,0.028235750189675723,0.5379175787344588,0.5290830601424595,0.00883451859199924,97,19,1.0162974168730559
global_slope_shrinkage_g0.50,global_slope_shrinkage,0.5,17,4,0.14606029689061706,0.14655699788834575,0.000496700997728694,0.34210755585406155,0.3985365273977126,0.05642897154365106,0.5379175787344588,0.5205317062983796,0.01738587243607914,97,19,1.0325948337461117
global_slope_shrinkage_g0.75,global_slope_shrinkage,0.75,17,4,0.14606029689061706,0.14682170866667532,0.0007614117760582628,0.34210755585406155,0.42668787405110603,0.08458031819704448,0.5379175787344588,0.5122834777676465,0.02563410096681229,97,19,1.0488922506191678
global_slope_shrinkage_g1.00,global_slope_shrinkage,1.0,17,4,0.14606029689061706,0.1470959225312256,0.0010356256406085507,0.34210755585406155,0.45479813119180956,0.11269057533774801,0.5379175787344588,0.5050696699745975,0.03284790875986132,97,19,1.0651896674922237
global_full_shrinkage_g0.10,global_full_shrinkage,0.1,17,4,0.14606029689061706,0.1462257613932107,0.00016546450259363743,0.34210755585406155,0.35386120717747166,0.011753651323410108,0.5379175787344588,0.5204352449985225,0.01748233373593633,97,19,1.0334291102634094
global_full_shrinkage_g0.25,global_full_shrinkage,0.25,17,4,0.14606029689061706,0.14649572563760543,0.0004354287469883755,0.34210755585406155,0.3711640192043309,0.029056463350269346,0.5379175787344588,0.49717457228218714,0.04074300645227158,97,19,1.0835727756585234
global_full_shrinkage_g0.50,global_full_shrinkage,0.5,17,4,0.14606029689061706,0.14700040818838675,0.0009401112977696913,0.34210755585406155,0.3991796759342926,0.05707212008023105,0.5379175787344588,0.460759064398702,0.07715851433575671,97,19,1.1671455513170468
global_full_shrinkage_g0.75,global_full_shrinkage,0.75,17,4,0.14606029689061706,0.14756793943874458,0.001507642548127519,0.34210755585406155,0.4262456557193032,0.08413809986524162,0.5379175787344588,0.429862165588624,0.10805541314583478,97,19,1.2507183269755704
global_full_shrinkage_g1.00,global_full_shrinkage,1.0,17,4,0.14606029689061706,0.14819160515457042,0.0021313082639533576,0.34210755585406155,0.4524433796683329,0.11033582381427137,0.5379175787344588,0.4031286086874527,0.13478897004700607,97,19,1.3342911026340938
bounded_global_full_g0.25,bounded_global_full,0.25,17,4,0.14606029689061706,0.14640343938583578,0.00034314249521871787,0.34210755585406155,0.36748304526189834,0.025375489407836793,0.5379175787344588,0.5063771175972172,0.03154046113724163,97,19,1.0625
bounded_global_full_g0.50,bounded_global_full,0.5,17,4,0.14606029689061706,0.1467844387883551,0.0007241418977380343,0.34210755585406155,0.39226299639042106,0.05015544053635951,0.5379175787344588,0.47903258032541657,0.058884998409042266,97,19,1.125
bounded_global_full_g0.75,bounded_global_full,0.75,17,4,0.14606029689061706,0.14720027771708963,0.0011399808264725697,0.34210755585406155,0.4164870397684204,0.07437948391435883,0.5379175787344588,0.45391572047238493,0.08400185826207385,97,19,1.1875
bounded_global_full_g1.00,bounded_global_full,1.0,17,4,0.14606029689061706,0.14764796821943255,0.0015876713288154876,0.34210755585406155,0.44019163103305387,0.09808407517899231,0.5379175787344588,0.43160838454150796,0.10630919419295082,97,19,1.25
identity,identity,0.0,29,0,0.1328543229943847,0.13285432299438468,-2.7755575615628914e-17,0.11962010936255957,0.11962010936426962,1.710048769254513e-12,0.8924871226216082,0.8924871226216082,0.0,99,18,1.0
global_intercept_shrinkage_g0.10,global_intercept_shrinkage,0.1,29,0,0.1328543229943847,0.13286059288178864,6.269887403931307e-06,0.11962010936255957,0.12142701026538395,0.0018069009028243849,0.8924871226216082,0.8924996999846047,-1.2577362996424313e-05,99,18,1.0
global_intercept_shrinkage_g0.25,global_intercept_shrinkage,0.25,29,0,0.1328543229943847,0.13287019963641417,1.587664202945538e-05,0.11962010936255957,0.1241373616201038,0.004517252257544235,0.8924871226216082,0.8925231934460202,-3.607082441192677e-05,99,18,1.0
global_intercept_shrinkage_g0.50,global_intercept_shrinkage,0.5,29,0,0.1328543229943847,0.13288674652724197,3.242353285726196e-05,0.11962010936255957,0.12865461388129176,0.009034504518732195,0.8924871226216082,0.8925761748878821,-8.90522662738702e-05,99,18,1.0
global_intercept_shrinkage_g0.75,global_intercept_shrinkage,0.75,29,0,0.1328543229943847,0.13290395837301344,4.96353786287318e-05,0.11962010936255957,0.1331718661485812,0.013551756786021635,0.8924871226216082,0.8926483266828282,-0.00016120406121999942,99,18,1.0
global_intercept_shrinkage_g1.00,global_intercept_shrinkage,1.0,29,0,0.1328543229943847,0.1329218298978379,6.75069034531961e-05,0.11962010936255957,0.13768911842385195,0.018069009061292385,0.8924871226216082,0.8927406290223397,-0.000253506400731518,99,18,1.0
global_slope_shrinkage_g0.10,global_slope_shrinkage,0.1,29,0,0.1328543229943847,0.1328161116565925,-3.821133779222108e-05,0.11962010936255957,0.10533104137169101,-0.014289067990868556,0.8924871226216082,0.9005488687778906,-0.008061746156282412,99,18,0.9910964549024109
global_slope_shrinkage_g0.25,global_slope_shrinkage,0.25,29,0,0.1328543229943847,0.13276970984300504,-8.461315137966996e-05,0.11962010936255957,0.08387103822433703,-0.03574907113822254,0.8924871226216082,0.9130579108593311,-0.020570788237722848,99,18,0.9777411372560273
global_slope_shrinkage_g0.50,global_slope_shrinkage,0.5,29,0,0.1328543229943847,0.1327233575805838,-0.00013096541380092086,0.11962010936255957,0.04803314198516175,-0.07158696737739781,0.8924871226216082,0.9341201856658585,-0.041633063044250296,99,18,0.9554822745120546
global_slope_shrinkage_g0.75,global_slope_shrinkage,0.75,29,0,0.1328543229943847,0.1327189375130496,-0.00013538548133509853,0.11962010936255957,0.012104882212616373,-0.10751522714994319,0.8924871226216082,0.9562660191053792,-0.063778896483771,99,18,0.933223411768082
global_slope_shrinkage_g1.00,global_slope_shrinkage,1.0,29,0,0.1328543229943847,0.13276036166011482,-9.396133426989306e-05,0.11962010936255957,-0.02391527584555109,-0.09570483351700848,0.8924871226216082,0.9797649605283126,-0.0872778379067044,99,18,0.9109645490241093
global_full_shrinkage_g0.10,global_full_shrinkage,0.1,29,0,0.1328543229943847,0.13291732977725984,6.300678287513017e-05,0.11962010936255957,0.12091254664158009,0.0012924372790205224,0.8924871226216082,0.9352479844282708,-0.04276086180666261,99,18,0.9542590956698518
global_full_shrinkage_g0.25,global_full_shrinkage,0.25,29,0,0.1328543229943847,0.13307224474419713,0.0002179217498124164,0.11962010936255957,0.1221309032119001,0.0025107938493405257,0.8924871226216082,1.0082788811950183,-0.09923399618337347,99,18,0.8856477391746296
global_full_shrinkage_g0.50,global_full_shrinkage,0.5,29,0,0.1328543229943847,0.13348628667025184,0.0006319636758671254,0.11962010936255957,0.12213085626553434,0.0025107469029747725,0.8924871226216082,1.1578842980690045,0.050371420690612734,99,18,0.7712954783492592
global_full_shrinkage_g0.75,global_full_shrinkage,0.75,29,0,0.1328543229943847,0.13408419556935428,0.001229872574969565,0.11962010936255957,0.11942028038660621,-0.0001998289759533589,0.8924871226216082,1.3591578381503726,0.25164496077198084,99,18,0.6569432175238886
global_full_shrinkage_g1.00,global_full_shrinkage,1.0,29,0,0.1328543229943847,0.1348515563792996,0.0019972333849148927,0.11962010936255957,0.11381538317638007,-0.0058047261861794985,0.8924871226216082,1.6505488847239236,0.5430360073455318,99,18,0.5425909566985182
bounded_global_full_g0.25,bounded_global_full,0.25,29,0,0.1328543229943847,0.13295033050799043,9.600751360572257e-05,0.11962010936255957,0.1217344743132167,0.00211436495065713,0.8924871226216082,0.9521068735169771,-0.05961975089536886,99,18,0.9375
bounded_global_full_g0.50,bounded_global_full,0.5,29,0,0.1328543229943847,0.13310677738876142,0.000252454394376711,0.11962010936255957,0.12312664483746165,0.003506535474902081,0.8924871226216082,1.020640121409741,-0.08687275596865085,99,18,0.875
bounded_global_full_g0.75,bounded_global_full,0.75,29,0,0.1328543229943847,0.13332197571628118,0.0004676527218964721,0.11962010936255957,0.12376293875811724,0.004142829395557671,0.8924871226216082,1.0993591874862267,-0.008153689892165028,99,18,0.8125
bounded_global_full_g1.00,bounded_global_full,1.0,29,0,0.1328543229943847,0.1335938526155206,0.0007395296211358815,0.11962010936255957,0.12361075245664481,0.003990643094085242,0.8924871226216082,1.1908983906123427,0.08338551323395094,99,18,0.75
identity,identity,0.0,29,1,0.15477786124894807,0.15477786124894807,0.0,-0.10152230352259757,-0.10152230352081336,-1.7842116672994734e-12,0.23498066694136316,0.23498066694136305,2.220446049250313e-16,95,16,1.0
global_intercept_shrinkage_g0.10,global_intercept_shrinkage,0.1,29,1,0.15477786124894807,0.15481184950745863,3.3988258510558866e-05,-0.10152230352259757,-0.10478884758731265,0.0032665440647150767,0.23498066694136316,0.2349314946719776,4.9172269385611145e-05,95,16,1.0
global_intercept_shrinkage_g0.25,global_intercept_shrinkage,0.25,29,1,0.15477786124894807,0.15486325212819155,8.539087924347433e-05,-0.10152230352259757,-0.10968866368368238,0.00816636016108481,0.23498066694136316,0.23486508581210658,0.00011558112925658115,95,16,1.0
global_intercept_shrinkage_g0.50,global_intercept_shrinkage,0.5,29,1,0.15477786124894807,0.15495005313517965,0.00017219188623157633,-0.10152230352259757,-0.11785502383270506,0.01633272031010749,0.23498066694136316,0.23478388034926342,0.00019678659209976246,95,16,1.0
global_intercept_shrinkage_g0.75,global_intercept_shrinkage,0.75,29,1,0.15477786124894807,0.15503828189632782,0.00026042064737974435,-0.10152230352259757,-0.1260213839720109,0.024499080449413332,0.23498066694136316,0.23474216187270389,0.00023850506865930043,95,16,1.0
global_intercept_shrinkage_g1.00,global_intercept_shrinkage,1.0,29,1,0.15477786124894807,0.1551279561808729,0.0003500949319248381,-0.10152230352259757,-0.13418774409531756,0.032665440572719986,0.23498066694136316,0.2347311809449606,0.0002494859964026208,95,16,1.0
global_slope_shrinkage_g0.10,global_slope_shrinkage,0.1,29,1,0.15477786124894807,0.15467060809870772,-0.00010725315024034954,-0.10152230352259757,-0.10684050012853422,0.005318196605936645,0.23498066694136316,0.2357917199823012,-0.0008110530409379813,95,16,0.9961050524041909
global_slope_shrinkage_g0.25,global_slope_shrinkage,0.25,29,1,0.15477786124894807,0.15451076569514202,-0.00026709555380605154,-0.10152230352259757,-0.1148241385923105,0.013301835069712928,0.23498066694136316,0.23707133548437692,-0.002090668543013763,95,16,0.9902626310104772
global_slope_shrinkage_g0.50,global_slope_shrinkage,0.5,29,1,0.15477786124894807,0.1542472661522456,-0.0005305950967024742,-0.10152230352259757,-0.12814732013791363,0.026625016615316063,0.23498066694136316,0.23938970783278374,-0.004409040891420579,95,16,0.9805252620209542
global_slope_shrinkage_g0.75,global_slope_shrinkage,0.75,29,1,0.15477786124894807,0.15398762842653066,-0.0007902328224174138,-0.10152230352259757,-0.1414922336341592,0.03996993011156162,0.23498066694136316,0.2418251862088981,-0.006844519267534821,95,16,0.9707878930314313
global_slope_shrinkage_g1.00,global_slope_shrinkage,1.0,29,1,0.15477786124894807,0.15373212860951233,-0.001045732639435748,-0.10152230352259757,-0.15485927710852648,0.05333697358592891,0.23498066694136316,0.24442868526875747,-0.00944801832739428,95,16,0.9610505240419085
global_full_shrinkage_g0.10,global_full_shrinkage,0.1,29,1,0.15477786124894807,0.15415488072268457,-0.0006229805262635002,-0.10152230352259757,-0.10116715338864835,-0.00035515013394922523,0.23498066694136316,0.23839982994533204,-0.003419163003968828,95,16,0.9851895312977581
global_full_shrinkage_g0.25,global_full_shrinkage,0.25,29,1,0.15477786124894807,0.15321891068822346,-0.001558950560724609,-0.10152230352259757,-0.10072832438386961,-0.0007939791387279599,0.23498066694136316,0.24377310006142944,-0.008792433120066168,95,16,0.9629738282443951
global_full_shrinkage_g0.50,global_full_shrinkage,0.5,29,1,0.15477786124894807,0.15165782690715512,-0.003120034341792949,-0.10152230352259757,-0.1002592800983227,-0.0012630234242748672,0.23498066694136316,0.2534755749315848,-0.018494907990221576,95,16,0.9259476564887903
global_full_shrinkage_g0.75,global_full_shrinkage,0.75,29,1,0.15477786124894807,0.15010043302356033,-0.0046774282253877475,-0.10152230352259757,-0.1001393446645893,-0.0013829588580082652,0.23498066694136316,0.2640820410245994,-0.02910137408323621,95,16,0.8889214847331854
global_full_shrinkage_g1.00,global_full_shrinkage,1.0,29,1,0.15477786124894807,0.1485532386032486,-0.006224622645699479,-0.10152230352259757,-0.10039550023854361,-0.0011268032840539566,0.23498066694136316,0.27568381870831843,-0.04070315176695516,95,16,0.8518953129775806
bounded_global_full_g0.25,bounded_global_full,0.25,29,1,0.15477786124894807,0.153219201470728,-0.0015586597782200617,-0.10152230352259757,-0.10075638561495369,-0.0007659179076438816,0.23498066694136316,0.24377291028782377,-0.00879224334646056,95,16,0.9629738282443951
bounded_global_full_g0.50,bounded_global_full,0.5,29,1,0.15477786124894807,0.151658406646761,-0.0031194546021870717,-0.10152230352259757,-0.10031540256712132,-0.0012069009554762505,0.23498066694136316,0.2534757337546246,-0.018495066813261407,95,16,0.9259476564887903
bounded_global_full_g0.75,bounded_global_full,0.75,29,1,0.15477786124894807,0.15010129761247054,-0.004676563636477532,-0.10152230352259757,-0.10022352836153578,-0.001298775161061791,0.23498066694136316,0.2640823478346211,-0.02910168089325782,95,16,0.8889214847331854
bounded_global_full_g1.00,bounded_global_full,1.0,29,1,0.15477786124894807,0.14855438138272628,-0.006223479866221793,-0.10152230352259757,-0.10050774517370488,-0.0010145583488926913,0.23498066694136316,0.2756837771499154,-0.04070311020855222,95,16,0.8518953129775806
identity,identity,0.0,29,2,0.13434832412190317,0.13434832412190317,0.0,0.277854980440106,0.277854980440106,0.0,2.089735580171066,2.089735580171065,-8.881784197001252e-16,106,20,1.0
global_intercept_shrinkage_g0.10,global_intercept_shrinkage,0.1,29,2,0.13434832412190317,0.13444087745563557,9.255333373239805e-05,0.277854980440106,0.28426807129171816,0.00641309085161218,2.089735580171066,2.09022153217233,0.0004859520012638896,106,20,1.0
global_intercept_shrinkage_g0.25,global_intercept_shrinkage,0.25,29,2,0.13434832412190317,0.13458146993233636,0.00023314581043318294,0.277854980440106,0.29388770757988225,0.01603272713977627,2.089735580171066,2.0910644182600056,0.0013288380889395768,106,20,1.0
global_intercept_shrinkage_g0.50,global_intercept_shrinkage,0.5,29,2,0.13434832412190317,0.13482035986393026,0.0004720357420270882,0.277854980440106,0.309920435150842,0.03206545471073602,2.089735580171066,2.09051538659016,0.0007798064190938092,106,20,1.0
global_intercept_shrinkage_g0.75,global_intercept_shrinkage,0.75,29,2,0.13434832412190317,0.1350647515127469,0.000716427390843738,0.277854980440106,0.32595316392795703,0.048098183487851054,2.089735580171066,2.091515279690328,0.0017796995192620457,106,20,1.0
global_intercept_shrinkage_g1.00,global_intercept_shrinkage,1.0,29,2,0.13434832412190317,0.13531440685758825,0.0009660827356850754,0.277854980440106,0.34198589263888546,0.06413091219877948,2.089735580171066,2.089582195144941,-0.0001533850261248304,106,20,1.0
global_slope_shrinkage_g0.10,global_slope_shrinkage,0.1,29,2,0.13434832412190317,0.13420694207685407,-0.0001413820450490988,0.277854980440106,0.2619017004047786,-0.015953280035327366,2.089735580171066,2.1087228486525738,0.01898726848150778,106,20,0.9908876545542354
global_slope_shrinkage_g0.25,global_slope_shrinkage,0.25,29,2,0.13434832412190317,0.13400744588118005,-0.0003408782407231248,0.277854980440106,0.2379526956577866,-0.039902284782319386,2.089735580171066,2.1370832289932156,0.04734764882214959,106,20,0.9772191363855885
global_slope_shrinkage_g0.50,global_slope_shrinkage,0.5,29,2,0.13434832412190317,0.13371083479240226,-0.0006374893295009176,0.277854980440106,0.1979865323930727,-0.07986844804703327,2.089735580171066,2.188793827780313,0.0990582476092472,106,20,0.9544382727711771
global_slope_shrinkage_g0.75,global_slope_shrinkage,0.75,29,2,0.13434832412190317,0.13346306574584313,-0.0008852583760600441,0.277854980440106,0.15795600190857995,-0.11989897853152603,2.089735580171066,2.2425894699401607,0.15285388976909475,106,20,0.9316574091567655
global_slope_shrinkage_g1.00,global_slope_shrinkage,1.0,29,2,0.13434832412190317,0.13326899554144853,-0.001079328580454647,0.277854980440106,0.11786062203323502,-0.15999435840687096,2.089735580171066,2.298675505286999,0.20893992511593318,106,20,0.9088765455423541
global_full_shrinkage_g0.10,global_full_shrinkage,0.1,29,2,0.13434832412190317,0.13479071917603624,0.00044239505413307123,0.277854980440106,0.2744162743023303,-0.0034387061377756933,2.089735580171066,2.2045153540445974,0.11477977387353144,106,20,0.9480154378450385
global_full_shrinkage_g0.25,global_full_shrinkage,0.25,29,2,0.13434832412190317,0.13548463470388492,0.001136310581981742,0.277854980440106,0.26862667186138595,-0.009228308578720035,2.089735580171066,2.4028093732610283,0.3130737930899623,106,20,0.8700385946125961
global_full_shrinkage_g0.50,global_full_shrinkage,0.5,29,2,0.13434832412190317,0.13672139232468988,0.00237306820278671,0.277854980440106,0.25724718619286246,-0.020607794247243516,2.089735580171066,2.8277675019786335,0.7380319218075675,106,20,0.7400771892251924
global_full_shrinkage_g0.75,global_full_shrinkage,0.75,29,2,0.13434832412190317,0.13805898520245669,0.0037106610805535123,0.277854980440106,0.2436359876871507,-0.034218992752955285,2.089735580171066,3.424971476730972,1.3352358965599058,106,20,0.6101157838377886
global_full_shrinkage_g1.00,global_full_shrinkage,1.0,29,2,0.13434832412190317,0.13950063848505098,0.0051523143631478086,0.277854980440106,0.22772285839542955,-0.05013212204467643,2.089735580171066,4.351527172225064,2.2617915920539984,106,20,0.4801543784503848
bounded_global_full_g0.25,bounded_global_full,0.25,29,2,0.13434832412190317,0.13496721975286224,0.000618895630959071,0.277854980440106,0.2796204213992972,0.0017654409591912334,2.089735580171066,2.229940817703614,0.1402052375325482,106,20,0.9375
bounded_global_full_g0.50,bounded_global_full,0.5,29,2,0.13434832412190317,0.13560834484889775,0.0012600207269945762,0.277854980440106,0.28089869514022,0.0030437147001139975,2.089735580171066,2.390862458344093,0.3011268781730272,106,20,0.875
bounded_global_full_g0.75,bounded_global_full,0.75,29,2,0.13434832412190317,0.13627055920540482,0.0019222350835016444,0.277854980440106,0.28168008425359226,0.0038251038134862747,2.089735580171066,2.572105454917782,0.4823698747467162,106,20,0.8125
bounded_global_full_g1.00,bounded_global_full,1.0,29,2,0.13434832412190317,0.1369528205791062,0.002604496457203037,0.277854980440106,0.28195530874151525,0.004100328301409273,2.089735580171066,2.7876144684104265,0.6978788882393605,106,20,0.75
identity,identity,0.0,29,3,0.13091801219732,0.13091801219732,0.0,-0.12289516238893762,-0.12289516238893762,0.0,0.4126275028337805,0.41262750283378036,1.1102230246251565e-16,99,16,1.0
global_intercept_shrinkage_g0.10,global_intercept_shrinkage,0.1,29,3,0.13091801219732,0.13095739802531348,3.9385827993482225e-05,-0.12289516238893762,-0.12703650656083984,0.00414134417190222,0.4126275028337805,0.41262661218656593,8.906472145353561e-07,99,16,1.0
global_intercept_shrinkage_g0.25,global_intercept_shrinkage,0.25,29,3,0.13091801219732,0.13101764223879497,9.963004147497956e-05,-0.12289516238893762,-0.13324852280113256,0.010353360412194937,0.4126275028337805,0.4131461232994289,-0.0005186204656484339,99,16,1.0
global_intercept_shrinkage_g0.50,global_intercept_shrinkage,0.5,29,3,0.13091801219732,0.1311211851454713,0.00020317294815130893,-0.12289516238893762,-0.14360188316680114,0.02070672077786352,0.4126275028337805,0.4126286214223173,-1.1185885369080495e-06,99,16,1.0
global_intercept_shrinkage_g0.75,global_intercept_shrinkage,0.75,29,3,0.13091801219732,0.13122869351171035,0.0003106813143903542,-0.12289516238893762,-0.15395524348325043,0.03106008109431281,0.4126275028337805,0.41261061253966075,1.6890294119775717e-05,99,16,1.0
global_intercept_shrinkage_g1.00,global_intercept_shrinkage,1.0,29,3,0.13091801219732,0.13134022018821556,0.0004222079908955678,-0.12289516238893762,-0.164308603750151,0.041413441361213374,0.4126275028337805,0.41254111651995273,8.638631382773543e-05,99,16,1.0
global_slope_shrinkage_g0.10,global_slope_shrinkage,0.1,29,3,0.13091801219732,0.13090370034708043,-1.4311850239562274e-05,-0.12289516238893762,-0.13441925563593876,0.011524093247001141,0.4126275028337805,0.41599488873525114,-0.0033673859014706764,99,16,0.9918661441081564
global_slope_shrinkage_g0.25,global_slope_shrinkage,0.25,29,3,0.13091801219732,0.1308900110337889,-2.8001163531105044e-05,-0.12289516238893762,-0.151738438465962,0.028843276077024374,0.4126275028337805,0.42116451164415597,-0.008537008810375557,99,16,0.9796653602703911
global_slope_shrinkage_g0.50,global_slope_shrinkage,0.5,29,3,0.13091801219732,0.13088921861927794,-2.8793578042057844e-05,-0.12289516238893762,-0.18069272395440966,0.05779756156547204,0.4126275028337805,0.4302011156218163,-0.01757361278803582,99,16,0.9593307205407822
global_slope_shrinkage_g0.75,global_slope_shrinkage,0.75,29,3,0.13091801219732,0.1309181429385894,1.307412693940524e-07,-0.12289516238893762,-0.2097611096219976,0.08686594723305997,0.4126275028337805,0.4395142709595045,-0.026886768125724103,99,16,0.9389960808111731
global_slope_shrinkage_g1.00,global_slope_shrinkage,1.0,29,3,0.13091801219732,0.13097946271003896,6.145051271896906e-05,-0.12289516238893762,-0.2389457313001717,0.11605056891123407,0.4126275028337805,0.4494814805818321,-0.03685397774805166,99,16,0.9186614410815642
global_full_shrinkage_g0.10,global_full_shrinkage,0.1,29,3,0.13091801219732,0.130373664158378,-0.0005443480389419886,-0.12289516238893762,-0.12004073469592402,-0.0028544276930135976,0.4126275028337805,0.42721445983628664,-0.014586957002506118,99,16,0.9658462717942656
global_full_shrinkage_g0.25,global_full_shrinkage,0.25,29,3,0.13091801219732,0.12959207752322563,-0.0013259346740943645,-0.12289516238893762,-0.11636002272286737,-0.00653513966607025,0.4126275028337805,0.451155015547307,-0.0385275127135265,99,16,0.9146156794856641
global_full_shrinkage_g0.50,global_full_shrinkage,0.5,29,3,0.13091801219732,0.12839380924798097,-0.0025242029493390272,-0.12289516238893762,-0.1119328903997869,-0.010962271989150715,0.4126275028337805,0.49768961305939047,-0.08506211022560994,99,16,0.8292313589713283
global_full_shrinkage_g0.75,global_full_shrinkage,0.75,29,3,0.13091801219732,0.12734812446099228,-0.003569887736327715,-0.12289516238893762,-0.1098278673093899,-0.013067295079547722,0.4126275028337805,0.5543734918407089,-0.14174598900692847,99,16,0.7438470384569924
global_full_shrinkage_g1.00,global_full_shrinkage,1.0,29,3,0.13091801219732,0.12648481118999852,-0.0044332010073214745,-0.12289516238893762,-0.11029608966191376,-0.01259907272702386,0.4126275028337805,0.6262320175313805,-0.2136045146976,99,16,0.6584627179426565
bounded_global_full_g0.25,bounded_global_full,0.25,29,3,0.13091801219732,0.1299652624309912,-0.0009527497663287809,-0.12289516238893762,-0.12127429223260043,-0.0016208701563371897,0.4126275028337805,0.4402583690679186,-0.02763086623413813,99,16,0.9375
bounded_global_full_g0.50,bounded_global_full,0.5,29,3,0.13091801219732,0.12907342790192233,-0.001844584295397661,-0.12289516238893762,-0.12075429922385612,-0.002140863165081497,0.4126275028337805,0.47159940888511925,-0.05897190605133873,99,16,0.875
bounded_global_full_g0.75,bounded_global_full,0.75,29,3,0.13091801219732,0.12825172758879966,-0.0026662846085203362,-0.12289516238893762,-0.12141433935899686,-0.0014808230299407643,0.4126275028337805,0.5078800590505619,-0.09525255621678141,99,16,0.8125
bounded_global_full_g1.00,bounded_global_full,1.0,29,3,0.13091801219732,0.12751113479223705,-0.003406877405082942,-0.12289516238893762,-0.12334243558803662,0.0004472731990989992,0.4126275028337805,0.5500090846485995,-0.13738158181481908,99,16,0.75
identity,identity,0.0,29,4,0.10797975345654266,0.10797975345654268,1.3877787807814457e-17,-0.2091373226850802,-0.2091373226850802,0.0,1.351015180305225,1.3510151803052244,-6.661338147750939e-16,93,13,1.0
global_intercept_shrinkage_g0.10,global_intercept_shrinkage,0.1,29,4,0.10797975345654266,0.10801084949732961,3.1096040786951495e-05,-0.2091373226850802,-0.21471221315025762,0.005574890465177423,1.351015180305225,1.3508705613098888,-0.00014461899533624312,93,13,1.0
global_intercept_shrinkage_g0.25,global_intercept_shrinkage,0.25,29,4,0.10797975345654266,0.10805977560036156,8.002214381890027e-05,-0.2091373226850802,-0.22307454910355043,0.013937226418470228,1.351015180305225,1.3503088979265823,-0.0007062823786427863,93,13,1.0
global_intercept_shrinkage_g0.50,global_intercept_shrinkage,0.5,29,4,0.10797975345654266,0.10814749766308916,0.00016774420654649957,-0.2091373226850802,-0.23701177639995302,0.02787445371487282,1.351015180305225,1.3507051657989069,-0.00031001450631817917,93,13,1.0
global_intercept_shrinkage_g0.75,global_intercept_shrinkage,0.75,29,4,0.10797975345654266,0.10824309535422377,0.00026334189768111027,-0.2091373226850802,-0.25094900458548286,0.04181168190040266,1.351015180305225,1.350557739774015,-0.0004574405312101071,93,13,1.0
global_intercept_shrinkage_g1.00,global_intercept_shrinkage,1.0,29,4,0.10797975345654266,0.10834674608737226,0.00036699263082959344,-0.2091373226850802,-0.26488623367801434,0.055748910992934136,1.351015180305225,1.3510386155938496,2.343528862458477e-05,93,13,1.0
global_slope_shrinkage_g0.10,global_slope_shrinkage,0.1,29,4,0.10797975345654266,0.10809099014502112,0.00011123668847845547,-0.2091373226850802,-0.22962194201938335,0.02048461933430315,1.351015180305225,1.36873991588613,0.017724735580904927,93,13,0.9870573570285398
global_slope_shrinkage_g0.25,global_slope_shrinkage,0.25,29,4,0.10797975345654266,0.10828916250871042,0.00030940905216775283,-0.2091373226850802,-0.26041351554238923,0.05127619285730903,1.351015180305225,1.3963105755953646,0.045295395290139595,93,13,0.9676433925713496
global_slope_shrinkage_g0.50,global_slope_shrinkage,0.5,29,4,0.10797975345654266,0.10870929582029353,0.0007295423637508625,-0.2091373226850802,-0.31190666276905343,0.10276934008397323,1.351015180305225,1.4438582566474447,0.09284307634221967,93,13,0.9352867851426991
global_slope_shrinkage_g0.75,global_slope_shrinkage,0.75,29,4,0.10797975345654266,0.10925268361099123,0.0012729301544485705,-0.2091373226850802,-0.36361950408706023,0.15448218140198003,1.351015180305225,1.4984421152404732,0.14742693493524817,93,13,0.9029301777140486
global_slope_shrinkage_g1.00,global_slope_shrinkage,1.0,29,4,0.10797975345654266,0.10993290001348825,0.0019531465569455897,-0.2091373226850802,-0.41555470728322796,0.20641738459814776,1.351015180305225,1.5513937757686598,0.20037859546343473,93,13,0.8705735702853982
global_full_shrinkage_g0.10,global_full_shrinkage,0.1,29,4,0.10797975345654266,0.10798322855637912,3.475099836461326e-06,-0.2091373226850802,-0.21354750482058427,0.004410182135504065,1.351015180305225,1.4178714101430412,0.06685622983781614,93,13,0.9526778355165124
global_full_shrinkage_g0.25,global_full_shrinkage,0.25,29,4,0.10797975345654266,0.10803737394555157,5.7620489008911036e-05,-0.2091373226850802,-0.2210405501966144,0.011903227511534192,1.351015180305225,1.5322428043631275,0.1812276240579025,93,13,0.881694588791281
global_full_shrinkage_g0.50,global_full_shrinkage,0.5,29,4,0.10797975345654266,0.10826718934949814,0.000287435892955476,-0.2091373226850802,-0.23593946464154145,0.026802141956461245,1.351015180305225,1.7704924268304532,0.4194772465252281,93,13,0.7633891775825622
global_full_shrinkage_g0.75,global_full_shrinkage,0.75,29,4,0.10797975345654266,0.10868871848216605,0.0007089650256233843,-0.2091373226850802,-0.2539597495696013,0.04482242688452112,1.351015180305225,2.0935080506073174,0.7424928703020923,93,13,0.6450837663738433
global_full_shrinkage_g1.00,global_full_shrinkage,1.0,29,4,0.10797975345654266,0.10932594501265971,0.0013461915561170518,-0.2091373226850802,-0.2752175958048449,0.0660802731197647,1.351015180305225,2.5634327966443227,1.2124176163390976,93,13,0.5267783551651244
bounded_global_full_g0.25,bounded_global_full,0.25,29,4,0.10797975345654266,0.10803600700507485,5.625354853218412e-05,-0.2091373226850802,-0.22331035839315969,0.014173035708079484,1.351015180305225,1.440665883396878,0.0896507030916529,93,13,0.9375
bounded_global_full_g0.50,bounded_global_full,0.5,29,4,0.10797975345654266,0.10814140278761734,0.00016164933107468138,-0.2091373226850802,-0.23830228870862047,0.029164966023540267,1.351015180305225,1.5435071359402253,0.1924919556350002,93,13,0.875
bounded_global_full_g0.75,bounded_global_full,0.75,29,4,0.10797975345654266,0.10830030057007729,0.0003205471135346305,-0.2091373226850802,-0.25413247074915085,0.04499514806407065,1.351015180305225,1.6624127387745333,0.3113975584693083,93,13,0.8125
bounded_global_full_g1.00,bounded_global_full,1.0,29,4,0.10797975345654266,0.10851755932963902,0.0005378058730963614,-0.2091373226850802,-0.27081968192250544,0.06168235923742524,1.351015180305225,1.800992995609102,0.4499778153038769,93,13,0.75
identity,identity,0.0,43,0,0.1268474565242424,0.1268474565242424,0.0,0.21400200037205727,0.21400200037207884,2.1566082253343666e-14,1.8855948079634588,1.8855948079634586,-2.220446049250313e-16,98,18,1.0
global_intercept_shrinkage_g0.10,global_intercept_shrinkage,0.1,43,0,0.1268474565242424,0.1268498626594985,2.406135256094455e-06,0.21400200037205727,0.21417535718102787,0.00017335680897059835,1.8855948079634588,1.8855945224041541,-2.855593046469096e-07,98,18,1.0
global_intercept_shrinkage_g0.25,global_intercept_shrinkage,0.25,43,0,0.1268474565242424,0.12685347335378247,6.016829540073099e-06,0.21400200037205727,0.21443539239184548,0.0004333920197882035,1.8855948079634588,1.885594095124515,-7.128389438726401e-07,98,18,1.0
global_intercept_shrinkage_g0.50,global_intercept_shrinkage,0.5,43,0,0.1268474565242424,0.1268594951520345,1.2038627792115841e-05,0.21400200037205727,0.2148687844098085,0.0008667840377512281,1.8855948079634588,1.8855933861702845,-1.4217931743054635e-06,98,18,1.0
global_intercept_shrinkage_g0.75,global_intercept_shrinkage,0.75,43,0,0.1268474565242424,0.1268655219140854,1.8065389843002766e-05,0.21400200037205727,0.2153021764277745,0.0013001760557172226,1.8855948079634588,1.8855926817637172,-2.1261997416033296e-06,98,18,1.0
global_intercept_shrinkage_g1.00,global_intercept_shrinkage,1.0,43,0,0.1268474565242424,0.1268715536350238,2.4097110781412523e-05,0.21400200037205727,0.2157355684475244,0.0017335680754671234,1.8855948079634588,1.8855919825664975,-2.825396961281257e-06,98,18,1.0
global_slope_shrinkage_g0.10,global_slope_shrinkage,0.1,43,0,0.1268474565242424,0.12680777110904234,-3.968541520005253e-05,0.21400200037205727,0.20855616066277965,-0.005445839709277617,1.8855948079634588,1.8917542408569605,0.006159432893501737,98,18,0.9967491693548994
global_slope_shrinkage_g0.25,global_slope_shrinkage,0.25,43,0,0.1268474565242424,0.12674985511543657,-9.760140880582524e-05,0.21400200037205727,0.20038381263981225,-0.013618187732245018,1.8855948079634588,1.9009343704360864,0.015339562472627577,98,18,0.9918729233872486
global_slope_shrinkage_g0.50,global_slope_shrinkage,0.5,43,0,0.1268474565242424,0.12665772852679344,-0.0001897279974489574,0.21400200037205727,0.18675363949936444,-0.027248360872692834,1.8855948079634588,1.9166484015044793,0.031053593541020552,98,18,0.9837458467744973
global_slope_shrinkage_g0.75,global_slope_shrinkage,0.75,43,0,0.1268474565242424,0.12657126913552477,-0.0002761873887176247,0.21400200037205727,0.1731114362258168,-0.04089056414624048,1.8855948079634588,1.9326379783990972,0.04704317043563844,98,18,0.9756187701617458
global_slope_shrinkage_g1.00,global_slope_shrinkage,1.0,43,0,0.1268474565242424,0.12649067382175677,-0.00035678270248562516,0.21400200037205727,0.15945715817754927,-0.054544842194508,1.8855948079634588,1.948887213038754,0.06329240507529521,98,18,0.9674916935489944
global_full_shrinkage_g0.10,global_full_shrinkage,0.1,43,0,0.1268474565242424,0.1270247800980593,0.0001773235738168899,0.21400200037205727,0.2122826763544162,-0.0017193240176410773,1.8855948079634588,1.9206116617717046,0.03501685380824582,98,18,0.9817703745551906
global_full_shrinkage_g0.25,global_full_shrinkage,0.25,43,0,0.1268474565242424,0.1272981777899167,0.00045072126567430315,0.21400200037205727,0.20958994054487243,-0.004412059827184844,1.8855948079634588,1.9756456906546578,0.09005088269119899,98,18,0.9544259363879763
global_full_shrinkage_g0.50,global_full_shrinkage,0.5,43,0,0.1268474565242424,0.12777372656567376,0.0009262700414313652,0.21400200037205727,0.20479453738081818,-0.00920746299123909,1.8855948079634588,2.074721755157322,0.18912694719386303,98,18,0.9088518727759528
global_full_shrinkage_g0.75,global_full_shrinkage,0.75,43,0,0.1268474565242424,0.12827433912861455,0.0014268826043721539,0.21400200037205727,0.19960803381171452,-0.014393966560342752,1.8855948079634588,2.184222854570721,0.29862804660726217,98,18,0.8632778091639293
global_full_shrinkage_g1.00,global_full_shrinkage,1.0,43,0,0.1268474565242424,0.12880027587160725,0.0019528193473648536,0.21400200037205727,0.19402281448710537,-0.0199791858849519,1.8855948079634588,2.305842084745993,0.42024727678253426,98,18,0.8177037455519056
bounded_global_full_g0.25,bounded_global_full,0.25,43,0,0.1268474565242424,0.1272980433364812,0.0004505868122388068,0.21400200037205727,0.20958021880090902,-0.004421781571148253,1.8855948079634588,1.9756457173144721,0.09005090935101334,98,18,0.9544259363879763
bounded_global_full_g0.50,bounded_global_full,0.5,43,0,0.1268474565242424,0.12777345936833662,0.0009260028440942203,0.21400200037205727,0.2047750938960411,-0.009226906476016178,1.8855948079634588,2.0747218228886637,0.1891270149252049,98,18,0.9088518727759528
bounded_global_full_g0.75,bounded_global_full,0.75,43,0,0.1268474565242424,0.12827394214040275,0.00142648561616035,0.21400200037205727,0.19957886858315513,-0.014423131788902144,1.8855948079634588,2.1842229470515044,0.29862813908804564,98,18,0.8632778091639293
bounded_global_full_g1.00,bounded_global_full,1.0,43,0,0.1268474565242424,0.12879975336220723,0.0019522968379648287,0.21400200037205727,0.19398392751399557,-0.020018072858061703,1.8855948079634588,2.3058421300307823,0.4202473220673235,98,18,0.8177037455519056
identity,identity,0.0,43,1,0.12007731169487006,0.12007731169487006,0.0,0.0187735695620568,0.018773569563662842,1.6060416885288475e-12,0.8430658066018756,0.8430658066018756,0.0,95,16,1.0
global_intercept_shrinkage_g0.10,global_intercept_shrinkage,0.1,43,1,0.12007731169487006,0.12007870869264908,1.3969977790267984e-06,0.0187735695620568,0.014548806788094837,-0.004224762773961964,0.8430658066018756,0.843070973784754,-5.167182878462739e-06,95,16,1.0
global_intercept_shrinkage_g0.25,global_intercept_shrinkage,0.25,43,1,0.12007731169487006,0.12008202454425052,4.7128493804587945e-06,0.0187735695620568,0.008211662633652313,-0.010561906928404488,0.8430658066018756,0.8430761831268275,-1.0376524951949406e-05,95,16,1.0
global_intercept_shrinkage_g0.50,global_intercept_shrinkage,0.5,43,1,0.12007731169487006,0.12009083945757654,1.3527762706480595e-05,0.0187735695620568,-0.0023502442573380077,-0.016423325304718794,0.8430658066018756,0.843078716773996,-1.2910172120461638e-05,95,16,1.0
global_intercept_shrinkage_g0.75,global_intercept_shrinkage,0.75,43,1,0.12007731169487006,0.12010382084902907,2.6509154159012893e-05,0.0187735695620568,-0.012912151108814635,-0.005861418453242166,0.8430658066018756,0.8430748901686589,-9.083566783307795e-06,95,16,1.0
global_intercept_shrinkage_g1.00,global_intercept_shrinkage,1.0,43,1,0.12007731169487006,0.12012103353299534,4.372183812528796e-05,0.0187735695620568,-0.023474057920735116,0.004700488358678315,0.8430658066018756,0.8430663891547364,-5.825528608394137e-07,95,16,1.0
global_slope_shrinkage_g0.10,global_slope_shrinkage,0.1,43,1,0.12007731169487006,0.12008554821685874,8.236521988683188e-06,0.0187735695620568,0.015126332212354252,-0.0036472373497025493,0.8430658066018756,0.8451078919088015,-0.002042085306925956,95,16,0.9976302397710741
global_slope_shrinkage_g0.25,global_slope_shrinkage,0.25,43,1,0.12007731169487006,0.12009868055421835,2.136885934829469e-05,0.0187735695620568,0.00965296753307236,-0.00912060202898444,0.8430658066018756,0.8481714665614054,-0.005105659959529829,95,16,0.9940755994276854
global_slope_shrinkage_g0.50,global_slope_shrinkage,0.5,43,1,0.12007731169487006,0.12012267303549655,4.5361340626492996e-05,0.0187735695620568,0.0005239724195854872,-0.018249597142471312,0.8430658066018756,0.85327925000773,-0.010213443405854394,95,16,0.9881511988553708
global_slope_shrinkage_g0.75,global_slope_shrinkage,0.75,43,1,0.12007731169487006,0.12014934943077382,7.20377359037655e-05,0.0187735695620568,-0.008613473829709301,-0.0101600957323475,0.8430658066018756,0.8584196602541894,-0.015353853652313787,95,16,0.9822267982830563
global_slope_shrinkage_g1.00,global_slope_shrinkage,1.0,43,1,0.12007731169487006,0.12017877114485068,0.0001014594499806204,0.0187735695620568,-0.017759429437001557,-0.0010141401250552441,0.8430658066018756,0.8636342104230283,-0.02056840382115277,95,16,0.9763023977107417
global_full_shrinkage_g0.10,global_full_shrinkage,0.1,43,1,0.12007731169487006,0.12008095428244459,3.642587574528844e-06,0.0187735695620568,0.014584350178226126,-0.004189219383830675,0.8430658066018756,0.8437263494972036,-0.0006605428953280201,95,16,0.9992368673915779
global_full_shrinkage_g0.25,global_full_shrinkage,0.25,43,1,0.12007731169487006,0.12008751428007527,1.020258520521844e-05,0.0187735695620568,0.008300261524615719,-0.010473308037441082,0.8430658066018756,0.8447132567959538,-0.0016474501940781927,95,16,0.9980921684789449
global_full_shrinkage_g0.50,global_full_shrinkage,0.5,43,1,0.12007731169487006,0.12010140579763974,2.4094102769683934e-05,0.0187735695620568,-0.0021739128067839574,-0.01659965675527284,0.8430658066018756,0.8463478128365409,-0.0032820062346653467,95,16,0.9961843369578898
global_full_shrinkage_g0.75,global_full_shrinkage,0.75,43,1,0.12007731169487006,0.12011905273103514,4.1741036165082734e-05,0.0187735695620568,-0.012648955350984422,-0.006124614211072379,0.8430658066018756,0.8479730553032818,-0.004907248701406242,95,16,0.9942765054368348
global_full_shrinkage_g1.00,global_full_shrinkage,1.0,43,1,0.12007731169487006,0.12014052227491122,6.321058004116198e-05,0.0187735695620568,-0.02312486805031522,0.00435129848825842,0.8430658066018756,0.8495957798906102,-0.006529973288734614,95,16,0.9923686739157797
bounded_global_full_g0.25,bounded_global_full,0.25,43,1,0.12007731169487006,0.12008751400548671,1.0202310616658217e-05,0.0187735695620568,0.008300707126619284,-0.010472862435437517,0.8430658066018756,0.8447132567128528,-0.0016474501109772222,95,16,0.9980921684789449
bounded_global_full_g0.50,bounded_global_full,0.5,43,1,0.12007731169487006,0.12010140492020609,2.409322533603042e-05,0.0187735695620568,-0.0021730215977559908,-0.01660054796430081,0.8430658066018756,0.8463478135851941,-0.003282006983318486,95,16,0.9961843369578898
bounded_global_full_g0.75,bounded_global_full,0.75,43,1,0.12007731169487006,0.12011905091419135,4.1739219321296206e-05,0.0187735695620568,-0.012647618539843865,-0.006125951022212936,0.8430658066018756,0.847973057256191,-0.004907250654315409,95,16,0.9942765054368348
bounded_global_full_g1.00,bounded_global_full,1.0,43,1,0.12007731169487006,0.12014051917367725,6.32074788071979e-05,0.0187735695620568,-0.02312308563515913,0.004349516073102331,0.8430658066018756,0.8495957828072396,-0.0065299762053639965,95,16,0.9923686739157797
identity,identity,0.0,43,2,0.13586334823545354,0.13586334823545354,0.0,0.1619421749952705,0.1619421749952705,0.0,1.064629443592657,1.0646294435926564,-6.661338147750939e-16,102,19,1.0
global_intercept_shrinkage_g0.10,global_intercept_shrinkage,0.1,43,2,0.13586334823545354,0.1358609257626815,-2.4224727720456585e-06,0.1619421749952705,0.16158046632496192,-0.0003617086703085748,1.064629443592657,1.0646306875226168,1.2439299597044595e-06,102,19,1.0
global_intercept_shrinkage_g0.25,global_intercept_shrinkage,0.25,43,2,0.13586334823545354,0.13585729907675662,-6.0491586969246836e-06,0.1619421749952705,0.16103790331403112,-0.0009042716812393825,1.064629443592657,1.06463240257244,2.9589797829743247e-06,102,19,1.0
global_intercept_shrinkage_g0.50,global_intercept_shrinkage,0.5,43,2,0.13586334823545354,0.13585127335099417,-1.2074884459367663e-05,0.1619421749952705,0.16013363163209005,-0.0018085433631804537,1.064629443592657,1.0646348574652544,5.413872597337388e-06,102,19,1.0
global_intercept_shrinkage_g0.75,global_intercept_shrinkage,0.75,43,2,0.13586334823545354,0.1358452710997312,-1.8077135722327498e-05,0.1619421749952705,0.15922935994899615,-0.0027128150462743528,1.064629443592657,1.064636807788751,7.364196093817554e-06,102,19,1.0
global_intercept_shrinkage_g1.00,global_intercept_shrinkage,1.0,43,2,0.13586334823545354,0.1358392923645646,-2.4055870888939346e-05,0.1619421749952705,0.15832508826696667,-0.0036170867283038255,1.064629443592657,1.0646382559005267,8.812307869643377e-06,102,19,1.0
global_slope_shrinkage_g0.10,global_slope_shrinkage,0.1,43,2,0.13586334823545354,0.1358457352910549,-1.7612944398642805e-05,0.1619421749952705,0.15979513790775018,-0.002147037087520315,1.064629443592657,1.066061185103721,0.0014317415110638443,102,19,0.9986650659598169
global_slope_shrinkage_g0.25,global_slope_shrinkage,0.25,43,2,0.13586334823545354,0.13581954633007784,-4.3801905375701056e-05,0.1619421749952705,0.15657391809355015,-0.005368256901720353,1.064629443592657,1.0682087896518704,0.003579346059213284,102,19,0.9966626648995422
global_slope_shrinkage_g0.50,global_slope_shrinkage,0.5,43,2,0.13586334823545354,0.13577651887709571,-8.682935835782613e-05,0.1619421749952705,0.15120344424451065,-0.010738730750759845,1.064629443592657,1.0717887722391684,0.007159328646511254,102,19,0.9933253297990845
global_slope_shrinkage_g0.75,global_slope_shrinkage,0.75,43,2,0.13586334823545354,0.13573427770494484,-0.00012907053050870143,0.1619421749952705,0.14583074780421104,-0.016111427191059458,1.064629443592657,1.0753739666189863,0.010744523026329222,102,19,0.9899879946986267
global_slope_shrinkage_g1.00,global_slope_shrinkage,1.0,43,2,0.13586334823545354,0.135692834762424,-0.00017051347302954323,0.1619421749952705,0.14045582313233299,-0.021486351862937514,1.064629443592657,1.0789718546106715,0.014342411018014367,102,19,0.986650659598169
global_full_shrinkage_g0.10,global_full_shrinkage,0.1,43,2,0.13586334823545354,0.1358439478748958,-1.940036055775307e-05,0.1619421749952705,0.1613648747351689,-0.0005773002601016097,1.064629443592657,1.0715469556615596,0.006917512068902454,102,19,0.9935579789691878
global_full_shrinkage_g0.25,global_full_shrinkage,0.25,43,2,0.13586334823545354,0.13581595252902326,-4.7395706430281015e-05,0.1619421749952705,0.16048338675082563,-0.0014587882444448697,1.064629443592657,1.0820874071769873,0.01745796358433016,102,19,0.9838949474229696
global_full_shrinkage_g0.50,global_full_shrinkage,0.5,43,2,0.13586334823545354,0.13577227759250016,-9.107064295338363e-05,0.1619421749952705,0.15897246753257321,-0.0029697074626972852,1.064629443592657,1.1001040148766446,0.035474571283987455,102,19,0.9677898948459391
global_full_shrinkage_g0.75,global_full_shrinkage,0.75,43,2,0.13586334823545354,0.13573239228247552,-0.000130955952978018,0.1619421749952705,0.15740878005155326,-0.004533394943717239,1.064629443592657,1.118706424419516,0.054076980826858856,102,19,0.9516848422689086
global_full_shrinkage_g1.00,global_full_shrinkage,1.0,43,2,0.13586334823545354,0.13569636525636153,-0.00016698297909201187,0.1619421749952705,0.15579168475724076,-0.006150490238029743,1.064629443592657,1.1379297795499546,0.07330033595729746,102,19,0.9355797896918782
bounded_global_full_g0.25,bounded_global_full,0.25,43,2,0.13586334823545354,0.13581581668065257,-4.7531554800972486e-05,0.1619421749952705,0.16046329757057637,-0.0014788774246941305,1.064629443592657,1.0820874055795842,0.017457961986927062,102,19,0.9838949474229696
bounded_global_full_g0.50,bounded_global_full,0.5,43,2,0.13586334823545354,0.13577200362051628,-9.134461493726098e-05,0.1619421749952705,0.15893228917801416,-0.003009885817256336,1.064629443592657,1.1001038426135317,0.03547439902087457,102,19,0.9677898948459391
bounded_global_full_g0.75,bounded_global_full,0.75,43,2,0.13586334823545354,0.13573197811092794,-0.00013137012452560382,0.1619421749952705,0.15734851251542184,-0.004593662479848659,1.064629443592657,1.1187059426309238,0.05407649903826672,102,19,0.9516848422689086
bounded_global_full_g1.00,bounded_global_full,1.0,43,2,0.13586334823545354,0.13569580902073708,-0.00016753921471646116,0.1619421749952705,0.15571132804339788,-0.006230846951872621,1.064629443592657,1.137928933950343,0.07329949035768579,102,19,0.9355797896918782
identity,identity,0.0,43,3,0.08354755796747913,0.08354755796747913,0.0,-0.48007631097718256,-0.48007631097718256,0.0,1.6262916504884242,1.626291650488424,-2.220446049250313e-16,100,12,1.0
global_intercept_shrinkage_g0.10,global_intercept_shrinkage,0.1,43,3,0.08354755796747913,0.0837176491477742,0.00017009118029506776,-0.48007631097718256,-0.49437920375608424,0.014302892778901677,1.6262916504884242,1.626097148582117,-0.00019450190630720954,100,12,1.0
global_intercept_shrinkage_g0.25,global_intercept_shrinkage,0.25,43,3,0.08354755796747913,0.08399064245613565,0.0004430844886565144,-0.48007631097718256,-0.5158335413561029,0.03575723037892037,1.6262916504884242,1.6276900203497362,0.0013983698613120321,100,12,1.0
global_intercept_shrinkage_g0.50,global_intercept_shrinkage,0.5,43,3,0.08354755796747913,0.08449466409408873,0.0009471061266096009,-0.48007631097718256,-0.5515887370819433,0.07151242610476077,1.6262916504884242,1.6267254072669721,0.0004337567785479557,100,12,1.0
global_intercept_shrinkage_g0.75,global_intercept_shrinkage,0.75,43,3,0.08354755796747913,0.08506230338517558,0.0015147454176964448,-0.48007631097718256,-0.5873458885584412,0.1072695775812586,1.6262916504884242,1.625415074188634,-0.0008765762997902105,100,12,1.0
global_intercept_shrinkage_g1.00,global_intercept_shrinkage,1.0,43,3,0.08354755796747913,0.08569627963222759,0.002148721664748457,-0.48007631097718256,-0.6231030493460276,0.143026738368845,1.6262916504884242,1.6253280422343612,-0.000963608254062942,100,12,1.0
global_slope_shrinkage_g0.10,global_slope_shrinkage,0.1,43,3,0.08354755796747913,0.08377319280025368,0.0002256348327745461,-0.48007631097718256,-0.4938423362631612,0.013766025285978645,1.6262916504884242,1.6420260616370908,0.015734411148666583,100,12,0.9902553154015604
global_slope_shrinkage_g0.25,global_slope_shrinkage,0.25,43,3,0.08354755796747913,0.08413084228828567,0.0005832843208065375,-0.48007631097718256,-0.5145491750419039,0.03447286406472133,1.6262916504884242,1.6679925277005196,0.04170087721209548,100,12,0.975638288503901
global_slope_shrinkage_g0.50,global_slope_shrinkage,0.5,43,3,0.08354755796747913,0.0847808228013685,0.001233264833889372,-0.48007631097718256,-0.5492146098946876,0.06913829891750506,1.6262916504884242,1.7086425490774362,0.08235089858901201,100,12,0.9512765770078019
global_slope_shrinkage_g0.75,global_slope_shrinkage,0.75,43,3,0.08354755796747913,0.08550279275816844,0.001955234790689306,-0.48007631097718256,-0.5840806338402668,0.1040043228630842,1.6262916504884242,1.7534386652449956,0.12714701475657142,100,12,0.9269148655117028
global_slope_shrinkage_g1.00,global_slope_shrinkage,1.0,43,3,0.08354755796747913,0.08630239603852555,0.0027548380710464143,-0.48007631097718256,-0.6191490895302306,0.13907277855304806,1.6262916504884242,1.800828757964944,0.17453710747651985,100,12,0.9025531540156038
global_full_shrinkage_g0.10,global_full_shrinkage,0.1,43,3,0.08354755796747913,0.0837741447509783,0.00022658678349916916,-0.48007631097718256,-0.49117860241253686,0.011102291435354295,1.6262916504884242,1.6504267452839272,0.02413509479550302,100,12,0.9852066686220811
global_full_shrinkage_g0.25,global_full_shrinkage,0.25,43,3,0.08354755796747913,0.08413347623016516,0.0005859182626860304,-0.48007631097718256,-0.5079658931766253,0.027889582199442764,1.6262916504884242,1.6880936894792653,0.061802038990841135,100,12,0.9630166715552028
global_full_shrinkage_g0.50,global_full_shrinkage,0.5,43,3,0.08354755796747913,0.08478720756391538,0.001239649596436243,-0.48007631097718256,-0.5363066583115291,0.056230347334346564,1.6262916504884242,1.755162143266633,0.12887049277820872,100,12,0.9260333431104055
global_full_shrinkage_g0.75,global_full_shrinkage,0.75,43,3,0.08354755796747913,0.08551463933480755,0.001967081367328413,-0.48007631097718256,-0.5651162671755857,0.08503995619840315,1.6262916504884242,1.8283092628288244,0.20201761234040028,100,12,0.8890500146656082
global_full_shrinkage_g1.00,global_full_shrinkage,1.0,43,3,0.08354755796747913,0.08632215784336136,0.0027745998758822304,-0.48007631097718256,-0.594406053153935,0.11432974217675246,1.6262916504884242,1.9085430785482664,0.28225142805984227,100,12,0.8520666862208109
bounded_global_full_g0.25,bounded_global_full,0.25,43,3,0.08354755796747913,0.08413429350059833,0.0005867355331191926,-0.48007631097718256,-0.5080303252467245,0.02795401426954197,1.6262916504884242,1.688093213230765,0.06180156274234094,100,12,0.9630166715552028
bounded_global_full_g0.50,bounded_global_full,0.5,43,3,0.08354755796747913,0.08478899975025878,0.0012414417827796426,-0.48007631097718256,-0.5364355221041288,0.05635921112694625,1.6262916504884242,1.755161907815258,0.12887025732683388,100,12,0.9260333431104055
bounded_global_full_g0.75,bounded_global_full,0.75,43,3,0.08354755796747913,0.08551758556800561,0.001970027600526475,-0.48007631097718256,-0.5653095628811654,0.08523325190398284,1.6262916504884242,1.8283092897647844,0.20201763927636018,100,12,0.8890500146656082
bounded_global_full_g1.00,bounded_global_full,1.0,43,3,0.08354755796747913,0.086326460907539,0.002778902940059863,-0.48007631097718256,-0.5946637808058255,0.11458746982864293,1.6262916504884242,1.908542085247179,0.2822504347587549,100,12,0.8520666862208109
identity,identity,0.0,43,4,0.1520642973910393,0.1520642973910393,0.0,0.1989039092234626,0.1989039092234626,0.0,0.1437943920143698,0.14379439201436997,-1.1102230246251565e-16,97,18,1.0
global_intercept_shrinkage_g0.10,global_intercept_shrinkage,0.1,43,4,0.1520642973910393,0.1520639647360812,-3.326549581073035e-07,0.1989039092234626,0.19903676967638986,0.00013286045292726367,0.1437943920143698,0.1437939052022914,4.868120784262686e-07,97,18,1.0
global_intercept_shrinkage_g0.25,global_intercept_shrinkage,0.25,43,4,0.1520642973910393,0.1520634666711283,-8.307199109991448e-07,0.1989039092234626,0.19923606035747948,0.0003321511340168837,0.1437943920143698,0.1437931925405762,1.1994737936227295e-06,97,18,1.0
global_intercept_shrinkage_g0.50,global_intercept_shrinkage,0.5,43,4,0.1520642973910393,0.15206263900862513,-1.6583824141713777e-06,0.1989039092234626,0.19956821148776654,0.0006643022643039453,0.1437943920143698,0.1437920550722466,2.3369421232599663e-06,97,18,1.0
global_intercept_shrinkage_g0.75,global_intercept_shrinkage,0.75,43,4,0.1520642973910393,0.15206181440189273,-2.482989146568304e-06,0.1989039092234626,0.1999003626157979,0.0009964533923353114,0.1437943920143698,0.14379098633612927,3.4056782405311736e-06,97,18,1.0
global_intercept_shrinkage_g1.00,global_intercept_shrinkage,1.0,43,4,0.1520642973910393,0.15206099284929445,-3.3045417448529513e-06,0.1989039092234626,0.20023251374857665,0.0013286045251140466,0.1437943920143698,0.14378999335483467,4.398659535165272e-06,97,18,1.0
global_slope_shrinkage_g0.10,global_slope_shrinkage,0.1,43,4,0.1520642973910393,0.1521254922930306,6.119490199130162e-05,0.1989039092234626,0.20520602484148898,0.006302115618026377,0.1437943920143698,0.14324605254543865,0.0005483394689311805,97,18,1.0038983413748246
global_slope_shrinkage_g0.25,global_slope_shrinkage,0.25,43,4,0.1520642973910393,0.1522184938869527,0.00015419649591338902,0.1989039092234626,0.21465243722911231,0.015748528005649715,0.1437943920143698,0.14245665500355595,0.0013377370108138553,97,18,1.0097458534370614
global_slope_shrinkage_g0.50,global_slope_shrinkage,0.5,43,4,0.1520642973910393,0.1523765973731171,0.0003122999820777961,0.1989039092234626,0.23037852715977714,0.031474617936314536,0.1437943920143698,0.14112327747964484,0.0026711145347250165,97,18,1.0194917068741227
global_slope_shrinkage_g0.75,global_slope_shrinkage,0.75,43,4,0.1520642973910393,0.15253838092710112,0.0004740835360618201,0.1989039092234626,0.24608236373913364,0.04717845451567104,0.1437943920143698,0.13976930553359065,0.00402508648077915,97,18,1.0292375603111843
global_slope_shrinkage_g1.00,global_slope_shrinkage,1.0,43,4,0.1520642973910393,0.1527036255089041,0.0006393281178647958,0.1989039092234626,0.26176413109420577,0.06286022187074317,0.1437943920143698,0.13846316331432876,0.005331228700041102,97,18,1.0389834137482457
global_full_shrinkage_g0.10,global_full_shrinkage,0.1,43,4,0.1520642973910393,0.15252282581848517,0.0004585284274458701,0.1989039092234626,0.2006914587599552,0.0017875495364925997,0.1437943920143698,0.1405753017195422,0.003219090294827698,97,18,1.023338012958676
global_full_shrinkage_g0.25,global_full_shrinkage,0.25,43,4,0.1520642973910393,0.15322613447476952,0.001161837083730216,0.1989039092234626,0.20313508253219142,0.004231173308728825,0.1437943920143698,0.1359352251258425,0.00785916688852728,97,18,1.0583450323966899
global_full_shrinkage_g0.50,global_full_shrinkage,0.5,43,4,0.1520642973910393,0.1544379171196352,0.0023736197285958993,0.1989039092234626,0.20659478780509083,0.00769087858162823,0.1437943920143698,0.12883884326254444,0.014955548751825365,97,18,1.1166900647933797
global_full_shrinkage_g0.75,global_full_shrinkage,0.75,43,4,0.1520642973910393,0.15569618260951396,0.0036318852184746564,0.1989039092234626,0.20932150156967233,0.01041759234620973,0.1437943920143698,0.12243785836741618,0.021356533646953668,97,18,1.1750350971900696
global_full_shrinkage_g1.00,global_full_shrinkage,1.0,43,4,0.1520642973910393,0.15699728344016092,0.004932986049121624,0.1989039092234626,0.21135256016663034,0.012448650943167744,0.1437943920143698,0.11663189725856993,0.027162494755799904,97,18,1.2333801295867595
bounded_global_full_g0.25,bounded_global_full,0.25,43,4,0.1520642973910393,0.15322597781433792,0.0011616804232986166,0.1989039092234626,0.2031836924004089,0.0042797831769463,0.1437943920143698,0.13593532069513883,0.007859071319231026,97,18,1.0583450323966899
bounded_global_full_g0.50,bounded_global_full,0.5,43,4,0.1520642973910393,0.15443753372723026,0.0023732363361909647,0.1989039092234626,0.20669200753053607,0.007788098307073471,0.1437943920143698,0.1288388219908048,0.014955570023565068,97,18,1.1166900647933797
bounded_global_full_g0.75,bounded_global_full,0.75,43,4,0.1520642973910393,0.15569550303881796,0.0036312056477786625,0.1989039092234626,0.20946733116273974,0.010563421939277146,0.1437943920143698,0.12243780979054437,0.021356582223825415,97,18,1.1750350971900696
bounded_global_full_g1.00,bounded_global_full,1.0,43,4,0.1520642973910393,0.15699624022714914,0.004931942836109843,0.1989039092234626,0.21154699961785164,0.012643090394389045,0.1437943920143698,0.11663184252722593,0.027162549487143917,97,18,1.2333801295867595
identity,identity,0.0,71,0,0.12355195368744488,0.12355195368744488,0.0,0.16019264653014692,0.16019264652845197,-1.6949497361196109e-12,1.5616491834840525,1.5616491834840527,2.220446049250313e-16,98,18,1.0
global_intercept_shrinkage_g0.10,global_intercept_shrinkage,0.1,71,0,0.12355195368744488,0.12357312596810462,2.1172280659731424e-05,0.16019264653014692,0.1622782320438244,0.0020855855136774903,1.5616491834840525,1.5616506414129252,1.4579288727389894e-06,98,18,1.0
global_intercept_shrinkage_g0.25,global_intercept_shrinkage,0.25,71,0,0.12355195368744488,0.12360511991241956,5.316622497467116e-05,0.16019264653014692,0.16540661053423705,0.0052139640040901325,1.5616491834840525,1.5616533518687374,4.1683846849771555e-06,98,18,1.0
global_intercept_shrinkage_g0.50,global_intercept_shrinkage,0.5,71,0,0.12355195368744488,0.1236590668374416,0.0001071131499967154,0.16019264653014692,0.17062057506376435,0.010427928533617431,1.5616491834840525,1.5616589341473164,9.750663263918824e-06,98,18,1.0
global_intercept_shrinkage_g0.75,global_intercept_shrinkage,0.75,71,0,0.12355195368744488,0.12371378627754931,0.0001618325901044243,0.16019264653014692,0.17583453958694906,0.015641893056802136,1.5616491834840525,1.561665113334386,1.592985033349592e-05,98,18,1.0
global_intercept_shrinkage_g1.00,global_intercept_shrinkage,1.0,71,0,0.12355195368744488,0.12376927008359996,0.00021731639615507614,0.16019264653014692,0.1810485041005486,0.020855857570401676,1.5616491834840525,1.561671073652908,2.189016885556505e-05,98,18,1.0
global_slope_shrinkage_g0.10,global_slope_shrinkage,0.1,71,0,0.12355195368744488,0.12352895050075322,-2.3003186691669675e-05,0.16019264653014692,0.15515455747654974,-0.005038089053597178,1.5616491834840525,1.5664239097511627,0.004774726267110285,98,18,0.9969496280624923
global_slope_shrinkage_g0.25,global_slope_shrinkage,0.25,71,0,0.12355195368744488,0.12349581823058556,-5.613545685932697e-05,0.16019264653014692,0.1475942077392035,-0.012598438790943411,1.5616491834840525,1.5736449114850182,0.01199572800096571,98,18,0.9923740701562308
global_slope_shrinkage_g0.50,global_slope_shrinkage,0.5,71,0,0.12355195368744488,0.12344433862934803,-0.00010761505809685212,0.16019264653014692,0.1349850147542311,-0.025207631775915812,1.5616491834840525,1.5859252669522808,0.024276083468228293,98,18,0.9847481403124616
global_slope_shrinkage_g0.75,global_slope_shrinkage,0.75,71,0,0.12355195368744488,0.12339766866221723,-0.0001542850252276573,0.16019264653014692,0.12236500443288968,-0.03782764209725724,1.5616491834840525,1.5983676967343607,0.03671851325030828,98,18,0.9771222104686923
global_slope_shrinkage_g1.00,global_slope_shrinkage,1.0,71,0,0.12355195368744488,0.12335596558299883,-0.00019598810444605708,0.16019264653014692,0.10973411359920734,-0.050458532930939576,1.5616491834840525,1.6110254834259636,0.04937629994191117,98,18,0.9694962806249231
global_full_shrinkage_g0.10,global_full_shrinkage,0.1,71,0,0.12355195368744488,0.1237654834123359,0.0002135297248910123,0.16019264653014692,0.16039608050854537,0.00020343397839844846,1.5616491834840525,1.59817639530957,0.03652721182551755,98,18,0.9771375290340243
global_full_shrinkage_g0.25,global_full_shrinkage,0.25,71,0,0.12355195368744488,0.12410060857061551,0.0005486548831706295,0.16019264653014692,0.16051733929380363,0.00032469276365670874,1.5616491834840525,1.6562842721139315,0.09463508862987902,98,18,0.9428438225850607
global_full_shrinkage_g0.50,global_full_shrinkage,0.5,71,0,0.12355195368744488,0.12469820749296465,0.0011462538055197619,0.16019264653014692,0.16021487754021002,2.2231010063100687e-05,1.5616491834840525,1.7633034389957627,0.20165425551171023,98,18,0.8856876451701214
global_full_shrinkage_g0.75,global_full_shrinkage,0.75,71,0,0.12355195368744488,0.12534370348267612,0.0017917497952312372,0.16019264653014692,0.15925909205777442,-0.0009335544723725053,1.5616491834840525,1.8850142296750456,0.32336504619099316,98,18,0.828531467755182
global_full_shrinkage_g1.00,global_full_shrinkage,1.0,71,0,0.12355195368744488,0.12603588944090563,0.002483935753460745,0.16019264653014692,0.15762327450963132,-0.0025693720205156034,1.5616491834840525,2.0247660032813606,0.4631168197973081,98,18,0.7713752903402428
bounded_global_full_g0.25,bounded_global_full,0.25,71,0,0.12355195368744488,0.12410270690554538,0.000550753218100497,0.16019264653014692,0.1607190897512244,0.0005264432210774772,1.5616491834840525,1.6562839920267978,0.09463480854274531,98,18,0.9428438225850607
bounded_global_full_g0.50,bounded_global_full,0.5,71,0,0.12355195368744488,0.12470248888153175,0.0011505351940868658,0.16019264653014692,0.16061837846846538,0.00042573193831846323,1.5616491834840525,1.7633020930633607,0.20165290957930826,98,18,0.8856876451701214
bounded_global_full_g0.75,bounded_global_full,0.75,71,0,0.12355195368744488,0.12535020752849826,0.0017982538410533794,0.16019264653014692,0.15986434311518288,-0.00032830341496403737,1.5616491834840525,1.885010148419432,0.32336096493537947,98,18,0.828531467755182
bounded_global_full_g1.00,bounded_global_full,1.0,71,0,0.12355195368744488,0.12604460660590172,0.0024926529184568363,0.16019264653014692,0.1584302759117215,-0.0017623706184254073,1.5616491834840525,2.024757878002183,0.46310869451813064,98,18,0.7713752903402428
identity,identity,0.0,71,1,0.16032342539913733,0.16032342539913733,0.0,0.18175095495204432,0.18175095495204432,0.0,0.3762106528993098,0.37621065289931,-1.1102230246251565e-16,95,20,1.0
global_intercept_shrinkage_g0.10,global_intercept_shrinkage,0.1,71,1,0.16032342539913733,0.16032967547195387,6.2500728165437724e-06,0.18175095495204432,0.18355465904825996,0.0018037040962156359,0.3762106528993098,0.37621156506811626,-9.121688063773448e-07,95,20,1.0
global_intercept_shrinkage_g0.25,global_intercept_shrinkage,0.25,71,1,0.16032342539913733,0.16033925336473834,1.582796560101185e-05,0.18175095495204432,0.18626021515433566,0.0045092602022913375,0.3762106528993098,0.3755916071309891,0.0006190457683208361,95,20,1.0
global_intercept_shrinkage_g0.50,global_intercept_shrinkage,0.5,71,1,0.16032342539913733,0.16035575447323797,3.23290741006399e-05,0.18175095495204432,0.19076947522923426,0.00901852027718994,0.3762106528993098,0.37561157992611,0.0005990729731999433,95,20,1.0
global_intercept_shrinkage_g0.75,global_intercept_shrinkage,0.75,71,1,0.16032342539913733,0.16037292348003288,4.949808089554919e-05,0.18175095495204432,0.19527873517674746,0.013527780224703134,0.3762106528993098,0.37563534996058723,0.0005753029387226549,95,20,1.0
global_intercept_shrinkage_g1.00,global_intercept_shrinkage,1.0,71,1,0.16032342539913733,0.16039075515553025,6.732975639292538e-05,0.18175095495204432,0.19978799499706806,0.01803704004502374,0.3762106528993098,0.3756630795654558,0.0005475733338540234,95,20,1.0
global_slope_shrinkage_g0.10,global_slope_shrinkage,0.1,71,1,0.16032342539913733,0.16035696497897703,3.3539579839703126e-05,0.18175095495204432,0.18520854847547774,0.0034575935234334165,0.3762106528993098,0.37471441317958365,0.0014962397197262334,95,20,1.0023274898168693
global_slope_shrinkage_g0.25,global_slope_shrinkage,0.25,71,1,0.16032342539913733,0.16040778337999376,8.435798085643098e-05,0.18175095495204432,0.19039355257910479,0.008642597627060461,0.3762106528993098,0.37343434417658716,0.00277630872272272,95,20,1.0058187245421732
global_slope_shrinkage_g0.50,global_slope_shrinkage,0.5,71,1,0.16032342539913733,0.16049381204146168,0.00017038664232435496,0.18175095495204432,0.1990315382045088,0.017280583252464482,0.3762106528993098,0.37133052573648745,0.00488012716282249,95,20,1.0116374490843465
global_slope_shrinkage_g0.75,global_slope_shrinkage,0.75,71,1,0.16032342539913733,0.16058146305116736,0.0002580376520300298,0.18175095495204432,0.20766492776000892,0.02591397280796459,0.3762106528993098,0.3692631909289077,0.006947461970402191,95,20,1.0174561736265195
global_slope_shrinkage_g1.00,global_slope_shrinkage,1.0,71,1,0.16032342539913733,0.16067068897070838,0.0003472635715710548,0.18175095495204432,0.2162937369279175,0.03454278197587318,0.3762106528993098,0.3672303936731736,0.008980259226136322,95,20,1.0232748981686928
global_full_shrinkage_g0.10,global_full_shrinkage,0.1,71,1,0.16032342539913733,0.16040782877123963,8.440337210230409e-05,0.18175095495204432,0.18268011182782096,0.0009291568757766322,0.3762106528993098,0.37293838118534306,0.0032722717139668234,95,20,1.00877739087402
global_full_shrinkage_g0.25,global_full_shrinkage,0.25,71,1,0.16032342539913733,0.16053450722695525,0.00021108182781792717,0.18175095495204432,0.18405422338577393,0.002303268433729605,0.3762106528993098,0.36813549674240564,0.00807515615690424,95,20,1.02194347718505
global_full_shrinkage_g0.50,global_full_shrinkage,0.5,71,1,0.16032342539913733,0.16074579307582865,0.0004223676766913209,0.18175095495204432,0.18629252241050503,0.00454156745846071,0.3762106528993098,0.35979749047955084,0.016413162419758986,95,20,1.0438869543701
global_full_shrinkage_g0.75,global_full_shrinkage,0.75,71,1,0.16032342539913733,0.1609572266151234,0.0006338012159860795,0.18175095495204432,0.1884666528124944,0.006715697860450065,0.3762106528993098,0.3524053824690989,0.023805270430210967,95,20,1.0658304315551501
global_full_shrinkage_g1.00,global_full_shrinkage,1.0,71,1,0.16032342539913733,0.16116877976284857,0.0008453543637112482,0.18175095495204432,0.19057693634836487,0.008825981396320542,0.3762106528993098,0.34531728135977074,0.030893371539539194,95,20,1.0877739087402
bounded_global_full_g0.25,bounded_global_full,0.25,71,1,0.16032342539913733,0.16053450395300456,0.0002110785538672333,0.18175095495204432,0.18405323914172458,0.0023022841896802593,0.3762106528993098,0.3681354962997398,0.008075156599570033,95,20,1.02194347718505
bounded_global_full_g0.50,bounded_global_full,0.5,71,1,0.16032342539913733,0.1607457867542602,0.00042236135512288553,0.18175095495204432,0.18629055392304175,0.004539598970997427,0.3762106528993098,0.3597974836493929,0.01641316924991698,95,20,1.0438869543701
bounded_global_full_g0.75,bounded_global_full,0.75,71,1,0.16032342539913733,0.16095721749082778,0.0006337920916904549,0.18175095495204432,0.18846370008038413,0.006712745128339803,0.3762106528993098,0.3524053719613742,0.023805280937935658,95,20,1.0658304315551501
bounded_global_full_g1.00,bounded_global_full,1.0,71,1,0.16032342539913733,0.16116876809920824,0.0008453427000709168,0.18175095495204432,0.19057299937116068,0.008822044419116354,0.3762106528993098,0.3453172669902765,0.030893385909033455,95,20,1.0877739087402
identity,identity,0.0,71,2,0.09689654580993401,0.09689654580993401,0.0,-0.32072501716869956,-0.32072501716869956,0.0,1.5635500014076644,1.5635500014076644,0.0,104,14,1.0
global_intercept_shrinkage_g0.10,global_intercept_shrinkage,0.1,71,2,0.09689654580993401,0.09698443506360707,8.788925367306244e-05,-0.32072501716869956,-0.3313553253411798,0.01063030817248023,1.5635500014076644,1.563496956959243,-5.3044448421468715e-05,104,14,1.0
global_intercept_shrinkage_g0.25,global_intercept_shrinkage,0.25,71,2,0.09689654580993401,0.09712634791748938,0.00022980210755536856,-0.32072501716869956,-0.3473007885835826,0.026575771414883043,1.5635500014076644,1.563422459565005,-0.0001275418426593955,104,14,1.0
global_intercept_shrinkage_g0.50,global_intercept_shrinkage,0.5,71,2,0.09689654580993401,0.09739040537280716,0.0004938595628731501,-0.32072501716869956,-0.3738765633346667,0.05315154616596712,1.5635500014076644,1.5633175900686858,-0.0002324113389786664,104,14,1.0
global_intercept_shrinkage_g0.75,global_intercept_shrinkage,0.75,71,2,0.09689654580993401,0.09768996251219916,0.0007934167022651539,-0.32072501716869956,-0.40045234151069425,0.0797273243419947,1.5635500014076644,1.5632360235466225,-0.00031397786104192527,104,14,1.0
global_intercept_shrinkage_g1.00,global_intercept_shrinkage,1.0,71,2,0.09689654580993401,0.09802627699267842,0.0011297311827444118,-0.32072501716869956,-0.4270281028349576,0.10630308566625807,1.5635500014076644,1.5631731518284984,-0.0003768495791660609,104,14,1.0
global_slope_shrinkage_g0.10,global_slope_shrinkage,0.1,71,2,0.09689654580993401,0.09708255794548756,0.00018601213555355378,-0.32072501716869956,-0.3338893104624762,0.013164293293776663,1.5635500014076644,1.5775892062957582,0.014039204888093737,104,14,0.9910446631427391
global_slope_shrinkage_g0.25,global_slope_shrinkage,0.25,71,2,0.09689654580993401,0.09737714634598917,0.0004806005360551563,-0.32072501716869956,-0.3536738636900072,0.03294884652130764,1.5635500014076644,1.5991040719099359,0.03555407050227144,104,14,0.9776116578568477
global_slope_shrinkage_g0.50,global_slope_shrinkage,0.5,71,2,0.09689654580993401,0.09791163218893843,0.0010150863790044234,-0.32072501716869956,-0.386750520935671,0.06602550376697147,1.5635500014076644,1.6363403190024361,0.07279031759477173,104,14,0.9552233157136953
global_slope_shrinkage_g0.75,global_slope_shrinkage,0.75,71,2,0.09689654580993401,0.0985038664009973,0.001607320591063291,-0.32072501716869956,-0.4199564079909578,0.09923139082225824,1.5635500014076644,1.6756048895343951,0.1120548881267307,104,14,0.932834973570543
global_slope_shrinkage_g1.00,global_slope_shrinkage,1.0,71,2,0.09689654580993401,0.09915793565282158,0.002261389842887568,-0.32072501716869956,-0.4532929017398919,0.13256788457119234,1.5635500014076644,1.7182476302598788,0.15469762885221439,104,14,0.9104466314273907
global_full_shrinkage_g0.10,global_full_shrinkage,0.1,71,2,0.09689654580993401,0.09713702908461501,0.00024048327468099984,-0.32072501716869956,-0.32823369003128744,0.007508672862587884,1.5635500014076644,1.5964433138938365,0.03289331248617211,104,14,0.9793338964850353
global_full_shrinkage_g0.25,global_full_shrinkage,0.25,71,2,0.09689654580993401,0.09751390334726485,0.0006173575373308454,-0.32072501716869956,-0.3397010545865014,0.01897603741780185,1.5635500014076644,1.6483439439881136,0.08479394258044914,104,14,0.9483347412125882
global_full_shrinkage_g0.50,global_full_shrinkage,0.5,71,2,0.09689654580993401,0.09818719309445673,0.0012906472845227168,-0.32072501716869956,-0.35936755456973457,0.038642537401035015,1.5635500014076644,1.7432741900914124,0.17972418868374795,104,14,0.8966694824251764
global_full_shrinkage_g0.75,global_full_shrinkage,0.75,71,2,0.09689654580993401,0.09892061314891708,0.0020240673389830682,-0.32072501716869956,-0.3797415232694948,0.05901650610079523,1.5635500014076644,1.8500814327619302,0.28653143135426573,104,14,0.8450042236377646
global_full_shrinkage_g1.00,global_full_shrinkage,1.0,71,2,0.09689654580993401,0.09971878796893457,0.0028222421590005653,-0.32072501716869956,-0.4008392981991219,0.08011428103042234,1.5635500014076644,1.9703617720644226,0.4068117706567582,104,14,0.7933389648503528
bounded_global_full_g0.25,bounded_global_full,0.25,71,2,0.09689654580993401,0.09751384903022331,0.0006173032202893003,-0.32072501716869956,-0.3396947427858533,0.018969725617153765,1.5635500014076644,1.6483439811722649,0.08479397976460046,104,14,0.9483347412125882
bounded_global_full_g0.50,bounded_global_full,0.5,71,2,0.09689654580993401,0.09818707582897035,0.00129053001903634,-0.32072501716869956,-0.35935493096288496,0.0386299137941854,1.5635500014076644,1.7432741209867941,0.1797241195791297,104,14,0.8966694824251764
bounded_global_full_g0.75,bounded_global_full,0.75,71,2,0.09689654580993401,0.09892042233152104,0.0020238765215870314,-0.32072501716869956,-0.3797225878531204,0.05899757068442085,1.5635500014076644,1.8500814685725808,0.2865314671649164,104,14,0.8450042236377646
bounded_global_full_g1.00,bounded_global_full,1.0,71,2,0.09689654580993401,0.09971851081341006,0.0028219650034760485,-0.32072501716869956,-0.40081405094222294,0.08008903377352339,1.5635500014076644,1.9703616642095523,0.40681166280188785,104,14,0.7933389648503528
identity,identity,0.0,71,3,0.1373101419047459,0.1373101419047459,0.0,0.19995450336429504,0.19995450336720494,2.9098945475425353e-12,0.9400514667325705,0.9400514667325701,3.3306690738754696e-16,94,17,1.0
global_intercept_shrinkage_g0.10,global_intercept_shrinkage,0.1,71,3,0.1373101419047459,0.13732205169195583,1.1909787209912759e-05,0.19995450336429504,0.20185723041396264,0.0019027270496675963,0.9400514667325705,0.9400623109179009,-1.0844185330483036e-05,94,17,1.0
global_intercept_shrinkage_g0.25,global_intercept_shrinkage,0.25,71,3,0.1373101419047459,0.13734009964287466,2.995773812874969e-05,0.19995450336429504,0.2047113209832699,0.004756817618974868,0.9400514667325705,0.9400768487835107,-2.538205094027024e-05,94,17,1.0
global_intercept_shrinkage_g0.50,global_intercept_shrinkage,0.5,71,3,0.1373101419047459,0.13737066513231191,6.052322756600059e-05,0.19995450336429504,0.20946813860798286,0.009513635243687812,0.9400514667325705,0.9400947761582544,-4.330942568397944e-05,94,17,1.0
global_intercept_shrinkage_g0.75,global_intercept_shrinkage,0.75,71,3,0.1373101419047459,0.1374018324849802,9.169058023428267e-05,0.19995450336429504,0.2142249562367981,0.014270452872503059,0.9400514667325705,0.9409644543551805,-0.0009129876226100508,94,17,1.0
global_intercept_shrinkage_g1.00,global_intercept_shrinkage,1.0,71,3,0.1373101419047459,0.13743359583803233,0.00012345393328641596,0.19995450336429504,0.21898177386973497,0.019027270505439925,0.9400514667325705,0.9409979583795404,-0.0009464916469699158,94,17,1.0
global_slope_shrinkage_g0.10,global_slope_shrinkage,0.1,71,3,0.1373101419047459,0.13729659053020357,-1.355137454234212e-05,0.19995450336429504,0.1982916253120115,-0.0016628780522835451,0.9400514667325705,0.9409742894354326,-0.0009228227028621472,94,17,0.9990017208599608
global_slope_shrinkage_g0.25,global_slope_shrinkage,0.25,71,3,0.1373101419047459,0.13727638303342507,-3.375887132084365e-05,0.19995450336429504,0.1957969314537592,-0.00415757191053584,0.9400514667325705,0.9432169072046124,-0.003165440472041925,94,17,0.9975043021499017
global_slope_shrinkage_g0.50,global_slope_shrinkage,0.5,71,3,0.1373101419047459,0.13724302529532195,-6.711660942396169e-05,0.19995450336429504,0.19163810262183967,-0.008316400742455377,0.9400514667325705,0.9452066894853971,-0.005155222752826649,94,17,0.9950086042998035
global_slope_shrinkage_g0.75,global_slope_shrinkage,0.75,71,3,0.1373101419047459,0.13721007355819714,-0.00010006834654877061,0.19995450336429504,0.18747801501068045,-0.01247648835361459,0.9400514667325705,0.9489341160615279,-0.008882649328957437,94,17,0.9925129064497054
global_slope_shrinkage_g1.00,global_slope_shrinkage,1.0,71,3,0.1373101419047459,0.1371775327275708,-0.00013260917717511367,0.19995450336429504,0.18331666675284003,-0.016637836611455015,0.9400514667325705,0.9511996413034461,-0.01114817457087569,94,17,0.9900172085996071
global_full_shrinkage_g0.10,global_full_shrinkage,0.1,71,3,0.1373101419047459,0.1372801886947304,-2.9953210015504217e-05,0.19995450336429504,0.20067204306432823,0.0007175397000331873,0.9400514667325705,0.9510600957933012,-0.011008629060730746,94,17,0.9890320508690643
global_full_shrinkage_g0.25,global_full_shrinkage,0.25,71,3,0.1373101419047459,0.13723846442911533,-7.167747563058269e-05,0.19995450336429504,0.20170255740525897,0.0017480540409639256,0.9400514667325705,0.9685684638901559,-0.02851699715758549,94,17,0.9725801271726608
global_full_shrinkage_g0.50,global_full_shrinkage,0.5,71,3,0.1373101419047459,0.1371774638733171,-0.0001326780314288012,0.19995450336429504,0.20329664967154978,0.0033421463072547397,0.9400514667325705,0.9947731930294722,-0.05472172629690175,94,17,0.9451602543453217
global_full_shrinkage_g0.75,global_full_shrinkage,0.75,71,3,0.1373101419047459,0.13712712246778733,-0.0001830194369585869,0.19995450336429504,0.20473433338127925,0.0047798300169842045,0.9400514667325705,1.025455244040593,-0.03449328922683648,94,17,0.9177403815179824
global_full_shrinkage_g1.00,global_full_shrinkage,1.0,71,3,0.1373101419047459,0.1370874195060573,-0.00022272239868861843,0.19995450336429504,0.20601318192259824,0.006058678558303193,0.9400514667325705,1.055878680765158,-0.004069852502271654,94,17,0.8903205086906433
bounded_global_full_g0.25,bounded_global_full,0.25,71,3,0.1373101419047459,0.13723828722883027,-7.18546759156391e-05,0.19995450336429504,0.20167521558165874,0.0017207122173636957,0.9400514667325705,0.9685693689207988,-0.02851790218822836,94,17,0.9725801271726608
bounded_global_full_g0.50,bounded_global_full,0.5,71,3,0.1373101419047459,0.13717709654018637,-0.00013304536455954752,0.19995450336429504,0.2032419660227455,0.003287462658450452,0.9400514667325705,0.9947742355065233,-0.05472276877395288,94,17,0.9451602543453217
bounded_global_full_g0.75,bounded_global_full,0.75,71,3,0.1373101419047459,0.13712655300090043,-0.000183588903845483,0.19995450336429504,0.2046523079046358,0.004697804540340744,0.9400514667325705,1.0254572963429087,-0.03449123692452083,94,17,0.9177403815179824
bounded_global_full_g1.00,bounded_global_full,1.0,71,3,0.1373101419047459,0.13708663688866343,-0.0002235050160824814,0.19995450336429504,0.20590381459886506,0.005949311234570015,0.9400514667325705,1.0558788075570724,-0.0040697257103571305,94,17,0.8903205086906433
identity,identity,0.0,71,4,0.11136319665780503,0.11136319665780506,2.7755575615628914e-17,-0.14500338749235625,-0.14500338749036493,-1.9913237725432964e-12,0.6858145316066112,0.6858145316066112,0.0,101,14,1.0
global_intercept_shrinkage_g0.10,global_intercept_shrinkage,0.1,71,4,0.11136319665780503,0.11138795701296146,2.4760355156430713e-05,-0.14500338749235625,-0.15015608538095673,0.005152697888600483,0.6858145316066112,0.6854582378453169,0.0003562937612943129,101,14,1.0
global_intercept_shrinkage_g0.25,global_intercept_shrinkage,0.25,71,4,0.11136319665780503,0.1114265252217291,6.332856392407549e-05,-0.14500338749235625,-0.15788513234656523,0.012881744854208982,0.6858145316066112,0.6855703286198258,0.0002442029867854023,101,14,1.0
global_intercept_shrinkage_g0.50,global_intercept_shrinkage,0.5,71,4,0.11136319665780503,0.11149466593305461,0.00013146927524958218,-0.14500338749235625,-0.17076687762921183,0.025763490136855582,0.6858145316066112,0.6859032752610922,-8.874365448097166e-05,101,14,1.0
global_intercept_shrinkage_g0.75,global_intercept_shrinkage,0.75,71,4,0.11136319665780503,0.11156771931298495,0.00020452265517992285,-0.14500338749235625,-0.1836486233489287,0.03864523585657245,0.6858145316066112,0.6858522004669079,-3.766886029665795e-05,101,14,1.0
global_intercept_shrinkage_g1.00,global_intercept_shrinkage,1.0,71,4,0.11136319665780503,0.11164578698649599,0.00028259032869096257,-0.14500338749235625,-0.1965303695181339,0.05152698202577766,0.6858145316066112,0.6858609451571338,-4.641355052259488e-05,101,14,1.0
global_slope_shrinkage_g0.10,global_slope_shrinkage,0.1,71,4,0.11136319665780503,0.11135253820076195,-1.065845704308066e-05,-0.14500338749235625,-0.15058201214904962,0.005578624656693371,0.6858145316066112,0.6878972651984729,-0.0020827335918617296,101,14,0.9964992012252825
global_slope_shrinkage_g0.25,global_slope_shrinkage,0.25,71,4,0.11136319665780503,0.11133831976816803,-2.487688963699608e-05,-0.14500338749235625,-0.15895580095256465,0.013952413460208396,0.6858145316066112,0.6916069774688928,-0.005792445862281559,101,14,0.9912480030632063
global_slope_shrinkage_g0.50,global_slope_shrinkage,0.5,71,4,0.11136319665780503,0.11131946000736127,-4.3736650443756964e-05,-0.14500338749235625,-0.1729278183650105,0.027924430872654254,0.6858145316066112,0.6980898567165843,-0.01227532510997309,101,14,0.9824960061264124
global_slope_shrinkage_g0.75,global_slope_shrinkage,0.75,71,4,0.11136319665780503,0.11130684579186746,-5.635086593756833e-05,-0.14500338749235625,-0.18691962509340765,0.0419162376010514,0.6858145316066112,0.7043378492344201,-0.0185233176278089,101,14,0.9737440091896186
global_slope_shrinkage_g1.00,global_slope_shrinkage,1.0,71,4,0.11136319665780503,0.11130071199136157,-6.248466644345751e-05,-0.14500338749235625,-0.20093140929415262,0.055928021801796374,0.6858145316066112,0.7107261775121486,-0.024911645905537405,101,14,0.9649920122528248
global_full_shrinkage_g0.10,global_full_shrinkage,0.1,71,4,0.11136319665780503,0.11133904655424252,-2.4150103562506353e-05,-0.14500338749235625,-0.15028552935706857,0.00528214186471232,0.6858145316066112,0.6887062280878969,-0.0028916964812857326,101,14,0.9953717040937644
global_full_shrinkage_g0.25,global_full_shrinkage,0.25,71,4,0.11136319665780503,0.11130459045434604,-5.860620345898848e-05,-0.14500338749235625,-0.15821898457284253,0.01321559708048628,0.6858145316066112,0.693542936182909,-0.007728404576297754,101,14,0.988429260234411
global_full_shrinkage_g0.50,global_full_shrinkage,0.5,71,4,0.11136319665780503,0.11125201770026753,-0.00011117895753749718,-0.14500338749235625,-0.17146895015933455,0.026465562666978304,0.6858145316066112,0.7028849561489818,-0.01707042454237062,101,14,0.976858520468822
global_full_shrinkage_g0.75,global_full_shrinkage,0.75,71,4,0.11136319665780503,0.11120573996459503,-0.00015745669321000355,-0.14500338749235625,-0.184753715667351,0.03975032817499474,0.6858145316066112,0.7105224189251877,-0.024707887318576538,101,14,0.9652877807032331
global_full_shrinkage_g1.00,global_full_shrinkage,1.0,71,4,0.11136319665780503,0.11116602735748239,-0.0001971693003226388,-0.14500338749235625,-0.1980737210035246,0.053070333511168355,0.6858145316066112,0.7191078735502764,-0.03329334194366518,101,14,0.9537170409376441
bounded_global_full_g0.25,bounded_global_full,0.25,71,4,0.11136319665780503,0.1113045384813097,-5.8658176495335335e-05,-0.14500338749235625,-0.1582087514160953,0.013205363923739055,0.6858145316066112,0.6935426658718736,-0.007728134265262421,101,14,0.988429260234411
bounded_global_full_g0.50,bounded_global_full,0.5,71,4,0.11136319665780503,0.11125190640080644,-0.00011129025699858908,-0.14500338749235625,-0.17144848384853126,0.026445096356175007,0.6858145316066112,0.7028935926898967,-0.017079061083285496,101,14,0.976858520468822
bounded_global_full_g0.75,bounded_global_full,0.75,71,4,0.11136319665780503,0.11120556159502698,-0.00015763506277804984,-0.14500338749235625,-0.18472301619882575,0.0397196287064695,0.6858145316066112,0.7105225610958446,-0.02470802948923334,101,14,0.9652877807032331
bounded_global_full_g1.00,bounded_global_full,1.0,71,4,0.11136319665780503,0.11116577376864746,-0.00019742288915756967,-0.14500338749235625,-0.19803278837721633,0.05302940088486008,0.6858145316066112,0.7191077375682234,-0.03329320596161223,101,14,0.9537170409376441
identity,identity,0.0,101,0,0.12214142238609951,0.1221414223860995,-1.3877787807814457e-17,0.10108449201595608,0.1010844920170684,1.1123185705841365e-12,1.27256834532461,1.272568345324609,-8.881784197001252e-16,101,17,1.0
global_intercept_shrinkage_g0.10,global_intercept_shrinkage,0.1,101,0,0.12214142238609951,0.12216628117723022,2.4858791130705216e-05,0.10108449201595608,0.10551216846788043,0.0044276764519243506,1.27256834532461,1.2727944324170613,0.0002260870924513103,101,17,1.0
global_intercept_shrinkage_g0.25,global_intercept_shrinkage,0.25,101,0,0.12214142238609951,0.12220467962236184,6.325723626232627e-05,0.10108449201595608,0.11215368310320432,0.011069191087248242,1.27256834532461,1.2733221382080055,0.0007537928833956098,101,17,1.0
global_intercept_shrinkage_g0.50,global_intercept_shrinkage,0.5,101,0,0.12214142238609951,0.12227159530826827,0.00013017292216875587,0.10108449201595608,0.12322287404526806,0.02213838202931198,1.27256834532461,1.272552318046392,-1.6027278217922714e-05,101,17,1.0
global_intercept_shrinkage_g0.75,global_intercept_shrinkage,0.75,101,0,0.12214142238609951,0.12234209040789228,0.0002006680217927631,0.10108449201595608,0.13429206484753817,0.033207572831582086,1.27256834532461,1.272578941351576,1.0596026966069871e-05,101,17,1.0
global_intercept_shrinkage_g1.00,global_intercept_shrinkage,1.0,101,0,0.12214142238609951,0.1224160866371696,0.0002746642510700892,0.10108449201595608,0.14536125550804468,0.0442767634920886,1.27256834532461,1.2726471845442497,7.883921963980356e-05,101,17,1.0
global_slope_shrinkage_g0.10,global_slope_shrinkage,0.1,101,0,0.12214142238609951,0.12213290471056336,-8.517675536154345e-06,0.10108449201595608,0.09719794072692302,-0.0038865512890330633,1.27256834532461,1.2754296292495666,0.002861283924956659,101,17,0.9976746078754922
global_slope_shrinkage_g0.25,global_slope_shrinkage,0.25,101,0,0.12214142238609951,0.12212092822803323,-2.049415806627819e-05,0.10108449201595608,0.09136616537801039,-0.009718326637945696,1.27256834532461,1.2814581339744386,0.0088897886498287,101,17,0.9941865196887305
global_slope_shrinkage_g0.50,global_slope_shrinkage,0.5,101,0,0.12214142238609951,0.1221031350887155,-3.828729738401815e-05,0.10108449201595608,0.0816413341126406,-0.01944315790331548,1.27256834532461,1.2874221460143962,0.014853800689786256,101,17,0.988373039377461
global_slope_shrinkage_g0.75,global_slope_shrinkage,0.75,101,0,0.12214142238609951,0.12208810791232984,-5.331447376967502e-05,0.10108449201595608,0.07190997966864059,-0.029174512347315495,1.27256834532461,1.2949816002326149,0.022413254908004943,101,17,0.9825595590661914
global_slope_shrinkage_g1.00,global_slope_shrinkage,1.0,101,0,0.12214142238609951,0.12207591276993425,-6.550961616526296e-05,0.10108449201595608,0.062172083557400844,-0.03891240845855524,1.27256834532461,1.3027034385074667,0.030135093182856787,101,17,0.9767460787549219
global_full_shrinkage_g0.10,global_full_shrinkage,0.1,101,0,0.12214142238609951,0.12229877746890977,0.00015735508281025656,0.10108449201595608,0.10211712886119548,0.0010326368452393958,1.27256834532461,1.3074034866955386,0.03483514137092869,101,17,0.9732738291344724
global_full_shrinkage_g0.25,global_full_shrinkage,0.25,101,0,0.12214142238609951,0.1225489897459058,0.00040756735980629344,0.10108449201595608,0.10340513984246391,0.0023206478265078295,1.27256834532461,1.36533766153435,0.09276931620974005,101,17,0.933184572836181
global_full_shrinkage_g0.50,global_full_shrinkage,0.5,101,0,0.12214142238609951,0.12300292560035014,0.0008615032142506307,0.10108449201595608,0.10484130664571559,0.0037568146297595056,1.27256834532461,1.4687260406266596,0.19615769530204963,101,17,0.8663691456723619
global_full_shrinkage_g0.75,global_full_shrinkage,0.75,101,0,0.12214142238609951,0.12350152185028022,0.0013600994641807113,0.10108449201595608,0.10536619371206295,0.0042817016961068655,1.27256834532461,1.5913339866039997,0.3187656412793898,101,17,0.7995537185085428
global_full_shrinkage_g1.00,global_full_shrinkage,1.0,101,0,0.12214142238609951,0.12404308288310767,0.0019016604970081563,0.10108449201595608,0.1049542652022168,0.003869773186260722,1.27256834532461,1.736231345299276,0.463662999974666,101,17,0.7327382913447238
bounded_global_full_g0.25,bounded_global_full,0.25,101,0,0.12214142238609951,0.12252487607265876,0.00038345368655924583,0.10108449201595608,0.10389406021722852,0.0028095682012724416,1.27256834532461,1.3595982494524215,0.08702990412781153,101,17,0.9375
bounded_global_full_g0.50,bounded_global_full,0.5,101,0,0.12214142238609951,0.12294937156488901,0.0008079491787894993,0.10108449201595608,0.10593124845168582,0.004846756435729738,1.27256834532461,1.454200128555191,0.18163178323058116,101,17,0.875
bounded_global_full_g0.75,bounded_global_full,0.75,101,0,0.12214142238609951,0.12341336981948241,0.0012719474333828945,0.10108449201595608,0.1071740300971818,0.006089538081225712,1.27256834532461,1.5661008152905918,0.2935324699659818,101,17,0.8125
bounded_global_full_g1.00,bounded_global_full,1.0,101,0,0.12214142238609951,0.12391532577249466,0.0017739033863951453,0.10108449201595608,0.10760132027348138,0.006516828257525295,1.27256834532461,1.6964041921136344,0.4238358467890244,101,17,0.75
identity,identity,0.0,101,1,0.10952336822850231,0.10952336822850231,0.0,-0.20663067864550394,-0.20663067864550394,0.0,1.4977433788717944,1.4977433788717942,-2.220446049250313e-16,96,15,1.0
global_intercept_shrinkage_g0.10,global_intercept_shrinkage,0.1,101,1,0.10952336822850231,0.1095367791323921,1.3410903889787829e-05,-0.20663067864550394,-0.2093616419585452,0.0027309633130412625,1.4977433788717944,1.4973467449405191,-0.0003966339312753142,96,15,1.0
global_intercept_shrinkage_g0.25,global_intercept_shrinkage,0.25,101,1,0.10952336822850231,0.10955753512081236,3.4166892310047436e-05,-0.20663067864550394,-0.213458086932106,0.006827408286602055,1.4977433788717944,1.4977124855362987,-3.089333549577411e-05,96,15,1.0
global_intercept_shrinkage_g0.50,global_intercept_shrinkage,0.5,101,1,0.10952336822850231,0.10959384535786991,7.047712936759931e-05,-0.20663067864550394,-0.2202854952351395,0.013654816589635549,1.4977433788717944,1.4979555551621226,0.00021217629032821428,96,15,1.0
global_intercept_shrinkage_g0.75,global_intercept_shrinkage,0.75,101,1,0.10952336822850231,0.10963232005358416,0.00010895182508184609,-0.20663067864550394,-0.227112903549721,0.020482224904217056,1.4977433788717944,1.4977653194743343,2.194060253990493e-05,96,15,1.0
global_intercept_shrinkage_g1.00,global_intercept_shrinkage,1.0,101,1,0.10952336822850231,0.10967298039209977,0.00014961216359746232,-0.20663067864550394,-0.2339403118790941,0.027309633233590147,1.4977433788717944,1.4973423507606145,-0.0004010281111799241,96,15,1.0
global_slope_shrinkage_g0.10,global_slope_shrinkage,0.1,101,1,0.10952336822850231,0.10960996926612218,8.660103761987115e-05,-0.20663067864550394,-0.21582383085364973,0.009193152208145788,1.4977433788717944,1.5074258754342003,0.009682496562405829,96,15,0.9936430446103596
global_slope_shrinkage_g0.25,global_slope_shrinkage,0.25,101,1,0.10952336822850231,0.10974730868682393,0.00022394045832162257,-0.20663067864550394,-0.22963007829477966,0.02299939964927572,1.4977433788717944,1.5216188017946346,0.023875422922840173,96,15,0.9841076115258991
global_slope_shrinkage_g0.50,global_slope_shrinkage,0.5,101,1,0.10952336822850231,0.1099967298278732,0.00047336159937089173,-0.20663067864550394,-0.25268482734359654,0.0460541486980926,1.4977433788717944,1.546518873222395,0.04877549435060047,96,15,0.9682152230517981
global_slope_shrinkage_g0.75,global_slope_shrinkage,0.75,101,1,0.10952336822850231,0.11027295520336157,0.0007495869748592593,-0.20663067864550394,-0.2757954617634083,0.06916478311790436,1.4977433788717944,1.5723782467007152,0.07463486782892081,96,15,0.9523228345776971
global_slope_shrinkage_g1.00,global_slope_shrinkage,1.0,101,1,0.10952336822850231,0.11057736140289645,0.001053993174394141,-0.20663067864550394,-0.2989625178183229,0.09233183917281895,1.4977433788717944,1.5992398478428353,0.10149646897104092,96,15,0.9364304461035962
global_full_shrinkage_g0.10,global_full_shrinkage,0.1,101,1,0.10952336822850231,0.10971477382967976,0.00019140560117744676,-0.20663067864550394,-0.20451829029037688,-0.0021123883551270595,1.4977433788717944,1.5445479198403258,0.04680454096853137,96,15,0.969469107386736
global_full_shrinkage_g0.25,global_full_shrinkage,0.25,101,1,0.10952336822850231,0.11003761489592402,0.0005142466674217111,-0.20663067864550394,-0.20173731398082767,-0.00489336466467627,1.4977433788717944,1.6210915085069797,0.12334812963518527,96,15,0.92367276846684
global_full_shrinkage_g0.50,global_full_shrinkage,0.5,101,1,0.10952336822850231,0.11067024905157437,0.0011468808230720579,-0.20663067864550394,-0.19816760662780475,-0.008463072017699191,1.4977433788717944,1.7688826865722287,0.27113930770043426,96,15,0.84734553693368
global_full_shrinkage_g0.75,global_full_shrinkage,0.75,101,1,0.10952336822850231,0.11141920324750143,0.0018958350189991202,-0.20663067864550394,-0.19598027198904475,-0.010650406656459194,1.4977433788717944,1.9476552563202596,0.44991187744846517,96,15,0.7710183054005201
global_full_shrinkage_g1.00,global_full_shrinkage,1.0,101,1,0.10952336822850231,0.11228142652848426,0.0027580582999819497,-0.20663067864550394,-0.19523218177176785,-0.011398496873736091,1.4977433788717944,2.155726776015546,0.6579833971437516,96,15,0.6946910738673601
bounded_global_full_g0.25,bounded_global_full,0.25,101,1,0.10952336822850231,0.10994216268000892,0.00041879445150661,-0.20663067864550394,-0.2040410011217769,-0.0025896775237270464,1.4977433788717944,1.5974678460258989,0.09972446715410443,96,15,0.9375
bounded_global_full_g0.50,bounded_global_full,0.5,101,1,0.10952336822850231,0.11043918100511226,0.000915812776609945,-0.20663067864550394,-0.20233165008276785,-0.00429902856273609,1.4977433788717944,1.7147166714319884,0.21697329256019393,96,15,0.875
bounded_global_full_g0.75,bounded_global_full,0.75,101,1,0.10952336822850231,0.11101389321452583,0.0014905249860235198,-0.20663067864550394,-0.2015350427827548,-0.005095635862749137,1.4977433788717944,1.8432557787067714,0.34551239983497695,96,15,0.8125
bounded_global_full_g1.00,bounded_global_full,1.0,101,1,0.10952336822850231,0.11166535447435587,0.0021419862458535582,-0.20663067864550394,-0.20168298238905646,-0.004947696256447476,1.4977433788717944,1.99779156056861,0.5000481816968156,96,15,0.75
identity,identity,0.0,101,2,0.11873179561168225,0.11873179561168225,0.0,-0.31678604741936506,-0.31678604741936506,0.0,0.6933785082609881,0.6933785082609886,-4.440892098500626e-16,99,16,1.0
global_intercept_shrinkage_g0.10,global_intercept_shrinkage,0.1,101,2,0.11873179561168225,0.11877363729242381,4.184168074156114e-05,-0.31678604741936506,-0.3218729895289041,0.005086942109539028,0.6933785082609881,0.6932653892089181,0.00011311905207000983,99,16,1.0
global_intercept_shrinkage_g0.25,global_intercept_shrinkage,0.25,101,2,0.11873179561168225,0.11883854017049862,0.00010674455881637401,-0.31678604741936506,-0.32950340270391143,0.012717355284546372,0.6933785082609881,0.6932204154361429,0.00015809282484524623,99,16,1.0
global_intercept_shrinkage_g0.50,global_intercept_shrinkage,0.5,101,2,0.11873179561168225,0.1189524852268527,0.00022068961517045238,-0.31678604741936506,-0.3422207580495273,0.025434710630162227,0.6933785082609881,0.6931295576521725,0.00024895060881557907,99,16,1.0
global_intercept_shrinkage_g0.75,global_intercept_shrinkage,0.75,101,2,0.11873179561168225,0.11907375493410834,0.0003419593224260886,-0.31678604741936506,-0.3549381134644489,0.038152066045083866,0.6933785082609881,0.6930834597565276,0.00029504850446049335,99,16,1.0
global_intercept_shrinkage_g1.00,global_intercept_shrinkage,1.0,101,2,0.11873179561168225,0.1192024741247841,0.0004706785131018548,-0.31678604741936506,-0.3676554689506983,0.050869421531333225,0.6933785082609881,0.6931464464627903,0.00023206179819779127,99,16,1.0
global_slope_shrinkage_g0.10,global_slope_shrinkage,0.1,101,2,0.11873179561168225,0.11876601993828285,3.4224326600607036e-05,-0.31678604741936506,-0.3213160415895371,0.004529994170172025,0.6933785082609881,0.6957833586553701,-0.0024048503943819854,99,16,0.9963885525097481
global_slope_shrinkage_g0.25,global_slope_shrinkage,0.25,101,2,0.11873179561168225,0.1188194924746092,8.769686292695034e-05,-0.31678604741936506,-0.3281156299120843,0.011329582492719259,0.6933785082609881,0.6995497695990566,-0.006171261338068446,99,16,0.9909713812743702
global_slope_shrinkage_g0.50,global_slope_shrinkage,0.5,101,2,0.11873179561168225,0.11891442161439186,0.0001826260027096155,-0.31678604741936506,-0.3394606566021922,0.022674609182827155,0.6933785082609881,0.7058888322600924,-0.012510323999104234,99,16,0.9819427625487405
global_slope_shrinkage_g0.75,global_slope_shrinkage,0.75,101,2,0.11873179561168225,0.11901679646270896,0.0002850008510267149,-0.31678604741936506,-0.3508213582169749,0.03403531079760985,0.6933785082609881,0.7123658386421388,-0.018987330381150636,99,16,0.9729141438231106
global_slope_shrinkage_g1.00,global_slope_shrinkage,1.0,101,2,0.11873179561168225,0.11912683544068801,0.0003950398290057666,-0.31678604741936506,-0.3621979726315639,0.045411925212198834,0.6933785082609881,0.7191225797492365,-0.02574407148824842,99,16,0.9638855250974808
global_full_shrinkage_g0.10,global_full_shrinkage,0.1,101,2,0.11873179561168225,0.11874588112914612,1.408551746387432e-05,-0.31678604741936506,-0.31923618470876947,0.0024501372894044082,0.6933785082609881,0.698306735020495,-0.004928226759506882,99,16,0.9928798901866661
global_full_shrinkage_g0.25,global_full_shrinkage,0.25,101,2,0.11873179561168225,0.11876826378849381,3.6468176811563224e-05,-0.31678604741936506,-0.3229293787732776,0.00614333135391254,0.6933785082609881,0.7058360280678192,-0.012457519806831074,99,16,0.9821997254666655
global_full_shrinkage_g0.50,global_full_shrinkage,0.5,101,2,0.11873179561168225,0.11880907571120139,7.728009951914194e-05,-0.31678604741936506,-0.3291336187248264,0.012347571305461325,0.6933785082609881,0.718829805315081,-0.02545129705409288,99,16,0.9643994509333308
global_full_shrinkage_g0.75,global_full_shrinkage,0.75,101,2,0.11873179561168225,0.11885455064957401,0.00012275503789176134,-0.31678604741936506,-0.33540061573939284,0.01861456832002778,0.6933785082609881,0.7322811423455798,-0.038902634084591714,99,16,0.9465991763999961
global_full_shrinkage_g1.00,global_full_shrinkage,1.0,101,2,0.11873179561168225,0.11890503099935522,0.00017323538767297086,-0.31678604741936506,-0.34173232964492245,0.024946282225557392,0.6933785082609881,0.7462228599482025,-0.05284435168721435,99,16,0.9287989018666616
bounded_global_full_g0.25,bounded_global_full,0.25,101,2,0.11873179561168225,0.11876822754522523,3.6431933542982464e-05,-0.31678604741936506,-0.32292510561841703,0.006139058199051972,0.6933785082609881,0.7058360523698308,-0.0124575441088427,99,16,0.9821997254666655
bounded_global_full_g0.50,bounded_global_full,0.5,101,2,0.11873179561168225,0.11880899999129596,7.720437961371285e-05,-0.31678604741936506,-0.32912507241760236,0.012339024998237302,0.6933785082609881,0.7188298823997256,-0.025451374138737437,99,16,0.9643994509333308
bounded_global_full_g0.75,bounded_global_full,0.75,101,2,0.11873179561168225,0.11885443208402582,0.00012263647234357633,-0.31678604741936506,-0.33538779627348975,0.01860174885412469,0.6933785082609881,0.7322813087711316,-0.0389028005101435,99,16,0.9465991763999961
bounded_global_full_g1.00,bounded_global_full,1.0,101,2,0.11873179561168225,0.11890486608163278,0.0001730704699505342,-0.31678604741936506,-0.3417152370281707,0.024929189608805635,0.6933785082609881,0.7462230375913165,-0.05284452933032835,99,16,0.9287989018666616
identity,identity,0.0,101,3,0.1488623671702929,0.1488623671702929,0.0,0.34765153740215354,0.3476515374021417,-1.1823875212257917e-14,1.7547924306492764,1.754792430649276,-4.440892098500626e-16,100,20,1.0
global_intercept_shrinkage_g0.10,global_intercept_shrinkage,0.1,101,3,0.1488623671702929,0.14901927527882095,0.0001569081085280588,0.34765153740215354,0.35888837975429955,0.011236842352146004,1.7547924306492764,1.7522835041537008,-0.0025089264955755475,100,20,1.0
global_intercept_shrinkage_g0.25,global_intercept_shrinkage,0.25,101,3,0.1488623671702929,0.14925950121758752,0.00039713404729463386,0.34765153740215354,0.3757436433172536,0.02809210591510003,1.7547924306492764,1.7482745975579,-0.006517833091376435,100,20,1.0
global_intercept_shrinkage_g0.50,global_intercept_shrinkage,0.5,101,3,0.1488623671702929,0.14967216306911238,0.0008097958988194931,0.34765153740215354,0.40383574934375227,0.05618421194159873,1.7547924306492764,1.7493992670724672,-0.00539316357680919,100,20,1.0
global_intercept_shrinkage_g0.75,global_intercept_shrinkage,0.75,101,3,0.1488623671702929,0.15009909831073812,0.0012367311404452297,0.34765153740215354,0.4319279260441574,0.08427638864200387,1.7547924306492764,1.7492295308377015,-0.005562899811574873,100,20,1.0
global_intercept_shrinkage_g1.00,global_intercept_shrinkage,1.0,101,3,0.1488623671702929,0.15053909785128272,0.0016767306809898352,0.34765153740215354,0.46002002954595067,0.11236849214379713,1.7547924306492764,1.7501802140030505,-0.0046122166462259084,100,20,1.0
global_slope_shrinkage_g0.10,global_slope_shrinkage,0.1,101,3,0.1488623671702929,0.14890065677044861,3.828960015572758e-05,0.34765153740215354,0.3509313580012946,0.003279820599141059,1.7547924306492764,1.7506302888747798,-0.004162141774496586,100,20,1.0018423818733495
global_slope_shrinkage_g0.25,global_slope_shrinkage,0.25,101,3,0.1488623671702929,0.14895852604835638,9.615887806349588e-05,0.34765153740215354,0.35585067653790314,0.0081991391357496,1.7547924306492764,1.744353208565203,-0.01043922208407344,100,20,1.0046059546833739
global_slope_shrinkage_g0.50,global_slope_shrinkage,0.5,101,3,0.1488623671702929,0.14905611656583792,0.00019374939554503423,0.34765153740215354,0.36404844183468893,0.016396904432535386,1.7547924306492764,1.733986110910398,-0.020806319738878365,100,20,1.0092119093667475
global_slope_shrinkage_g0.75,global_slope_shrinkage,0.75,101,3,0.1488623671702929,0.1491551053340133,0.00029273816372041295,0.34765153740215354,0.37224483458439545,0.024593297182241902,1.7547924306492764,1.724286920321638,-0.030505510327638374,100,20,1.0138178640501212
global_slope_shrinkage_g1.00,global_slope_shrinkage,1.0,101,3,0.1488623671702929,0.14925545938220564,0.0003930922119127489,0.34765153740215354,0.38043985609141506,0.03278831868926152,1.7547924306492764,1.7166039811390164,-0.038188449510260014,100,20,1.018423818733495
global_full_shrinkage_g0.10,global_full_shrinkage,0.1,101,3,0.1488623671702929,0.14902243688034436,0.00016006971005147475,0.34765153740215354,0.35312826664568625,0.0054767292435327075,1.7547924306492764,1.7860706778968574,0.03127824724758099,100,20,0.9788682115249934
global_full_shrinkage_g0.25,global_full_shrinkage,0.25,101,3,0.1488623671702929,0.14926624138826358,0.00040387421797069556,0.34765153740215354,0.36128881827987225,0.013637280877718705,1.7547924306492764,1.8460071848028632,0.09121475415358682,100,20,0.9471705288124834
global_full_shrinkage_g0.50,global_full_shrinkage,0.5,101,3,0.1488623671702929,0.14968183009766714,0.0008194629273742537,0.34765153740215354,0.3747432905119727,0.02709175310981915,1.7547924306492764,1.9552783683929584,0.20048593774368206,100,20,0.8943410576249669
global_full_shrinkage_g0.75,global_full_shrinkage,0.75,101,3,0.1488623671702929,0.1501079896386286,0.0012456224683357053,0.34765153740215354,0.3880131332393688,0.04036159583721527,1.7547924306492764,2.0780327374887677,0.32324030683949134,100,20,0.8415115864374502
global_full_shrinkage_g1.00,global_full_shrinkage,1.0,101,3,0.1488623671702929,0.15054360510365725,0.0016812379333643601,0.34765153740215354,0.4010966158029235,0.05344507840076995,1.7547924306492764,2.2210920889986028,0.4662996583493264,100,20,0.7886821152499336
bounded_global_full_g0.25,bounded_global_full,0.25,101,3,0.1488623671702929,0.14926601614772214,0.0004036489774292551,0.34765153740215354,0.36127289153582504,0.013621354133671493,1.7547924306492764,1.8460075239744949,0.09121509332521849,100,20,0.9471705288124834
bounded_global_full_g0.50,bounded_global_full,0.5,101,3,0.1488623671702929,0.14968137121991254,0.0008190040496196538,0.34765153740215354,0.37471143702534704,0.027059899623193495,1.7547924306492764,1.9552796220528448,0.2004871914035684,100,20,0.8943410576249669
bounded_global_full_g0.75,bounded_global_full,0.75,101,3,0.1488623671702929,0.15010729028991948,0.0012449231196265953,0.34765153740215354,0.3879653530052636,0.04031381560311004,1.7547924306492764,2.0780356189540274,0.3232431883047511,100,20,0.8415115864374502
bounded_global_full_g1.00,bounded_global_full,1.0,101,3,0.1488623671702929,0.15054265995812793,0.001680292787835047,0.34765153740215354,0.4010329088273175,0.05338137142516397,1.7547924306492764,2.2210889185194533,0.46629648787017697,100,20,0.7886821152499336
identity,identity,0.0,101,4,0.1336466101265669,0.1336466101265669,0.0,-0.06465723485352311,-0.06465723485355775,3.4638958368304884e-14,0.2018797058545921,0.20187970585459183,3.3306690738754696e-16,96,15,1.0
global_intercept_shrinkage_g0.10,global_intercept_shrinkage,0.1,101,4,0.1336466101265669,0.13364088424833445,-5.725878232443193e-06,-0.06465723485352311,-0.06410085949935973,-0.000556375354163377,0.2018797058545921,0.20187843030522673,1.2755493653537897e-06,96,15,1.0
global_intercept_shrinkage_g0.25,global_intercept_shrinkage,0.25,101,4,0.1336466101265669,0.1336323152567868,-1.4294869780107078e-05,-0.06465723485352311,-0.06326629646796815,-0.0013909383855549573,0.2018797058545921,0.20187803588841458,1.6699661775643193e-06,96,15,1.0
global_intercept_shrinkage_g0.50,global_intercept_shrinkage,0.5,101,4,0.1336466101265669,0.13361808640551692,-2.852372104997225e-05,-0.06465723485352311,-0.06187535808911399,-0.002781876764409115,0.2018797058545921,0.20188276704632904,-3.061191736875024e-06,96,15,1.0
global_intercept_shrinkage_g0.75,global_intercept_shrinkage,0.75,101,4,0.1336466101265669,0.1336039234462794,-4.2686680287506995e-05,-0.06465723485352311,-0.06048441971025091,-0.004172815143272196,0.2018797058545921,0.20188853900857165,-8.8331539794817e-06,96,15,1.0
global_intercept_shrinkage_g1.00,global_intercept_shrinkage,1.0,101,4,0.1336466101265669,0.13358982625270685,-5.6783873860044576e-05,-0.06465723485352311,-0.05909348133708556,-0.00556375351643755,0.2018797058545921,0.20187859807783093,1.107776761211099e-06,96,15,1.0
global_slope_shrinkage_g0.10,global_slope_shrinkage,0.1,101,4,0.1336466101265669,0.13364487794919375,-1.732177373148236e-06,-0.06465723485352311,-0.06526098425549581,0.0006037494019727058,0.2018797058545921,0.20196010390462057,-8.03980500284629e-05,96,15,0.999611118802752
global_slope_shrinkage_g0.25,global_slope_shrinkage,0.25,101,4,0.1336466101265669,0.13364229636455108,-4.313762015817346e-06,-0.06465723485352311,-0.06616668291401148,0.0015094480604883748,0.2018797058545921,0.20208107010510398,-0.00020136425051187068,96,15,0.9990277970068799
global_slope_shrinkage_g0.50,global_slope_shrinkage,0.5,101,4,0.1336466101265669,0.13363803835131585,-8.571775251042801e-06,-0.06465723485352311,-0.06767637956315549,0.003019144709632382,0.2018797058545921,0.2022817334427657,-0.0004020275881735369,96,15,0.9980555940137599
global_slope_shrinkage_g0.75,global_slope_shrinkage,0.75,101,4,0.1336466101265669,0.13363383635753942,-1.2773769027474291e-05,-0.06465723485352311,-0.06918632492706389,0.004529090073540784,0.2018797058545921,0.20247980006138935,-0.000600094206797186,96,15,0.9970833910206399
global_slope_shrinkage_g1.00,global_slope_shrinkage,1.0,101,4,0.1336466101265669,0.13362969065478006,-1.691947178683595e-05,-0.06465723485352311,-0.07069651912758651,0.006039284274063403,0.2018797058545921,0.20267552260323204,-0.0007958167486399326,96,15,0.9961111880275199
global_full_shrinkage_g0.10,global_full_shrinkage,0.1,101,4,0.1336466101265669,0.13355223366879634,-9.437645777055081e-05,-0.06465723485352311,-0.0640645011500041,-0.000592733703519005,0.2018797058545921,0.2027552441675929,-0.000875538313000801,96,15,0.9956746077183265
global_full_shrinkage_g0.25,global_full_shrinkage,0.25,101,4,0.1336466101265669,0.13341157654449237,-0.00023503358207452307,-0.06465723485352311,-0.06318464605752389,-0.0014725887959992218,0.2018797058545921,0.20408606464144194,-0.002206358786849827,96,15,0.9891865192958161
global_full_shrinkage_g0.50,global_full_shrinkage,0.5,101,4,0.1336466101265669,0.13317957337109093,-0.00046703675547596357,-0.06465723485352311,-0.061742968227527166,-0.0029142666259959413,0.2018797058545921,0.20634992135523106,-0.004470215500638974,96,15,0.9783730385916323
global_full_shrinkage_g0.75,global_full_shrinkage,0.75,101,4,0.1336466101265669,0.13295060993957514,-0.0006960001869917576,-0.06465723485352311,-0.060332374854002786,-0.004324859999520321,0.2018797058545921,0.20863774610248087,-0.00675804024788873,96,15,0.9675595578874485
global_full_shrinkage_g1.00,global_full_shrinkage,1.0,101,4,0.1336466101265669,0.1327246949423584,-0.0009219151842085049,-0.06465723485352311,-0.058953038776355986,-0.005704196077167122,0.2018797058545921,0.21100358525702337,-0.009123879402431201,96,15,0.9567460771832647
bounded_global_full_g0.25,bounded_global_full,0.25,101,4,0.1336466101265669,0.13341202842517405,-0.00023458170139284418,-0.06465723485352311,-0.06322940914140622,-0.001427825712116887,0.2018797058545921,0.20408594123900176,-0.0022062353844095606,96,15,0.9891865192958161
bounded_global_full_g0.50,bounded_global_full,0.5,101,4,0.1336466101265669,0.1331804587946477,-0.00046615133191918456,-0.06465723485352311,-0.06183249439253618,-0.0028247404609869284,0.2018797058545921,0.206349805821982,-0.004470099967389896,96,15,0.9783730385916323
bounded_global_full_g0.75,bounded_global_full,0.75,101,4,0.1336466101265669,0.13295191072855492,-0.0006946993980119776,-0.06465723485352311,-0.06046666410689989,-0.004190570746623219,0.2018797058545921,0.20863817772147966,-0.006758471866887494,96,15,0.9675595578874485
bounded_global_full_g1.00,bounded_global_full,1.0,101,4,0.1336466101265669,0.13272639309114567,-0.0009202170354212225,-0.06465723485352311,-0.05913209111449871,-0.0055251437390244,0.2018797058545921,0.2110017319730476,-0.009122026118455473,96,15,0.9567460771832647
