replicate,threshold,delta_brier_router_minus_v0,delta_brier_router_minus_v1r
1,0.4,0.0014402551038253664,-0.0009603087564411111
1,0.5,0.0014395051712603468,-0.0009610586890061307
1,0.6,0.0014381627569612365,-0.000962401103305241
2,0.4,-0.00046690305355784334,0.001725763850624687
2,0.5,-0.000469043040294867,0.0017236238638876633
2,0.6,-0.00046451087670890123,0.001728156027473629
3,0.4,0.0004303919914032672,0.0015067869633288156
3,0.5,0.00042818956269452535,0.0015045845346200737
3,0.6,0.00042850603819663546,0.0015049010101221838
4,0.4,0.0008210145229635146,0.0007341810136236304
4,0.5,0.0008199870031194711,0.0007331534937795869
4,0.6,0.000820341692651716,0.0007335081833118318
5,0.4,-0.001525575803264817,0.0022441105903096142
5,0.5,-0.0015246642426638424,0.002245022150910589
5,0.6,-0.0015174827569312405,0.002252203636643191
6,0.4,-0.0016313527701960345,0.0029275221895278397
6,0.5,-0.0016320314183190798,0.0029268435414047944
6,0.6,-0.0016269246095358403,0.002931950350188034
7,0.4,0.0005513871829479211,0.001824250995953819
7,0.5,0.0005531034831710024,0.0018259672961769002
7,0.6,0.0005605038299551501,0.001833367642961048
8,0.4,5.011661180268079e-05,0.0014593955152413796
8,0.5,5.0291449361139495e-05,0.0014595703527998383
8,0.6,5.570549274228065e-05,0.0014649843961809794
9,0.4,-0.00019050191806160854,-0.0004185100407166076
9,0.5,-0.00019135695584168722,-0.00041936507849668625
9,0.6,-0.00018857032143637653,-0.00041657844409137557
10,0.4,-0.0017346911313902563,9.091371552190364e-05
10,0.5,-0.0017362341458764252,8.937070103573475e-05
10,0.6,-0.001734832401151909,9.077244576025101e-05
11,0.4,-0.0009921322625371098,0.0010442527618373665
11,0.5,-0.0009924353709669376,0.0010439496534075388
11,0.6,-0.0009879234786659558,0.0010484615457085206
12,0.4,0.0005165036508979481,-0.0004761973936306396
12,0.5,0.0005127591967544476,-0.0004799418477741402
12,0.6,0.0005126960122774915,-0.00048000503225109625
13,0.4,-0.0006205645718800751,-2.9938715316313314e-05
13,0.5,-0.0006196323260069247,-2.9006469443162985e-05
13,0.6,-0.0006129249300902001,-2.229907352643834e-05
14,0.4,-0.0007089928290126557,-0.0016748651348517662
14,0.5,-0.0007127072546031371,-0.0016785795604422477
14,0.6,-0.0007114903545841766,-0.0016773626604232872
15,0.4,-4.219111212851179e-05,0.0013445273152579013
15,0.5,-4.236765079121407e-05,0.001344350776595199
15,0.6,-3.477153451632298e-05,0.00135194689287009
16,0.4,0.0009402487298371676,5.678671853726058e-05
16,0.5,0.0009392604507288405,5.579843942893348e-05
16,0.6,0.0009408697722615156,5.74077609616086e-05
17,0.4,-0.00010829472033027643,0.0017497018317758906
17,0.5,-0.00011061413799157149,0.0017473824141145955
17,0.6,-0.00010691863310219318,0.0017510779190039738
18,0.4,-0.0014329861394211801,-0.00022634774246257927
18,0.5,-0.0014349569594544337,-0.00022831856249583282
18,0.6,-0.001438452788742467,-0.0002318143917838661
19,0.4,0.00010123014390853169,0.0007490228669642662
19,0.5,9.944210447609958e-05,0.0007472348275318341
19,0.6,0.00010362982067219084,0.0007514225437279254
20,0.4,-0.0009437276801333438,0.0013331760059554498
20,0.5,-0.0009450955704793096,0.001331808115609484
20,0.6,-0.0009385552625746085,0.0013383484235141851
21,0.4,-0.0005891442183863227,0.0010760681669954308
21,0.5,-0.0005907838792851561,0.0010744285060965975
21,0.6,-0.0005884373005635712,0.0010767750848181823
22,0.4,-0.0007245843942770558,0.0015656445598166147
22,0.5,-0.0007272830614918624,0.001562945892601808
22,0.6,-0.0007256036902820173,0.0015646252638116531
23,0.4,-0.0005755706619616219,0.0005220037722005466
23,0.5,-0.0005756937025810233,0.0005218807315811452
23,0.6,-0.0005703628898899998,0.0005272115442721687
24,0.4,-4.244707835829309e-05,0.001721855801585348
24,0.5,-4.577111996056926e-05,0.0017185317599830718
24,0.6,-3.896812258175064e-05,0.0017253347573618905
25,0.4,-0.001145981915582378,-0.0006188549496944223
25,0.5,-0.0011481729505328359,-0.0006210459846448801
25,0.6,-0.0011436975173779035,-0.0006165705514899478
26,0.4,-0.0005915882732817901,-0.001835413932974428
26,0.5,-0.0005951655217095314,-0.0018389911814021692
26,0.6,-0.0005902518705166171,-0.001834077530209255
27,0.4,-0.0006538128894044426,0.0015872092572187246
27,0.5,-0.0006559511878958257,0.0015850709587273415
27,0.6,-0.0006565152629005033,0.001584506883722664
28,0.4,-0.001332700108075499,-0.0005306775168991834
28,0.5,-0.0013335593727672318,-0.0005315367815909161
28,0.6,-0.0013303964795173262,-0.0005283738883410105
29,0.4,-0.0006499625626134042,0.0011407442148475277
29,0.5,-0.000653024176290401,0.001137682601170531
29,0.6,-0.000649199826841862,0.00114150695061907
30,0.4,-0.0001497781605968307,0.00039956734142587713
30,0.5,-0.00015000659723299337,0.00039933890478971446
30,0.6,-0.00014824993143783272,0.0004010955705848751
31,0.4,-0.00014285784477632846,-0.0007581170078005961
31,0.5,-0.00014472970076803704,-0.0007599888637923047
31,0.6,-0.0001429106872602448,-0.0007581698502845124
32,0.4,0.0009189392833646171,-0.00030514379148058324
32,0.5,0.000918467647917115,-0.0003056154269280853
32,0.6,0.0009127357919382351,-0.00031134728290696523
33,0.4,0.000254018196932021,0.0020604161031752
33,0.5,0.0002533000497249305,0.0020596979559681095
33,0.6,0.000254883933841904,0.002061281840085083
34,0.4,-0.0005938403523000901,0.0002443358867082468
34,0.5,-0.0005943622002319848,0.0002438140387763521
34,0.6,-0.0005913136918444251,0.00024686254716391187
35,0.4,-0.0008290766399663557,0.0013159696046429747
35,0.5,-0.0008305201969810994,0.0013145260476282311
35,0.6,-0.0008244292919913077,0.0013206169526180228
36,0.4,0.000278650031904637,-0.0010628886979406754
36,0.5,0.00027678093688822403,-0.0010647577929570884
36,0.6,0.00027843108687107543,-0.001063107642974237
37,0.4,0.0007055708693886609,0.001566629171313283
37,0.5,0.0007076354022002851,0.0015686937041249072
37,0.6,0.0007084449886755884,0.0015695032906002104
38,0.4,-0.0010232108123874317,-0.0009430053220401968
38,0.5,-0.001024955063181121,-0.0009447495728338862
38,0.6,-0.0010244692694629243,-0.0009442637791156894
39,0.4,-0.0005086282661165287,-0.00017319743880751803
39,0.5,-0.0005118064950749013,-0.00017637566776589064
39,0.6,-0.000510016038353836,-0.00017458521104482538
40,0.4,-0.001968072025357953,-0.0007632618469267521
40,0.5,-0.0019686247575081417,-0.0007638145790769407
40,0.6,-0.0019576337924264303,-0.0007528236139952293
41,0.4,4.404551364539655e-05,0.0006055173821873094
41,0.5,3.988820926564829e-05,0.0006013600778075612
41,0.6,4.013807682337611e-05,0.000601609945365289
42,0.4,1.8041816935432387e-06,-0.0016948296186727468
42,0.5,6.10868532396891e-07,-0.0016960229318338932
42,0.6,4.329577358450076e-06,-0.00169230422300784
43,0.4,-0.00021725735699840154,-0.0038243440987043575
43,0.5,-0.0002183288107871495,-0.0038254155524931055
43,0.6,-0.00021206709101329047,-0.0038191538327192465
44,0.4,-0.0002490189383132779,0.0028357208429249936
44,0.5,-0.00025256736271991875,0.0028321724185183528
44,0.6,-0.0002513795412219799,0.0028333602400162916
45,0.4,-3.576530147403334e-05,0.001466248311190993
45,0.5,-3.527347075776843e-05,0.0014667401419072579
45,0.6,-3.421659819943801e-05,0.0014677970144655883
46,0.4,-0.0006588633534105603,-0.0006738357621738633
46,0.5,-0.0006607698634742559,-0.0006757422722375589
46,0.6,-0.0006550406219714838,-0.0006700130307347868
47,0.4,-0.00038692777868234995,0.005220242244913492
47,0.5,-0.0003906217235460918,0.00521654830004975
47,0.6,-0.00039408262360352,0.005213087399992322
48,0.4,-0.0001977563046319658,6.660814496481371e-05
48,0.5,-0.00019806893341951792,6.629551617726159e-05
48,0.6,-0.00019145361484418366,7.291083475259585e-05
49,0.4,-0.0015035450270624307,0.0018198808918587356
49,0.5,-0.0015050712532395927,0.0018183546656815736
49,0.6,-0.0015017349562292115,0.0018216909626919547
50,0.4,-0.0013499516377141751,0.002373009489176514
50,0.5,-0.0013503676873216075,0.0023725934395690818
50,0.6,-0.0013440833802819685,0.0023788777466087208
51,0.4,-0.0008573205897206004,0.0009216722428142116
51,0.5,-0.0008559104521634331,0.0009230823803713789
51,0.6,-0.0008498231905791076,0.0009291696419557044
52,0.4,-0.0006683608608988589,0.0021063284836355806
52,0.5,-0.0006687157022885054,0.002105973642245934
52,0.6,-0.0006704784422656707,0.002104210902268769
53,0.4,-0.0008257837936718748,-0.0017665705773401846
53,0.5,-0.0008276235270226334,-0.0017684103106909432
53,0.6,-0.0008272104112203443,-0.0017679971948886541
54,0.4,-0.0007164180253151353,-0.0015922439374112668
54,0.5,-0.0007155453152038749,-0.0015913712273000064
54,0.6,-0.0007068787694272105,-0.001582704681523342
55,0.4,-0.0012296101434139534,0.00176918308675926
55,0.5,-0.0012297659343648154,0.001769027295808398
55,0.6,-0.0012246493620689802,0.0017741438681042332
56,0.4,-0.0012704464054841408,-0.0008914120414726251
56,0.5,-0.0012685092619233035,-0.0008894748979117878
56,0.6,-0.001263135200200008,-0.0008841008361884922
57,0.4,0.0005992642059431952,-0.00095721801573323
57,0.5,0.000597142981600296,-0.0009593392400761291
57,0.6,0.0005990312074758419,-0.0009574510142005832
58,0.4,0.0007798347573053921,0.0015979877938980813
58,0.5,0.000778945221311278,0.0015970982579039672
58,0.6,0.0007855829948800741,0.0016037360314727633
59,0.4,-0.0004769946793958951,-1.3983631182767908e-05
59,0.5,-0.00047743743503562974,-1.4426386822502524e-05
59,0.6,-0.00047306758618234634,-1.0056537969219126e-05
60,0.4,0.0003332488003106038,-0.0013471463942203166
60,0.5,0.00033118598423870216,-0.0013492092102922182
60,0.6,0.0003342317727165478,-0.0013461634218143725
61,0.4,-0.0007562447882369372,0.0016485841472814872
61,0.5,-0.0007557966163867502,0.0016490323191316741
61,0.6,-0.0007543545224303339,0.0016504744130880905
62,0.4,-0.0004519890585367725,0.00045497789743190187
62,0.5,-0.00045389361405595574,0.00045307334191271864
62,0.6,-0.00044911564497340795,0.00045785131099526644
63,0.4,0.00045612626482610663,8.321290037216489e-05
63,0.5,0.00045540385521794513,8.249049076400339e-05
63,0.6,0.0004579781893130075,8.506482485906575e-05
64,0.4,7.775016853561745e-06,-0.0017435082906921001
64,0.5,6.502304393640745e-06,-0.0017447810031520211
64,0.6,5.639887036071323e-06,-0.0017456434205095905
65,0.4,0.0009105621338720282,-0.0019621159344551664
65,0.5,0.0009117780668801978,-0.001960900001446997
65,0.6,0.000910232906451619,-0.0019624451618755756
66,0.4,-0.0002158177901114,-0.001242907834795623
66,0.5,-0.0002148927880293583,-0.0012419828327135812
66,0.6,-0.00020998004497485567,-0.0012370700896590786
67,0.4,-0.0007097335567826518,-0.000892511358485143
67,0.5,-0.0007091703129304822,-0.0008919481146329733
67,0.6,-0.0007032379652912729,-0.000886015766993764
68,0.4,0.0012150518907967922,0.0017146070358771692
68,0.5,0.0012141673302859257,0.0017137224753663027
68,0.6,0.0012142040886189698,0.0017137592336993468
69,0.4,-0.0012243996405882224,-0.0012010243730796455
69,0.5,-0.0012239168178863197,-0.0012005415503777428
69,0.6,-0.0012167632886043445,-0.0011933880210957676
70,0.4,-0.0018992888748705083,-0.0012737802320853947
70,0.5,-0.0018991709977347337,-0.00127366235494962
70,0.6,-0.0018957876550898256,-0.001270279012304712
71,0.4,9.129501983284882e-06,0.0019312729169498055
71,0.5,6.204053921099462e-06,0.00192834746888762
71,0.6,7.779605224828012e-06,0.0019299230201913486
72,0.4,0.00019928989027970245,-0.0010225934057111474
72,0.5,0.00019731227150862618,-0.0010245710244822237
72,0.6,0.00019731918259000003,-0.0010245641134008499
73,0.4,-0.0006382521978921529,-0.0005542707441555522
73,0.5,-0.0006398238576575399,-0.0005558424039209392
73,0.6,-0.0006353113898454332,-0.0005513299361088325
74,0.4,-0.0003702519732406706,-0.0018654232132248039
74,0.5,-0.00037200582123805837,-0.0018671770612221916
74,0.6,-0.0003659036208885219,-0.0018610748608726552
75,0.4,-0.0011915778204650007,-0.0010334223809765203
75,0.5,-0.0011918229908095407,-0.0010336675513210603
75,0.6,-0.0011848594240057297,-0.0010267039845172493
76,0.4,-0.0004902105517790023,-4.9739699091777556e-05
76,0.5,-0.0004929177536233398,-5.244690093611504e-05
76,0.6,-0.00048683526921074194,-4.6364416523517193e-05
77,0.4,6.445259098428191e-05,0.0022333856443594313
77,0.5,6.341004031407138e-05,0.002232343093689221
77,0.6,6.442311211660168e-05,0.002233356165491751
78,0.4,-0.0012801603356642904,-0.00022475915660395696
78,0.5,-0.0012811974670506737,-0.00022579628799034024
78,0.6,-0.0012746436039646897,-0.0002192424249043562
79,0.4,-0.0002791536994936755,-0.0005671061169553598
79,0.5,-0.0002809848213613797,-0.000568937238823064
79,0.6,-0.0002769377770132364,-0.0005648901944749207
80,0.4,0.00030099525473492594,0.0020680957530653243
80,0.5,0.00029865509290166736,0.0020657555912320658
80,0.6,0.0003039446287519676,0.002071045127082366
81,0.4,-0.0012409180970500422,-0.0001524786336936923
81,0.5,-0.0012405807456938867,-0.00015214128233753677
81,0.6,-0.0012355649357811277,-0.0001471254724247778
82,0.4,-0.0005903978030894208,-0.0005765935067572753
82,0.5,-0.0005906628668961578,-0.0005768585705640122
82,0.6,-0.0005876987390350391,-0.0005738944427028936
83,0.4,-0.000732050654730601,-0.0019562178538357344
83,0.5,-0.0007312820930448771,-0.0019554492921500105
83,0.6,-0.0007211358440554483,-0.0019453030431605817
84,0.4,0.00014140198752032873,-0.0003987090214228328
84,0.5,0.00014169549247750046,-0.0003984155164656611
84,0.6,0.00014315962961172768,-0.0003969513793314339
85,0.4,0.0003798037468015769,-0.0005857174506955498
85,0.5,0.000380472828978351,-0.0005850483685187757
85,0.6,0.0003845635680228554,-0.0005809576294742713
86,0.4,-0.0001421083019499808,0.000287052052302339
86,0.5,-0.00014489641500482764,0.00028426393924749216
86,0.6,-0.0001407169023888155,0.0002884434518635043
87,0.4,0.0009925087004213073,0.00032098139933225966
87,0.5,0.0009940693290377,0.0003225420279486524
87,0.6,0.0009973900704014493,0.00032586276931240166
88,0.4,0.0008781293431792125,5.6674795855610194e-05
88,0.5,0.0008744453346882786,5.299078736467622e-05
88,0.6,0.0008751931984470329,5.373865112343057e-05
89,0.4,-0.0001567834928023759,-0.0010979675846234382
89,0.5,-0.0001584990909335171,-0.0010996831827545794
89,0.6,-0.0001576377077328328,-0.0010988217995538951
90,0.4,-0.000795277970702224,0.0028480460918807737
90,0.5,-0.0007985280218231888,0.002844796040759809
90,0.6,-0.0007942923620126718,0.002849031700570326
91,0.4,-0.0011702527545150443,-0.0006215598668035949
91,0.5,-0.0011691415837491032,-0.0006204486960376537
91,0.6,-0.0011620729065878743,-0.0006133800188764249
92,0.4,-0.0010213861376074385,0.0005128457119500107
92,0.5,-0.0010210377783260172,0.000513194071231432
92,0.6,-0.0010171468933123373,0.0005170849562451119
93,0.4,-0.00027612608177690623,0.0005947606940021055
93,0.5,-0.00027759549368805425,0.0005932912820909575
93,0.6,-0.00027972562787392796,0.0005911611479050838
94,0.4,0.0005527170718188923,0.0013057590571404765
94,0.5,0.0005535197506742195,0.0013065617359958037
94,0.6,0.0005578376402255447,0.0013108796255471289
95,0.4,-0.0006377840481184283,-0.0001906495420239407
95,0.5,-0.0006388520094982864,-0.00019171750340379878
95,0.6,-0.000632517210961428,-0.00018538270486694042
96,0.4,0.0003493923353092565,2.764431685103874e-05
96,0.5,0.00034850367626843015,2.6755657810212385e-05
96,0.6,0.0003555037214503509,3.375570299213315e-05
97,0.4,-0.0009705924691356949,-0.001221911718312929
97,0.5,-0.000970016780336147,-0.0012213360295133813
97,0.6,-0.0009689565422444368,-0.001220275791421671
98,0.4,-0.0009306313980006475,0.00010908697616904273
98,0.5,-0.0009318135263395588,0.00010790484783013143
98,0.6,-0.0009267178973724755,0.00011300047679721481
99,0.4,0.0003031326437166748,0.0012959108980697964
99,0.5,0.00030054334898271806,0.0012933216033358397
99,0.6,0.0003032210459092133,0.001295999300262335
100,0.4,-0.0011811337548184309,-0.0007553500115664025
100,0.5,-0.0011796491949812998,-0.0007538654517292714
100,0.6,-0.0011749556862389182,-0.0007491719429868898
101,0.4,-0.00023512460388888656,0.000525299200706375
101,0.5,-0.00023454190774319095,0.0005258818968520707
101,0.6,-0.00022891211479822426,0.0005315116897970373
102,0.4,0.00026135345411092137,0.0004698430299035078
102,0.5,0.00026152858470884777,0.0004700181605014342
102,0.6,0.00027114833587341125,0.0004796379116659977
103,0.4,0.0006734147960881787,-0.0015452574356031867
103,0.5,0.0006743923312717004,-0.001544279900419665
103,0.6,0.0006816500597288666,-0.0015370221719624988
104,0.4,-0.00033381050631381415,7.960450061500479e-05
104,0.5,-0.00033405175819906097,7.936324872975797e-05
104,0.6,-0.0003287883288378146,8.462667809100433e-05
105,0.4,-0.0011960258227638187,0.0014908172607221437
105,0.5,-0.0011966014454736495,0.001490241638012313
105,0.6,-0.0011961535005243773,0.0014906895829615852
106,0.4,-0.00011305418811616286,-0.00036603732615252127
106,0.5,-0.00011549205117025729,-0.0003684751892066157
106,0.6,-0.00011526691249007237,-0.0003682500505264308
107,0.4,0.0023383265436216216,0.0008294918260334239
107,0.5,0.002335118619855997,0.0008262839022677992
107,0.6,0.0023352786124229696,0.0008264438948347719
108,0.4,-0.00030919764576328723,0.001957623329192776
108,0.5,-0.0003103817740729431,0.00195643920088312
108,0.6,-0.00030636169620409937,0.0019604592787519637
109,0.4,-0.0004036036113011787,0.001619400869355081
109,0.5,-0.00040526648919009256,0.0016177379914661671
109,0.6,-0.00039475928234997126,0.0016282451983062884
110,0.4,0.0005565918333330644,0.0033602781440079388
110,0.5,0.0005555885560958318,0.003359274866770706
110,0.6,0.000557131487393947,0.0033608177980688214
111,0.4,-0.0012391850024137535,-0.0008505530136853068
111,0.5,-0.001239272278624165,-0.0008506402898957183
111,0.6,-0.0012350115914666338,-0.000846379602738187
112,0.4,-0.0005931576026175223,0.0020861004807120886
112,0.5,-0.0005925296043286787,0.002086728479000932
112,0.6,-0.0005868821849144557,0.0020923758984151553
113,0.4,-0.0007061935627913629,-0.003863980282096724
113,0.5,-0.000707354494188947,-0.003865141213494308
113,0.6,-0.0007072586786543017,-0.0038650453979596627
114,0.4,-0.00018215565956875013,0.0015155165663714165
114,0.5,-0.00018116962404229886,0.0015165026018978678
114,0.6,-0.0001751187111383723,0.0015225535148017943
115,0.4,7.780609283039586e-05,0.003022312422945428
115,0.5,7.648610833613234e-05,0.0030209924384511644
115,0.6,7.447201671550996e-05,0.003018978346830542
116,0.4,-0.00090240210492043,0.0005465529820344872
116,0.5,-0.0009037792732459193,0.0005451758137089979
116,0.6,-0.0008991675963096468,0.0005497874906452704
117,0.4,-0.0001637614077684424,0.0011523869910048529
117,0.5,-0.00016365847046068138,0.0011524899283126139
117,0.6,-0.00015857167972482822,0.001157576719048467
118,0.4,-0.000807788865030204,0.00018617180490262952
118,0.5,-0.0008068790677744214,0.00018708160215841207
118,0.6,-0.0008068261901395257,0.00018713447979330777
119,0.4,-0.000512377435132938,0.004100837810839503
119,0.5,-0.0005140866716719095,0.004099128574300531
119,0.6,-0.0005101690752422339,0.004103046170730207
120,0.4,-0.0007274638994757138,-0.0036665498765592747
120,0.5,-0.0007288175582130796,-0.0036679035352966405
120,0.6,-0.0007212853727624896,-0.0036603713498460505
121,0.4,-0.0008397236908988526,0.0018978496199453798
121,0.5,-0.0008415303762218385,0.001896042934622394
121,0.6,-0.000832894371472187,0.0019046789393720454
122,0.4,0.00014181497355092443,0.0013367598402984904
122,0.5,0.00013893533961059634,0.0013338802063581623
122,0.6,0.0001438546945985858,0.0013387995613461517
123,0.4,-0.0012473568346661884,-0.0006692501412512986
123,0.5,-0.0012478171706418878,-0.000669710477226998
123,0.6,-0.001241591237068962,-0.0006634845436540721
124,0.4,-0.0009334833040893359,-0.000811159389255009
124,0.5,-0.0009342231178043892,-0.0008118992029700622
124,0.6,-0.0009324845544929627,-0.0008101606396586358
125,0.4,-0.0005791448669333898,0.00033913065612826976
125,0.5,-0.0005785332064643239,0.00033974231659733567
125,0.6,-0.0005723302485300952,0.00034594527453156443
126,0.4,0.0007596857834072102,-0.0006286472443709779
126,0.5,0.000756326050364603,-0.000632006977413585
126,0.6,0.0007624293334392018,-0.0006259036943389862
127,0.4,-0.0002754723415553939,0.0003671016543058403
127,0.5,-0.0002775566751486158,0.0003650173207126184
127,0.6,-0.00027643012179592863,0.0003661438740653056
128,0.4,-0.0007271739997016663,-0.0005562356871923607
128,0.5,-0.0007255171186323073,-0.0005545788061230017
128,0.6,-0.0007179308023998049,-0.0005469924898904993
129,0.4,-0.0014523851759616069,0.004271580313970666
129,0.5,-0.0014531455323048836,0.004270819957627389
129,0.6,-0.0014432185867647024,0.0042807469031675704
130,0.4,-0.00028356058569398157,0.0007207926905004325
130,0.5,-0.00028655743082173224,0.0007177958453726818
130,0.6,-0.00029024730021048883,0.0007141059759839252
131,0.4,-0.0010514058226397255,0.000580761754441203
131,0.5,-0.0010489987150858193,0.0005831688619951092
131,0.6,-0.0010448603921276861,0.0005873071849532424
132,0.4,-0.0009376647375381325,-0.0005013535820065085
132,0.5,-0.0009380198772922788,-0.0005017087217606547
132,0.6,-0.0009317640684253919,-0.0004954529128937679
133,0.4,-0.0011945238692200183,0.0012570659436581116
133,0.5,-0.0011939607767359611,0.0012576290361421688
133,0.6,-0.001189679540168076,0.001261910272710054
134,0.4,-0.0004955169072033139,-1.0940724496810716e-05
134,0.5,-0.0004972654841655655,-1.268930145906233e-05
134,0.6,-0.0004950308300339934,-1.045464732749024e-05
135,0.4,0.0006206592697160229,0.0004972066023524457
135,0.5,0.000619653173902085,0.0004962005065385078
135,0.6,0.0006307659417907896,0.0005073132744272124
136,0.4,0.0007602356921144193,0.00097819072467209
136,0.5,0.0007570673971346309,0.0009750224296923016
136,0.6,0.0007604039002503116,0.0009783589328079823
137,0.4,-0.0014584224446355931,-0.0004970836040284476
137,0.5,-0.0014588369247630628,-0.0004974980841559173
137,0.6,-0.0014525448559214865,-0.000491206015314341
138,0.4,0.0001647656912165396,-0.0003191153807148295
138,0.5,0.0001642356150222679,-0.0003196454569091012
138,0.6,0.00016639227067635765,-0.00031748880125501144
139,0.4,0.0003368326871841798,0.0009171489192189852
139,0.5,0.00033702796674317526,0.0009173441987779807
139,0.6,0.00033845212260508184,0.0009187683546398873
140,0.4,-0.0005547170291437808,0.0012531331497098175
140,0.5,-0.0005546973255545068,0.0012531528532990915
140,0.6,-0.0005509073263416792,0.0012569428525119192
141,0.4,-0.00096321564016974,0.0012052092625711441
141,0.5,-0.0009623371435104888,0.0012060877592303954
141,0.6,-0.0009586649946797532,0.001209759908061131
142,0.4,-0.0018725187627808976,-0.0025502307475946256
142,0.5,-0.0018731788999628574,-0.0025508908847765854
142,0.6,-0.0018668941380341059,-0.002544606122847834
143,0.4,0.0003277913901949536,0.0009294695693539412
143,0.5,0.0003262990338932792,0.0009279772130522668
143,0.6,0.0003300668214464286,0.0009317450006054162
144,0.4,-0.0006960406277346926,-0.00047409545461774005
144,0.5,-0.0006966590584656651,-0.0004747138853487126
144,0.6,-0.0006926749312089198,-0.00047072975809196727
145,0.4,-0.000919813003375014,-0.001376850342894309
145,0.5,-0.0009191958980182824,-0.0013762332375375774
145,0.6,-0.0009124009417915968,-0.0013694382813108918
146,0.4,0.000253429180950282,-0.00022405606033412684
146,0.5,0.0002531495766397718,-0.00022433566464463706
146,0.6,0.0002551702968163483,-0.00022231494446806055
147,0.4,-0.0003144458985718801,7.464048958624736e-05
147,0.5,-0.0003171326407302999,7.195374742782756e-05
147,0.6,-0.0003138191836317139,7.526720452641356e-05
148,0.4,-0.0007418089514461823,0.00044328415672315047
148,0.5,-0.0007410101170598482,0.00044408299110948457
148,0.6,-0.000736030533993598,0.0004490625741757348
149,0.4,0.0006462279722855568,0.00187672466087338
149,0.5,0.000645273645725225,0.0018757703343130483
149,0.6,0.0006493998014932556,0.0018798964900810788
150,0.4,0.00024730808784709235,0.0005206888246481467
150,0.5,0.0002470614148276373,0.0005204421516286917
150,0.6,0.0002503667116048047,0.0005237474484058591
151,0.4,-0.001109175183002617,-0.0005155215451299738
151,0.5,-0.0011100137941656846,-0.0005163601562930414
151,0.6,-0.0011073826477341203,-0.0005137290098614772
152,0.4,-0.00038815517442093717,4.2511119068874836e-05
152,0.5,-0.0003872271174812647,4.34391760085473e-05
152,0.6,-0.00037973175908712076,5.0934534402691245e-05
153,0.4,-0.0006132181740365339,0.0016267128349405635
153,0.5,-0.0006138560160849071,0.0016260749928921903
153,0.6,-0.0006066882559410403,0.0016332427530360571
154,0.4,-0.0011583885673172312,-0.0011177696248251129
154,0.5,-0.0011601034506094066,-0.0011194845081172883
154,0.6,-0.0011540307113261233,-0.001113411768834005
155,0.4,0.000473853427497839,-0.0013093697676219707
155,0.5,0.0004728402200292747,-0.001310382975090535
155,0.6,0.0004716932642880589,-0.0013115299308317507
156,0.4,-0.00025953767991879206,0.0015378417603410521
156,0.5,-0.000260304316173271,0.0015370751240865732
156,0.6,-0.00025168439972267365,0.0015456950405371706
157,0.4,-0.0005047599511675965,0.0005624473978205757
157,0.5,-0.0005053179586088502,0.0005618893903793221
157,0.6,-0.0005003857357547131,0.0005668216132334591
158,0.4,-0.00031390593055208305,0.00027395773663485556
158,0.5,-0.0003127110265151445,0.0002751526406717941
158,0.6,-0.0003113878207425258,0.0002764758464444128
159,0.4,-0.0016461698427129717,-0.00017308053029438386
159,0.5,-0.001646730429999646,-0.00017364111758105816
159,0.6,-0.0016424395793182278,-0.00016935026689963995
160,0.4,-0.0009509766974477168,-0.002000372356463123
160,0.5,-0.0009508232140566369,-0.0020002188730720433
160,0.6,-0.0009459908216889051,-0.0019953864807043115
161,0.4,0.0006306321895445666,-0.0023261877244665358
161,0.5,0.0006294488103972956,-0.0023273711036138067
161,0.6,0.0006327017821047554,-0.002324118131906347
162,0.4,-0.00032882218084069603,-0.0004959829410163402
162,0.5,-0.00032835759581115176,-0.0004955183559867959
162,0.6,-0.00032153959692547696,-0.0004887003571011211
163,0.4,-0.00023641767987925277,0.0011293551836119436
163,0.5,-0.00023614585496556373,0.0011296270085256327
163,0.6,-0.00023776255928256718,0.0011280103042086292
164,0.4,-0.0005828825270336457,-6.304975185772443e-05
164,0.5,-0.0005833345430965309,-6.350176792060958e-05
164,0.6,-0.0005806972290980927,-6.0864453922171435e-05
165,0.4,5.285364841547957e-05,0.00024011715864413752
165,0.5,5.0104481376433974e-05,0.00023736799160509192
165,0.6,5.9559697296179825e-05,0.0002468232075248378
166,0.4,-0.0002327438700592821,-0.0004218525974481885
166,0.5,-0.00023377885709249813,-0.0004228875844814045
166,0.6,-0.00023122181961569843,-0.0004203305470046048
167,0.4,6.538020525587163e-05,0.003213802676722416
167,0.5,6.479699571304565e-05,0.00321321946717959
167,0.6,7.188377877179186e-05,0.003220306250238336
168,0.4,-0.00102760346550268,0.0009822756207730349
168,0.5,-0.0010293727866366176,0.0009805062996390973
168,0.6,-0.0010230276198458232,0.0009868514664298916
169,0.4,-9.206180208826131e-05,0.0008132929730620408
169,0.5,-9.210099067363808e-05,0.0008132537844766641
169,0.6,-8.562759049218771e-05,0.0008197271846581144
170,0.4,-0.0010613432161003244,-0.00038194154955425996
170,0.5,-0.0010622107113489043,-0.00038280904480283984
170,0.6,-0.0010607374968570615,-0.00038133583031099705
171,0.4,-0.0009466700957062035,0.003552829584598058
171,0.5,-0.0009481528859938415,0.00355134679431042
171,0.6,-0.0009444846137170171,0.0035550150665872443
172,0.4,0.0002045884993388536,0.0004468754499628025
172,0.5,0.000207290190777476,0.0004495771414014249
172,0.6,0.00021448927006942342,0.0004567762206933723
173,0.4,0.00012107924123416769,0.0004516151410548508
173,0.5,0.00011799065964820943,0.00044852655946889253
173,0.6,0.00012387862328344657,0.00045441452310412966
174,0.4,0.00018980040609778426,8.653438133432445e-05
174,0.5,0.00018555116357285573,8.228513880939592e-05
174,0.6,0.00018272321570639294,7.945719094293313e-05
175,0.4,-0.0008090189209230547,0.0017569262250529127
175,0.5,-0.0008075633287085715,0.001758381817267396
175,0.6,-0.0008048798148533876,0.00176106533112258
176,0.4,-0.0007636496219037558,-0.0018254947517120784
176,0.5,-0.0007654708013490052,-0.0018273159311573278
176,0.6,-0.0007628156001964481,-0.0018246607300047707
177,0.4,-0.0007439821747302067,-0.0014932833848795707
177,0.5,-0.000747014674994953,-0.001496315885144317
177,0.6,-0.0007453214281225862,-0.0014946226382719502
178,0.4,-0.0008008768865347682,0.0013469625300496502
178,0.5,-0.0008033796870501597,0.0013444597295342586
178,0.6,-0.0007979749693618199,0.0013498644472225985
179,0.4,-5.589721859386443e-05,0.0012095349452489468
179,0.5,-5.67490654970193e-05,0.001208683098345792
179,0.6,-5.621677454173413e-05,0.001209215389301077
180,0.4,-4.827092510935327e-05,0.0007217226568978358
180,0.5,-4.860112406768202e-05,0.000721392457939507
180,0.6,-4.219342453809505e-05,0.000727800157469094
181,0.4,0.0004985766039732054,-0.0019117125434422455
181,0.5,0.00049632609408784,-0.0019139630533276109
181,0.6,0.0005020254638464228,-0.001908263683569028
182,0.4,-0.0005153698735427537,-0.0003546083759315144
182,0.5,-0.000516169966075869,-0.0003554084684646297
182,0.6,-0.000515818792376832,-0.0003550572947655928
183,0.4,-0.0005237985264486406,0.000974305254167418
183,0.5,-0.0005255720935252312,0.0009725316870908274
183,0.6,-0.0005221023507659683,0.0009760014298500902
184,0.4,-0.00011801948676859464,-0.0011333989696295232
184,0.5,-0.00012073489373715107,-0.0011361143765980797
184,0.6,-0.00012304291238068865,-0.0011384223952416173
185,0.4,-0.000516439034411148,-0.0013115886364457874
185,0.5,-0.0005148278467490275,-0.0013099774487836668
185,0.6,-0.0005052756284643634,-0.0013004252304990027
186,0.4,0.0001901631758358946,0.0013546007142634098
186,0.5,0.00019271804442030915,0.0013571555828478243
186,0.6,0.00020019827605283202,0.0013646358144803472
187,0.4,-0.0005844613432029466,-0.002306083754115354
187,0.5,-0.0005898627093556541,-0.0023114851202680614
187,0.6,-0.0005869627031753338,-0.002308585114087741
188,0.4,0.0006518047330559829,-0.0016296850310585087
188,0.5,0.0006447138404950814,-0.0016367759236194102
188,0.6,0.0006392056198293028,-0.0016422841442851888
189,0.4,-0.0007631719754262883,-0.0009814794720263836
189,0.5,-0.0007642023628690736,-0.000982509859469169
189,0.6,-0.0007619267849077599,-0.0009802342815078552
190,0.4,0.0013046799103438866,-0.0022562293241090436
190,0.5,0.0013054297106039059,-0.0022554795238490244
190,0.6,0.0013062426876507272,-0.002254666546802203
191,0.4,-0.0007144472350463643,0.001894922649351899
191,0.5,-0.0007149452319141353,0.001894424652484128
191,0.6,-0.0007143675808889277,0.0018950023035093355
192,0.4,0.0004830607475523607,0.0029498204281122875
192,0.5,0.00048373800343787243,0.002950497683997799
192,0.6,0.00048559935169126267,0.0029523590322511895
193,0.4,6.17493264659652e-05,-0.0013484910293536795
193,0.5,5.8118711760507535e-05,-0.0013521216440591372
193,0.6,6.061632756342028e-05,-0.0013496240282562244
194,0.4,-0.0007569867164195776,0.0014216679475224925
194,0.5,-0.000760367270221135,0.001418287393720935
194,0.6,-0.000766454794481175,0.001412199869460895
195,0.4,-0.00011473324767902193,-0.001281043636613119
195,0.5,-0.00011365527610730786,-0.0012799656650414049
195,0.6,-0.00010781653788081991,-0.001274126926814917
196,0.4,0.0003232840607555326,0.00011461535284822133
196,0.5,0.0003221748231043986,0.00011350611519708731
196,0.6,0.00032531235757030097,0.00011664364966298968
197,0.4,0.0004229004853816276,0.00328646592833598
197,0.5,0.00042468320586544483,0.003288248648819797
197,0.6,0.0004308540159815022,0.0032944194589358544
198,0.4,0.0007120600161130419,-0.001372323668087122
198,0.5,0.0007111887734260192,-0.0013731949107741448
198,0.6,0.0007134392128055611,-0.0013709444713946028
199,0.4,-0.0010953923459258996,-0.0015493139994348926
199,0.5,-0.001097665155735672,-0.001551586809244665
199,0.6,-0.0010950107232593626,-0.0015489323767683555
200,0.4,8.111560067716739e-05,0.0006580545366793727
200,0.5,8.009793730606729e-05,0.0006570368733082727
200,0.6,8.025120703217259e-05,0.000657190143034378
201,0.4,-0.0009778831296751028,-0.0009540743382654149
201,0.5,-0.0009792066780610342,-0.0009553978866513463
201,0.6,-0.0009765226054886111,-0.0009527138140789232
202,0.4,6.121125946612072e-05,-0.0027379685489653943
202,0.5,6.212241594327761e-05,-0.0027370573924882374
202,0.6,6.602332791096066e-05,-0.0027331564805205544
203,0.4,-0.00016249450493474593,-0.0013948281605806467
203,0.5,-0.0001604449777932171,-0.001392778633439118
203,0.6,-0.00016309964482424943,-0.0013954333004701502
204,0.4,-0.0006071430408356171,-0.0005092815661757039
204,0.5,-0.0006079616953870992,-0.000510100220727186
204,0.6,-0.0006041918843112393,-0.000506330409651326
205,0.4,-0.0007038023558478684,-0.001674506770503792
205,0.5,-0.0007035254932407919,-0.0016742299078967154
205,0.6,-0.0007005144544451197,-0.0016712188691010432
206,0.4,-0.0008446953141300756,0.0007295431437264605
206,0.5,-0.0008450950619207781,0.0007291433959357579
206,0.6,-0.0008390539162443506,0.0007351845416121855
207,0.4,0.0012095194412709565,-0.0002316347634709337
207,0.5,0.0012093662942766203,-0.0002317879104652698
207,0.6,0.0012121666158495803,-0.00022898758889230986
208,0.4,-0.00012398939923077834,0.0005023430598760648
208,0.5,-0.0001246540020936604,0.0005016784570131827
208,0.6,-0.00012726496136092336,0.0004990674977459197
209,0.4,-0.0009128240121320935,-0.00029912292821324127
209,0.5,-0.0009143980698886472,-0.000300696985969795
209,0.6,-0.0009093550540531653,-0.00029565397013431305
210,0.4,0.000232887376530877,0.0021100007628323814
210,0.5,0.00023380116247759264,0.002110914548779097
210,0.6,0.00023667786038361616,0.0021137912466851205
211,0.4,1.1119419701777211e-05,-0.0002590986001062695
211,0.5,1.297560762469896e-05,-0.00025724241218334776
211,0.6,2.2440157455796972e-05,-0.00024777786235224974
212,0.4,0.0015555218796437786,-0.0010494386742553874
212,0.5,0.0015542927027123732,-0.0010506678511867928
212,0.6,0.001557807183099169,-0.001047153370799997
213,0.4,-0.00045541747489488693,0.0004872713840676224
213,0.5,-0.0004554109444324661,0.0004872779145300432
213,0.6,-0.0004537209426065947,0.0004889679163559146
214,0.4,-4.710805771264426e-05,0.00048105705911155594
214,0.5,-4.955129505938849e-05,0.0004786138217648117
214,0.6,-4.70612011057997e-05,0.0004811039157184005
215,0.4,0.0008732729200355005,0.0003143874856040285
215,0.5,0.0008698030269438939,0.0003109175925124219
215,0.6,0.0008744119404585915,0.0003155265060271195
216,0.4,4.936250541914822e-05,-0.00011387574467200401
216,0.5,4.953872023946704e-05,-0.00011369952985168519
216,0.6,5.148722219380786e-05,-0.00011175102789734437
217,0.4,-0.0011098226274326856,-0.0010152092192527717
217,0.5,-0.001112693684558963,-0.0010180802763790492
217,0.6,-0.0011102420818471653,-0.0010156286736672515
218,0.4,6.97714755545642e-05,-0.002086857483903873
218,0.5,6.842955984610877e-05,-0.0020881993996123283
218,0.6,6.847943293844527e-05,-0.0020881495265199917
219,0.4,-7.347593509005046e-05,0.0006675473805287935
219,0.5,-7.286963927349843e-05,0.0006681536763453455
219,0.6,-7.447376999930588e-05,0.000666549545619538
220,0.4,-0.0017282769884862104,-0.0014631678510023255
220,0.5,-0.0017254653145468701,-0.0014603561770629853
220,0.6,-0.0017191877461464194,-0.0014540786086625346
221,0.4,-0.0002313051740097105,0.0020095096691464254
221,0.5,-0.00023192954822448542,0.0020088852949316505
221,0.6,-0.00023409326005283115,0.0020067215831033047
222,0.4,-0.0005444230232506536,-0.001950320289377111
222,0.5,-0.0005447894541321108,-0.0019506867202585682
222,0.6,-0.0005445789538330997,-0.0019504762199595571
223,0.4,0.0007544064649899485,-0.002106608715800276
223,0.5,0.0007534601066623986,-0.002107555074127826
223,0.6,0.0007576486608765892,-0.0021033665199136353
224,0.4,0.00010350751248945633,0.0010512097406111948
224,0.5,0.00010259310287490109,0.0010502953309966395
224,0.6,0.00010414440117939572,0.0010518466293011342
225,0.4,0.0002597122087431014,0.002425938829107077
225,0.5,0.00025776832350798973,0.0024239949438719655
225,0.6,0.0002608413843604718,0.0024270680047244475
226,0.4,-0.00040160170260189476,0.0004535742466162396
226,0.5,-0.0003999854292968952,0.00045519051992123916
226,0.6,-0.000393778037638598,0.00046139791157953636
227,0.4,-0.0005920802257893265,0.0011043127784482465
227,0.5,-0.0005953412600333136,0.0011010517442042594
227,0.6,-0.0005923521203481941,0.001104040883889379
228,0.4,-0.0006692716235097707,0.0014976729467799932
228,0.5,-0.000669009498286896,0.0014979350720028678
228,0.6,-0.0006604089564384991,0.0015065356138512648
229,0.4,-0.0009163987556973369,-0.0007577652951433478
229,0.5,-0.0009163584115816359,-0.0007577249510276468
229,0.6,-0.0009109240310995054,-0.0007522905705455163
230,0.4,-0.001505518764611108,-0.0017957053714884041
230,0.5,-0.0015057392504810307,-0.001795925857358327
230,0.6,-0.0014972833283993792,-0.0017874699352766754
231,0.4,-0.0003732273660060764,0.002721103762117219
231,0.5,-0.0003752219936085932,0.0027191091345147023
231,0.6,-0.00037298343060396255,0.002721347697519333
232,0.4,-0.0006906502426214794,-0.00013212072358061155
232,0.5,-0.0006899713067929497,-0.00013144178775208182
232,0.6,-0.0006863047860414945,-0.00012777526700062658
233,0.4,-0.001297521347608535,-0.0006106091857258078
233,0.5,-0.001296508647537012,-0.0006095964856542846
233,0.6,-0.0012903099650954514,-0.0006033978032127241
234,0.4,-0.0005973454220997432,-0.00180517957118706
234,0.5,-0.0005997963169789844,-0.0018076304660663012
234,0.6,-0.0005955923509920746,-0.0018034265000793914
235,0.4,-0.0005112121748529208,-0.00023929362314839553
235,0.5,-0.0005128363923747326,-0.00024091784067020727
235,0.6,-0.0005094243498068585,-0.0002375057981023332
236,0.4,0.0007105861264543323,-0.0004920310675008421
236,0.5,0.0007090776954009337,-0.0004935394985542407
236,0.6,0.0007105807546935738,-0.0004920364392616006
237,0.4,-0.000642804439125122,-0.00037413560987097083
237,0.5,-0.0006428090030736883,-0.0003741401738195371
237,0.6,-0.0006411433293301572,-0.000372474500076006
238,0.4,0.0005548162640141574,-0.00028648996255228876
238,0.5,0.0005514941152836572,-0.00028981211128278894
238,0.6,0.0005507686769376796,-0.00029053754962876654
239,0.4,-2.2177493650771263e-05,0.0009532718124304201
239,0.5,-2.2984631924266585e-05,0.0009524646741569248
239,0.6,-2.0558958370622826e-05,0.0009548903477105686
240,0.4,-0.001375515902401897,-0.002101585642611245
240,0.5,-0.0013763187237532393,-0.0021023884639625873
240,0.6,-0.0013695335214107124,-0.0020956032616200604
241,0.4,-0.0005551994606185773,-0.0006659484263489557
241,0.5,-0.0005565822049593827,-0.0006673311706897611
241,0.6,-0.0005553194512847026,-0.000666068417015081
242,0.4,-0.0009154594543148431,0.0007116991987381888
242,0.5,-0.0009165599086052162,0.0007105987444478157
242,0.6,-0.0009142726719580802,0.0007128859810949517
243,0.4,-0.0007817927292522453,-0.0029772629842830106
243,0.5,-0.0007823302967773921,-0.0029778005518081574
243,0.6,-0.0007801350798945783,-0.0029756053349253436
244,0.4,-0.00037534826770890817,0.0019499539846819514
244,0.5,-0.0003733527610048082,0.0019519494913860513
244,0.6,-0.0003676636534184763,0.0019576385989723832
245,0.4,9.40768439424422e-05,0.0007956719754786401
245,0.5,9.249648111958608e-05,0.000794091612655784
245,0.6,9.67362137302974e-05,0.0007983313452664953
246,0.4,-0.00047851733426303167,0.0014903741456566283
246,0.5,-0.00048027585657621497,0.001488615623343445
246,0.6,-0.000475918400012168,0.001492973079907492
247,0.4,-0.0009016620467346276,0.0015164548804321304
247,0.5,-0.0009020038912835593,0.0015161130358831987
247,0.6,-0.0008915243315512078,0.0015265925956155502
248,0.4,-0.0005142606014656159,0.002211098043754106
248,0.5,-0.000515277067258707,0.002210081577961015
248,0.6,-0.0005063144647582396,0.0022190441804614824
249,0.4,-0.0005019067069415573,-0.00013753842712460607
249,0.5,-0.0005038338832208666,-0.00013946560340391545
249,0.6,-0.0005020043008167052,-0.00013763602099975403
250,0.4,9.11132856792618e-05,0.0009598176676153258
250,0.5,9.130215450139922e-05,0.0009600065364374633
250,0.6,9.738163179029424e-05,0.0009660860137263583
251,0.4,-0.0006084177511922612,0.0012338889562252403
251,0.5,-0.0006082315536042604,0.001234075153813241
251,0.6,-0.0006095397922684653,0.0012327669151490361
252,0.4,-0.000557376946821897,0.0006153280133812389
252,0.5,-0.0005586135025544836,0.0006140914576486523
252,0.6,-0.0005560330643280265,0.0006166718958751094
253,0.4,-0.0012446488690015245,-0.0001957696661001873
253,0.5,-0.0012427159769951152,-0.00019383677409377797
253,0.6,-0.0012365005252717581,-0.00018762132237042095
254,0.4,-0.00032397769444407476,0.0008626359620087232
254,0.5,-0.0003235578499952846,0.0008630558064575133
254,0.6,-0.00031892150313064804,0.0008676921533221499
255,0.4,-0.0010476455979427368,0.000803564288750197
255,0.5,-0.0010465690710790565,0.0008046408156138773
255,0.6,-0.0010513097585680975,0.0007999001281248364
256,0.4,-2.0663855078872917e-05,0.0010198849605410065
256,0.5,-2.033009710653011e-05,0.0010202187185133493
256,0.6,-1.5720244505135206e-05,0.0010248285711147442
257,0.4,0.00022945004211258335,0.0009603640219582321
257,0.5,0.00022789466723341367,0.0009588086470790624
257,0.6,0.00023227867883993114,0.0009631926586855799
258,0.4,-0.0008413914881734985,0.001102592918192452
258,0.5,-0.0008402566189641969,0.0011037277874017537
258,0.6,-0.0008404974044070312,0.0011034870019589194
259,0.4,9.51705723360452e-05,0.001621904704171867
259,0.5,9.429248019715564e-05,0.0016210266120329775
259,0.6,9.492135939961899e-05,0.0016216554912354408
260,0.4,0.000397518900106697,0.001323386309646346
260,0.5,0.00039859920732795984,0.001324466616867609
260,0.6,0.0004046860714566336,0.0013305534809962827
261,0.4,-0.00022959555411225518,0.001341634081419879
261,0.5,-0.00023035639723129053,0.0013408732383008437
261,0.6,-0.0002298331728558256,0.0013413964626763086
262,0.4,-0.0009614189142275464,-0.00034758075216981266
262,0.5,-0.0009611675045107793,-0.0003473293424530455
262,0.6,-0.0009515665202624868,-0.000337728358204753
263,0.4,-0.001556375220096301,0.00042824061197337115
263,0.5,-0.0015575977538922758,0.00042701807817739634
263,0.6,-0.0015545411897367745,0.0004300746423328977
264,0.4,-0.0007919308029514099,-0.0008866589376826106
264,0.5,-0.0007910872813903097,-0.0008858154161215104
264,0.6,-0.0007872962078747242,-0.0008820243426059249
265,0.4,-0.0004203808409233428,0.001203191353941202
265,0.5,-0.00042029446776434276,0.001203277727100202
265,0.6,-0.0004184052864631832,0.0012051669084013616
266,0.4,-0.001427828633062067,-4.021886467878155e-05
266,0.5,-0.0014257657016129577,-3.8155933229672145e-05
266,0.6,-0.0014211805770223407,-3.357080863905515e-05
267,0.4,-0.0003414240004099428,-0.0017101711886937376
267,0.5,-0.0003418855123210468,-0.0017106327006048416
267,0.6,-0.00034047296586486864,-0.0017092201541486635
268,0.4,0.00027245312920087805,0.00025492068023175163
268,0.5,0.00027279830734486255,0.0002552658583757361
268,0.6,0.0002794631380723944,0.000261930689103268
269,0.4,0.0003735780598014826,0.0011715694880425898
269,0.5,0.000373378447996342,0.0011713698762374491
269,0.6,0.0003762766456200384,0.0011742680738611455
270,0.4,-0.0014029132308727293,-0.002288965291275591
270,0.5,-0.0014022141926033627,-0.002288266253006224
270,0.6,-0.001396262695813777,-0.0022823147562166385
271,0.4,0.0002574366360827002,-0.0010345946004058498
271,0.5,0.00025598143826569,-0.00103604979822286
271,0.6,0.00025770313357366403,-0.001034328102914886
272,0.4,-0.000701152626093951,0.002619698206669227
272,0.5,-0.0007002925070750121,0.002620558325688166
272,0.6,-0.000695916294474283,0.002624934538288895
273,0.4,-0.00033827101627847966,-7.189971554041885e-05
273,0.5,-0.0003411719714310063,-7.480067069294549e-05
273,0.6,-0.0003355525001279003,-6.918119938983947e-05
274,0.4,-0.00018379613695192198,-0.000805205172056192
274,0.5,-0.00018625950003420266,-0.0008076685351384727
274,0.6,-0.0001842004537066233,-0.0008056094888108933
275,0.4,-0.001305245831101448,-0.00048664378190696467
275,0.5,-0.0013044704933883183,-0.0004858684441938349
275,0.6,-0.0013013671100859936,-0.00048276506089151017
276,0.4,-0.0009584493516626574,0.0016050901408669604
276,0.5,-0.0009634658425908688,0.0016000736499387491
276,0.6,-0.0009636887066268723,0.0015998507859027455
277,0.4,0.0003236460453260037,0.0029135423390563853
277,0.5,0.0003222493426273121,0.0029121456363576936
277,0.6,0.0003242644072845302,0.0029141607010149118
278,0.4,-3.098926938666091e-05,-0.002072987965614642
278,0.5,-3.0773081915014266e-05,-0.0020727717781429955
278,0.6,-2.5080914158676082e-05,-0.0020670796103866573
279,0.4,-0.0014651854880467774,0.0007105714155572207
279,0.5,-0.0014653880619343584,0.0007103688416696397
279,0.6,-0.0014582332773061257,0.0007175236262978724
280,0.4,-0.0001861443535729479,0.0009014608547041614
280,0.5,-0.0001857869619047714,0.0009018182463723379
280,0.6,-0.00018144079068399543,0.0009061644175931138
281,0.4,-0.00038175823658698205,-0.003331077435225774
281,0.5,-0.0003834988603144268,-0.0033328180589532186
281,0.6,-0.0003777723576172398,-0.0033270915562560316
282,0.4,0.0006727312846316474,-0.001669102506204223
282,0.5,0.0006730057157822572,-0.0016688280750536133
282,0.6,0.0006753957117445752,-0.0016664380790912953
283,0.4,-0.0003869202999029625,-0.0002509413391192511
283,0.5,-0.0003855116978122991,-0.0002495327370285877
283,0.6,-0.0003775262620055314,-0.00024154730122182
284,0.4,-0.0001307480581948517,0.001367652290077237
284,0.5,-0.00013063347297564976,0.001367766875296439
284,0.6,-0.0001287574408878056,0.001369642907384283
285,0.4,-0.0002041375335672252,0.0015121866941281426
285,0.5,-0.00020324128179625978,0.001513082945899108
285,0.6,-0.000203400089152872,0.0015129241385424957
286,0.4,0.00026251990990502905,-0.0005743763113478795
286,0.5,0.0002611678692708286,-0.0005757283519820799
286,0.6,0.0002608497870960069,-0.0005760464341569016
287,0.4,0.0003444835153400272,-0.00010523146037805242
287,0.5,0.00034664907396880773,-0.00010306590174927188
287,0.6,0.0003553495176574495,-9.436545806063013e-05
288,0.4,-0.0017065361960920122,0.0009953106976294673
288,0.5,-0.0017067169563949464,0.0009951299373265332
288,0.6,-0.001698980825888291,0.0010028660678331885
289,0.4,-0.0005576565761347962,0.0008969736309195064
289,0.5,-0.0005589171682282568,0.0008957130388260459
289,0.6,-0.000558342732105449,0.0008962874749488536
290,0.4,0.00041575694872944546,0.0006905284253451716
290,0.5,0.00041533961923745366,0.0006901110958531798
290,0.6,0.0004203216210839633,0.0006950930976996894
291,0.4,-0.0007817596827350282,0.0014329112175902325
291,0.5,-0.0007823754893059032,0.0014322954110193575
291,0.6,-0.0007750642840705507,0.00143960661625471
292,0.4,-0.0003531664144333646,-0.002667704670872087
292,0.5,-0.0003507379634201946,-0.002665276219858917
292,0.6,-0.00034648511273653593,-0.0026610233691752583
293,0.4,-0.000451388438183542,0.0016468756317044586
293,0.5,-0.00045175727288099266,0.001646506797007008
293,0.6,-0.0004510885334836068,0.0016471755364043938
294,0.4,0.0002848144078343995,-4.9843653982112324e-05
294,0.5,0.0002826847413474609,-5.19733204690509e-05
294,0.6,0.00027973518481630433,-5.492287700020748e-05
295,0.4,-0.0006574021565961402,-0.0022636458601330844
295,0.5,-0.0006563356833707845,-0.0022625793869077288
295,0.6,-0.0006560401406308508,-0.002262283844167795
296,0.4,-0.0008415525167328464,-0.0008591960341833849
296,0.5,-0.0008408440656958588,-0.0008584875831463973
296,0.6,-0.0008373251164175421,-0.0008549686338680806
297,0.4,0.00013424188423313832,0.00012357825551922996
297,0.5,0.00013435433031999677,0.00012369070160608842
297,0.6,0.00013770954085284837,0.00012704591213894
298,0.4,-0.00022372567274836497,7.258143433040709e-05
298,0.5,-0.00022309128368079578,7.321582339797628e-05
298,0.6,-0.0002193646107696151,7.694249630915695e-05
299,0.4,-0.000698922715921646,-0.0005938459889736347
299,0.5,-0.0006980399229633838,-0.0005929631960153725
299,0.6,-0.0006954334875110824,-0.0005903567605630711
300,0.4,-0.0009914369729159267,-0.001434345580871313
300,0.5,-0.0009930063309943893,-0.0014359149389497755
300,0.6,-0.0009897885921002492,-0.0014326972000556354
301,0.4,-0.00019131143817360807,0.0012264280996179266
301,0.5,-0.00019405697788532628,0.0012236825599062084
301,0.6,-0.0001930608453412641,0.0012246786924502706
302,0.4,-0.0005025508065192863,-0.0019840764432324798
302,0.5,-0.0005000928319908171,-0.0019816184687040106
302,0.6,-0.0004998850502774821,-0.0019814106869906756
303,0.4,0.0008128746540256582,-0.000563873373298357
303,0.5,0.0008139409333667857,-0.0005628070939572294
303,0.6,0.0008153359608889243,-0.0005614120664350908
304,0.4,0.0004426084896435034,-0.0019101905237910721
304,0.5,0.0004418945780622907,-0.0019109044353722848
304,0.6,0.00044681524553882856,-0.001905983767895747
305,0.4,-0.0005213015636075236,-0.0008567557332469361
305,0.5,-0.00052095953644761,-0.0008564137060870225
305,0.6,-0.0005149257029109511,-0.0008503798725503636
306,0.4,2.7228817565824737e-05,0.001047012902122113
306,0.5,2.5268705426448324e-05,0.0010450527899827367
306,0.6,2.820542054203512e-05,0.0010479895050983234
307,0.4,-0.0010249816095188602,-0.0005864321031975317
307,0.5,-0.0010238656322998085,-0.00058531612597848
307,0.6,-0.001017349063749562,-0.0005787995574282334
308,0.4,-0.001243061190695574,0.004085759008857964
308,0.5,-0.0012408845697809007,0.004087935629772638
308,0.6,-0.001229306476171546,0.004099513723381992
309,0.4,-0.00039386246736525243,0.0008309553721137786
309,0.5,-0.00039239326249077,0.000832424576988261
309,0.6,-0.00038959544717862005,0.000835222392300411
310,0.4,-0.00037040474248259403,-0.0007470143007377444
310,0.5,-0.00037297182679701946,-0.0007495813850521699
310,0.6,-0.00036901138776578024,-0.0007456209460209307
311,0.4,-0.00012621436560764088,-0.0006336124631525636
311,0.5,-0.00012512045499386837,-0.0006325185525387911
311,0.6,-0.00011953490968102942,-0.0006269330072259521
312,0.4,0.0005093292275038519,-0.0013921069938953867
312,0.5,0.0005086909861374278,-0.0013927452352618108
312,0.6,0.0005109372591750039,-0.0013904989622242347
313,0.4,-0.0013520379820125272,0.0005375063655393836
313,0.5,-0.0013518586569755825,0.0005376856905763283
313,0.6,-0.0013492339194954711,0.0005403104280564397
314,0.4,-0.000809572945283471,-0.0017715347197191367
314,0.5,-0.0008139088360676061,-0.0017758706105032718
314,0.6,-0.0008109126789284382,-0.0017728744533641039
315,0.4,0.00014924193374547812,-0.0008994687034679233
315,0.5,0.00014849055880886142,-0.00090022007840454
315,0.6,0.0001495837567737912,-0.0008991268804396102
316,0.4,-0.0007847863077553308,0.0008706485051802187
316,0.5,-0.0007849927821141356,0.0008704420308214139
316,0.6,-0.0007774279981105081,0.0008780068148250414
317,0.4,-0.00019878371171867804,-0.001055846263636681
317,0.5,-0.00019917450686683658,-0.0010562370587848396
317,0.6,-0.00019560621089294294,-0.001052668762810946
318,0.4,-0.00037436302158336265,0.0010903627375937752
318,0.5,-0.0003746217763045401,0.0010901039828725978
318,0.6,-0.0003718848646871997,0.0010928408944899382
319,0.4,0.00026051250589781416,0.002670122597717678
319,0.5,0.00026003302016666674,0.0026696431119865305
319,0.6,0.00026267667508156345,0.002672286766901427
320,0.4,-0.0003607540460905112,-0.0027562136802484483
320,0.5,-0.000359768570407315,-0.002755228204565252
320,0.6,-0.00035113459097252386,-0.002746594225130461
321,0.4,0.0009462424186151841,0.002087601999201827
321,0.5,0.0009446108040453149,0.0020859703846319577
321,0.6,0.0009473413418319976,0.0020887009224186404
322,0.4,-0.0010667448683337466,-0.0017339351077233917
322,0.5,-0.001066640146672987,-0.001733830386062632
322,0.6,-0.0010608218070940062,-0.0017280120464836513
323,0.4,0.0006691115046064677,0.0032396147012656307
323,0.5,0.0006683516002207734,0.0032388547968799364
323,0.6,0.0006651685082995351,0.003235671704958698
324,0.4,7.66276576066316e-05,-0.0015402351746972298
324,0.5,7.564323616363056e-05,-0.0015412195961402309
324,0.6,8.347103185912808e-05,-0.0015333918004447333
325,0.4,0.00014809466481974232,-0.001441883871265065
325,0.5,0.00014253044160666972,-0.0014474480944781376
325,0.6,0.00014848994733820953,-0.0014414885887465978
326,0.4,0.0001497396183710864,0.0016881568923315382
326,0.5,0.0001465757764939346,0.0016849930504543864
326,0.6,0.000152829553285605,0.0016912468272460568
327,0.4,-0.0011558039923195984,0.0024315035571415983
327,0.5,-0.001156456176564652,0.0024308513728965447
327,0.6,-0.0011497775306351377,0.002437530018826059
328,0.4,-0.0015096405522111028,-0.00019001477694827185
328,0.5,-0.0015127530101995135,-0.0001931272349366825
328,0.6,-0.0015121084271219193,-0.0001924826518590883
329,0.4,-0.0007646507053801488,0.000688999409738239
329,0.5,-0.000764673279116973,0.0006889768360014148
329,0.6,-0.0007569546392541537,0.0006966954758642341
330,0.4,2.0872539360144993e-05,-0.0006962911909550173
330,0.5,1.8919122270755206e-05,-0.0006982446080444071
330,0.6,2.607633497095363e-05,-0.0006910873953442087
331,0.4,-0.0009026168445481209,-0.00034560194017210777
331,0.5,-0.0009041208660189454,-0.0003471059616429323
331,0.6,-0.0009054560185501603,-0.00034844111417414725
332,0.4,-0.0003760417352015044,-0.0013391522371826725
332,0.5,-0.0003773170912913376,-0.0013404275932725057
332,0.6,-0.00037073867642684055,-0.0013338491784080087
333,0.4,0.0006231506427917533,0.002359320897381667
333,0.5,0.0006231832477737731,0.002359353502363687
333,0.6,0.0006318054130644013,0.002367975667654315
334,0.4,0.00029752209890640535,-0.0026814640705125348
334,0.5,0.00029380144458340807,-0.002685184724835532
334,0.6,0.00028780360378294345,-0.0026911825656359967
335,0.4,-0.0018824077857581972,0.0016600249154947871
335,0.5,-0.0018822973918107694,0.001660135309442215
335,0.6,-0.0018759203273914504,0.001666512373861534
336,0.4,-0.0007435744961452329,-0.0019114206374610393
336,0.5,-0.0007422711329904269,-0.0019101172743062333
336,0.6,-0.000732622323876525,-0.0019004684651923315
337,0.4,-0.00023970665863899676,0.001393561541830901
337,0.5,-0.00023842476849733618,0.0013948434319725617
337,0.6,-0.00023253871109477076,0.001400729489375127
338,0.4,-0.0009060751856108801,-0.0005931598908560376
338,0.5,-0.0009068620089265483,-0.0005939467141717059
338,0.6,-0.0009013792563753176,-0.0005884639616204751
339,0.4,-0.0007390488363206438,0.002937403969948321
339,0.5,-0.0007391970114406232,0.0029372557948283418
339,0.6,-0.0007394434478655842,0.0029370093584033807
340,0.4,-0.0012066549359157352,0.000225839566539196
340,0.5,-0.001206572997439731,0.00022592150501520025
340,0.6,-0.0011988975259859397,0.00023359697646899158
341,0.4,-0.0008182611291376596,0.0008513875415648298
341,0.5,-0.0008192183001534681,0.0008504303705490213
341,0.6,-0.0008245898712082866,0.0008450587994942027
342,0.4,-0.0008142282056088912,0.000487705424812343
342,0.5,-0.0008162324170511437,0.00048570121337009053
342,0.6,-0.000807133217081632,0.0004948004133396022
343,0.4,-0.0006784986480255495,0.0005958621343140347
343,0.5,-0.000679114144421733,0.0005952466379178512
343,0.6,-0.0006708993877021091,0.0006034613946374751
344,0.4,0.00034305102309897806,0.001352851660023996
344,0.5,0.00034160601976490623,0.001351406656689924
344,0.6,0.00034523896499008555,0.0013550396019151034
345,0.4,-3.762211087365852e-05,-7.153811801466348e-05
345,0.5,-3.9205961975957715e-05,-7.312196911696267e-05
345,0.6,-3.508728429790775e-05,-6.90032914389127e-05
346,0.4,0.00019447464821822913,0.0011365570607320685
346,0.5,0.0001922646922853377,0.001134347104799177
346,0.6,0.00019345795168007607,0.0011355403641939155
347,0.4,0.0013891346450132236,-0.0014335142534590006
347,0.5,0.0013894834627722064,-0.0014331654357000179
347,0.6,0.0013914075493166866,-0.0014312413491555376
348,0.4,-0.0005160495125851039,-0.0005479313546261633
348,0.5,-0.000515300130211574,-0.0005471819722526333
348,0.6,-0.000507165065441309,-0.0005390469074823684
349,0.4,-0.0012345164613097037,-0.0011554351802960244
349,0.5,-0.0012329517317847954,-0.0011538704507711162
349,0.6,-0.001224304712654195,-0.0011452234316405158
350,0.4,0.00026830390184626185,0.0007541079177142418
350,0.5,0.00026991299044856754,0.0007557170063165475
350,0.6,0.0002716253030519422,0.0007574293189199222
351,0.4,-5.584955278636894e-05,0.001653943946331199
351,0.5,-5.6886647396448e-05,0.0016529068517211198
351,0.6,-5.334768947184987e-05,0.001656445809645718
352,0.4,-0.0009113940944400489,-0.000493954265008395
352,0.5,-0.000912621543578962,-0.000495181714147308
352,0.6,-0.0009089100243426795,-0.0004914701949110256
353,0.4,-6.754522926620543e-05,-0.0011611522679681185
353,0.5,-6.723713527098663e-05,-0.0011608441739728997
353,0.6,-6.047790850940982e-05,-0.001154084947211323
354,0.4,-9.492811914030286e-05,0.0024580544369724178
354,0.5,-9.225473006282958e-05,0.002460727826049891
354,0.6,-9.15571140599758e-05,0.002461425442052745
355,0.4,0.0009226243173070248,0.0024597166160015282
355,0.5,0.0009187827159257977,0.0024558750146203012
355,0.6,0.0009270890383884511,0.0024641813370829546
356,0.4,-0.0012138395509035116,-0.002307442407818841
356,0.5,-0.001217058906955934,-0.0023106617638712634
356,0.6,-0.0012106493525834983,-0.0023042522094988277
357,0.4,-0.0007698959214860746,0.00013602607651241883
357,0.5,-0.0007732510618833621,0.00013267093611513125
357,0.6,-0.0007684076422853625,0.00013751435571313086
358,0.4,0.0003629502410343044,0.0004759633332255542
358,0.5,0.0003579173598303731,0.00047093045202162287
358,0.6,0.00035648093473023,0.0004694940269214798
359,0.4,-0.0005931124519458486,-0.0019318540344964996
359,0.5,-0.0005927707180383573,-0.0019315123005890084
359,0.6,-0.0005833896330490057,-0.0019221312155996567
360,0.4,-0.0006818124450678198,-0.00011647669993969378
360,0.5,-0.0006808779374450763,-0.00011554219231695029
360,0.6,-0.0006753014561149961,-0.00010996571098687014
361,0.4,-0.0006311448761823907,-0.0010846158196259892
361,0.5,-0.0006309561802089053,-0.0010844271236525038
361,0.6,-0.0006283146967954178,-0.0010817856402390164
362,0.4,0.0008702588173600811,-0.0019335553540872075
362,0.5,0.0008712646747598696,-0.001932549496687419
362,0.6,0.0008787534057317359,-0.0019250607657155527
363,0.4,6.91071378698116e-05,0.0014108418263470979
363,0.5,6.678607729890262e-05,0.001408520765776189
363,0.6,6.611192579683567e-05,0.001407846614274122
364,0.4,-0.0008337266516926511,0.0007068644105688304
364,0.5,-0.0008356271400180859,0.0007049639222433957
364,0.6,-0.0008386315634279495,0.000701959498833532
365,0.4,-0.0005336249964889572,0.0045387205617181126
365,0.5,-0.0005331059147550554,0.004539239643452014
365,0.6,-0.0005319439598344133,0.0045404015983726564
366,0.4,0.00014033970322975542,-0.002628871903462379
366,0.5,0.00013668766890843898,-0.0026325239377836956
366,0.6,0.00013829393588692118,-0.0026309176708052134
367,0.4,-0.0005281189767379624,-0.00011929615605864308
367,0.5,-0.0005301059508421857,-0.0001212831301628664
367,0.6,-0.0005228490460460339,-0.00011402622536671458
368,0.4,-0.0005046651876599584,0.0032655153381134228
368,0.5,-0.0005028967557727804,0.0032672837700006008
368,0.6,-0.0005013948977873883,0.003268785627985993
369,0.4,0.0005060844485607757,-0.0008392419066382412
369,0.5,0.0005025259604973242,-0.0008428003947016927
369,0.6,0.0005010709703008598,-0.0008442553848981571
370,0.4,-0.0014887157559237557,0.0009925250586088341
370,0.5,-0.0014883581487438874,0.0009928826657887024
370,0.6,-0.0014856727620750215,0.0009955680524575683
371,0.4,-0.00021285576255083982,-0.0010125670036474632
371,0.5,-0.0002145530811470675,-0.001014264322243691
371,0.6,-0.0002089199142035758,-0.0010086311553001992
372,0.4,-0.0010154705458926133,-0.0008635224173039469
372,0.5,-0.0010163494844953325,-0.000864401355906666
372,0.6,-0.0010133811114903662,-0.0008614329829016998
373,0.4,-0.00046697359469172195,0.0010525379335599716
373,0.5,-0.0004685952405747429,0.0010509162876769507
373,0.6,-0.0004649504275704708,0.0010545611006812228
374,0.4,2.1152174912511534e-05,-0.0020349668955447486
374,0.5,1.9427479288874894e-05,-0.0020366915911683853
374,0.6,1.8063542309140757e-05,-0.0020380555281481194
375,0.4,-0.0012161388069889673,0.0011556936827071124
375,0.5,-0.0012165963631287219,0.0011552361265673577
375,0.6,-0.0012077435736962266,0.001164088915999853
376,0.4,0.00014117988615863775,-0.00010756278263995833
376,0.5,0.00014008743934210144,-0.00010865522945649464
376,0.6,0.00014329301477272738,-0.0001054496540258687
377,0.4,-0.0008585495162537898,-0.000439279713953869
377,0.5,-0.0008598555634163757,-0.00044058576111645487
377,0.6,-0.0008523553824344721,-0.00043308558013455123
378,0.4,-0.000164373599175191,-0.0005386918180803613
378,0.5,-0.00016581796179908348,-0.0005401361807042537
378,0.6,-0.00015970301114999474,-0.000534021230055165
379,0.4,-0.0010511259229140368,0.002095009679395729
379,0.5,-0.0010521407136974414,0.0020939948886123244
379,0.6,-0.0010488436711968696,0.0020972919311128962
380,0.4,-0.0012173521076058458,0.0036799418745539214
380,0.5,-0.001219466853664808,0.0036778271284949593
380,0.6,-0.0012179877519036264,0.003679306230256141
381,0.4,0.00026162282961486594,0.002679564502514137
381,0.5,0.0002640729615745463,0.002682014634473817
381,0.6,0.0002674710159626392,0.00268541268886191
382,0.4,-0.00017173173624010496,-0.0017387115904022726
382,0.5,-0.00017192547082721388,-0.0017389053249893816
382,0.6,-0.00016092479973797702,-0.0017279046539001447
383,0.4,0.00022501145323494676,-0.0002727018255040681
383,0.5,0.0002247378573898562,-0.00027297542134915864
383,0.6,0.00023397269619557237,-0.00026374058254344246
384,0.4,-0.00042301110219494786,0.0005794328839331675
384,0.5,-0.0004222391421717653,0.0005802048439563501
384,0.6,-0.00041429180329236037,0.000588152182835755
385,0.4,-0.0009789477961306692,0.0008311865832762028
385,0.5,-0.00097936372062421,0.0008307706587826619
385,0.6,-0.0009727136360784538,0.0008374207433284181
386,0.4,-0.00015313140646110168,-0.00118171090305641
386,0.5,-0.0001546157142421345,-0.0011831952108374427
386,0.6,-0.0001543128219730766,-0.0011828923185683848
387,0.4,-0.0006328013215524397,-0.0022589191632929745
387,0.5,-0.0006329367397846786,-0.0022590545815252133
387,0.6,-0.0006294639236669869,-0.0022555817654075216
388,0.4,0.000331706847264468,-0.0011690356337800134
388,0.5,0.00033216673886940495,-0.0011685757421750764
388,0.6,0.00034130843645110986,-0.0011594340445933715
389,0.4,2.323898105693889e-05,0.0012819846343882918
389,0.5,2.133070853985175e-05,0.0012800763618712047
389,0.6,2.2164117033762754e-05,0.0012809097703651157
390,0.4,0.00039491330592703044,-0.0004922658650451939
390,0.5,0.00039316005537143317,-0.0004940191156007911
390,0.6,0.0003940413068612425,-0.0004931378641109818
391,0.4,-0.0012147189659643953,0.0017708705889011023
391,0.5,-0.0012162846188915333,0.0017693049359739643
391,0.6,-0.0012130774422521584,0.0017725121126133392
392,0.4,0.0007123319869063172,-0.00021083037128860616
392,0.5,0.0007111363964364681,-0.00021202596175845523
392,0.6,0.0007084451765202171,-0.00021471718167470621
393,0.4,-0.0010873751083787797,1.4836973050616487e-05
393,0.5,-0.0010865587776271168,1.565330380227936e-05
393,0.6,-0.0010851878332315268,1.7024248197869407e-05
394,0.4,-0.0005722004794034563,0.0009638697696360277
394,0.5,-0.0005688071491085495,0.0009672630999309345
394,0.6,-0.0005573978865552748,0.0009786723624842092
395,0.4,-0.0005359911302805914,0.0013399618429805332
395,0.5,-0.00053695655408241,0.0013389964191787146
395,0.6,-0.0005300992777738794,0.0013458536954872452
396,0.4,9.7070344974165e-06,0.0012442843188373437
396,0.5,9.730756621223469e-06,0.0012443080409611507
396,0.6,7.12407229387646e-06,0.0012417013566338037
397,0.4,-0.0009311163447860982,0.001561018898710298
397,0.5,-0.0009340190399100834,0.0015581162035863128
397,0.6,-0.0009279139041479534,0.0015642213393484428
398,0.4,-0.0006738315020269336,0.0017961189201091687
398,0.5,-0.0006739549788016275,0.001795995443334475
398,0.6,-0.0006690063293987858,0.0018009440927373166
399,0.4,-0.00128121667084434,-0.0007709784856795993
399,0.5,-0.0012839788923463824,-0.0007737407071816416
399,0.6,-0.0012780152303908804,-0.0007677770452261395
400,0.4,-0.0012354981477228494,0.0013373180211434937
400,0.5,-0.0012355385087124415,0.0013372776601539016
400,0.6,-0.0012297596177487657,0.0013430565511175774
401,0.4,-0.0013447873677736727,3.092204308530189e-05
401,0.5,-0.0013442369217386008,3.1472489120373814e-05
401,0.6,-0.0013402129547468167,3.5496456112157904e-05
402,0.4,-0.000856054649720342,-0.001562773824124175
402,0.5,-0.000857864093820937,-0.0015645832682247701
402,0.6,-0.000855758305423851,-0.0015624774798276841
403,0.4,-0.0002098055085078543,0.0013304909452514224
403,0.5,-0.0002123357077880722,0.0013279607459712045
403,0.6,-0.00020700977415670507,0.0013332866796025716
404,0.4,0.00012704468460583707,0.0021326096056765442
404,0.5,0.00012366488417042687,0.002129229805241134
404,0.6,0.0001265874834847358,0.002132152404555443
405,0.4,-0.0007639516720816114,0.0002049146232837168
405,0.5,-0.0007655891476328475,0.00020327714773248073
405,0.6,-0.0007677402488372592,0.00020112604652806898
406,0.4,-0.0016154787582683128,0.0011931556151219824
406,0.5,-0.001617428029152601,0.0011912063442376941
406,0.6,-0.0016153050479534442,0.001193329325436851
407,0.4,-2.055716658264095e-05,0.00214389002076798
407,0.5,-2.024986964083153e-05,0.0021441973177097895
407,0.6,-2.3236132358273043e-05,0.002141211054992348
408,0.4,-0.0009598899426214447,0.0007198629189314742
408,0.5,-0.0009603440973538213,0.0007194087641990976
408,0.6,-0.000955542738641374,0.000724210122911545
409,0.4,0.00032716709165869773,-0.00290472337185374
409,0.5,0.0003257299665716529,-0.002906160496940785
409,0.6,0.00032900843652661216,-0.0029028820269858258
410,0.4,0.00047124905896595015,0.0038744387075862474
410,0.5,0.00046883252710933077,0.003872022175729628
410,0.6,0.00047044415177308063,0.003873633800393378
411,0.4,-0.0009419226058033081,-0.0024569910195220007
411,0.5,-0.0009439276517082817,-0.0024589960654269744
411,0.6,-0.0009409618267635922,-0.002456030240482285
412,0.4,-0.0011679167010529012,0.000991479511516652
412,0.5,-0.0011665095856735752,0.000992886626895978
412,0.6,-0.0011637998848204878,0.0009955963277490654
413,0.4,-0.0010502820117788136,-7.307730864847262e-05
413,0.5,-0.001051579551994447,-7.437484886410606e-05
413,0.6,-0.001050626886822642,-7.342218369230102e-05
414,0.4,-0.0001285759579882917,-0.000600188037932145
414,0.5,-0.00012889817975382523,-0.0006005102596976786
414,0.6,-0.0001278230929451507,-0.000599435172889004
415,0.4,-0.0003977730257029022,0.004415019406431658
415,0.5,-0.00039928000775799055,0.00441351242437657
415,0.6,-0.0003870035293306595,0.004425788902803901
416,0.4,-0.000710386109912281,0.0018712379842111548
416,0.5,-0.0007106967549303511,0.0018709273391930847
416,0.6,-0.0007113966133401317,0.0018702274807833041
417,0.4,0.00010324245020446043,0.002299215421010581
417,0.5,0.00010404508823816383,0.0023000180590442842
417,0.6,0.00011024331769665663,0.002306216288502777
418,0.4,-0.0005621201323160879,0.0005699016531398593
418,0.5,-0.0005608813877470559,0.0005711403977088914
418,0.6,-0.0005552425213336959,0.0005767792641222513
419,0.4,-0.0017032206119804993,-0.0017002557520119088
419,0.5,-0.0017045326450325221,-0.0017015677850639316
419,0.6,-0.001695341437679465,-0.0016923765777108746
420,0.4,-0.0011877551627370864,-0.0011632628570033554
420,0.5,-0.0011886308454128192,-0.0011641385396790882
420,0.6,-0.0011838912472318386,-0.0011593989414981076
421,0.4,0.00021597291367722593,-0.001246307734335983
421,0.5,0.0002149795781310193,-0.0012473010698821896
421,0.6,0.00021444296864614465,-0.0012478376793670642
422,0.4,-0.00031142571804229635,0.0002980749495601065
422,0.5,-0.0003119377961848524,0.00029756287141755045
422,0.6,-0.00030867718808136324,0.0003008234795210396
423,0.4,-0.0005390870481873089,0.0016043902604794547
423,0.5,-0.0005421430411489403,0.0016013342675178233
423,0.6,-0.0005451341623759209,0.0015983431462908426
424,0.4,0.0006306794030790375,0.0017740657607847876
424,0.5,0.0006300059747463005,0.0017733923324520506
424,0.6,0.0006281522557607111,0.0017715386134664612
425,0.4,-0.001319011071498552,-0.0031750352752924205
425,0.5,-0.0013191532088135255,-0.003175177412607394
425,0.6,-0.0013101488190646327,-0.003166173022858501
426,0.4,1.206821818350301e-05,-0.0007025259635391606
426,0.5,1.4667840712620506e-05,-0.0006999263410100431
426,0.6,2.3023063255203646e-05,-0.00069157111846746
427,0.4,-0.00016961968480048994,-0.00040987601480892144
427,0.5,-0.00016960484375287688,-0.00040986117376130837
427,0.6,-0.00016941837312416108,-0.0004096747031325926
428,0.4,-0.0011206397697714754,-0.0006906649663593334
428,0.5,-0.001121402690111517,-0.000691427886699375
428,0.6,-0.001116967747003636,-0.000686992943591494
429,0.4,-0.0010207756790794609,0.0011634209582535582
429,0.5,-0.0010215143038440622,0.0011626823334889569
429,0.6,-0.0010268721147989601,0.001157324522534059
430,0.4,-0.00046521449811118276,0.0003083395387964427
430,0.5,-0.00046618508482479393,0.00030736895208283155
430,0.6,-0.0004630777231740546,0.0003104763137335709
431,0.4,-7.03732671562679e-05,-0.0005718323747499893
431,0.5,-6.905162258774578e-05,-0.0005705107301814671
431,0.6,-6.678280760921695e-05,-0.0005682419152029383
432,0.4,-0.0018569041300089267,-0.0008513143860125055
432,0.5,-0.0018569077025211572,-0.000851317958524736
432,0.6,-0.0018501140918406184,-0.0008445243478441972
433,0.4,-0.0009096698939772274,-0.0012834798643478473
433,0.5,-0.000909825175924861,-0.001283635146295481
433,0.6,-0.0009029975237480337,-0.0012768074941186536
434,0.4,-0.0002538619961874877,0.00021389398485840982
434,0.5,-0.00025506744834935535,0.0002126885326965422
434,0.6,-0.0002505944197645077,0.00021716156128138986
435,0.4,0.0007768716465682279,0.0021155501362288276
435,0.5,0.0007747634706971596,0.0021134419603577592
435,0.6,0.0007782828924493002,0.0021169613821099
436,0.4,-0.00021905341445284388,-0.00024858538334636415
436,0.5,-0.0002206429844261587,-0.000250174953319679
436,0.6,-0.0002158118374687018,-0.0002453438063622221
437,0.4,-0.00043153472112250624,0.00034034528733346836
437,0.5,-0.000431152236973098,0.0003407277714828766
437,0.6,-0.0004274519268856469,0.00034442808157032767
438,0.4,-0.0013649247079070836,-0.0005542167770542089
438,0.5,-0.0013672930308704923,-0.0005565851000176175
438,0.6,-0.00136363138506726,-0.0005529234542143852
439,0.4,0.000157628357351558,0.0016047978157396892
439,0.5,0.00015893161174068693,0.001606101070128818
439,0.6,0.0001610507907610914,0.0016082202491492226
440,0.4,0.00010469768786591782,0.0004668317382413023
440,0.5,0.00010589417255593703,0.0004680282229313215
440,0.6,0.00010885260002244102,0.0004709866503978255
441,0.4,-0.0005425158959732751,-0.0006765986158002169
441,0.5,-0.0005420431004981574,-0.0006761258203250992
441,0.6,-0.00053915572964916,-0.0006732384494761018
442,0.4,-2.2518553145306486e-05,0.0025788279599468222
442,0.5,-2.328224002609569e-05,0.002578064273066033
442,0.6,-1.833246659591059e-05,0.002583014046496218
443,0.4,0.00012936187693807222,0.0009496547375039133
443,0.5,0.00012866514903939197,0.000948958009605233
443,0.6,0.0001320852353469959,0.000952378095912837
444,0.4,-0.0010456091308745502,-0.0015510951211542556
444,0.5,-0.001044481398814412,-0.0015499673890941174
444,0.6,-0.0010374539474002076,-0.001542939937679913
445,0.4,0.00014777056008857814,0.0025391281078981642
445,0.5,0.00014597561664722591,0.002537333164456812
445,0.6,0.0001470113608182111,0.002538368908627797
446,0.4,-0.00023073671463946788,-0.0021767105953967303
446,0.5,-0.0002284018910607699,-0.0021743757718180323
446,0.6,-0.00022116878500910708,-0.0021671426657663695
447,0.4,-0.0005124516491686604,0.0009048102542418557
447,0.5,-0.0005139632013729245,0.0009032987020375915
447,0.6,-0.0005077557822205925,0.0009095061211899236
448,0.4,-0.000832997509988817,-0.000782733850130321
448,0.5,-0.0008328075073103514,-0.0007825438474518553
448,0.6,-0.0008239745519769831,-0.0007737108921184871
449,0.4,6.729167714411566e-05,-0.00046607179992802505
449,0.5,6.547580171778478e-05,-0.00046788767535435594
449,0.6,7.0852734003507e-05,-0.0004625107430686337
450,0.4,-6.137013332362107e-05,0.0012350318811653327
450,0.5,-6.156664955900282e-05,0.001234835364929951
450,0.6,-5.5859489355075675e-05,0.001240542525133878
451,0.4,-0.0012429248758871747,0.0025771151093111344
451,0.5,-0.0012420940189122043,0.002577945966286105
451,0.6,-0.0012354681335697837,0.0025845718516285254
452,0.4,-0.00034793463594640084,0.0008344747923298979
452,0.5,-0.0003492256276891037,0.000833183800587195
452,0.6,-0.0003439506958466121,0.0008384587324296866
453,0.4,-8.978965038647369e-05,-6.958496592093799e-05
453,0.5,-9.074642752457396e-05,-7.054174305903826e-05
453,0.6,-9.053994705399138e-05,-7.033526258845568e-05
454,0.4,0.00028018095223539263,0.0020328406360394236
454,0.5,0.0002778919916879008,0.0020305516754919317
454,0.6,0.00027792090970049643,0.0020305805935045274
455,0.4,-0.001166925474940364,-0.00010442770334491425
455,0.5,-0.0011675264395683282,-0.00010502866797287846
455,0.6,-0.0011633285427305878,-0.00010083077113513805
456,0.4,-0.0007814895193018617,-0.00034315980674753943
456,0.5,-0.0007812709619074987,-0.0003429412493531764
456,0.6,-0.000777806254715685,-0.0003394765421613627
457,0.4,-0.00016068004433597571,-0.0025535389963239896
457,0.5,-0.00016062654662951648,-0.0025534854986175304
457,0.6,-0.00015811123947578887,-0.0025509701914638028
458,0.4,-0.00022007999711784465,-0.002063619695454072
458,0.5,-0.00022176226766099094,-0.0020653019659972183
458,0.6,-0.00022048747070421704,-0.0020640271690404444
459,0.4,-0.0013805645442339226,-0.0012826831046757747
459,0.5,-0.001381692739582066,-0.0012838113000239182
459,0.6,-0.0013743846786781339,-0.001276503239119986
460,0.4,-0.00033916551722129595,0.0003548944712248314
460,0.5,-0.00033893650373106876,0.0003551234847150586
460,0.6,-0.0003339248823469032,0.00036013510609922417
461,0.4,-0.0002890405463964185,0.0006296918732346946
461,0.5,-0.0002909467834273649,0.0006277856362037482
461,0.6,-0.00028836535553708464,0.0006303670640940284
462,0.4,-0.0005384872381444666,-0.0003355961593723422
462,0.5,-0.0005409542417655344,-0.00033806316299341
462,0.6,-0.0005385253486301506,-0.00033563426985802614
463,0.4,-0.0003633928153466137,-0.0022264299613192207
463,0.5,-0.00036511002862846254,-0.0022281471746010695
463,0.6,-0.0003633140410929103,-0.0022263511870655173
464,0.4,-9.041526330830219e-05,0.0023390332046770435
464,0.5,-9.338821493526384e-05,0.002336060253050082
464,0.6,-9.166877773619797e-05,0.0023377796902491477
465,0.4,7.968345139308664e-05,0.0024862321607672655
465,0.5,7.904908824135637e-05,0.0024855977976155352
465,0.6,7.932325415233032e-05,0.002485871963526509
466,0.4,9.983667164883969e-05,-0.001766410433812482
466,0.5,0.0001008855800911923,-0.0017653615253701294
466,0.6,0.00010534816880314324,-0.0017608989366581784
467,0.4,-0.0006736144308835817,0.0014527369187312678
467,0.5,-0.0006762845360797076,0.0014500668135351419
467,0.6,-0.0006727142613072307,0.0014536370883076188
468,0.4,-0.0010742887988030997,-0.00046740485636090345
468,0.5,-0.0010744882557203878,-0.0004676043132781915
468,0.6,-0.0010689760379124363,-0.0004620920954702401
469,0.4,-0.0007839896760129528,0.0016822635309641093
469,0.5,-0.0007859780255902171,0.001680275181386845
469,0.6,-0.0007829576889042678,0.0016832955180727943
470,0.4,-0.0008515908136807471,0.0018597411738277558
470,0.5,-0.0008515919866545762,0.0018597400008539267
470,0.6,-0.0008483913368210749,0.001862940650687428
471,0.4,0.00043005434480450355,0.000529882878541249
471,0.5,0.0004314099376249714,0.0005312384713617169
471,0.6,0.00043979909353883406,0.0005396276272755796
472,0.4,0.00021925918145374035,0.0006800857569189966
472,0.5,0.00022027775210281542,0.0006811043275680717
472,0.6,0.0002242727196729577,0.000685099295138214
473,0.4,-0.0007402819375919856,0.002272018077262794
473,0.5,-0.0007407202394154183,0.0022715797754393613
473,0.6,-0.0007389536794950163,0.0022733463353597633
474,0.4,4.264238586840219e-05,0.0004517911389523843
474,0.5,4.395857486391708e-05,0.0004531073279478992
474,0.6,4.617823211572336e-05,0.0004553269851997055
475,0.4,-0.0008694276921487054,0.0012096736742159692
475,0.5,-0.0008685197217255941,0.0012105816446390805
475,0.6,-0.0008584185173688558,0.0012206828489958188
476,0.4,-0.001304561750681818,-0.00018619033238283234
476,0.5,-0.0013056945334418424,-0.0001873231151428567
476,0.6,-0.001304726433974654,-0.00018635501567566826
477,0.4,-0.00013812649701676338,0.0004809282024972328
477,0.5,-0.0001399833859809657,0.00047907131353303045
477,0.6,-0.00013797027502417125,0.0004810844244898249
478,0.4,0.00020152259761402336,0.0013343041707685188
478,0.5,0.00019635647315013882,0.0013291380463046343
478,0.6,0.00019955100268387316,0.0013323325758383686
479,0.4,-0.0007867702036314927,0.0005499990086375167
479,0.5,-0.0007845525220169375,0.000552216690252072
479,0.6,-0.000774504393351555,0.0005622648189174545
480,0.4,-0.00028483938421647315,0.0035594344309908266
480,0.5,-0.00028243770803934587,0.003561836107167954
480,0.6,-0.000276145813328299,0.0035681280018790007
481,0.4,-0.0005355168166296664,-0.002716630983542162
481,0.5,-0.0005369017540108045,-0.0027180159209233
481,0.6,-0.0005356161807142934,-0.002716730347626789
482,0.4,-0.0005786310177317289,0.001874302578601189
482,0.5,-0.0005820948589554953,0.0018708387373774227
482,0.6,-0.0005800810325718997,0.0018728525637610183
483,0.4,-3.824511233983807e-05,-0.0008561861316547931
483,0.5,-3.795097835979089e-05,-0.0008558919976747459
483,0.6,-3.351308115889795e-05,-0.000851454100473853
484,0.4,5.687194802123097e-05,-0.0004337206099251367
484,0.5,5.7403404007561054e-05,-0.00043318915393880664
484,0.6,6.185619103926676e-05,-0.00042873636690710093
485,0.4,-0.0009856547099200141,7.99588752768976e-05
485,0.5,-0.0009867943979731536,7.881918722375814e-05
485,0.6,-0.0009822976330200878,8.331595217682397e-05
486,0.4,-0.0005711255182494629,-0.0020694521981677455
486,0.5,-0.0005707271294103783,-0.002069053809328661
486,0.6,-0.0005611872820658198,-0.0020595139619841024
487,0.4,-0.0009862640956029844,-0.0006696941660036121
487,0.5,-0.000985485346118739,-0.0006689154165193667
487,0.6,-0.0009833707879880332,-0.0006668008583886609
488,0.4,-7.577193302922558e-05,-0.0007811609995561769
488,0.5,-7.508475449775898e-05,-0.0007804738210247103
488,0.6,-7.674020231712708e-05,-0.0007821292688440784
489,0.4,-0.00035820075299600185,-0.0008230003251630535
489,0.5,-0.0003570477196930544,-0.0008218472918601061
489,0.6,-0.00035306405428467413,-0.0008178636264517258
490,0.4,0.0005459909031918786,0.000249044990281333
490,0.5,0.0005448163274865414,0.0002478704145759958
490,0.6,0.0005535848694727397,0.00025663895656219404
491,0.4,-0.0006625262779393765,-1.0024816055081986e-05
491,0.5,-0.0006621238148443037,-9.62235296000924e-06
491,0.6,-0.0006591069250210663,-6.605463136771794e-06
492,0.4,0.0006795920636611663,0.0013274527176736217
492,0.5,0.000678368606217894,0.0013262292602303494
492,0.6,0.0006722884270742024,0.0013201490810866578
493,0.4,0.0001852792939921466,0.0015381002003022892
493,0.5,0.00018075504872172576,0.0015335759550318684
493,0.6,0.00017692911156408364,0.0015297500178742263
494,0.4,-0.0005062440717932271,-4.703726662901031e-05
494,0.5,-0.0005076291715237491,-4.842236635953234e-05
494,0.6,-0.0005078939644586195,-4.8687159294402704e-05
495,0.4,-0.0006387866254626978,-0.0011013596042634965
495,0.5,-0.0006389124121111145,-0.0011014853909119132
495,0.6,-0.0006270964583130062,-0.001089669437113805
496,0.4,-0.0013764369394108078,0.0011045242349548567
496,0.5,-0.001375393645857606,0.0011055675285080585
496,0.6,-0.001368570684990203,0.0011123904893754616
497,0.4,-0.00017178752057926683,-0.0011311702057350131
497,0.5,-0.000169539217182324,-0.0011289219023380703
497,0.6,-0.0001668597001921457,-0.001126242385347892
498,0.4,-0.000751763405546918,-0.001421773740104229
498,0.5,-0.0007540501434673691,-0.0014240604780246802
498,0.6,-0.0007552164937285749,-0.001425226828285886
499,0.4,-0.000361588691150716,-0.0009906380158239136
499,0.5,-0.0003618651025261155,-0.000990914427199313
499,0.6,-0.00035805800548327493,-0.0009871073301564726
500,0.4,-0.0005641376788197705,0.00015730932706937983
500,0.5,-0.000563319762669337,0.0001581272432198133
500,0.6,-0.0005540629734349239,0.0001673840324542264
501,0.4,-0.0010258971860515609,0.0013791774806028168
501,0.5,-0.0010296583501216011,0.0013754163165327765
501,0.6,-0.0010294382349662345,0.001375636431688143
502,0.4,-0.00048320709522781113,-0.0031650652811718166
502,0.5,-0.00048314555789012725,-0.0031650037438341327
502,0.6,-0.000482938145364431,-0.0031647963313084365
503,0.4,0.0001593038660558932,-0.0011716190543493987
503,0.5,0.0001588152826826339,-0.001172107637722658
503,0.6,0.00016488066203035334,-0.0011660422583749386
504,0.4,-0.0005729761917183662,-0.0006690384003039951
504,0.5,-0.0005738381760750366,-0.0006699003846606655
504,0.6,-0.0005634431854240618,-0.0006595053940096907
505,0.4,-0.00020159550268591953,0.0028488624837250676
505,0.5,-0.00020010662960479042,0.0028503513568061967
505,0.6,-0.0001925902545475422,0.002857867731863445
506,0.4,0.00040587189659589684,-0.0006645083979720523
506,0.5,0.0004040819473132423,-0.0006662983472547068
506,0.6,0.0004010665508190625,-0.0006693137437488866
507,0.4,-0.0006904276026209744,0.003071007637829512
507,0.5,-0.0006918330830086722,0.003069602157441814
507,0.6,-0.0006866697878063766,0.00307476545264411
508,0.4,-0.0010191275912546094,0.00162146102413456
508,0.5,-0.0010180200487623636,0.0016225685666268058
508,0.6,-0.0010121617180667841,0.0016284268973223853
509,0.4,0.0013063143152299284,0.001742136789581239
509,0.5,0.0013053796649712124,0.001741202139322523
509,0.6,0.0013137594970551447,0.0017495819714064553
510,0.4,-0.00030905888139939885,0.0009398870683069993
510,0.5,-0.0003095765105235321,0.0009393694391828661
510,0.6,-0.0003024419231143355,0.0009465040265920627
511,0.4,-0.0007841231757803324,-0.0026867545016657085
511,0.5,-0.0007852724245245302,-0.0026879037504099063
511,0.6,-0.0007780534295796365,-0.0026806847554650126
512,0.4,-3.052131632988453e-05,-0.0007662540639899879
512,0.5,-3.1261443498339925e-05,-0.0007669941911584433
512,0.6,-2.4672784919535506e-05,-0.0007604055325796388
513,0.4,-0.0015907029982129423,0.002802358862250595
513,0.5,-0.0015931225120811576,0.00279993934838238
513,0.6,-0.0015881801712886168,0.0028048816891749206
514,0.4,-0.0010435786436568395,0.0014620377362184883
514,0.5,-0.0010441994602867766,0.0014614169195885512
514,0.6,-0.0010377862159979823,0.0014678301638773456
515,0.4,6.42960218128763e-05,0.0008565677569254693
515,0.5,6.359713218362373e-05,0.0008558688672962167
515,0.6,6.67954412807148e-05,0.0008590671763933078
516,0.4,-0.0009583193656194089,0.0005508805134147449
516,0.5,-0.0009585402949785909,0.0005506595840555628
516,0.6,-0.0009571884307774531,0.0005520114482567007
517,0.4,-0.00041549590959306937,0.00022663764614862247
517,0.5,-0.00042092016773931373,0.0002212133880023781
517,0.6,-0.00042001314169497206,0.00022212041404671978
518,0.4,-0.0007147478022628273,0.00198223314688159
518,0.5,-0.0007149615202570458,0.0019820194288873716
518,0.6,-0.0007120625740294206,0.001984918375114997
519,0.4,0.0006526585066655155,-0.0005157250091027132
519,0.5,0.0006509639681268331,-0.0005174195476413956
519,0.6,0.0006524419410172677,-0.000515941574750961
520,0.4,-0.0005079576607072006,0.002584305816420593
520,0.5,-0.0005087288323656625,0.002583534644762131
520,0.6,-0.0005070159886075842,0.0025852474885202092
521,0.4,-0.0016254378816511345,-0.0014283229695207789
521,0.5,-0.0016258331762385447,-0.0014287182641081891
521,0.6,-0.001621554305231726,-0.0014244393931013705
522,0.4,0.00024934637247334135,0.0012251524688378368
522,0.5,0.000249825152367128,0.0012256312487316234
522,0.6,0.00024877692755048697,0.0012245830239149824
523,0.4,-0.001227389044796065,0.0017191031657477762
523,0.5,-0.0012270842251728142,0.001719407985371027
523,0.6,-0.0012234569223479042,0.001723035288195937
524,0.4,0.00040873547585551506,-0.00023676096423522197
524,0.5,0.0004084832340288391,-0.0002370132060618979
524,0.6,0.0004112333063008289,-0.00023426313378990815
525,0.4,-0.0006323394148110145,-0.0013383728237230802
525,0.5,-0.0006323080275882631,-0.0013383414365003288
525,0.6,-0.0006281414775727023,-0.001334174886484768
526,0.4,-0.00032469861361653085,-0.001874782221794269
526,0.5,-0.00032523264020106746,-0.0018753162483788055
526,0.6,-0.0003186899606188176,-0.0018687735687965557
527,0.4,-0.0005155758752432571,-0.001032962718544722
527,0.5,-0.0005177054673183024,-0.0010350923106197674
527,0.6,-0.000512990477844727,-0.001030377321146192
528,0.4,-0.0012916088511301799,-0.0027454837670881083
528,0.5,-0.0012939436740253552,-0.0027478185899832835
528,0.6,-0.0012921704223327335,-0.002746045338290662
529,0.4,-0.0011237479608226797,-8.397390668567206e-05
529,0.5,-0.0011247885438119415,-8.501448967493386e-05
529,0.6,-0.0011208286110478138,-8.105455691080621e-05
530,0.4,0.0003888879841648374,0.001577235374919994
530,0.5,0.00038930509714837913,0.0015776524879035358
530,0.6,0.00039366592270440037,0.001582013313459557
531,0.4,-0.0006959897268134507,0.0001402049603522887
531,0.5,-0.0006953751819375603,0.0001408195052281791
531,0.6,-0.0006861437912856622,0.00015005089588007725
532,0.4,-0.0002784135647301289,-0.003022778830606865
532,0.5,-0.0002785442452206688,-0.0030229095110974047
532,0.6,-0.0002735249530564088,-0.0030178902189331447
533,0.4,-0.0005464208747079924,-0.00021407873976204972
533,0.5,-0.0005462558560914571,-0.00021391372114551443
533,0.6,-0.0005344948584490861,-0.0002021527235031434
534,0.4,-0.0007614272549064105,0.002759458283907973
534,0.5,-0.0007606672761789335,0.00276021826263545
534,0.6,-0.0007543881480452375,0.002766497390769146
535,0.4,3.396248659942591e-05,0.0004253375044744323
535,0.5,3.240174193866463e-05,0.000423776759813671
535,0.6,3.4765721983687214e-05,0.0004261407398586936
536,0.4,-0.000473013796083277,-0.0009080933590589896
536,0.5,-0.00047462235603616676,-0.0009097019190118794
536,0.6,-0.0004725213139743223,-0.0009076008769500349
537,0.4,-0.00020738658818758582,0.0015528646542069258
537,0.5,-0.00020877261683348303,0.0015514786255610286
537,0.6,-0.00020343613150500262,0.001556815110889509
538,0.4,-8.211246048843435e-05,-0.000571773698681291
538,0.5,-8.067151263539685e-05,-0.0005703327508282535
538,0.6,-7.820633483132666e-05,-0.0005678675730241833
539,0.4,-0.0008050567444563422,-0.0017053993726946909
539,0.5,-0.0008081052296567415,-0.0017084478578950901
539,0.6,-0.0008043222248539789,-0.0017046648530923275
540,0.4,-0.001433830756482679,0.0014096550855370454
540,0.5,-0.0014352572420211068,0.0014082285999986177
540,0.6,-0.0014288105081656233,0.0014146753338541013
541,0.4,-6.577095398890842e-06,-0.00139134318173037
541,0.5,-7.735622152643673e-06,-0.001392501708484123
541,0.6,-2.8710458300773567e-06,-0.0013876371321615566
542,0.4,-0.0010527336473587917,-0.0027035579415029265
542,0.5,-0.001054330215167515,-0.0027051545093116497
542,0.6,-0.0010504809542737498,-0.0027013052484178846
543,0.4,0.0007630559946406323,-0.0016392690401269283
543,0.5,0.0007621714308997107,-0.00164015360386785
543,0.6,0.0007562696202506602,-0.0016460554145169004
544,0.4,-0.0017683724450675425,-0.001498065204957294
544,0.5,-0.0017663533483164018,-0.0014960461082061532
544,0.6,-0.0017547903078468097,-0.0014844830677365611
545,0.4,0.00013207727465741614,-0.00040562513480082996
545,0.5,0.0001301613439287641,-0.000407541065529482
545,0.6,0.00013201640189819397,-0.00040568600756005213
546,0.4,-0.00080031578187853,-0.0003006425632011839
546,0.5,-0.000799579963498942,-0.00029990674482159585
546,0.6,-0.0007937221706040554,-0.0002940489519267092
547,0.4,-7.130849972503128e-05,0.0007858114045294629
547,0.5,-7.45240458905061e-05,0.000782595858363988
547,0.6,-7.183408275138192e-05,0.0007852858215031122
548,0.4,0.0003678507421823185,-0.0006750482032540916
548,0.5,0.0003665067878996231,-0.000676392157536787
548,0.6,0.0003631504108112249,-0.0006797485346251853
549,0.4,-0.0001210767824170178,-0.0006798693263871669
549,0.5,-0.0001221545784400313,-0.0006809471224101804
549,0.6,-0.00011782579921301717,-0.0006766183431831663
550,0.4,0.0006776255343538817,-0.0028267267173297528
550,0.5,0.0006699440916780874,-0.002834408160005547
550,0.6,0.0006706419785285633,-0.002833710273155071
551,0.4,0.0005274054125611327,-0.0007772578478753844
551,0.5,0.0005290543437369288,-0.0007756089166995883
551,0.6,0.0005252020657053602,-0.0007794611947311569
552,0.4,-0.0010374306190858995,-0.0009742869792150333
552,0.5,-0.0010339567774287212,-0.0009708131375578549
552,0.6,-0.001033497893518795,-0.0009703542536479287
553,0.4,-0.0017731219337051296,0.0008459934200322206
553,0.5,-0.0017729956225060323,0.0008461197312313179
553,0.6,-0.001763824101546796,0.0008552912521905542
554,0.4,0.00041222402352283916,-0.0010052076361399542
554,0.5,0.00041275771482426893,-0.0010046739448385245
554,0.6,0.0004159660673997978,-0.0010014655922629956
555,0.4,-0.00038638207125006596,-0.0005795438019411958
555,0.5,-0.0003871827046901255,-0.0005803444353812554
555,0.6,-0.00038666667649174535,-0.0005798284071828752
556,0.4,-0.000250662776143884,-0.0020187605017786825
556,0.5,-0.0002490710408891428,-0.0020171687665239413
556,0.6,-0.00024305060749428564,-0.002011148333129084
557,0.4,-0.0010907516582646937,0.0031404899211684156
557,0.5,-0.0010888309778969152,0.003142410601536194
557,0.6,-0.0010792451898622435,0.003151996389570866
558,0.4,0.0004139077515639966,0.0011577698164358524
558,0.5,0.0004133731156737708,0.0011572351805456266
558,0.6,0.00041659161554338797,0.0011604536804152438
559,0.4,-2.9285199909162563e-05,-0.0009240287210156295
559,0.5,-2.8696507153577744e-05,-0.0009234400282600447
559,0.6,-2.165509386815867e-05,-0.0009163986149746256
560,0.4,-0.001046896907176742,0.0010334888908364037
560,0.5,-0.0010463048319296203,0.0010340809660835254
560,0.6,-0.0010405134325703336,0.0010398723654428121
561,0.4,-0.0012671795065236774,-0.00027055147543871005
561,0.5,-0.0012670123340602218,-0.0002703843029752545
561,0.6,-0.0012663883816548538,-0.00026976035056988645
562,0.4,-2.4389802873781008e-05,0.001745737228328964
562,0.5,-2.2721682935045173e-05,0.0017474053482676999
562,0.6,-1.562273224489652e-05,0.0017545042989578485
563,0.4,-0.00037362528308948484,-0.001075785752757713
563,0.5,-0.00037228315148235547,-0.0010744436211505837
563,0.6,-0.0003670722750019062,-0.0010692327446701344
564,0.4,-0.0018022884962313745,0.0002398049216417869
564,0.5,-0.001801124055893985,0.0002409693619791764
564,0.6,-0.0017975560826693354,0.00024453733520382603
565,0.4,0.0003640461342009904,-0.00011909144186333931
565,0.5,0.00036361811127871846,-0.00011951946478561126
565,0.6,0.00037136171594612244,-0.00011177586011820728
566,0.4,-0.0006259315910384367,-0.0014181119974863154
566,0.5,-0.0006236829465216809,-0.0014158633529695597
566,0.6,-0.000618013155124969,-0.0014101935615728478
567,0.4,-1.2699492710974147e-05,-0.0004296785003525261
567,0.5,-1.39185922889834e-05,-0.00043089759993053534
567,0.6,-1.679396982955106e-05,-0.000433772977471103
568,0.4,0.0020972188245640955,0.0010480305801127965
568,0.5,0.002094640126231201,0.001045451881779902
568,0.6,0.0020956233787905176,0.0010464351343392186
569,0.4,-0.000681750300242312,0.0013409025562260146
569,0.5,-0.0006816103117183725,0.001341042544749954
569,0.6,-0.0006779129064489187,0.001344739950019408
570,0.4,-0.0015775969193695671,0.0023863472448973078
570,0.5,-0.0015780813286677547,0.00238586283559912
570,0.6,-0.0015785807628355825,0.0023853634014312924
571,0.4,-0.0005681959638046408,-0.0012627143406745422
571,0.5,-0.0005683589818772095,-0.001262877358747111
571,0.6,-0.0005635672176123874,-0.0012580855944822888
572,0.4,-0.0015114351041266016,-0.0016296026261863883
572,0.5,-0.0015127337906525457,-0.0016309013127123323
572,0.6,-0.0015069663698210611,-0.0016251338918808478
573,0.4,-0.00019694130508057794,-0.0012208879166130115
573,0.5,-0.00019910822473132028,-0.0012230548362637539
573,0.6,-0.00019463109744277673,-0.0012185777089752103
574,0.4,-9.164062558712771e-05,-0.002965037471801768
574,0.5,-9.295984632665122e-05,-0.0029663566925412915
574,0.6,-9.393645003354101e-05,-0.0029673332962481813
575,0.4,0.00033421074538245166,0.0018057395032988754
575,0.5,0.00033351752115701183,0.0018050462790734356
575,0.6,0.00033006613483813063,0.0018015948927545544
576,0.4,0.0001327622741396084,0.0011314806751314688
576,0.5,0.00013210636862581726,0.0011308247696176776
576,0.6,0.0001329197633538337,0.001131638164345694
577,0.4,7.992173793482105e-05,-0.003635690614192902
577,0.5,8.089133693021944e-05,-0.0036347210151975035
577,0.6,8.415508128953308e-05,-0.00363145727083819
578,0.4,-0.0008058228837520831,-0.0016118118848546248
578,0.5,-0.0008052333747093909,-0.0016112223758119326
578,0.6,-0.0007990653514960699,-0.0016050543525986116
579,0.4,-0.00024461756878281504,0.000346394978774367
579,0.5,-0.00024642990846791835,0.0003445826390892637
579,0.6,-0.0002451852086455125,0.0003458273389116695
580,0.4,-0.0003804991201181718,0.0005339261876580459
580,0.5,-0.00038326080569228704,0.0005311645020839306
580,0.6,-0.0003788169507066008,0.0005356083570696168
581,0.4,0.0002764083797579253,0.0007068788316956787
581,0.5,0.00027278043807783814,0.0007032508900155915
581,0.6,0.00027284646386917244,0.0007033169158069258
582,0.4,9.2920003936528e-05,-0.0007001628142851019
582,0.5,9.29877452502531e-05,-0.0007000950729713767
582,0.6,9.821026827747104e-05,-0.0006948725499441588
583,0.4,-0.0007895295552668158,0.00021695711931232764
583,0.5,-0.0007894298764416496,0.0002170567981374938
583,0.6,-0.0007869969133378479,0.0002194897612412955
584,0.4,-0.0006471476881748234,-0.0012044718020384343
584,0.5,-0.0006462618298512662,-0.0012035859437148771
584,0.6,-0.0006368210169727384,-0.0011941451308363493
585,0.4,0.0003571064412492553,0.00046753992982973003
585,0.5,0.0003568783951429788,0.00046731188372345356
585,0.6,0.0003681208129062141,0.00047855430148668887
586,0.4,0.0002239678379255261,0.0003054091849814533
586,0.5,0.0002247116346040523,0.0003061529816599795
586,0.6,0.00023042264267486567,0.0003118639897307929
587,0.4,0.0010036373409972599,0.003166048587580461
587,0.5,0.0010011794882490987,0.0031635907348323
587,0.6,0.0010047294059572776,0.003167140652540479
588,0.4,-5.800332549427134e-05,-0.0008317920554637148
588,0.5,-5.8494282455939794e-05,-0.0008322830124253833
588,0.6,-5.459029518273262e-05,-0.0008283790251521761
589,0.4,-0.00013175341236346116,-0.0018398294045273988
589,0.5,-0.0001322351448675152,-0.0018403111370314529
589,0.6,-0.0001338943682187843,-0.001841970360382722
590,0.4,-0.0009007883773166081,-0.00032967736417030546
590,0.5,-0.0009014128916738084,-0.0003303018785275058
590,0.6,-0.0008997282768087589,-0.00032861726366245625
591,0.4,-0.0016796358582046866,0.00037782605126709945
591,0.5,-0.0016796836676181703,0.00037777824185361575
591,0.6,-0.001673968583556673,0.000383493325915113
592,0.4,-0.0005759785884118518,0.0006744563354728894
592,0.5,-0.0005767599771419607,0.0006736749467427805
592,0.6,-0.0005726063557848771,0.0006778285680998641
593,0.4,0.00016849772393037754,0.0022461417037468734
593,0.5,0.00016542581406150947,0.0022430697938780053
593,0.6,0.00017085474939149137,0.002248498729207987
594,0.4,-0.0007673715249913449,8.416062721608442e-05
594,0.5,-0.0007663356281495115,8.519652405791778e-05
594,0.6,-0.0007611610035858918,9.03711486215375e-05
595,0.4,-0.000932468909237677,-0.00036488847529855817
595,0.5,-0.0009327440166044532,-0.00036516358266533433
595,0.6,-0.0009262204427252091,-0.00035864000878609026
596,0.4,0.0008739146626788319,-0.0009871139921114602
596,0.5,0.0008734496406332393,-0.0009875790141570528
596,0.6,0.0008712881755544299,-0.0009897404792358622
597,0.4,-0.0015665158643146243,0.0029314144607953813
597,0.5,-0.0015669163054243401,0.0029310140196856654
597,0.6,-0.0015605102168100154,0.00293742010829999
598,0.4,-0.001184702238483104,0.001019396003233572
598,0.5,-0.001186248312155122,0.001017849929561554
598,0.6,-0.001185627592824659,0.001018470648892017
599,0.4,0.0008491170501304934,0.0012678159045809156
599,0.5,0.0008481684801192046,0.0012668673345696269
599,0.6,0.0008510827221951123,0.0012697815766455345
600,0.4,9.344748221284949e-05,0.0007004201131210752
600,0.5,9.39407402131276e-05,0.0007009133711213533
600,0.6,9.707759525187654e-05,0.0007040502261601023
601,0.4,-0.00015381898474964295,-0.0020842876804116894
601,0.5,-0.00015377089547703726,-0.0020842395911390837
601,0.6,-0.00015224867347307658,-0.002082717369135123
602,0.4,2.2506955624918e-05,-8.233657942174899e-05
602,0.5,2.055460190394931e-05,-8.428893314271768e-05
602,0.6,1.9817109584152615e-05,-8.502642546251438e-05
603,0.4,-0.00046070198204054,0.001562987306995528
603,0.5,-0.0004591569914114968,0.0015645322976245712
603,0.6,-0.00045544635851571535,0.0015682429305203527
604,0.4,-0.0013032654081536754,-0.0013203353779550342
604,0.5,-0.0013020658135110413,-0.0013191357833124001
604,0.6,-0.001301126786437859,-0.0013181967562392177
605,0.4,0.0007347627304762905,0.0019997962473553565
605,0.5,0.0007367698172163484,0.0020018033340954144
605,0.6,0.0007429091283182865,0.0020079426451973525
606,0.4,-0.0008918348551007343,-0.002108462347272702
606,0.5,-0.000893787501261567,-0.0021104149934335348
606,0.6,-0.0008885602072373211,-0.002105187699409289
607,0.4,-0.0002736414647621366,0.0013867364877462318
607,0.5,-0.0002730102792388167,0.0013873676732695517
607,0.6,-0.00027005457500156593,0.0013903233775068025
608,0.4,0.00010994989811739797,-0.0023750885969916202
608,0.5,0.00010851454636902347,-0.0023765239487399947
608,0.6,0.00011036428468320925,-0.002374674210425809
609,0.4,9.20221010230482e-05,0.0006587521858366918
609,0.5,8.99948643279247e-05,0.0006567249491415683
609,0.6,9.369753623206245e-05,0.0006604276210457061
610,0.4,-0.00045501619880750077,0.0005231993527531342
610,0.5,-0.00045689429175491125,0.0005213212598057237
610,0.6,-0.0004531894909394485,0.0005250260606211865
611,0.4,0.00021862353676399549,-0.0005720785592176758
611,0.5,0.00021729416350341202,-0.0005734079324782593
611,0.6,0.0002151867936474039,-0.0005755153023342674
612,0.4,-0.0004435158710481557,0.0011382622230275974
612,0.5,-0.00044869706113898067,0.0011330810329367724
612,0.6,-0.00044846002618137426,0.0011333180678943788
613,0.4,-0.00023665383101736936,0.0007678901045961167
613,0.5,-0.000238816130330069,0.0007657278052834171
613,0.6,-0.00023636120278647255,0.0007681827328270135
614,0.4,2.3653248057198262e-05,-0.001604087139437299
614,0.5,2.336248433014443e-05,-0.001604377903164353
614,0.6,2.7957054924671043e-05,-0.0015997833325698263
615,0.4,-0.00036985320667631827,0.0019909832810047073
615,0.5,-0.00037056911541683,0.0019902673722641956
615,0.6,-0.00037024695738961666,0.001990589530291409
616,0.4,-0.00024986145679734006,-0.0011548342052195293
616,0.5,-0.0002526513967048838,-0.001157624145127073
616,0.6,-0.00025120599064035187,-0.001156178739062541
617,0.4,-3.176791629064257e-05,0.0010879077020699846
617,0.5,-3.192447154742872e-05,0.0010877511468131984
617,0.6,-3.1715280388505684e-05,0.0010879603379721214
618,0.4,-0.0004477828876909562,-0.0012971956282763486
618,0.5,-0.0004456961187630226,-0.001295108859348415
618,0.6,-0.0004396211666179983,-0.0012890339072033907
619,0.4,-0.00010760453243333079,0.0015687065784968923
619,0.5,-0.00011026761542173857,0.0015660434955084845
619,0.6,-0.00011041817910831253,0.0015658929318219106
620,0.4,0.000250373323676778,0.0009532122980243085
620,0.5,0.0002455442849274292,0.0009483832592749597
620,0.6,0.0002451780221436606,0.0009480169964911911
621,0.4,-0.0007123428992493186,0.0013760308869472937
621,0.5,-0.0007113081741972199,0.0013770656119993924
621,0.6,-0.0007047599126653037,0.0013836138735313086
622,0.4,-0.001146427044987297,-0.0015399458535833993
622,0.5,-0.0011474943249745462,-0.0015410131335706484
622,0.6,-0.0011434591885632478,-0.00153697799715935
623,0.4,-0.0016558909095239077,-4.5376984120854e-05
623,0.5,-0.0016590087900695966,-4.849486466654285e-05
623,0.6,-0.0016601609449659743,-4.9647019562920613e-05
624,0.4,-0.001636009459892021,-3.740322534843965e-05
624,0.5,-0.0016331273776069993,-3.4521143063417914e-05
624,0.6,-0.001625660596230566,-2.7054361686984496e-05
625,0.4,-0.0006346212914904448,-0.002102973447707296
625,0.5,-0.0006363133029484158,-0.002104665459165267
625,0.6,-0.0006319943925235383,-0.0021003465487403894
626,0.4,-0.0006853869699514764,1.9821275291515006e-06
626,0.5,-0.0006895479364691232,-2.1788389884952464e-06
626,0.6,-0.0006890214992299193,-1.6524017492913767e-06
627,0.4,-0.0004358340362122515,0.0018483708028413925
627,0.5,-0.0004355170378954054,0.0018486878011582386
627,0.6,-0.00042777488169681854,0.0018564299573568255
628,0.4,0.0007301063127087282,-0.0013898442540949962
628,0.5,0.0007284098650891246,-0.0013915407017145998
628,0.6,0.0007205586136856124,-0.001399391953118112
629,0.4,-0.0015042568036765236,-0.00048681466337428814
629,0.5,-0.0015026620925719658,-0.00048521995226973036
629,0.6,-0.0014968936353931955,-0.0004794514950909601
630,0.4,-0.0002867255781993372,0.00036368414528256676
630,0.5,-0.0002876515535787938,0.00036275816990311016
630,0.6,-0.00027993109042701025,0.0003704786330548937
631,0.4,-0.0005578077325443798,0.0012465847422830911
631,0.5,-0.000559417305365767,0.001244975169461704
631,0.6,-0.000558640955071063,0.0012457515197564079
632,0.4,-0.0009206860857713106,-0.00010823665907992719
632,0.5,-0.0009228619085159956,-0.00011041248182461216
632,0.6,-0.0009230147982889764,-0.00011056537159759294
633,0.4,-0.0004622964440454125,0.00050647597990372
633,0.5,-0.0004619265105516024,0.00050684591339753
633,0.6,-0.0004548553493459173,0.0005139170746032151
634,0.4,-0.0008853890067533898,-0.002347559462916163
634,0.5,-0.0008845969176106694,-0.0023467673737734424
634,0.6,-0.0008822733835753688,-0.0023444438397381417
635,0.4,-2.465390068423501e-05,0.0001189303085672444
635,0.5,-2.5689924511185236e-05,0.00011789428474029418
635,0.6,-2.9346135876906487e-05,0.00011423807337457292
636,0.4,0.0006495184614432881,0.0004199432109862067
636,0.5,0.0006470650564711911,0.0004174898060141097
636,0.6,0.0006440496452162492,0.0004144743947591678
637,0.4,0.0008828142743388667,-0.0020085121472902534
637,0.5,0.0008808399753833795,-0.0020104864462457406
637,0.6,0.0008797311780164296,-0.0020115952436126905
638,0.4,-0.0006550445472189859,0.0015074822815324823
638,0.5,-0.0006579938838818244,0.0015045329448696437
638,0.6,-0.0006539938829738523,0.0015085329457776159
639,0.4,0.0006403993847391432,0.0012480178582057189
639,0.5,0.0006384653536713469,0.0012460838271379227
639,0.6,0.0006430130108790177,0.0012506314843455935
640,0.4,-0.0008679495423603995,-0.00204673271750605
640,0.5,-0.0008707953968661586,-0.0020495785720118093
640,0.6,-0.0008710469166348794,-0.00204983009178053
641,0.4,-0.00055825516702801,0.0019126736278788359
641,0.5,-0.0005598851309131514,0.0019110436639936945
641,0.6,-0.0005569564767530788,0.0019139723181537671
642,0.4,-0.0009456005784801158,0.003197732003886969
642,0.5,-0.0009454691308565383,0.0031978634515105464
642,0.6,-0.0009405970630664839,0.0032027355193006007
643,0.4,0.0002543164175118351,0.0018862224938843708
643,0.5,0.00025392778159319396,0.0018858338579657297
643,0.6,0.00026180052242189,0.0018937065987944257
644,0.4,0.0002609128643105696,0.0015922766426391677
644,0.5,0.00025754258083560133,0.0015889063591641994
644,0.6,0.0002607663620568246,0.0015921301403854227
645,0.4,0.0012068703127844638,0.000220625996313617
645,0.5,0.0012059678018191966,0.00021972348534834985
645,0.6,0.0012038228782329519,0.0002175785617621051
646,0.4,-0.0010882394815150687,-0.0023444846031743655
646,0.5,-0.0010885517992209326,-0.0023447969208802294
646,0.6,-0.001080195629351327,-0.002336440751010624
647,0.4,-0.00015663715895944397,-0.0005340519485855649
647,0.5,-0.00015814803754443663,-0.0005355628271705576
647,0.6,-0.00015270659272829945,-0.0005301213823544204
648,0.4,0.0004731529547131186,0.00012053430272748744
648,0.5,0.0004703787763310485,0.00011776012434541738
648,0.6,0.0004715639487912482,0.00011894529680561705
649,0.4,-0.00016634349320446273,-0.0010558134673683828
649,0.5,-0.00016645316818125755,-0.0010559231423451776
649,0.6,-0.00016182192707370202,-0.001051291901237622
650,0.4,4.5706675662199325e-05,0.00207827771680294
650,0.5,4.242629330988845e-05,0.002074997334450629
650,0.6,4.5406647501217146e-05,0.0020779776886419576
651,0.4,-0.000742949669635215,-0.0008399784961204415
651,0.5,-0.0007441439315937215,-0.000841172758078948
651,0.6,-0.000745614110711515,-0.0008426429371967414
652,0.4,0.0005268394119180841,-0.0022422888071630953
652,0.5,0.0005242274898200061,-0.0022449007292611733
652,0.6,0.0005243055519985051,-0.0022448226670826743
653,0.4,-0.001174370911293507,0.00033165874949277196
653,0.5,-0.001174691618326923,0.00033133804245935594
653,0.6,-0.0011688065931140523,0.00033722306767222654
654,0.4,-0.0005732872256825616,0.0023583148841322954
654,0.5,-0.0005746084770853199,0.002356993632729537
654,0.6,-0.0005665309484984005,0.0023650711613164566
655,0.4,-0.0010253243832069048,-0.0007704636227906514
655,0.5,-0.0010280377798567442,-0.0007731770194404908
655,0.6,-0.0010214743012979255,-0.0007666135408816721
656,0.4,-0.0013183373666962872,0.0006329750057402078
656,0.5,-0.0013188238675391067,0.0006324885048973883
656,0.6,-0.0013138796664036445,0.0006374327060328505
657,0.4,0.00010657614727459241,-0.00028345739350305044
657,0.5,0.00010377589095647566,-0.0002862576498211672
657,0.6,0.00010643349894352838,-0.00028360004183411447
658,0.4,-0.0008638906028139298,-0.0009739239528318705
658,0.5,-0.0008644637082013823,-0.000974497058219323
658,0.6,-0.000858236461421566,-0.0009682698114395066
659,0.4,-0.0001823267712916521,0.0019016500452954666
659,0.5,-0.00018136600560680893,0.0019026108109803097
659,0.6,-0.0001768225542999602,0.0019071542622871585
660,0.4,-2.0381593570206746e-05,-0.000987443074701999
660,0.5,-2.3377369311905483e-05,-0.0009904388504436978
660,0.6,-2.0592933842961125e-05,-0.0009876544149747535
661,0.4,-0.0003659613959852148,0.0016695157753705003
661,0.5,-0.00036448580558440247,0.0016709913657713127
661,0.6,-0.0003597077268408244,0.0016757694445148907
662,0.4,-9.31479884930253e-06,-0.00017500330666817
662,0.5,-1.2512922143492755e-05,-0.00017820142996236021
662,0.6,-1.3581216866814794e-05,-0.00017926972468568225
663,0.4,-0.0014945400572578954,-0.0029818216788471408
663,0.5,-0.001496935220576076,-0.0029842168421653215
663,0.6,-0.0014993198488669063,-0.0029866014704561517
664,0.4,-0.0006035833913666383,0.0005672314227691405
664,0.5,-0.0006037215386383715,0.0005670932754974073
664,0.6,-0.0006014174287790192,0.0005693973853567597
665,0.4,-0.0005433487458439967,-0.002560993505754963
665,0.5,-0.0005422636982599788,-0.0025599084581709453
665,0.6,-0.0005358446732190852,-0.0025534894331300517
666,0.4,-0.00020580360732155856,-0.0015649326639583933
666,0.5,-0.00020707923715018728,-0.001566208293787022
666,0.6,-0.00020110267728704057,-0.0015602317339238753
667,0.4,-0.0003614950702176267,-4.19399429731071e-05
667,0.5,-0.00036334487922004555,-4.3789751975525926e-05
667,0.6,-0.00035395659410983327,-3.4401466865313646e-05
668,0.4,-0.0010415708491506304,-0.0009547763027736716
668,0.5,-0.0010385577871129675,-0.0009517632407360088
668,0.6,-0.0010307208645878307,-0.000943926318210872
669,0.4,0.000566560798694965,-0.0010952834857750338
669,0.5,0.0005658834839684102,-0.0010959608005015886
669,0.6,0.0005702058534409471,-0.0010916384310290517
670,0.4,-0.0004923002022135803,0.0018709865350754612
670,0.5,-0.0004955541787595996,0.0018677325585294419
670,0.6,-0.0004992243504684246,0.0018640623868206169
671,0.4,-0.0011012984279869797,0.0027990487327149427
671,0.5,-0.0011016638953053048,0.0027986832653966176
671,0.6,-0.0010922028567339759,0.0028081443039679466
672,0.4,-0.00018677602003039362,-0.0015495981100420164
672,0.5,-0.00018886224584246936,-0.0015516843358540922
672,0.6,-0.0001864986700023108,-0.0015493207600139336
673,0.4,0.00032445285653051603,0.0005297565525581305
673,0.5,0.0003222489475532553,0.0005275526435808697
673,0.6,0.00031810820425529074,0.0005234119002829052
674,0.4,0.00019659715657781296,-0.000615818539447685
674,0.5,0.00019708194028945913,-0.0006153337557360389
674,0.6,0.00019968828462504917,-0.0006127274114004488
675,0.4,-0.0007263260269402688,0.001272907011794458
675,0.5,-0.0007271104362200353,0.0012721226025146914
675,0.6,-0.0007221064898542545,0.0012771265488804723
676,0.4,0.0003093604492094837,-0.0008063279958424319
676,0.5,0.00030681270937879535,-0.0008088757356731202
676,0.6,0.00031013152843650804,-0.0008055569166154075
677,0.4,0.0005172175124384254,-0.00021717523467969235
677,0.5,0.0005165717381903634,-0.00021782100892775436
677,0.6,0.0005270095717304912,-0.00020738317538762652
678,0.4,-0.0012749203364247341,-0.0007227370006297751
678,0.5,-0.0012746135003052494,-0.0007224301645102904
678,0.6,-0.001276436164282857,-0.000724252828487898
679,0.4,-0.0007527265619224066,0.0026068665363216947
679,0.5,-0.000753491081546806,0.0026061020166972954
679,0.6,-0.0007470485081230299,0.0026125445901210714
680,0.4,-0.0011116021903948697,0.00033562632468955855
680,0.5,-0.0011097452735635699,0.0003374832415208584
680,0.6,-0.0011044976869284545,0.0003427308281559738
681,0.4,-0.0008678233385560341,0.0003481527312715338
681,0.5,-0.000868671047768721,0.00034730502205884695
681,0.6,-0.0008610017842259343,0.0003549742856016336
682,0.4,-7.853237890606546e-05,0.0023205246989911887
682,0.5,-8.054551398367638e-05,0.002318511563913578
682,0.6,-8.152006566589098e-05,0.002317537012231363
683,0.4,-0.00017337897871111396,-0.0017119676816679391
683,0.5,-0.00017747205774606978,-0.001716060760702895
683,0.6,-0.000174441334299405,-0.0017130300372562302
684,0.4,-0.0007256143045281938,0.002378689632758474
684,0.5,-0.0007257573663619066,0.002378546570924761
684,0.6,-0.0007285547448659391,0.0023757491924207286
685,0.4,-0.0005838893978046822,0.0011345065791873304
685,0.5,-0.000583751051169118,0.0011346449258228947
685,0.6,-0.0005750011225860718,0.0011433948544059408
686,0.4,-0.0011716163313868488,-0.0008129563917875782
686,0.5,-0.0011696306526937233,-0.0008109707130944527
686,0.6,-0.0011655085396460457,-0.0008068486000467751
687,0.4,-0.000566596329461655,0.0036929375651623686
687,0.5,-0.0005652573465385891,0.0036942765480854345
687,0.6,-0.0005615768845377844,0.003697957010086239
688,0.4,-0.0008512881955949902,-0.0026930961214986643
688,0.5,-0.0008530825416604854,-0.0026948904675641594
688,0.6,-0.0008483589808074565,-0.0026901669067111306
689,0.4,9.472616047695448e-05,0.001335577220083095
689,0.5,9.321328754446911e-05,0.0013340643471506097
689,0.6,9.552432556944601e-05,0.0013363753851755866
690,0.4,-0.0009984165525866034,-7.104589662837446e-05
690,0.5,-0.0009995747735909999,-7.22041176327709e-05
690,0.6,-0.0009932401535498597,-6.586949759163074e-05
691,0.4,-0.00038526778999449507,0.0008165944531960817
691,0.5,-0.00038671371382062447,0.0008151485293699523
691,0.6,-0.00037899996632347055,0.0008228622768671062
692,0.4,-0.0013723776400414583,0.0021843592812036544
692,0.5,-0.0013732484881737728,0.00218348843307134
692,0.6,-0.0013745130285870433,0.0021822238926580695
693,0.4,-0.0010135335989398253,0.001456352594336463
693,0.5,-0.0010153335955576381,0.0014545525977186502
693,0.6,-0.0010124372702020878,0.0014574489230742005
694,0.4,0.00032650425637453795,0.0028357025376127276
694,0.5,0.0003262130123781737,0.0028354112936163633
694,0.6,0.00033110235937594545,0.002840300640614135
695,0.4,-0.00043620431766379364,-0.00029415556278093724
695,0.5,-0.000438252459003155,-0.0002962037041202986
695,0.6,-0.0004292286201854345,-0.0002871798653025781
696,0.4,-0.0008832175967475181,0.0001814531296481514
696,0.5,-0.0008853240917600091,0.00017934663463566036
696,0.6,-0.000880551101297547,0.00018411962509812252
697,0.4,0.0008001488030969783,0.00231737159224632
697,0.5,0.0007979791311596152,0.002315201920308957
697,0.6,0.0007819378451029424,0.002299160634252284
698,0.4,-0.0009090230124467746,0.0018150997036130295
698,0.5,-0.0009105087194613559,0.0018136139965984482
698,0.6,-0.0009126311982372848,0.0018114915178225194
699,0.4,-0.0001824152025405451,-0.001251704450126484
699,0.5,-0.00018085978660735413,-0.001250149034193293
699,0.6,-0.00017796163170492874,-0.0012472508792908676
700,0.4,0.00012603895957152833,0.0018714322941903172
700,0.5,0.00012393478486874554,0.0018693281194875344
700,0.6,0.0001265613634461038,0.0018719546980648927
701,0.4,-0.0003416260088512091,-0.00033022872967222727
701,0.5,-0.00034013817486895637,-0.00032874089568997455
701,0.6,-0.00034276607934805026,-0.00033136880016906844
702,0.4,0.00043838338304386104,-0.002326360818874801
702,0.5,0.00043717677968468927,-0.0023275674222339726
702,0.6,0.000443389130295041,-0.002321355071623621
703,0.4,0.0007004443305089064,-0.0013714371838875472
703,0.5,0.0007005536485057001,-0.0013713278658907535
703,0.6,0.0007037194145924214,-0.0013681620998040323
704,0.4,0.00012805664906315184,-0.0023282533607474343
704,0.5,0.00012620890850842392,-0.002330101101302162
704,0.6,0.00012765831821506812,-0.002328651691595518
705,0.4,-0.0007474478195561574,-0.0021111375972163726
705,0.5,-0.0007493799150505576,-0.002113069692710773
705,0.6,-0.0007503772645480744,-0.0021140670422082897
706,0.4,-0.0007435431317188018,-0.0010643393339602458
706,0.5,-0.0007423394155578744,-0.0010631356177993184
706,0.6,-0.0007339522692919737,-0.0010547484715334177
707,0.4,-0.000257045951858631,0.0019689109908217206
707,0.5,-0.0002559758023890357,0.001969981140291316
707,0.6,-0.0002534225500069598,0.001972534392673392
708,0.4,0.0003148641306324057,0.0012676448284949932
708,0.5,0.0003157509437870243,0.0012685316416496117
708,0.6,0.00031743988882822205,0.0012702205866908095
709,0.4,0.0001385109607743018,-7.78095703738435e-05
709,0.5,0.0001349579288396352,-8.136260230851011e-05
709,0.6,0.00013252515265807507,-8.379537849007024e-05
710,0.4,0.0003380621014306695,-0.0008097001889135202
710,0.5,0.00033741335604076106,-0.0008103489343034287
710,0.6,0.0003392533810161469,-0.0008085089093280429
711,0.4,-0.0009166833610014385,-0.0013523560683263436
711,0.5,-0.0009168187712822184,-0.0013524914786071235
711,0.6,-0.0009159517274635043,-0.0013516244347884093
712,0.4,-0.000500999447747591,-0.0019197411924470609
712,0.5,-0.0004992229769733014,-0.0019179647216727713
712,0.6,-0.0004888916801111948,-0.0019076334248106647
713,0.4,0.0005611241822502389,-0.0021586345310355137
713,0.5,0.0005579848420657618,-0.0021617738712199908
713,0.6,0.0005513807181334041,-0.0021683779951523485
714,0.4,-0.0006116929614652517,-0.0007930752920551898
714,0.5,-0.0006122838620003374,-0.0007936661925902755
714,0.6,-0.0006096994594851773,-0.0007910817900751155
715,0.4,0.0007826932893144622,-3.7195666730188703e-05
715,0.5,0.0007834016873350391,-3.648726870961183e-05
715,0.6,0.0007895122609291594,-3.037669511549157e-05
716,0.4,-0.0008612296626508836,0.0009027600475494807
716,0.5,-0.000860435877461152,0.0009035538327392123
716,0.6,-0.0008539315625955279,0.0009100581476048364
717,0.4,0.0006051812679999102,0.00020859073481691026
717,0.5,0.0006028838890912991,0.00020629335590829911
717,0.6,0.0006020442051730968,0.0002054536719900968
718,0.4,-0.0001014025328011231,-0.002046002570873992
718,0.5,-0.00010336164735483266,-0.0020479616854277016
718,0.6,-9.773233084574284e-05,-0.002042332368918612
719,0.4,0.00020454992268145733,0.0005057899838425833
719,0.5,0.00020385579425657996,0.000505095855417706
719,0.6,0.0002074093355549922,0.0005086493967161182
720,0.4,-9.491151780255391e-05,0.0023610064245944695
720,0.5,-9.525436786692043e-05,0.002360663574530103
720,0.6,-9.161172972291243e-05,0.002364306212674111
721,0.4,-0.0005569274921438244,-0.0002601175246852161
721,0.5,-0.0005583654207805405,-0.0002615554533219322
721,0.6,-0.0005607585918157854,-0.00026394862435717703
722,0.4,-0.0007344872555211379,0.0014297437120735224
722,0.5,-0.0007365810991770971,0.0014276498684175631
722,0.6,-0.0007322521541858473,0.001431978813408813
723,0.4,0.0010102668857306374,0.0017197092968891936
723,0.5,0.0010084957206099032,0.0017179381317684594
723,0.6,0.0010075606350075095,0.0017170030461660657
724,0.4,-0.001741797702950132,-0.0001360317534841865
724,0.5,-0.001743932576991472,-0.00013816662752552666
724,0.6,-0.00173681418691142,-0.00013104823744547467
725,0.4,-0.0006910111548212305,0.0016225336543565921
725,0.5,-0.0006911054469867783,0.0016224393621910443
725,0.6,-0.0006847523873315803,0.0016287924218462424
726,0.4,0.0001547912479311908,0.0009228260166625202
726,0.5,0.00015596068982090538,0.0009239954585522347
726,0.6,0.00016503637669931792,0.0009330711454306473
727,0.4,4.138443392157076e-05,0.003028566306024577
727,0.5,3.947056838801699e-05,0.0030266524404910233
727,0.6,3.481751577336101e-05,0.0030219993878763673
728,0.4,-0.0009730716194207012,-0.0007408866586715301
728,0.5,-0.0009747379731168127,-0.0007425530123676416
728,0.6,-0.0009703050846821965,-0.0007381201239330254
729,0.4,-0.0007207478216974122,0.0012883426645019097
729,0.5,-0.000721720223138364,0.001287370263060958
729,0.6,-0.0007175302094907104,0.0012915602767086115
730,0.4,-0.0015620683042623512,0.000562521034672081
730,0.5,-0.0015646350393338365,0.0005599542996005957
730,0.6,-0.001558665910118856,0.0005659234288155762
731,0.4,-0.0006532336215455126,0.0022980087444487984
731,0.5,-0.0006561561333738308,0.00229508623262048
731,0.6,-0.0006508601190771124,0.0023003822469171986
732,0.4,-0.00041010549455358647,-0.0007240756046077435
732,0.5,-0.0004143477370567167,-0.0007283178471108737
732,0.6,-0.0004183922000385726,-0.0007323623100927296
733,0.4,-0.0006379825170660103,-0.00024060417886387353
733,0.5,-0.000635759359942617,-0.00023838102174048026
733,0.6,-0.0006300317455158189,-0.00023265340731368211
734,0.4,-0.0006761306434744374,-0.000880400997589223
734,0.5,-0.000676461322536695,-0.0008807316766514806
734,0.6,-0.0006701000614694613,-0.0008743704155842469
735,0.4,-0.0011183077858279572,-0.0018553267293817954
735,0.5,-0.0011179384733820685,-0.0018549574169359068
735,0.6,-0.0011137428309289377,-0.001850761774482776
736,0.4,-0.00018092711536449313,-0.0019327752064380033
736,0.5,-0.00017953160738215512,-0.0019313796984556653
736,0.6,-0.00017665807112132725,-0.0019285061621948374
737,0.4,-0.0002815881334299608,0.0012098745268621647
737,0.5,-0.00028189113162596646,0.001209571528666159
737,0.6,-0.0002762113224564211,0.0012152513378357044
738,0.4,-0.0012413966930585607,0.0009199592704204479
738,0.5,-0.0012398660929049121,0.0009214898705740965
738,0.6,-0.0012339006163999827,0.0009274553470790259
739,0.4,-0.0005438202900464595,-0.0008403958658778354
739,0.5,-0.0005444531358514276,-0.0008410287116828036
739,0.6,-0.0005383217731708134,-0.0008348973490021894
740,0.4,0.0006048018751862727,0.000527076395136078
740,0.5,0.0006011119858540248,0.0005233865058038301
740,0.6,0.0005953003306529148,0.00051757485060272
741,0.4,-0.00037939970141578905,0.0012345172652915293
741,0.5,-0.0003806496338533971,0.0012332673328539212
741,0.6,-0.0003796555594109685,0.0012342614072963498
742,0.4,0.00030342064413727,0.000735938266778674
742,0.5,0.00030089624344903365,0.0007334138660904377
742,0.6,0.000303243241175144,0.000735760863816548
743,0.4,-0.00021148422250072407,0.00038589263976139543
743,0.5,-0.00021150467091782255,0.00038587219134429696
743,0.6,-0.0002045989566132611,0.0003927779056488584
744,0.4,0.0006459673159565915,-0.0009745753969756521
744,0.5,0.000644108137152738,-0.0009764345757795057
744,0.6,0.0006496143681012367,-0.0009709283448310069
745,0.4,0.0011178738741968453,0.0010501365549560604
745,0.5,0.0011194172153792398,0.001051679896138455
745,0.6,0.0011204831675983157,0.0010527458483575308
746,0.4,-0.0003373092335448441,0.0008561754173325303
746,0.5,-0.0003351360916198781,0.0008583485592574963
746,0.6,-0.0003322965230766334,0.0008611881278007411
747,0.4,-0.0003016543518837289,8.60513096886395e-05
747,0.5,-0.0003014770647337406,8.622859683862782e-05
747,0.6,-0.00030213388525809903,8.557177631426938e-05
748,0.4,-0.0005287665817226006,-0.0008123251549557176
748,0.5,-0.0005300505955069951,-0.000813609168740112
748,0.6,-0.0005254697776264361,-0.000809028350859553
749,0.4,0.0008267075406910851,0.0010215889680696422
749,0.5,0.0008250475865614892,0.0010199290139400463
749,0.6,0.0008297767983498627,0.0010246582257284198
750,0.4,-0.000878984734005453,-0.0002487563568493584
750,0.5,-0.000880309044849939,-0.0002500806676938444
750,0.6,-0.0008731872192287854,-0.0002429588420726908
751,0.4,-1.1833116868698035e-05,0.0010648824911568266
751,0.5,-1.4794745039015123e-05,0.0010619208629865096
751,0.6,-1.2564771516676565e-05,0.0010641508365088481
752,0.4,-0.000570299001130703,-0.0014187957815759988
752,0.5,-0.0005699451796261079,-0.0014184419600714038
752,0.6,-0.0005653570729932111,-0.001413853853438507
753,0.4,0.00020938566779454826,0.0004129063326829274
753,0.5,0.0002097671107173793,0.00041328777560575847
753,0.6,0.00021477958293089627,0.00041830024781927544
754,0.4,-0.0002489336268077097,-0.00182563225921549
754,0.5,-0.0002482141550206457,-0.001824912787428426
754,0.6,-0.00023838623396095493,-0.0018150848663687352
755,0.4,-0.00021324398217131835,0.0014942747653106936
755,0.5,-0.00021869984826902722,0.0014888188992129847
755,0.6,-0.0002187207640300115,0.0014887979834520004
756,0.4,0.0005656242874667039,0.00020178474897861176
756,0.5,0.0005638853345603378,0.0002000457960722457
756,0.6,0.0005642851891194955,0.0002004456506314034
757,0.4,0.00019214962265230728,0.0026375935182182952
757,0.5,0.000190454213267105,0.002635898108833093
757,0.6,0.00019775939261482134,0.0026432032881808093
758,0.4,-0.0002508155033271453,-0.001143212828050466
758,0.5,-0.000251832794108689,-0.0011442301188320098
758,0.6,-0.0002491293918270021,-0.001141526716550323
759,0.4,0.00021471436149481105,0.002111933328900667
759,0.5,0.00021287357892885161,0.0021100925463347076
759,0.6,0.00021800793577800293,0.002115226903183859
760,0.4,0.00046570916125043826,-0.0004891324510025996
760,0.5,0.00046419050800933226,-0.0004906511042437056
760,0.6,0.00047080223862941417,-0.0004840393736236237
761,0.4,-9.40519845132326e-05,0.0008300596932646898
761,0.5,-9.632338178369726e-05,0.0008277882959942251
761,0.6,-9.551936682450357e-05,0.0008285923109534188
762,0.4,-0.0013520129666653447,-0.00039824539750155097
762,0.5,-0.0013518965429551028,-0.00039812897379130907
762,0.6,-0.0013382499299157136,-0.0003844823607519199
763,0.4,-0.00030964226736029943,-0.0013091166379256836
763,0.5,-0.0003135807331919177,-0.0013130551037573018
763,0.6,-0.00031192248448504156,-0.0013113968550504257
764,0.4,9.174093001965145e-05,0.0007510371260013582
764,0.5,8.767246393273642e-05,0.0007469686599144432
764,0.6,9.068894233726921e-05,0.000749985138318976
765,0.4,-0.0012660243744259114,0.004196125433741815
765,0.5,-0.0012697220453320168,0.00419242776283571
765,0.6,-0.0012654354895097197,0.004196714318658007
766,0.4,-0.0005531017348451572,0.0015005508294321929
766,0.5,-0.0005529100982323287,0.0015007424660450214
766,0.6,-0.0005473129700829804,0.0015063395941943697
767,0.4,-0.00019040693845388812,-0.0012955406817026643
767,0.5,-0.0001915248871350722,-0.0012966586303838484
767,0.6,-0.0001876297331425275,-0.0012927634763913037
768,0.4,-0.0005414283369860606,0.00016555120665900924
768,0.5,-0.000541600119058197,0.00016537942458687283
768,0.6,-0.0005376082497210027,0.00016937129392406713
769,0.4,-0.00016958525932242452,0.002196857795208257
769,0.5,-0.00017348460605365323,0.002192958448477028
769,0.6,-0.0001729188083809119,0.0021935242461497695
770,0.4,-0.0002629046968170845,0.0024199019444765824
770,0.5,-0.0002623721266575285,0.0024204345146361383
770,0.6,-0.0002636036735137459,0.002419202967779921
771,0.4,-0.000771698474748117,0.0005738618707658016
771,0.5,-0.000773061507179193,0.0005724988383347257
771,0.6,-0.0007656915338579984,0.0005798688116559203
772,0.4,0.0006430421290373745,-5.65605870669339e-05
772,0.5,0.0006414512428906394,-5.815147321366898e-05
772,0.6,0.0006449563714864825,-5.4646344617825804e-05
773,0.4,-0.00021350391186994444,0.003057860926062722
773,0.5,-0.00021507680333562873,0.003056288034597038
773,0.6,-0.00020667641123742198,0.0030646884266952445
774,0.4,-0.0015758338418983414,0.00022466635366981402
774,0.5,-0.0015749441643430478,0.0002255560312251076
774,0.6,-0.001571054689323198,0.0002294455062449574
775,0.4,0.0010225887838185566,-6.305347606624934e-05
775,0.5,0.0010251995089851917,-6.044275089961415e-05
775,0.6,0.0010264145170263972,-5.9227742858408705e-05
776,0.4,0.0006119729391319689,-0.00027149862677461334
776,0.5,0.0006116307119714559,-0.00027184085393512636
776,0.6,0.0006187333450240473,-0.00026473822088253496
777,0.4,-0.00099031009618597,-0.0028256287495100757
777,0.5,-0.0009889177431631618,-0.0028242363964872674
777,0.6,-0.0009851264881961808,-0.0028204451415202864
778,0.4,4.864292637407619e-06,-0.000578741225854662
778,0.5,3.873947216001539e-06,-0.0005797315712760681
778,0.6,1.0816170624664001e-05,-0.0005727893478674057
779,0.4,-0.0002866345107451346,-0.0006821318184324493
779,0.5,-0.00028612676560803296,-0.0006816240732953477
779,0.6,-0.0002797271495033754,-0.0006752244571906901
780,0.4,-0.00024061992477764083,-0.0004767744159205889
780,0.5,-0.00024141213240821968,-0.00047756662355116775
780,0.6,-0.00023723173134967968,-0.00047338622249262774
781,0.4,-0.0008758236918771645,-0.003396513518975408
781,0.5,-0.0008761420723930324,-0.003396831899491276
781,0.6,-0.0008685562596032897,-0.0033892460867015334
782,0.4,-0.0006218516139774866,0.00021883197388959663
782,0.5,-0.0006239035841084373,0.00021678000375864592
782,0.6,-0.0006157398719056489,0.00022494371596143425
783,0.4,0.0006623789929863094,-0.0017765615849904964
783,0.5,0.0006630962344849334,-0.0017758443434918725
783,0.6,0.0006623111512089053,-0.0017766294267679006
784,0.4,0.0010404799759084205,0.0017992468712902943
784,0.5,0.0010391798755114978,0.0017979467708933716
784,0.6,0.0010449130552820651,0.001803679950663939
785,0.4,-0.000715157682509196,0.00012596458217313533
785,0.5,-0.0007148731598075053,0.000126249104874826
785,0.6,-0.0007096160270589347,0.00013150623762339664
786,0.4,-0.001800051283240553,-0.0014128995426702928
786,0.5,-0.0017993846660853963,-0.0014122329255151361
786,0.6,-0.001792476903140744,-0.0014053251625704838
787,0.4,-0.0007593339927665643,-0.0003676458428804319
787,0.5,-0.0007577967142116532,-0.00036610856432552075
787,0.6,-0.0007539250280390181,-0.00036223687815288563
788,0.4,-0.0006308925844291102,0.0014155860543558774
788,0.5,-0.0006292982599676866,0.001417180378817301
788,0.6,-0.0006214257540659851,0.0014250528847190025
789,0.4,0.0015521209690657345,-0.00016469813042405135
789,0.5,0.0015505586130786508,-0.000166260486411135
789,0.6,0.0015522406164324432,-0.00016457848305734268
790,0.4,-0.00017398982348315606,-0.0002637411571670689
790,0.5,-0.00017765996804366968,-0.00026741130172758254
790,0.6,-0.0001773782083680786,-0.00026712954205199146
791,0.4,0.00040545203652525563,0.0011679183775897828
791,0.5,0.00040484489319883576,0.001167311234263363
791,0.6,0.000411531833551082,0.0011739981746156092
792,0.4,-0.0006583004952798177,0.0006513319037897147
792,0.5,-0.000658697331233804,0.0006509350678357284
792,0.6,-0.0006572550265656063,0.0006523773725039261
793,0.4,5.099331865014711e-05,0.0030396334842368866
793,0.5,4.94678353592376e-05,0.003038108000945977
793,0.6,5.054308903762461e-05,0.003039183254624364
794,0.4,-0.0007568315717812885,0.00021869119347057986
794,0.5,-0.0007554358340187695,0.00022008693123309886
794,0.6,-0.0007556691789624287,0.00021985358628943963
795,0.4,0.00033097115107946773,0.002181227311633782
795,0.5,0.0003277067098238773,0.0021779628703781917
795,0.6,0.0003311766485729062,0.0021814328091272206
796,0.4,0.00034858011889388196,-0.0006940199548021997
796,0.5,0.00034611065674378105,-0.0006964894169523006
796,0.6,0.0003505054035407018,-0.0006920946701553798
797,0.4,-0.0005373905140332036,-0.0005183788382440435
797,0.5,-0.0005369981167120952,-0.0005179864409229351
797,0.6,-0.0005321717604734599,-0.0005131600846842999
798,0.4,-0.0011903218200140508,0.0020427463114587596
798,0.5,-0.0011915983554982579,0.0020414697759745526
798,0.6,-0.0011844575873795893,0.002048610544093221
799,0.4,-0.0006063291249287228,0.0015994751502245164
799,0.5,-0.000606252139432023,0.0015995521357212161
799,0.6,-0.0006037010932823383,0.0016021031818709008
800,0.4,-0.0012615274131930893,-0.002090066622960504
800,0.5,-0.0012614298206836128,-0.0020899690304510277
800,0.6,-0.0012562273115658967,-0.0020847665213333116
801,0.4,-0.0005654372814445502,0.0014886478204248488
801,0.5,-0.000566521972922493,0.001487563128946906
801,0.6,-0.0005633575422137188,0.0014907275596556802
802,0.4,3.5188627356547153e-06,0.0014308374468356977
802,0.5,3.828155929808119e-06,0.001431146740029851
802,0.6,7.866515916776784e-06,0.0014351851000168198
803,0.4,-0.00037207299131840343,-0.0008881173466764314
803,0.5,-0.0003738099780162818,-0.0008898543333743097
803,0.6,-0.0003766076798986523,-0.0008926520352566802
804,0.4,-0.001169711240567306,0.00047155795971401404
804,0.5,-0.001170419016287963,0.0004708501839933571
804,0.6,-0.001165890406208514,0.00047537879407280603
805,0.4,-4.34867909278186e-05,0.0005363833168101628
805,0.5,-4.338013582523559e-05,0.0005364899719127458
805,0.6,-4.5034429294515954e-05,0.0005348356784434655
806,0.4,-0.0015473800623695827,0.0007475376491366953
806,0.5,-0.0015473827767971543,0.0007475349347091237
806,0.6,-0.0015411725826369876,0.0007537451288692903
807,0.4,-0.000788009102053247,-0.0003849901992442062
807,0.5,-0.00078584674757394,-0.00038282784476489917
807,0.6,-0.000783357943864596,-0.00038033904105555516
808,0.4,-9.915108638430814e-06,0.00017685401937046763
808,0.5,-9.875405656320502e-06,0.00017689372235257794
808,0.6,-8.166963413561157e-06,0.0001786021645953373
809,0.4,-7.221547786484539e-05,0.0017503295396118501
809,0.5,-7.360975576561901e-05,0.0017489352617110765
809,0.6,-7.321456478170951e-05,0.001749330452694986
810,0.4,-0.00029548313192749587,-0.0015672978179998853
810,0.5,-0.0002976330290959811,-0.0015694477151683706
810,0.6,-0.00029345293094469593,-0.0015652676170170854
811,0.4,-0.0015532198206538034,6.829510931062599e-05
811,0.5,-0.0015537358149946556,6.777911496977373e-05
811,0.6,-0.0015499096966357234,7.160523332870594e-05
812,0.4,0.0003801934007645058,0.0016512016770657278
812,0.5,0.0003806817794699824,0.0016516900557712044
812,0.6,0.00037866600379896087,0.001649674280100183
813,0.4,-0.00037196421799351453,0.0003666250527548931
813,0.5,-0.00037230906705262856,0.00036628020369577907
813,0.6,-0.00036555481492431263,0.000373034455824095
814,0.4,-0.0012372915293268755,-0.000955061327486656
814,0.5,-0.0012382720156293436,-0.0009560418137891241
814,0.6,-0.0012369547150854754,-0.0009547245132452559
815,0.4,9.849387041155344e-05,0.003228593415888631
815,0.5,9.593399971211114e-05,0.0032260335451891886
815,0.6,0.00010421933898235869,0.003234318884459436
816,0.4,-0.001188353549195012,0.0014856762602564882
816,0.5,-0.001187464925048884,0.0014865648844026164
816,0.6,-0.0011809230995604575,0.0014931067098910428
817,0.4,-0.0006751684421073822,-0.0006569110163721081
817,0.5,-0.0006751689456379328,-0.0006569115199026587
817,0.6,-0.0006707524684601007,-0.0006524950427248266
818,0.4,-0.00034509540716644305,0.0010945005547790404
818,0.5,-0.0003470415868779553,0.0010925543750675282
818,0.6,-0.0003416061826808925,0.001097989779264591
819,0.4,-0.0005622062750980372,0.0010946042737474404
819,0.5,-0.0005655970277051448,0.0010912135211403329
819,0.6,-0.0005579842084458553,0.0010988263403996223
820,0.4,-0.000311962045696515,0.0004911170499222323
820,0.5,-0.0003112543866829881,0.0004918247089357591
820,0.6,-0.0003075747825748293,0.000495504313043918
821,0.4,-0.00044836856275247416,0.0013648992564780915
821,0.5,-0.00044838403676485117,0.0013648837824657145
821,0.6,-0.00044262130424417567,0.00137064651498639
822,0.4,0.00016010800713105178,-0.001139197854939225
822,0.5,0.00015975194668708947,-0.0011395539153831874
822,0.6,0.0001601262623075611,-0.0011391795997627158
823,0.4,-0.0008398769788335037,0.0001474597606442446
823,0.5,-0.0008404073757976027,0.00014692936368014553
823,0.6,-0.0008385265096730043,0.0001488102298047439
824,0.4,-0.0011141460308129736,-0.00040779003082268284
824,0.5,-0.001113945388649215,-0.00040758938865892436
824,0.6,-0.001105443323207167,-0.00039908732321687623
825,0.4,-0.0013465814145813965,-0.0016325362559688195
825,0.5,-0.00134721517939769,-0.001633170020785113
825,0.6,-0.001343707871823946,-0.001629662713211369
826,0.4,-0.0010491981088856933,-0.0022002433380672176
826,0.5,-0.0010492933915527553,-0.0022003386207342795
826,0.6,-0.0010460248163804975,-0.002197070045562022
827,0.4,-1.7937521505126397e-05,-0.0005202873455568413
827,0.5,-2.27157996408045e-05,-0.0005250656236925194
827,0.6,-2.361425475561063e-05,-0.0005259640788073255
828,0.4,0.00022871369543156495,-0.00242794364957212
828,0.5,0.0002266681696631856,-0.0024299891753404995
828,0.6,0.00022234395525531914,-0.002434313389748366
829,0.4,0.00039352595506270127,0.0022352607909559563
829,0.5,0.00039406772333236417,0.002235802559225619
829,0.6,0.0003983054380971851,0.00224004027399044
830,0.4,-0.00038217489779934777,-0.001600083341949013
830,0.5,-0.00038243404986131047,-0.0016003424940109756
830,0.6,-0.0003804083096619615,-0.0015983167538116266
831,0.4,-0.0010404528133285823,0.0005299925114062298
831,0.5,-0.0010412680370852911,0.000529177287649521
831,0.6,-0.001033539682908799,0.0005369056418260132
832,0.4,-3.643792920890454e-05,-0.001357086437562549
832,0.5,-3.97781305068734e-05,-0.001360426638860518
832,0.6,-3.2366942680495114e-05,-0.0013530154510341397
833,0.4,-0.00041543217775291685,-3.321369956615916e-05
833,0.5,-0.00041544520600103607,-3.322672781427838e-05
833,0.6,-0.0004149470850296766,-3.2728606842918895e-05
834,0.4,-0.0001371373747970639,0.0006067698131130561
834,0.5,-0.00013795345758438327,0.0006059537303257367
834,0.6,-0.00013964734874216678,0.0006042598391679532
835,0.4,-0.00036767494200969086,-0.0013024893619306005
835,0.5,-0.00036742622155142013,-0.0013022406414723298
835,0.6,-0.0003588497274649438,-0.0012936641473858534
836,0.4,-0.0010325749242139082,0.0018768947142907555
836,0.5,-0.0010330487840990443,0.0018764208544056193
836,0.6,-0.0010289007768130298,0.0018805688616916338
837,0.4,-0.000966203608566571,3.7633221131663785e-05
837,0.5,-0.0009672525833228085,3.658424637542623e-05
837,0.6,-0.0009608242150831864,4.301261461504835e-05
838,0.4,-0.0004734380453040865,0.001654495583759935
838,0.5,-0.00047525904312473166,0.00165267458593929
838,0.6,-0.00046999614758744257,0.001657937481476579
839,0.4,-0.001228788980036477,0.0006342931495194187
839,0.5,-0.0012303836479864855,0.0006326984815694103
839,0.6,-0.0012263149709889204,0.0006367671585669754
840,0.4,-0.0006975543786965355,0.0007231933348083308
840,0.5,-0.0006980647764302239,0.0007226829370746424
840,0.6,-0.0006922748461360706,0.0007284728673687957
841,0.4,-0.0007771962358397999,-0.00025089042762907465
841,0.5,-0.0007804342856710111,-0.0002541284774602859
841,0.6,-0.0007739603579672433,-0.000247654549756518
842,0.4,0.0008947257266827269,0.0004082844386877893
842,0.5,0.0008884028754160556,0.000401961587421118
842,0.6,0.0008883642953784465,0.00040192300738350895
843,0.4,7.907494231762513e-05,-0.0007325902948793206
843,0.5,7.595521826522789e-05,-0.0007357100189317178
843,0.6,8.100434733118722e-05,-0.0007306608898657585
844,0.4,0.0002047324922754279,-0.0009659989559060167
844,0.5,0.00020240411317883067,-0.0009683273350026139
844,0.6,0.00020429685612516346,-0.0009664345920562811
845,0.4,-0.0008258780873985072,0.00016876332534665472
845,0.5,-0.0008256890222892721,0.00016895239045588983
845,0.6,-0.0008236191821076877,0.00017102223063747424
846,0.4,-0.0019052861278041067,-0.00042405458726239853
846,0.5,-0.0019047867068163193,-0.0004235551662746112
846,0.6,-0.0018980901697590175,-0.0004168586292173093
847,0.4,-0.0003884758898970442,0.002515282179991696
847,0.5,-0.0003930180292341656,0.0025107400406545743
847,0.6,-0.0003893046735870265,0.0025144533963017135
848,0.4,0.0008381701370577255,-0.0003973822314128628
848,0.5,0.0008349503332928387,-0.0004006020351777495
848,0.6,0.0008362948039126183,-0.0003992575645579699
849,0.4,-0.0007681773573796624,0.0003130383929275393
849,0.5,-0.0007690515517184415,0.0003121641985887602
849,0.6,-0.000759778785499654,0.0003214369648075477
850,0.4,-0.00022662170916665225,-0.0035033291518187515
850,0.5,-0.00022852819600512053,-0.0035052356386572198
850,0.6,-0.00022625182476675165,-0.003502959267418851
851,0.4,-0.000502139937839402,0.00027576752890862144
851,0.5,-0.0005015509403458462,0.00027635652640217723
851,0.6,-0.0005000133935556261,0.00027789407319239734
852,0.4,-0.0007019130772691062,0.0015508345822204533
852,0.5,-0.0007024672512030011,0.0015502804082865584
852,0.6,-0.0006952802287390619,0.0015574674307504977
853,0.4,-0.0012357539246154736,-0.0014067619581901308
853,0.5,-0.0012337681295625652,-0.0014047761631372224
853,0.6,-0.0012257129143459083,-0.0013967209479205656
854,0.4,-0.0007084935446275975,-0.0004840370294720425
854,0.5,-0.0007084465258037353,-0.00048399001064818037
854,0.6,-0.0007054415918170825,-0.00048098507666152757
855,0.4,-0.0005128959232855168,-0.0010165466464667622
855,0.5,-0.0005158715673612702,-0.0010195222905425155
855,0.6,-0.0005138145426016594,-0.0010174652657829047
856,0.4,-0.0005759197826127049,0.0017111133704471732
856,0.5,-0.0005777313097038439,0.0017093018433560342
856,0.6,-0.000573962702905606,0.001713070450154272
857,0.4,-0.0008017245756901104,0.0005372049869410145
857,0.5,-0.000801636508876824,0.0005372930537543008
857,0.6,-0.0007966744324472419,0.0005422551301838829
858,0.4,-0.0005008809638358536,0.0003884802816304378
858,0.5,-0.0005024958413151481,0.00038686540415114323
858,0.6,-0.0005028907825644635,0.00038647046290182785
859,0.4,-0.0006089364047223156,-8.144389272740638e-06
859,0.5,-0.0006093013575780848,-8.509342128509845e-06
859,0.6,-0.0006011453585238191,-3.5334307424417233e-07
860,0.4,-0.0004946086060367977,0.00019369354599932387
860,0.5,-0.0004985023799483762,0.00018979977208774534
860,0.6,-0.0004978026554954829,0.0001904994965406387
861,0.4,-0.00015039470432304247,0.0011243780247458257
861,0.5,-0.00015242667179832248,0.0011223460572705457
861,0.6,-0.00014174225620208758,0.0011330304728667806
862,0.4,-0.00040124418641626636,0.0007795880774460612
862,0.5,-0.0004015447718804521,0.0007792874919818754
862,0.6,-0.0003963529227376805,0.000784479341124647
863,0.4,-3.147563365051009e-05,-0.00012237766996026078
863,0.5,-3.4152510986665274e-05,-0.00012505454729641596
863,0.6,-2.722300158602975e-05,-0.00011812503789578044
864,0.4,-2.598460284063131e-05,-0.00046873752494619447
864,0.5,-2.6592539051781272e-05,-0.00046934546115734443
864,0.6,-2.161820108192991e-05,-0.0004643711231874931
865,0.4,0.00043937561878509834,-0.00027549538697471676
865,0.5,0.00043827285108621883,-0.0002765981546735963
865,0.6,0.00044356110269858084,-0.00027130990306123426
866,0.4,-0.0005954407678369633,-0.00063006452950852
866,0.5,-0.000595292903860345,-0.0006299166655319016
866,0.6,-0.0005917742754723426,-0.0006263980371438993
867,0.4,-0.0010786891680492489,-0.0012599936607566031
867,0.5,-0.0010817627635429233,-0.0012630672562502776
867,0.6,-0.0010776263231633137,-0.001258930815870668
868,0.4,5.760993103409717e-05,-0.0021660218916616097
868,0.5,5.583462059692568e-05,-0.0021677972020987812
868,0.6,5.480268760209295e-05,-0.002168829135093614
869,0.4,-0.00037706566787037987,0.00034050190815246295
869,0.5,-0.00038198321965959847,0.00033558435636324435
869,0.6,-0.00037624071174818807,0.00034132686427465475
870,0.4,-0.0008420130891680921,0.002478001177451117
870,0.5,-0.0008447296653391057,0.0024752846012801033
870,0.6,-0.0008458420680818313,0.0024741721985373777
871,0.4,0.00012983533705848704,-0.002655379263422672
871,0.5,0.00012876819745191725,-0.0026564464030292417
871,0.6,0.00012822522170263806,-0.002656989378778521
872,0.4,0.0005385756128983565,-0.00017956028774468447
872,0.5,0.0005358668251846666,-0.00018226907545837445
872,0.6,0.000530415065114781,-0.00018772083552826002
873,0.4,0.00028653092828889726,-0.0007282673162367359
873,0.5,0.00028660873801544806,-0.0007281895065101851
873,0.6,0.00029640129369282175,-0.0007183969508328114
874,0.4,-0.0020579501475633533,-0.0010218939767746849
874,0.5,-0.0020573869451852994,-0.001021330774396631
874,0.6,-0.0020513633956476124,-0.001015307224858944
875,0.4,-0.0003266441896460637,0.003593341792254734
875,0.5,-0.0003286297781562586,0.003591356203744539
875,0.6,-0.0003257705359864804,0.003594215445914317
876,0.4,0.00023191875102161752,-5.4888208408876427e-05
876,0.5,0.0002304577169207761,-5.6349242509717845e-05
876,0.6,0.00022844341801912804,-5.8363541411365905e-05
877,0.4,-0.00012553093802034065,0.0015908894195492684
877,0.5,-0.0001259013809230547,0.0015905189766465544
877,0.6,-0.00012275769082875643,0.0015936626667408527
878,0.4,-0.0010832660054247156,0.00016248198933146996
878,0.5,-0.001082853121011182,0.00016289487374500367
878,0.6,-0.00107785426478825,0.0001678937299679356
879,0.4,-0.000998310851009293,-0.00010991861746809106
879,0.5,-0.0009998542842397373,-0.00011146205069853532
879,0.6,-0.000996864775283851,-0.00010847254174264909
880,0.4,-2.8361479033969794e-05,0.00018650128682951017
880,0.5,-2.9666834400518538e-05,0.00018519593146296143
880,0.6,-2.2961574848615052e-05,0.00019190119101486491
881,0.4,-0.0007654682367541216,-0.0007081598561851088
881,0.5,-0.0007674854205712844,-0.0007101770400022717
881,0.6,-0.000763177420014069,-0.0007058690394450562
882,0.4,0.0003683466472644559,-7.405731998363918e-05
882,0.5,0.00036645511193683644,-7.594885531125861e-05
882,0.6,0.0003656882096228775,-7.671575762521754e-05
883,0.4,0.0004940341957244965,-0.0005694673565030395
883,0.5,0.0004940269431054772,-0.0005694746091220587
883,0.6,0.0004988278519188344,-0.0005646737003087016
884,0.4,-0.0007919262631859852,0.0006208056456487587
884,0.5,-0.0007920577154239966,0.0006206741934107474
884,0.6,-0.0007846004105343252,0.0006281314983004188
885,0.4,0.0008219278521421902,-0.0006725309242867628
885,0.5,0.0008220814489506845,-0.0006723773274782685
885,0.6,0.000824141451447491,-0.000670317324981462
886,0.4,0.000904186489169484,0.00011169942989250337
886,0.5,0.0009018893875552825,0.00010940232827830187
886,0.6,0.0009071114381580259,0.00011462437888104526
887,0.4,-0.0010965649669915922,0.002228385386939244
887,0.5,-0.001100864229797216,0.00222408612413362
887,0.6,-0.001098269349388975,0.002226681004541861
888,0.4,-0.0015610517558762582,-0.00019440861116024055
888,0.5,-0.001558917391690437,-0.0001922742469744193
888,0.6,-0.0015515477436322533,-0.00018490459891623567
889,0.4,-0.0002781836963223344,-0.0035825704879014347
889,0.5,-0.0002776655114338916,-0.003582052303012992
889,0.6,-0.0002768923297536696,-0.00358127912133277
890,0.4,0.0009837113430778421,0.00244714032903412
890,0.5,0.0009803358621552072,0.002443764848111485
890,0.6,0.000981872208114215,0.0024453011940704927
891,0.4,-0.0004831088920155824,-0.0003892283627921489
891,0.5,-0.000483699119705,-0.00038981859048156653
891,0.6,-0.0004763807309832446,-0.00038250020175981114
892,0.4,-0.0002274520450208234,-0.002295953458691574
892,0.5,-0.00022893189011494175,-0.0022974333037856925
892,0.6,-0.00022521536086191063,-0.0022937167745326614
893,0.4,-0.0011726331993197198,-0.002221813693000646
893,0.5,-0.0011719093241672612,-0.0022210898178481875
893,0.6,-0.001171739392584914,-0.0022209198862658402
894,0.4,-0.00018442040687116634,0.0013523519300309567
894,0.5,-0.0001829221535454978,0.0013538501833566252
894,0.6,-0.00017604866424116017,0.0013607236726609628
895,0.4,-0.000343469581660677,0.00036710556786026527
895,0.5,-0.00034356262620671707,0.0003670125233142252
895,0.6,-0.00033689614071702456,0.0003736790088039177
896,0.4,0.0002648367089386344,-0.0013656305945857483
896,0.5,0.0002652349395210474,-0.0013652323640033354
896,0.6,0.0002742475599266936,-0.0013562197435976892
897,0.4,5.6777906625768426e-05,-0.001441764273558535
897,0.5,5.7137848324465e-05,-0.0014414043318598385
897,0.6,5.642385263221472e-05,-0.0014421183275520888
898,0.4,-0.000265451562472957,0.0010359601359937187
898,0.5,-0.0002651180989670099,0.0010362935994996658
898,0.6,-0.0002565485605524609,0.0010448631379142148
899,0.4,-1.737147187860777e-05,0.00045522829295713274
899,0.5,-1.79297703135628e-05,0.0004546699945221777
899,0.6,-1.702730388292162e-05,0.0004555724609528189
900,0.4,-0.0004232785046190124,-0.0011312966569375082
900,0.5,-0.0004218794727113284,-0.0011298976250298243
900,0.6,-0.00041900030052183235,-0.0011270184528403282
901,0.4,3.103999557027559e-05,0.0007762453161700988
901,0.5,2.925389167163228e-05,0.0007744592122714555
901,0.6,2.789054067289798e-05,0.0007730958612727212
902,0.4,-0.0006963411910582418,0.0015145220067088183
902,0.5,-0.0006970849581638405,0.0015137782396032196
902,0.6,-0.000692029025526758,0.001518834172240302
903,0.4,0.0001484646862224548,-0.00078240732898395
903,0.5,0.00014807349280304694,-0.0007827985224033579
903,0.6,0.0001497144191418276,-0.0007811575960645772
904,0.4,-0.0005405664089089268,0.0004725189520659312
904,0.5,-0.000539740697302532,0.00047334466367232597
904,0.6,-0.0005308931918745763,0.00048219216910028173
905,0.4,-0.0013451356519272595,0.00020871680657971736
905,0.5,-0.0013444394058017561,0.0002094130527052207
905,0.6,-0.0013398465041894458,0.000214005954317531
906,0.4,-0.0005298362496389958,0.0011691399321659413
906,0.5,-0.0005295542900253247,0.0011694218917796123
906,0.6,-0.0005248382408528374,0.0011741379409520997
907,0.4,-0.000188975775082173,0.0006885568656245511
907,0.5,-0.00018964376553648465,0.0006878888751702394
907,0.6,-0.00018507538526149614,0.000692457255445228
908,0.4,3.866500186144872e-05,0.0014686751893627226
908,0.5,3.699540080176478e-05,0.0014670055883030386
908,0.6,4.265686575277705e-05,0.001472667053254051
909,0.4,-0.0006968288283324547,0.0007775079427897458
909,0.5,-0.0006991904986416858,0.0007751462724805147
909,0.6,-0.0006981066471155734,0.0007762301240066272
910,0.4,-3.288840765169887e-05,0.0004906543434412547
910,0.5,-3.313252299791403e-05,0.0004904102280950395
910,0.6,-3.026059127542169e-05,0.0004932821598175319
911,0.4,0.001438575235372247,-0.00046012215205581963
911,0.5,0.0014376423699399565,-0.00046105501748811006
911,0.6,0.0014387826867542364,-0.0004599147006738302
912,0.4,0.0003968010465162375,0.0011078760546112676
912,0.5,0.0003981665245191002,0.0011092415326141303
912,0.6,0.00040078919882485797,0.001111864206919888
913,0.4,-0.00012885621818084503,0.0011713424520982813
913,0.5,-0.00012963537130170066,0.0011705632989774256
913,0.6,-0.00013050189642049848,0.0011696967738586278
914,0.4,-0.001160983315010633,0.00029269722578231794
914,0.5,-0.0011605094359098123,0.0002931711048831387
914,0.6,-0.0011567469283752796,0.00029693361241767136
915,0.4,-0.00010018757695412495,0.0014059476479388877
915,0.5,-9.985845112778224e-05,0.0014062767737652304
915,0.6,-9.658565684719789e-05,0.0014095495680458148
916,0.4,0.00023087539936103574,0.00018407022013344765
916,0.5,0.00023174992831287433,0.00018494474908528624
916,0.6,0.00023517584864143903,0.00018837066941385094
917,0.4,-0.0007010014775024886,0.0005046085526766997
917,0.5,-0.0006985563697145952,0.0005070536604645931
917,0.6,-0.0006910997168810967,0.0005145103132980916
918,0.4,-0.0006616178041838339,-0.00028472459827701135
918,0.5,-0.000664641946207023,-0.0002877487403002005
918,0.6,-0.0006610343334820523,-0.0002841411275752298
919,0.4,0.0009587785119601344,-0.001521506638517106
919,0.5,0.0009538092638144147,-0.0015264758866628259
919,0.6,0.0009623718607836285,-0.001517913289693612
920,0.4,-0.0015088442893889942,-0.0004011438441504367
920,0.5,-0.0015096285722374925,-0.000401928126998935
920,0.6,-0.0015109314291163328,-0.00040323098387777534
921,0.4,0.0004239872965288993,0.0009531064641368492
921,0.5,0.000424603852466815,0.0009537230200747648
921,0.6,0.000431184946107499,0.0009603041137154489
922,0.4,-0.0005720454857733037,0.0018030440330597253
922,0.5,-0.0005725134879374094,0.0018025760308956196
922,0.6,-0.000563959567861011,0.001811129950972018
923,0.4,-0.0017364576061611736,0.0011643251387406656
923,0.5,-0.0017366055440141692,0.00116417720088767
923,0.6,-0.0017293722759073732,0.001171410468994466
924,0.4,0.0001309194199910907,-0.00041370309895542856
924,0.5,0.0001284204026721636,-0.00041620211627435566
924,0.6,0.00013348390466433324,-0.000411138614282186
925,0.4,-0.001090732987614515,-0.0003372912500375219
925,0.5,-0.0010919441353974407,-0.00033850239782044766
925,0.6,-0.0010880184235600027,-0.0003345766859830096
926,0.4,-0.000547095701451436,-0.0015248068732505865
926,0.5,-0.000547466283472603,-0.0015251774552717534
926,0.6,-0.0005411075232054086,-0.001518818695004559
927,0.4,6.989551098875169e-05,-0.00028521651367061085
927,0.5,6.939042040653154e-05,-0.000285721604252831
927,0.6,7.325807232418102e-05,-0.0002818539523351815
928,0.4,-3.474216745515124e-05,-0.00272674146740641
928,0.5,-3.767479589661393e-05,-0.0027296740958478727
928,0.6,-2.908094069326017e-05,-0.002721080240644519
929,0.4,-0.0005850486589014658,0.0008682507807891149
929,0.5,-0.0005843665319602287,0.000868932907730352
929,0.6,-0.0005790023498501162,0.0008742970898404645
930,0.4,0.00013415315874198974,0.0004772591949527283
930,0.5,0.00013272835512265213,0.00047583439133339067
930,0.6,0.00013219565502683994,0.0004753016912375785
931,0.4,-0.00020599866163326097,0.002515788040989647
931,0.5,-0.00020650794302737308,0.002515278759595535
931,0.6,-0.00020135459350889562,0.0025204321091140125
932,0.4,-0.00030495326724415406,-0.001593502323702256
932,0.5,-0.00030426032455035945,-0.0015928093810084615
932,0.6,-0.0003034308855100615,-0.0015919799419681635
933,0.4,-0.0002458898595364689,-0.0004449972418046344
933,0.5,-0.0002435873528411625,-0.000442694735109328
933,0.6,-0.0002408655893775813,-0.0004399729716457468
934,0.4,-0.001470963379487128,0.002500568950707563
934,0.5,-0.001469761384906662,0.002501770945288029
934,0.6,-0.0014674081738995787,0.002504124156295112
935,0.4,-0.001247962574601233,-0.00038687755084246267
935,0.5,-0.0012495991678296847,-0.00038851414407091445
935,0.6,-0.0012451842558272863,-0.00038409923206851604
936,0.4,-0.00028645737766280766,0.002632805448772438
936,0.5,-0.0002890576253011534,0.002630205201134092
936,0.6,-0.00028336302716762407,0.0026358997992676214
937,0.4,0.0008755289591296234,-0.0019377034184943076
937,0.5,0.0008747306143334632,-0.0019385017632904677
937,0.6,0.0008781572428233353,-0.0019350751348005957
938,0.4,-0.000749243950266959,0.001878614057929065
938,0.5,-0.0007524078249136479,0.0018754501832823761
938,0.6,-0.0007500942703722729,0.001877763737823751
939,0.4,-0.00023552535314547152,0.0005184661450427785
939,0.5,-0.00023605645640203954,0.0005179350417862105
939,0.6,-0.0002335996844919086,0.0005203918136963415
940,0.4,-0.0011978932406908338,0.0016957135624271341
940,0.5,-0.0011971201447916885,0.0016964866583262794
940,0.6,-0.0011924360717161658,0.001701170731401802
941,0.4,-0.000882787518569475,-8.526507146178197e-05
941,0.5,-0.0008845869550689611,-8.706450796126808e-05
941,0.6,-0.0008798459963998001,-8.232354929210706e-05
942,0.4,-0.00027364356530992784,0.0003600600613880012
942,0.5,-0.0002713605863352009,0.00036234304036272813
942,0.6,-0.00027073966807750205,0.00036296395862042696
943,0.4,-0.0007567526734169328,-0.0012056509771930096
943,0.5,-0.0007553247801013463,-0.0012042230838774232
943,0.6,-0.0007482494639324544,-0.0011971477677085313
944,0.4,-0.0001577508399132621,0.0008400287286446373
944,0.5,-0.0001590472387669184,0.000838732329790981
944,0.6,-0.00015604436000321575,0.0008417352085546836
945,0.4,-0.001097915211694861,0.002234549902426858
945,0.5,-0.001097105095813844,0.002235360018307875
945,0.6,-0.0010924578895629422,0.0022400072245587765
946,0.4,-0.0010727239577174863,-0.0004216717812948467
946,0.5,-0.00107435317618515,-0.00042330099976251034
946,0.6,-0.0010650352344115793,-0.00041398305798893975
947,0.4,-0.0011743714625267465,-0.0015962149296446654
947,0.5,-0.0011760690708442073,-0.0015979125379621262
947,0.6,-0.0011646456904929187,-0.0015864891576108375
948,0.4,-0.0005598085437293759,-0.001390883301350121
948,0.5,-0.0005592939519326323,-0.0013903687095533773
948,0.6,-0.0005504854933046643,-0.0013815602509254093
949,0.4,-0.0003659965777525753,-0.0001097615146405384
949,0.5,-0.0003672016432615943,-0.0001109665801495574
949,0.6,-0.00036576609730001874,-0.00010953103418798182
950,0.4,-0.00030342737368922734,0.0009191837279300258
950,0.5,-0.0003038790996935381,0.000918732001925715
950,0.6,-0.0002976609079668735,0.0009249501936523796
951,0.4,7.057567572180123e-05,-0.000747048959712962
951,0.5,7.075863488414935e-05,-0.0007468660005506139
951,0.6,7.035081263495613e-05,-0.0007472738227998071
952,0.4,0.0003819451335317636,0.0014396273614583066
952,0.5,0.00037784921603584154,0.0014355314439623845
952,0.6,0.00038254885291075236,0.0014402310808372953
953,0.4,0.00039970110508694146,-0.0004163983694377704
953,0.5,0.00039861316732076046,-0.0004174863072039514
953,0.6,0.0004019996550113092,-0.0004140998195134027
954,0.4,-0.0007141865131240488,-2.212515397398418e-05
954,0.5,-0.0007147959260018766,-2.2734566851811966e-05
954,0.6,-0.0007078214733773347,-1.5760114227270083e-05
955,0.4,7.927467736090765e-06,-0.0020846598628605495
955,0.5,8.573750710214045e-06,-0.002084013579886426
955,0.6,1.6105790350981475e-05,-0.002076481540245659
956,0.4,-0.0019352758761986,-0.0003227684594175745
956,0.5,-0.001935845501410377,-0.00032333808462935154
956,0.6,-0.001931057872908426,-0.0003185504561274005
957,0.4,0.0009539664922945945,0.0013424420190917274
957,0.5,0.0009522025173936133,0.0013406780441907462
957,0.6,0.000958547991139036,0.001347023517936169
958,0.4,-0.0016757045818297372,-0.0014909893310043332
958,0.5,-0.0016755190830890498,-0.0014908038322636458
958,0.6,-0.0016735317874058409,-0.0014888165365804368
959,0.4,0.000364092512629699,-0.00029045537375232966
959,0.5,0.0003610303326600228,-0.00029351755372200583
959,0.6,0.00036410748919732394,-0.0002904403971847047
960,0.4,1.9959802280727912e-05,0.0025862028008662302
960,0.5,2.039329955019764e-05,0.0025866362981357
960,0.6,1.9402952694674847e-05,0.002585645951280177
961,0.4,-0.0020707513438246172,-0.0012690300853970549
961,0.5,-0.0020691853275956462,-0.0012674640691680839
961,0.6,-0.0020649391070344664,-0.001263217848606904
962,0.4,-0.0016840210925033738,-0.0010472165430637226
962,0.5,-0.0016863475665018363,-0.001049543017062185
962,0.6,-0.001696448168639328,-0.0010596436191996766
963,0.4,-0.0009782747511350165,0.0013894443009261903
963,0.5,-0.000978385029576062,0.0013893340224851447
963,0.6,-0.0009714348141335594,0.0013962842379276474
964,0.4,-5.777960451536224e-05,-0.00037282049876879997
964,0.5,-5.5355402219847694e-05,-0.0003703962964732854
964,0.6,-5.3172303031367996e-05,-0.0003682131972848057
965,0.4,0.00028761398644325253,-0.00026997583436670636
965,0.5,0.0002849855812201707,-0.0002726042395897882
965,0.6,0.00029087080529693887,-0.00026671901551302
966,0.4,0.0006712891683121336,0.0001138954381882662
966,0.5,0.0006703191246597018,0.00011292539453583439
966,0.6,0.0006733739109962278,0.0001159801808723604
967,0.4,-0.0009529292550072982,0.001893047983476559
967,0.5,-0.0009512866554967081,0.001894690582987149
967,0.6,-0.0009465920151495166,0.0018993852233343406
968,0.4,-0.0003740188837599856,0.0017253880891132667
968,0.5,-0.0003760131124798949,0.0017233938603933574
968,0.6,-0.0003745994974758693,0.001724807475397383
969,0.4,-0.0007006927513560357,0.0018148166893605933
969,0.5,-0.000702007674349317,0.001813501766367312
969,0.6,-0.0007023289672963423,0.0018131804734202867
970,0.4,-0.0001537797236693672,0.0015309033647823433
970,0.5,-0.00015348530310313468,0.0015311977853485759
970,0.6,-0.00014719232814147665,0.001537490760310234
971,0.4,0.0008390216550333562,0.0008635954721215588
971,0.5,0.0008383472893421784,0.000862921106430381
971,0.6,0.0008405821835506255,0.0008651560006388281
972,0.4,-1.6681220772557515e-05,0.000717711732261872
972,0.5,-1.572328949170365e-05,0.0007186696635427259
972,0.6,-1.513891876100959e-05,0.0007192540342734199
973,0.4,-9.663608278351332e-06,0.0004486055553595547
973,0.5,-1.1508486857020328e-05,0.0004467606767808857
973,0.6,-8.54697902709367e-06,0.00044972218461081237
974,0.4,-0.0010386905673217678,0.00026733078973566193
974,0.5,-0.0010387972582939359,0.00026722409876349384
974,0.6,-0.0010301775472984082,0.00027584380975902156
975,0.4,-0.0014117140292903285,-0.0009039167800900388
975,0.5,-0.0014100256953910872,-0.0009022284461907976
975,0.6,-0.0014020712177936767,-0.000894273968593387
976,0.4,-0.0010774322569070544,-0.002194759873540675
976,0.5,-0.0010790770280006967,-0.002196404644634317
976,0.6,-0.0010749935619476514,-0.002192321178581272
977,0.4,-0.0014592028277732871,0.0006387721358906001
977,0.5,-0.0014579635953820141,0.0006400113682818731
977,0.6,-0.00145240117487129,0.0006455737887925972
978,0.4,-0.00020131180050217412,-0.0012772280536885866
978,0.5,-0.00020066674908762738,-0.0012765830022740399
978,0.6,-0.00018824344316117902,-0.0012641596963475915
979,0.4,-0.0011762024888172379,0.0013409840411073015
979,0.5,-0.00117717763550651,0.0013400088944180294
979,0.6,-0.0011764096885591435,0.0013407768413653959
980,0.4,-0.00071309159599936,-0.0004184219045844234
980,0.5,-0.0007115645821664657,-0.0004168948907515291
980,0.6,-0.0007028236949524896,-0.00040815400353755305
981,0.4,0.00028086472962475517,-0.0013989655484046293
981,0.5,0.00028148534956211335,-0.001398344928467271
981,0.6,0.00028173379888236927,-0.0013980964791470152
982,0.4,-0.001736396182969363,-0.0009658646951690442
982,0.5,-0.0017360077454648959,-0.000965476257664577
982,0.6,-0.00173540031157135,-0.0009648688237710312
983,0.4,-0.00010897509823587503,0.0021754291586027485
983,0.5,-0.00010935911472723103,0.0021750451421113925
983,0.6,-0.0001127327037234449,0.0021716715531151787
984,0.4,-0.0009013053955475026,0.0010721877084137466
984,0.5,-0.0009012780037127577,0.0010722151002484914
984,0.6,-0.0008950943454091309,0.0010783987585521182
985,0.4,-0.0006414272187973691,-0.00035099060675430893
985,0.5,-0.000639509027737295,-0.00034907241569423486
985,0.6,-0.0006312981660747952,-0.000340861554031735
986,0.4,-0.0008821984415861989,-2.550909415893754e-06
986,0.5,-0.0008827807641107743,-3.1332319404692166e-06
986,0.6,-0.0008770540584441544,2.593473726150708e-06
987,0.4,-0.0013665203986865382,-0.0026931896846660447
987,0.5,-0.0013667334051582214,-0.002693402691137728
987,0.6,-0.0013644726020308057,-0.002691141888010312
988,0.4,-0.0009594827148516893,0.0018275235179166238
988,0.5,-0.0009594551717773125,0.0018275510609910006
988,0.6,-0.0009587191162837294,0.0018282871164845838
989,0.4,-0.00027276397949926867,1.4311891841284341e-05
989,0.5,-0.00027243077975291907,1.464509158763394e-05
989,0.6,-0.00026808751972387523,1.898835161667778e-05
990,0.4,-0.0008107812176492701,0.0011711058767138322
990,0.5,-0.0008113240099997115,0.0011705630843633907
990,0.6,-0.0008055553607358712,0.001176331733627231
991,0.4,-0.0011294176454526572,-0.0006424698135714113
991,0.5,-0.0011314869808669303,-0.0006445391489856844
991,0.6,-0.0011322989529750915,-0.0006453511210938456
992,0.4,-0.00047037089258181175,0.0029696751533725557
992,0.5,-0.00046933479343458373,0.0029707112525197837
992,0.6,-0.0004625510047302772,0.0029774950412240903
993,0.4,0.0007167536687957832,0.0005414616280580431
993,0.5,0.0007156054958305791,0.000540313455092839
993,0.6,0.0007174767944655991,0.000542184753727859
994,0.4,-2.037113788941336e-05,0.0013860146798631845
994,0.5,-2.0700041633042732e-05,0.0013856857761195551
994,0.6,-1.956171025241371e-05,0.0013868241075001841
995,0.4,0.0007619868089068504,-0.0015302960793427134
995,0.5,0.0007629751294740139,-0.00152930775877555
995,0.6,0.0007680100453315297,-0.0015242728429180341
996,0.4,7.603869527124385e-05,-0.0019233538302641379
996,0.5,6.867251912567873e-05,-0.001930720006409703
996,0.6,6.108116400414809e-05,-0.0019383113615312336
997,0.4,-0.0003947832690456565,0.003123103411419248
997,0.5,-0.0003959815040349701,0.0031219051764299344
997,0.6,-0.0003923987520687011,0.0031254879283962034
998,0.4,-0.0006084697836884756,0.0009704342450925219
998,0.5,-0.000609541810155545,0.0009693622186254525
998,0.6,-0.0006096598108947943,0.0009692442178862032
999,0.4,9.749713001662441e-05,0.00016823976814699104
999,0.5,9.775007950758863e-05,0.00016849271763795526
999,0.6,0.00010156559730524484,0.00017230823543561147
1000,0.4,-0.0008422760757044734,-0.0003345994226910537
1000,0.5,-0.0008429883033733432,-0.0003353116503599235
1000,0.6,-0.000837790552200221,-0.00033011389918680134
1001,0.4,-0.0014416339332306294,0.001788051346833075
1001,0.5,-0.001443179134793679,0.0017865061452700254
1001,0.6,-0.001439159747817803,0.0017905255322459013
1002,0.4,-0.0014371382525325826,0.002757547973878588
1002,0.5,-0.001437433440401703,0.0027572527860094675
1002,0.6,-0.0014364014985112084,0.0027582847278999623
1003,0.4,4.1643434661314815e-05,-0.0018046293713410294
1003,0.5,3.8875367886451184e-05,-0.001807397438115893
1003,0.6,4.4966741240312635e-05,-0.0018013060647620316
1004,0.4,-0.001123397292575684,-0.00016019130877081844
1004,0.5,-0.0011236306752507447,-0.000160424691445879
1004,0.6,-0.00111939203657542,-0.00015618605277055442
1005,0.4,9.027868887628854e-05,-0.00012592916908135687
1005,0.5,9.064106071848821e-05,-0.0001255667972391572
1005,0.6,9.447237458684588e-05,-0.00012173548337079954
1006,0.4,-0.000800810574856814,0.0004823651639303539
1006,0.5,-0.0008019891411889246,0.0004811865975982432
1006,0.6,-0.0007947278276849434,0.0004884479111022244
1007,0.4,-0.0010871008065954368,0.0017956317084290158
1007,0.5,-0.0010878474975464791,0.0017948850174779735
1007,0.6,-0.0010841565708747947,0.001798575944149658
1008,0.4,-0.0006255728645943176,0.00011572822569244634
1008,0.5,-0.0006256637951208427,0.00011563729516592125
1008,0.6,-0.000616871016496115,0.00012443007379064897
1009,0.4,0.0002137631333450074,0.0012469865728080148
1009,0.5,0.00021258654810968336,0.0012458099875726908
1009,0.6,0.0002189450119840508,0.0012521684514470582
1010,0.4,-6.538816933074343e-05,-0.003213078697482011
1010,0.5,-6.642323340620704e-05,-0.0032141137615574744
1010,0.6,-6.215790400088128e-05,-0.0032098484321521487
1011,0.4,-0.0009875130434667256,-0.004902502392995348
1011,0.5,-0.0009888525504977014,-0.004903841900026323
1011,0.6,-0.0009836213174284486,-0.004898610666957071
1012,0.4,0.0002958874789596999,0.0006144408902310078
1012,0.5,0.0002963927490953061,0.000614946160366614
1012,0.6,0.0003026561329959737,0.0006212095442672816
1013,0.4,0.0002475603834989071,0.0014688657370915958
1013,0.5,0.00024811290571427613,0.001469418259306965
1013,0.6,0.0002466173422279172,0.001467922695820606
1014,0.4,-0.0002460386395284897,-0.000818503393362674
1014,0.5,-0.0002464027875945518,-0.0008188675414287361
1014,0.6,-0.0002384140932924772,-0.0008108788471266615
1015,0.4,-0.00100577295667309,0.00013342959766021734
1015,0.5,-0.0010055879631614417,0.00013361459117186558
1015,0.6,-0.0009989182829029108,0.00014028427143039646
1016,0.4,-0.001139220242600561,-0.0011233699368667915
1016,0.5,-0.001139073950840161,-0.0011232236451063915
1016,0.6,-0.0011306467564200229,-0.0011147964506862534
1017,0.4,-0.0009462399869108462,-7.758899668661168e-05
1017,0.5,-0.0009467013110474876,-7.805032082325303e-05
1017,0.6,-0.0009382095425250342,-6.955855230079966e-05
1018,0.4,-0.000686053854722285,0.0028063413252689268
1018,0.5,-0.0006864573139714614,0.0028059378660197504
1018,0.6,-0.0006801711342008521,0.0028122240457903597
1019,0.4,-0.0008536342732228253,2.242590718844195e-05
1019,0.5,-0.0008534374316930965,2.2622748718170715e-05
1019,0.6,-0.000849841348008501,2.6218832402766235e-05
1020,0.4,-0.0010838950670101766,-0.00218162296031546
1020,0.5,-0.0010836257709959662,-0.00218135366430125
1020,0.6,-0.0010834169311287334,-0.002181144824434017
1021,0.4,0.0006860486225238605,0.0018598175370474757
1021,0.5,0.0006860174697077837,0.0018597863842313989
1021,0.6,0.0006924540774453369,0.0018662229919689521
1022,0.4,0.000687255389539218,-0.0014566336402888902
1022,0.5,0.0006844807759905508,-0.0014594082538375575
1022,0.6,0.0006882284145310474,-0.0014556606152970608
1023,0.4,0.0001581773833356226,-0.00021265870448508584
1023,0.5,0.00015986444535523447,-0.00021097164246547395
1023,0.6,0.00016199037621372758,-0.00020884571160698084
1024,0.4,-0.00027274244819032456,0.0007774603485750375
1024,0.5,-0.00027230763076334374,0.0007778951660020184
1024,0.6,-0.00026514863631947605,0.000785054160445886
1025,0.4,-0.00033605350459466055,-0.003088145960500638
1025,0.5,-0.0003351581925742364,-0.0030872506484802137
1025,0.6,-0.00032988195965724665,-0.003081974415563224
1026,0.4,-0.00021299049305437134,0.0002541404080077525
1026,0.5,-0.00021397504627564123,0.0002531558547864826
1026,0.6,-0.0002086405314229156,0.00025849036963920824
1027,0.4,-0.0011127994907348254,0.00022136702961077226
1027,0.5,-0.0011149739916475332,0.0002191925286980645
1027,0.6,-0.0011099846543329989,0.00022418186601259882
1028,0.4,-0.0014849594942256406,-0.0011828544846275851
1028,0.5,-0.0014842949370486025,-0.001182189927450547
1028,0.6,-0.001475290763919751,-0.0011731857543216956
1029,0.4,-0.0006162657051186349,-0.001315118171293525
1029,0.5,-0.0006182448849733624,-0.0013170973511482525
1029,0.6,-0.0006153451842676599,-0.00131419765044255
1030,0.4,-0.00010091755123653456,0.001266793364773297
1030,0.5,-0.00010326320213889517,0.0012644477138709365
1030,0.6,-9.926682230791684e-05,0.0012684440937019148
1031,0.4,-0.0001467859414427536,0.0006765507653662406
1031,0.5,-0.0001468916154103439,0.0006764450913986503
1031,0.6,-0.00013719867094863503,0.0006861380358603592
1032,0.4,0.0007637959978051279,-0.0012888884684152113
1032,0.5,0.0007622582494306307,-0.0012904262167897085
1032,0.6,0.0007688314445185862,-0.001283853021701753
1033,0.4,-0.0006890289893206614,-0.0004752256380093356
1033,0.5,-0.0006897836761916853,-0.0004759803248803596
1033,0.6,-0.0006846021509673839,-0.0004707987996560581
1034,0.4,0.00027759402872823413,-0.00019748987481679747
1034,0.5,0.00027960977273339127,-0.00019547413081164033
1034,0.6,0.0002849474356798609,-0.0001901364678651707
1035,0.4,-0.0008702692704821713,0.0008418224986781464
1035,0.5,-0.0008690091534062361,0.0008430826157540816
1035,0.6,-0.0008636992149927969,0.0008483925541675208
1036,0.4,-0.0008466717085043735,0.0002783852610484666
1036,0.5,-0.0008479229224325063,0.00027713404712033374
1036,0.6,-0.0008461189272573472,0.0002789380422954929
1037,0.4,-0.0004155526127049558,0.0014672109969784686
1037,0.5,-0.0004168763469115655,0.0014658872627718589
1037,0.6,-0.00041279261169788195,0.0014699709979855424
1038,0.4,-0.0015808993499075719,0.0038144293771004145
1038,0.5,-0.00158134834430948,0.0038139803826985064
1038,0.6,-0.001574970048249455,0.0038203586787585314
1039,0.4,-0.000367000830271913,0.0006127569970548752
1039,0.5,-0.0003672807218894625,0.0006124771054373257
1039,0.6,-0.0003647389211370311,0.0006150189061897571
1040,0.4,-0.0011332994124070156,-0.0005521767098248254
1040,0.5,-0.0011350767271865736,-0.0005539540246043834
1040,0.6,-0.0011303664610832764,-0.0005492437585010862
1041,0.4,-0.00033909302007162356,-0.0017109001663023343
1041,0.5,-0.0003405321960303215,-0.0017123393422610322
1041,0.6,-0.0003396030841788522,-0.001711410230409563
1042,0.4,-0.00028709301557902633,-0.002446259203363846
1042,0.5,-0.00028781549266823636,-0.002446981680453056
1042,0.6,-0.0002826132361943984,-0.002441779423979218
1043,0.4,0.00050158059611638,0.0015114604720443958
1043,0.5,0.0004998232844179162,0.001509703160345932
1043,0.6,0.0004987982510541167,0.0015086781269821326
1044,0.4,-9.367839578174053e-05,-0.00035321996967283
1044,0.5,-9.523492178603599e-05,-0.00035477649567712544
1044,0.6,-9.195328137932834e-05,-0.0003514948552704178
1045,0.4,0.0005653763366036679,-3.7406389389677e-05
1045,0.5,0.0005656141611082577,-3.716856488508724e-05
1045,0.6,0.0005692053429415256,-3.357738305181934e-05
1046,0.4,-0.0015721503220544053,-0.0008046458371956527
1046,0.5,-0.0015714841184679557,-0.0008039796336092031
1046,0.6,-0.0015687261031219063,-0.0008012216182631537
1047,0.4,-0.0009305162691078117,0.0007261343983715751
1047,0.5,-0.0009294133541289523,0.0007272373133504345
1047,0.6,-0.0009179610347679196,0.0007386896327114673
1048,0.4,-0.0007999472251631473,0.002842535743713348
1048,0.5,-0.0008015657136689891,0.0028409172552075063
1048,0.6,-0.0007924685261312819,0.0028500144427452134
1049,0.4,-0.0005867405399133663,0.0010748225566615394
1049,0.5,-0.0005848647592565093,0.0010766983373183964
1049,0.6,-0.0005814228827440149,0.0010801402138308908
1050,0.4,0.0001266760435324199,-0.0005453200109496459
1050,0.5,0.00012540788326985408,-0.0005465881712122117
1050,0.6,0.00012420901194550027,-0.0005477870425365655
1051,0.4,0.00023614549107582594,0.0005241096864071065
1051,0.5,0.00023371652483504535,0.0005216807201663259
1051,0.6,0.00024029077832740664,0.0005282549736586872
1052,0.4,-0.00023932287107594763,-0.0033305906237592053
1052,0.5,-0.00024010982233110822,-0.003331377575014366
1052,0.6,-0.00023230102804883135,-0.003323568780732089
1053,0.4,-0.0010287256119964616,-0.00029561704551586687
1053,0.5,-0.001029284392944016,-0.0002961758264634212
1053,0.6,-0.0010250716317265762,-0.0002919630652459815
1054,0.4,-0.0015272650670090232,-0.0017657243444896414
1054,0.5,-0.0015251627562175435,-0.0017636220336981617
1054,0.6,-0.001521995948199864,-0.0017604552256804823
1055,0.4,-0.0006075431700643119,-0.0020027945115931034
1055,0.5,-0.0006069956009903815,-0.002002246942519173
1055,0.6,-0.0005993801020594131,-0.0019946314435882045
1056,0.4,-0.00023763589896153015,0.0011153701810679428
1056,0.5,-0.00023855919220547306,0.001114446887824
1056,0.6,-0.00023220311483289346,0.0011208029651965795
1057,0.4,1.9680404188093803e-05,0.000492730122308882
1057,0.5,2.1259334454570844e-05,0.0004943090525753591
1057,0.6,2.6875253291452905e-05,0.0004999249714122411
1058,0.4,-0.001534372966785047,-0.0005601149464302402
1058,0.5,-0.001535108518785036,-0.0005608504984302293
1058,0.6,-0.0015333939405502012,-0.0005591359201953944
1059,0.4,6.815285143868532e-05,0.0006250465305054631
1059,0.5,6.515982397373166e-05,0.0006220535030405094
1059,0.6,7.226674903895725e-05,0.000629160428105735
1060,0.4,-0.001063426336734688,-0.002289437186761431
1060,0.5,-0.0010630442050012234,-0.0022890550550279665
1060,0.6,-0.001056644801814624,-0.002282655651841367
1061,0.4,-0.000542753047185679,-0.002077482842873443
1061,0.5,-0.0005411477325132363,-0.0020758775282010006
1061,0.6,-0.0005423866161888141,-0.0020771164118765784
1062,0.4,-0.0005098338622970822,-7.527096498899377e-06
1062,0.5,-0.000510959012232387,-8.652246434204258e-06
1062,0.6,-0.0005091237559534667,-6.81699015528392e-06
1063,0.4,0.00040090794498061355,-0.00040255940881023244
1063,0.5,0.0004004245271432838,-0.0004030428266475622
1063,0.6,0.0004031502654062713,-0.0004003170883845747
1064,0.4,-0.0008918763597739604,-0.0008885270745537382
1064,0.5,-0.0008936627500918809,-0.0008903134648716587
1064,0.6,-0.0008895134064599158,-0.0008861641212396937
1065,0.4,0.0003728355233796887,-0.0007974839846379977
1065,0.5,0.0003728029696153934,-0.0007975165384022931
1065,0.6,0.00037839417014221,-0.0007919253378754765
1066,0.4,-0.00033744060239027096,0.00019784444920571687
1066,0.5,-0.00033920792990718707,0.00019607712168880076
1066,0.6,-0.00033558488769304395,0.00019970016390294387
1067,0.4,-0.0003531253457993433,0.0028712137809309424
1067,0.5,-0.000354223395658243,0.0028701157310720427
1067,0.6,-0.0003585279863573265,0.002865811140372959
1068,0.4,-0.0005397372301806508,-0.0007050041582243455
1068,0.5,-0.0005429946251084838,-0.0007082615531521785
1068,0.6,-0.0005367856691832346,-0.0007020525972269293
1069,0.4,0.00034839968422592515,-9.499554679093247e-05
1069,0.5,0.0003443138772924459,-9.908135372441174e-05
1069,0.6,0.0003421255711616722,-0.00010126965985518543
1070,0.4,-0.0012719857680257574,-0.002227588158605548
1070,0.5,-0.0012735034097304115,-0.002229105800310202
1070,0.6,-0.001267995760953461,-0.0022235981515332515
1071,0.4,-0.0007265965783688627,0.002274002409655085
1071,0.5,-0.0007261891136519927,0.002274409874371955
1071,0.6,-0.0007210486427511043,0.0022795503452728433
1072,0.4,-0.0001369897008048071,-0.0013006126562279952
1072,0.5,-0.00013924529028919164,-0.0013028682457123797
1072,0.6,-0.00013840014093385866,-0.0013020230963570467
1073,0.4,-0.0008699461058412905,-0.0003442187256074286
1073,0.5,-0.0008672813661456669,-0.00034155398591180497
1073,0.6,-0.0008574900658464557,-0.0003317626856125938
1074,0.4,-0.0005231356515085217,0.0019365477242309498
1074,0.5,-0.000522400474385537,0.0019372829013539344
1074,0.6,-0.000514614362797719,0.0019450690129417525
1075,0.4,-0.00010147125883926134,-0.001054738630839977
1075,0.5,-0.0001006412947656965,-0.0010539086667664121
1075,0.6,-9.356635541214742e-05,-0.001046833727412863
1076,0.4,-0.0010999189612842936,-0.0017956847581277885
1076,0.5,-0.0011014068131708493,-0.0017971726100143443
1076,0.6,-0.0010982007242959363,-0.0017939665211394312
1077,0.4,-0.0007867420742595499,0.002474743359562187
1077,0.5,-0.000786755637951414,0.002474729795870323
1077,0.6,-0.0007830644265673647,0.002478421007254372
1078,0.4,-2.2784601439812535e-05,0.002505999496900932
1078,0.5,-2.523069809243217e-05,0.0025035534002483123
1078,0.6,-2.4434214231955353e-05,0.002504349884108789
1079,0.4,0.0006032824566406247,0.0021330994905326695
1079,0.5,0.000601720638263914,0.0021315376721559587
1079,0.6,0.0006036785861248117,0.0021334956200168564
1080,0.4,0.0012731392610908498,0.002166550421553892
1080,0.5,0.0012742928936551878,0.00216770405411823
1080,0.6,0.001275903631692804,0.0021693147921558464
1081,0.4,-0.0009144680434319818,-0.0016317300567085524
1081,0.5,-0.0009126789598399021,-0.0016299409731164727
1081,0.6,-0.0009061159057137114,-0.001623377918990282
1082,0.4,-0.0008058860446722993,0.0007809299533596548
1082,0.5,-0.0008097245509947337,0.0007770914470372203
1082,0.6,-0.0008068539657420104,0.0007799620322899437
1083,0.4,-0.0010877353878173263,0.0013430060507833158
1083,0.5,-0.0010873389817533108,0.0013434024568473313
1083,0.6,-0.0010841269245613766,0.0013466145140392655
1084,0.4,-0.0012207970732734108,-0.0013665240922271227
1084,0.5,-0.001221382703671628,-0.0013671097226253398
1084,0.6,-0.0012165496232707934,-0.0013622766422245053
1085,0.4,-7.000565973316886e-05,-0.002739140097071699
1085,0.5,-7.437690100810246e-05,-0.0027435113383466325
1085,0.6,-7.867330735962519e-05,-0.0027478077446981553
1086,0.4,-0.0014546751512209688,-0.0012939026812663207
1086,0.5,-0.0014543051700589837,-0.0012935327001043356
1086,0.6,-0.0014498751624377887,-0.0012891026924831406
1087,0.4,-0.0010233527174446644,-0.0004413149237669084
1087,0.5,-0.001026154844484331,-0.00044411705080657504
1087,0.6,-0.00102556076234038,-0.0004435229686626241
1088,0.4,-0.00013473643270281443,-0.0012134601843110382
1088,0.5,-0.00013484369895835902,-0.0012135674505665828
1088,0.6,-0.00013619946162762853,-0.0012149232132358523
1089,0.4,-3.7560126236985125e-05,0.0017339156211166329
1089,0.5,-3.9513084108655505e-05,0.0017319626632449625
1089,0.6,-3.818178198095046e-05,0.0017332939653726676
1090,0.4,-0.0015650408991013942,-0.000516281183459838
1090,0.5,-0.0015656098029821763,-0.0005168500873406201
1090,0.6,-0.0015569626893311844,-0.0005082029736896282
1091,0.4,0.00026749308312362663,-0.001068656927552064
1091,0.5,0.0002684440301223834,-0.0010677059805533073
1091,0.6,0.0002794716934841901,-0.0010566783171915006
1092,0.4,-7.148892560884801e-05,-0.0016029602888215089
1092,0.5,-7.42969427437179e-05,-0.0016057683059563788
1092,0.6,-7.303085189094838e-05,-0.0016045022151036092
1093,0.4,-0.001411390155587805,0.0026294847979006775
1093,0.5,-0.0014135090466561445,0.002627365906832338
1093,0.6,-0.0014107047340862905,0.002630170219402192
1094,0.4,-0.0007132500737801611,-0.00022211833033038142
1094,0.5,-0.0007139785848160746,-0.00022284684136629485
1094,0.6,-0.0007175821059433318,-0.0002264503624935521
1095,0.4,0.0003985682346455688,2.4862356981555922e-05
1095,0.5,0.00039617296313058936,2.2467085466576497e-05
1095,0.6,0.0003966999516454156,2.299407398140274e-05
1096,0.4,-0.00021939630964212808,0.00031341786053568077
1096,0.5,-0.00021903795420924466,0.0003137762159685642
1096,0.6,-0.00021217258054206933,0.0003206415896357395
1097,0.4,0.0005733717424167284,-0.0008024587785738224
1097,0.5,0.0005759810415229272,-0.0007998494794676236
1097,0.6,0.00057903398207515,-0.0007967965389154008
1098,0.4,7.328147601742829e-05,0.0013643498734644544
1098,0.5,7.137817831309734e-05,0.0013624465757601234
1098,0.6,7.631939429172951e-05,0.0013673877917387556
1099,0.4,0.000518844487988418,-0.0018339088333269582
1099,0.5,0.0005189465436722107,-0.0018338067776431655
1099,0.6,0.0005170918463298646,-0.0018356614749855116
1100,0.4,-0.00027033853903643545,-0.0007659802663918941
1100,0.5,-0.0002710217130084541,-0.0007666634403639128
1100,0.6,-0.00026784993891187936,-0.000763491666267338
1101,0.4,-0.00033251126556746446,-0.0007176774921635043
1101,0.5,-0.00033234477083887715,-0.000717510997434917
1101,0.6,-0.0003232762970300507,-0.0007084425236260905
1102,0.4,0.0007112230442674894,-0.0025165206011012464
1102,0.5,0.00070960490342456,-0.002518138741944176
1102,0.6,0.0007086061701096769,-0.002519137475259059
1103,0.4,0.0008897738104372832,0.00020799183220207573
1103,0.5,0.000889056736281979,0.00020727475804677153
1103,0.6,0.0008994399299067091,0.0002176579516715016
1104,0.4,-9.541896264630978e-05,0.00014589978510379242
1104,0.5,-9.529324069262879e-05,0.00014602550705747341
1104,0.6,-9.15792986750652e-05,0.000149739449075037
1105,0.4,0.0002990293647651132,0.003487333802039888
1105,0.5,0.00029959591558578746,0.0034879003528605623
1105,0.6,0.0003066532297372193,0.003494957667011994
1106,0.4,-0.0016716633942071013,-0.0012391945379344599
1106,0.5,-0.0016709014720658194,-0.001238432615793178
1106,0.6,-0.0016627662379466168,-0.0012302973816739754
1107,0.4,-0.0008689593492907238,-0.00042488632467273246
1107,0.5,-0.0008705908917314709,-0.0004265178671134795
1107,0.6,-0.0008586363044006673,-0.00041456327978267593
1108,0.4,-0.0010976691179527404,-3.098167416952513e-05
1108,0.5,-0.0010991006721696867,-3.2413228386471427e-05
1108,0.6,-0.0010966745018281543,-2.9987058044939063e-05
1109,0.4,-0.0006236970663292818,-0.0022975585391132314
1109,0.5,-0.0006258555217598383,-0.002299716994543788
1109,0.6,-0.0006208991231490268,-0.0022947605959329764
1110,0.4,-9.770092152541765e-05,0.00038976873385324073
1110,0.5,-9.84360534956874e-05,0.000389033601882971
1110,0.6,-9.328124440724506e-05,0.00039418841097141333
1111,0.4,-0.0006095180401995415,-0.00043990308775240794
1111,0.5,-0.0006118397398068853,-0.0004422247873597518
1111,0.6,-0.0006057235536598288,-0.00043610860121269523
1112,0.4,-0.0006347799809234278,0.000778323707243872
1112,0.5,-0.0006364012985363987,0.0007767023896309011
1112,0.6,-0.0006330121561430868,0.000780091532024213
1113,0.4,0.00015764934671899655,-0.0009925980490266967
1113,0.5,0.0001551124295599976,-0.0009951349661856956
1113,0.6,0.00015886894590783074,-0.0009913784498378625
1114,0.4,-0.0008975460615265052,-0.0018680394417509016
1114,0.5,-0.0008954940814809853,-0.0018659874617053818
1114,0.6,-0.0008907769387603154,-0.0018612703189847118
1115,0.4,0.0006501231835397137,0.0010531608307236262
1115,0.5,0.0006484021935901085,0.001051439840774021
1115,0.6,0.000651915592898844,0.0010549532400827566
1116,0.4,-0.0004438507612820747,0.000449749610593006
1116,0.5,-0.00044201232936418033,0.00045158804251090034
1116,0.6,-0.00043297298411504315,0.00046062738776003753
1117,0.4,-0.002031992578003655,-0.0006577069748185255
1117,0.5,-0.002032975062393,-0.0006586894592078701
1117,0.6,-0.002030879088645174,-0.0006565934854600441
1118,0.4,-0.001214231536350946,0.0006339585193563813
1118,0.5,-0.0012145424141801475,0.0006336476415271797
1118,0.6,-0.0012067244450946896,0.0006414656106126376
1119,0.4,0.001202389522957148,0.0027030243285208755
1119,0.5,0.0012031436149130825,0.00270377842047681
1119,0.6,0.0012020213120932655,0.002702656117656993
1120,0.4,-0.000535992837695759,0.0004851902517013784
1120,0.5,-0.0005370706129622371,0.0004841124764349003
1120,0.6,-0.0005342264877097602,0.0004869566016873772
1121,0.4,-0.000275717049478319,0.0031370169772841072
1121,0.5,-0.00027518502560849867,0.0031375490011539275
1121,0.6,-0.0002682532052163955,0.0031444808215460307
1122,0.4,-0.0002318142968617265,0.00028920603924892374
1122,0.5,-0.0002316411139224317,0.00028937922218821854
1122,0.6,-0.0002241813428762729,0.00029683899323437735
1123,0.4,0.0005123708513914971,-0.00048073935123216227
1123,0.5,0.0005142578896332461,-0.0004788523129904132
1123,0.6,0.0005129661701041566,-0.00048014403251950277
1124,0.4,-0.0009874500883741422,-0.001861390766446161
1124,0.5,-0.0009888604574764676,-0.0018628011355484864
1124,0.6,-0.0009808719966180324,-0.0018548126746900512
1125,0.4,-0.0007639964069239835,-0.0014787715867882745
1125,0.5,-0.0007655456531570903,-0.0014803208330213813
1125,0.6,-0.0007690415186025479,-0.0014838166984668388
1126,0.4,0.00043407374185885916,0.0007351830363278855
1126,0.5,0.0004338541246850791,0.0007349634191541055
1126,0.6,0.00043617664983347515,0.0007372859443025015
1127,0.4,-0.0006301180811061624,-0.0009166569849870937
1127,0.5,-0.0006295555813524284,-0.0009160944852333597
1127,0.6,-0.0006243894595697325,-0.0009109283634506637
1128,0.4,0.0008619123478579988,0.0002529461511599218
1128,0.5,0.0008578742194352978,0.0002489080227372209
1128,0.6,0.0008683943663577998,0.0002594281696597228
1129,0.4,-0.00066594746226048,-0.001737345413040936
1129,0.5,-0.0006623665893164543,-0.0017337645400969104
1129,0.6,-0.0006587605445591838,-0.0017301584953396398
1130,0.4,-0.0003847855462914551,0.0011417818729008988
1130,0.5,-0.00038660992127584337,0.0011399574979165106
1130,0.6,-0.0003809731997768684,0.0011455942194154856
1131,0.4,-0.00010780989716226153,-0.002127054375857168
1131,0.5,-0.00010948150136115553,-0.002128725980056062
1131,0.6,-0.00011487345083796563,-0.002134117929532872
1132,0.4,-0.001198410401724137,-0.0006242344197624067
1132,0.5,-0.0011976538956924299,-0.0006234779137306995
1132,0.6,-0.0011884294467935236,-0.0006142534648317932
1133,0.4,0.000692543344636698,-0.0007781302750871494
1133,0.5,0.0006928799809856612,-0.0007777936387381862
1133,0.6,0.0006923725789794999,-0.0007783010407443475
1134,0.4,-0.0002529754948666918,-0.0008096270121569493
1134,0.5,-0.00025597537551022564,-0.0008126268928004832
1134,0.6,-0.00025556896425657505,-0.0008122204815468326
1135,0.4,-0.0005587808075991074,0.0018505858542071651
1135,0.5,-0.0005603993107731742,0.0018489673510330984
1135,0.6,-0.0005563145029533478,0.0018530521588529247
1136,0.4,-0.0006813841083838923,-0.0002896224706976369
1136,0.5,-0.0006835133950044425,-0.00029175175731818714
1136,0.6,-0.0006856089846604962,-0.00029384734697424086
1137,0.4,-0.000453859625934791,-0.000669389979356505
1137,0.5,-0.00045295958523138,-0.000668489938653094
1137,0.6,-0.00044611113811664216,-0.0006616414915383562
1138,0.4,0.00013434460102290657,0.004080315780765287
1138,0.5,0.0001324882911299119,0.004078459470872292
1138,0.6,0.00013765874242580023,0.0040836299221681804
1139,0.4,-0.001109731835308811,0.0002614146473808171
1139,0.5,-0.0011111079958443654,0.00026003848684526265
1139,0.6,-0.001106439513292562,0.00026470696939706606
1140,0.4,-0.00012778271750749082,-0.0007303153501442561
1140,0.5,-0.00013058275645086437,-0.0007331153890876296
1140,0.6,-0.0001255845056131466,-0.0007281171382499119
1141,0.4,-0.00027341430298427616,-0.00016931893833657674
1141,0.5,-0.0002746283504345415,-0.00017053298578684206
1141,0.6,-0.0002719226315127943,-0.00016782726686509486
1142,0.4,0.00018460286910809698,-0.0007088264752818096
1142,0.5,0.00018486472899956197,-0.0007085646153903447
1142,0.6,0.0001906138533481483,-0.0007028154910417583
1143,0.4,-0.0004571629090635021,-0.0017682893979871772
1143,0.5,-0.0004578706991845982,-0.0017689971881082733
1143,0.6,-0.0004502439259771174,-0.0017613704149007925
1144,0.4,3.490361947265652e-05,-0.0014400701476527944
1144,0.5,3.59204870364338e-05,-0.0014390532800890171
1144,0.6,3.5644830074413325e-05,-0.0014393289370510376
1145,0.4,0.0002543235000521532,0.002354212042732118
1145,0.5,0.0002539964428162622,0.002353884985496227
1145,0.6,0.0002580567613404833,0.002357945304020448
1146,0.4,0.00014073022534288882,-0.0009893698087125868
1146,0.5,0.00013958675011185862,-0.000990513283943617
1146,0.6,0.0001351322707629221,-0.0009949677632925535
1147,0.4,0.00036460660923286203,-0.0009696633881790123
1147,0.5,0.00036404103314444103,-0.0009702289642674333
1147,0.6,0.00036352957790930507,-0.0009707404195025693
1148,0.4,-0.00040263120693162513,-0.0005315389580939911
1148,0.5,-0.00040047967180595334,-0.0005293874229683193
1148,0.6,-0.000396783535760864,-0.00052569128692323
1149,0.4,-0.0009483214063630563,-0.0012034429290768839
1149,0.5,-0.0009493629752712063,-0.0012044844979850339
1149,0.6,-0.000948687107437729,-0.0012038086301515566
1150,0.4,0.0006040946571026218,-0.00048417538069224497
1150,0.5,0.0006020444478427728,-0.00048622558995209397
1150,0.6,0.000601730764429112,-0.00048653927336575475
1151,0.4,-0.00019164065279533848,-0.0006532264081283573
1151,0.5,-0.0001912798491695844,-0.0006528656045026032
1151,0.6,-0.00018287376348255502,-0.0006444595188155738
1152,0.4,-0.0008463903266907602,0.00015452334055446326
1152,0.5,-0.0008493816024868484,0.0001515320647583751
1152,0.6,-0.0008515327649190468,0.00014938090232617662
1153,0.4,0.00029029423984267,0.0029175058802649867
1153,0.5,0.00028908312730002717,0.002916294767722344
1153,0.6,0.0002897893498019777,0.0029170009902242944
1154,0.4,-7.280594341860236e-05,0.003153372472431304
1154,0.5,-7.433296603431838e-05,0.003151845449815588
1154,0.6,-7.266089725962988e-05,0.0031535175185902764
1155,0.4,-0.0002908954972004052,0.0012941835305372018
1155,0.5,-0.00029120226251044823,0.0012938767652271588
1155,0.6,-0.0002879227038012355,0.0012971563239363715
1156,0.4,-0.0005789385403329461,-0.0003872888387607132
1156,0.5,-0.0005829357718918349,-0.00039128607031960194
1156,0.6,-0.0005825135872624676,-0.00039086388569023467
1157,0.4,-0.0005874044950434504,-0.0010115100468438276
1157,0.5,-0.0005901973066766014,-0.0010143028584769787
1157,0.6,-0.0005827483244026377,-0.001006853876203015
1158,0.4,-0.0015107328718979435,-5.200160460229475e-05
1158,0.5,-0.0015119273299673136,-5.319606267166488e-05
1158,0.6,-0.0015045018660942572,-4.577059879860845e-05
1159,0.4,-0.0017277414172011257,-0.0009824464237900565
1159,0.5,-0.0017256552096963917,-0.0009803602162853225
1159,0.6,-0.0017177076722245943,-0.0009724126788135251
1160,0.4,-0.00023456022350798467,-0.002513183678450201
1160,0.5,-0.00023440192894332024,-0.0025130253838855365
1160,0.6,-0.00023271983063599677,-0.002511343285578213
1161,0.4,0.0009706102261714811,0.0017639025682044118
1161,0.5,0.0009698867863123795,0.0017631791283453102
1161,0.6,0.0009764591972271364,0.0017697515392600671
1162,0.4,-0.00044939122038401,0.0006115489400124463
1162,0.5,-0.00044976835718227304,0.0006111718032141833
1162,0.6,-0.0004444041592957526,0.0006165360011007037
1163,0.4,-0.00026077761729689786,-0.0016140371896837674
1163,0.5,-0.000260042625361126,-0.0016133021977479955
1163,0.6,-0.00025354548042473557,-0.0016068050528116051
1164,0.4,-0.00108812883586773,0.002109127792137469
1164,0.5,-0.0010883216141517466,0.0021089350138534524
1164,0.6,-0.0010786508615308749,0.002118605766474324
1165,0.4,-0.001099888949324876,-0.00016457689632917716
1165,0.5,-0.0011003230675250691,-0.0001650110145293704
1165,0.6,-0.0010943849349910328,-0.0001590728819953341
1166,0.4,-0.001272215630410814,0.0008443891703995704
1166,0.5,-0.001272672082665613,0.0008439327181447714
1166,0.6,-0.0012638293328122718,0.0008527754679981125
1167,0.4,-5.284365691812787e-05,0.0010560073046485818
1167,0.5,-5.626937649805264e-05,0.001052581585068657
1167,0.6,-4.9316290413908836e-05,0.0010595346711528009
1168,0.4,6.329132922755498e-06,0.00020986514707241333
1168,0.5,5.599313255416627e-06,0.00020913532740507446
1168,0.6,6.521004213472237e-06,0.00021005701836313007
1169,0.4,0.000312741061818278,-0.0027013200286810646
1169,0.5,0.0003124891146813469,-0.0027015719758179957
1169,0.6,0.0003149322069800897,-0.002699128883519253
1170,0.4,-0.00026422647283269596,-0.0008871266679510159
1170,0.5,-0.0002641643242645153,-0.0008870645193828353
1170,0.6,-0.0002611025784703125,-0.0008840027735886324
1171,0.4,0.0009590503468072109,0.0009395411899701112
1171,0.5,0.0009592560985319798,0.00093974694169488
1171,0.6,0.0009662960999623771,0.0009467869431252773
1172,0.4,0.0005915902543935092,-0.00010222117075142645
1172,0.5,0.000590038861483233,-0.00010377256366170262
1172,0.6,0.0005985997709735125,-9.521165417142319e-05
1173,0.4,-0.0008689214457068828,0.00014872272379068407
1173,0.5,-0.0008707280393621536,0.00014691613013541327
1173,0.6,-0.0008699957052173274,0.00014764846428023948
1174,0.4,-0.0005459966990480764,0.00031389723614556886
1174,0.5,-0.000546841501208567,0.0003130524339850782
1174,0.6,-0.0005423600226426989,0.0003175339125509463
1175,0.4,0.00019788872923054424,7.16203766505108e-05
1175,0.5,0.00019358311820011354,6.73147656200801e-05
1175,0.6,0.00019408730276770925,6.781895018767581e-05
1176,0.4,-0.0007925062066139882,-0.000322824962485313
1176,0.5,-0.0007920604596419051,-0.0003223792155132299
1176,0.6,-0.0007879650233210411,-0.00031828377919236595
1177,0.4,-0.0012177386783346622,0.0016936053829938458
1177,0.5,-0.001219364743038548,0.00169197931828996
1177,0.6,-0.0012175466954808256,0.0016937973658476824
1178,0.4,-0.00012580012108288907,0.0009930492106237643
1178,0.5,-0.0001287350551727462,0.0009901142765339072
1178,0.6,-0.00012476087980427264,0.0009940884519023807
1179,0.4,0.0011762179163950781,0.00020272107285668195
1179,0.5,0.0011725763557167979,0.0001990795121784017
1179,0.6,0.001177157520450195,0.0002036606769117988
1180,0.4,-3.7705377752828007e-05,-0.0017365989223835088
1180,0.5,-3.886314143909664e-05,-0.0017377566860697774
1180,0.6,-3.18293601721531e-05,-0.0017307229048028339
1181,0.4,-0.0009210632163147575,-0.0019526873860380295
1181,0.5,-0.0009199738936152418,-0.0019515980633385138
1181,0.6,-0.0009150902184209136,-0.0019467143881441856
1182,0.4,-0.0011425655387980183,0.0038712587621907435
1182,0.5,-0.0011442885487251697,0.003869535752263592
1182,0.6,-0.0011418543433326933,0.0038719699576560684
1183,0.4,-0.0006313015436748559,0.0008814516424966168
1183,0.5,-0.000633455973515995,0.0008792972126554777
1183,0.6,-0.0006287311078504443,0.0008840220783210284
1184,0.4,-0.0005326990107205748,0.0006738911247570201
1184,0.5,-0.000534422653224842,0.0006721674822527529
1184,0.6,-0.0005339150006142546,0.0006726751348633403
1185,0.4,-0.0011733610455530036,0.0007188523775935596
1185,0.5,-0.0011747004709707631,0.0007175129521758
1185,0.6,-0.0011696658201147542,0.000722547603031809
1186,0.4,-0.00010601508987145847,-3.781406268749121e-05
1186,0.5,-0.00010738442770635848,-3.918340052239122e-05
1186,0.6,-0.00010602908961623858,-3.7828062432271325e-05
1187,0.4,0.0003915509604038858,-0.0005589893210263819
1187,0.5,0.00038888298259162624,-0.0005616572988386415
1187,0.6,0.00038912184792758153,-0.0005614184335026862
1188,0.4,-0.00014085132281163593,-0.0019123280721848324
1188,0.5,-0.0001397600570938462,-0.0019112368064670426
1188,0.6,-0.00013580318065828378,-0.0019072799300314802
1189,0.4,0.0006344917289847762,0.000544315715843513
1189,0.5,0.0006333884260785738,0.0005432124129373106
1189,0.6,0.0006347897371349609,0.0005446137239936977
1190,0.4,0.00043892454479041443,0.0014888137655184597
1190,0.5,0.00043824654677748764,0.0014881357675055329
1190,0.6,0.0004418856796482573,0.0014917749003763026
1191,0.4,0.0007384889437071773,-0.0006319515670143716
1191,0.5,0.0007375375932708872,-0.0006329029174506617
1191,0.6,0.0007375186651295551,-0.0006329218455919938
1192,0.4,-0.0006146033582053734,-0.0007081310936978003
1192,0.5,-0.0006147003877676055,-0.0007082281232600324
1192,0.6,-0.0006102549802950441,-0.000703782715787471
1193,0.4,-0.0010605687378136414,-0.0005361169354587414
1193,0.5,-0.0010626257848091597,-0.0005381739824542597
1193,0.6,-0.0010604882392838133,-0.0005360364369289133
1194,0.4,-0.001153328897818287,-0.0013396553085677498
1194,0.5,-0.00115215683775384,-0.0013384832485033027
1194,0.6,-0.0011486250675900034,-0.0013349514783394661
1195,0.4,-0.00016557053653726284,0.002246771996898156
1195,0.5,-0.0001672535614122561,0.0022450889720231626
1195,0.6,-0.00016259860795786452,0.002249743925477554
1196,0.4,-0.0010842073336719271,0.0015854217764944
1196,0.5,-0.0010853201547160324,0.0015843089554502948
1196,0.6,-0.0010843221253110102,0.001585306984855317
1197,0.4,-3.430773013293753e-05,0.004089483228802648
1197,0.5,-3.584313665142003e-05,0.004087947822284166
1197,0.6,-3.7002988179019036e-05,0.004086787970756567
1198,0.4,-3.779021959612883e-05,0.0014530525530784544
1198,0.5,-3.874423543209771e-05,0.0014520985372424855
1198,0.6,-2.9804918779130496e-05,0.0014610378538954527
1199,0.4,-0.0003915976787374348,0.0002886531146494009
1199,0.5,-0.00039297899162721306,0.00028727180175962264
1199,0.6,-0.0003848318253119182,0.0002954189680749175
1200,0.4,-0.0008871193281087819,0.0018545605557370448
1200,0.5,-0.0008850702264968924,0.0018566096573489344
1200,0.6,-0.0008764280533815061,0.0018652518304643206
1201,0.4,0.0006642181828526994,0.000221744092376297
1201,0.5,0.0006632259262409901,0.00022075183576458768
1201,0.6,0.0006677409797691825,0.00022526688929278005
1202,0.4,0.00022921914963236478,0.0014830856207362075
1202,0.5,0.00022727660031229835,0.001481143071416141
1202,0.6,0.00023318668617194893,0.0014870531572757917
1203,0.4,0.0004628750749976762,-0.0018519038763476214
1203,0.5,0.00046382317920962146,-0.0018509557721356762
1203,0.6,0.0004653479299483454,-0.0018494310213969523
1204,0.4,0.0003618007703992121,0.00019340067220532942
1204,0.5,0.00036059604671526135,0.00019219594852137867
1204,0.6,0.00036294757791102694,0.00019454747971714426
1205,0.4,-0.0006849784745860676,0.0016303831041207806
1205,0.5,-0.0006854740059988595,0.0016298875727079887
1205,0.6,-0.0006772089914638402,0.001638152587243008
1206,0.4,-0.0006821040138075274,0.00225676898812166
1206,0.5,-0.0006806818997270314,0.002258191102202156
1206,0.6,-0.0006750292295174404,0.002263843772411747
1207,0.4,0.000930326854265473,0.000858093909668789
1207,0.5,0.0009257197671877215,0.0008534868225910375
1207,0.6,0.0009283981922211249,0.0008561652476244408
1208,0.4,-0.0005908324140823928,-0.0009100306070385922
1208,0.5,-0.0005912926288328124,-0.0009104908217890118
1208,0.6,-0.000590670158341855,-0.0009098683512980543
1209,0.4,-0.000896901295686231,0.001619655770542544
1209,0.5,-0.0008991381166396084,0.0016174189495891667
1209,0.6,-0.0009013697830370648,0.0016151872831917102
1210,0.4,2.784885307120788e-05,-0.001129863899071118
1210,0.5,2.671079304988888e-05,-0.001131001959092437
1210,0.6,2.6304880641606077e-05,-0.0011314078715007198
1211,0.4,0.0004190958039659576,0.001528362960755425
1211,0.5,0.00041273030122998544,0.0015219974580194529
1211,0.6,0.0004074500344122267,0.0015167171912016941
1212,0.4,0.0005484749403995015,0.001287022636309726
1212,0.5,0.0005469905533325992,0.0012855382492428236
1212,0.6,0.000551509601024347,0.0012900572969345714
1213,0.4,-0.000616349119079318,-0.000511899593824916
1213,0.5,-0.0006202993430615006,-0.0005158498178070986
1213,0.6,-0.0006171855914386681,-0.0005127360661842661
1214,0.4,-0.0003316315007723114,0.0010076379936086455
1214,0.5,-0.0003322067268476947,0.0010070627675332622
1214,0.6,-0.000324920020658509,0.0010143494737224479
1215,0.4,-0.0005194814351184851,0.0002871414137381456
1215,0.5,-0.0005194122246506838,0.0002872106242059469
1215,0.6,-0.0005152589403133179,0.00029136390854331284
1216,0.4,0.0005419422122836526,-0.00116786607257241
1216,0.5,0.0005389047409306014,-0.0011709035439254611
1216,0.6,0.0005358125333737862,-0.0011739957514822763
1217,0.4,-0.0010954109089010705,-0.0021037925274879493
1217,0.5,-0.0010954356946804716,-0.0021038173132673504
1217,0.6,-0.0010880089998770992,-0.002096390618463978
1218,0.4,0.0010437086955019104,-0.0005724951067773709
1218,0.5,0.0010443422610792175,-0.0005718615412000638
1218,0.6,0.0010458256609376937,-0.0005703781413415876
1219,0.4,-0.0006762784557860502,0.002342966424511858
1219,0.5,-0.0006747346186225384,0.00234451026167537
1219,0.6,-0.0006706360981974802,0.002348608782100428
1220,0.4,-0.0003365301399402276,-0.0003294414271916568
1220,0.5,-0.00033947811467008315,-0.00033238940192151234
1220,0.6,-0.00034339413322298507,-0.00033630542047441425
1221,0.4,-0.0006207820140119447,-0.00017191313434739008
1221,0.5,-0.0006215071980178732,-0.00017263831835331866
1221,0.6,-0.0006159103778401731,-0.00016704149817561853
1222,0.4,-0.0011289840346156432,-0.0014648529184058956
1222,0.5,-0.001130272915070188,-0.0014661417988604403
1222,0.6,-0.0011260483821962097,-0.001461917265986462
1223,0.4,-0.00048525273603089447,0.0007336487231006661
1223,0.5,-0.0004844693225714569,0.0007344321365601036
1223,0.6,-0.00047894335698733803,0.0007399581021442225
1224,0.4,-0.0011565253696587674,-0.0020104811473201645
1224,0.5,-0.0011561452775570857,-0.002010101055218483
1224,0.6,-0.001152960796277136,-0.002006916573938533
1225,0.4,-0.0008003945546856822,-0.0016662726601622962
1225,0.5,-0.0008003722809947073,-0.0016662503864713213
1225,0.6,-0.000795865559707204,-0.001661743665183818
1226,0.4,-0.001137238565909665,-0.00010187686110496585
1226,0.5,-0.0011373133938208935,-0.00010195168901619422
1226,0.6,-0.0011323572726609776,-9.699556785627839e-05
1227,0.4,-0.00032621989774460347,-0.0005285437618853805
1227,0.5,-0.00032493886676500383,-0.0005272627309057809
1227,0.6,-0.00032132478981827806,-0.0005236486539590551
1228,0.4,-0.0004950398870097877,0.0012049952822642956
1228,0.5,-0.0004961485738360499,0.0012038865954380334
1228,0.6,-0.0004888138765768157,0.0012112212926972676
1229,0.4,-0.0006040376289938865,0.0008255580095674342
1229,0.5,-0.0006051592196824052,0.0008244364188789155
1229,0.6,-0.000605855610505357,0.0008237400280559637
1230,0.4,-0.0007137485154751488,0.0010857993179296255
1230,0.5,-0.0007150267413051775,0.0010845210920995968
1230,0.6,-0.0007103092428484975,0.0010892385905562768
1231,0.4,-0.00021575594886072413,-0.0003826235422607349
1231,0.5,-0.0002164183871875558,-0.0003832859805875666
1231,0.6,-0.00021628548561176963,-0.0003831530790117804
1232,0.4,-0.0003560655451080863,-0.0005176891607055756
1232,0.5,-0.000356385908853174,-0.0005180095244506633
1232,0.6,-0.0003505507859281054,-0.0005121744015255947
1233,0.4,-0.001316763485421063,0.0013840306369160005
1233,0.5,-0.001317726693532667,0.0013830674288043965
1233,0.6,-0.0013125958003904759,0.0013881983219465877
1234,0.4,-0.0005625117402514868,0.0010227938396168007
1234,0.5,-0.0005616864223373652,0.0010236191575309223
1234,0.6,-0.0005534280048370699,0.0010318775750312176
1235,0.4,-0.000717820180419354,0.001332062154463784
1235,0.5,-0.0007188723467006497,0.0013310099881824883
1235,0.6,-0.0007141037220485119,0.001335778612834626
1236,0.4,-8.686731773786815e-05,-0.0011251095514653309
1236,0.5,-8.915656111380121e-05,-0.001127398794841264
1236,0.6,-8.948907691441743e-05,-0.0011277313106418801
1237,0.4,3.4976333918856906e-05,-0.001754351355561276
1237,0.5,3.689125682798666e-05,-0.0017524364326521463
1237,0.6,4.304635092641784e-05,-0.0017462813385537151
1238,0.4,-0.0008126420930325562,0.0023873816192215708
1238,0.5,-0.000812284787350126,0.002387738924904001
1238,0.6,-0.0007994981012638264,0.0024005256109903006
1239,0.4,0.00019852334883531386,0.00032425569959311507
1239,0.5,0.00019742701108518834,0.00032315936184298955
1239,0.6,0.00020347502414995444,0.00032920737490775565
1240,0.4,-0.001585864999262998,-0.0006933185602800984
1240,0.5,-0.0015872608624619977,-0.0006947144234790981
1240,0.6,-0.0015784929934942599,-0.0006859465545113602
1241,0.4,-0.0004699566341576922,-0.0016529981813274836
1241,0.5,-0.00046963797537508123,-0.0016526795225448726
1241,0.6,-0.00046312541938249574,-0.0016461669665522871
1242,0.4,-0.001729921071443749,-0.0005983460159825482
1242,0.5,-0.0017316390797788989,-0.000600064024317698
1242,0.6,-0.0017257770293534341,-0.0005942019738922333
1243,0.4,-0.0005884406429044475,0.0006539140291955403
1243,0.5,-0.0005872277065586129,0.000655126965541375
1243,0.6,-0.0005828701079954174,0.0006594845641045705
1244,0.4,-0.0009508106231955055,0.00029666165117624155
1244,0.5,-0.0009499354801695142,0.0002975367942022328
1244,0.6,-0.0009412696772981288,0.0003062025970736182
1245,0.4,0.0007037562778733353,0.0009648420956627213
1245,0.5,0.0006998365098129233,0.0009609223276023093
1245,0.6,0.0006984146597472096,0.0009595004775365956
1246,0.4,-0.001165406332790414,0.00020196179056158892
1246,0.5,-0.001166150109708608,0.00020121801364339498
1246,0.6,-0.0011621492538360922,0.00020521886951591073
1247,0.4,0.00032062719252762273,0.0013711518726045868
1247,0.5,0.00032081154064733663,0.0013713362207243007
1247,0.6,0.000320431183318981,0.001370955863395945
1248,0.4,-0.00022693626398233302,-0.0014770488814442595
1248,0.5,-0.00022578581488509608,-0.0014758984323470226
1248,0.6,-0.00021828473312447694,-0.0014683973505864034
1249,0.4,0.00012139459390633767,0.0008370751642914342
1249,0.5,0.00011887288688439135,0.0008345534572694879
1249,0.6,0.00012291659301080782,0.0008385971633959044
1250,0.4,-0.0018469135869348674,-0.0005102550199373723
1250,0.5,-0.0018445984882587418,-0.0005079399212612468
1250,0.6,-0.0018398371606458547,-0.0005031785936483596
1251,0.4,-0.0008571241080983089,-0.0021983730229550302
1251,0.5,-0.0008566943087319062,-0.0021979432235886276
1251,0.6,-0.0008532505577742988,-0.00219449947263102
1252,0.4,-0.0003961148189924879,0.0007698673882546025
1252,0.5,-0.0003954686768340987,0.0007705135304129918
1252,0.6,-0.00038637259111765077,0.0007796096161294397
1253,0.4,-6.032799689792423e-05,-0.0003766995969075593
1253,0.5,-5.928081111319927e-05,-0.0003756524111228343
1253,0.6,-5.358118880510743e-05,-0.00036995278881474247
1254,0.4,8.015846937660387e-05,-0.0025223097694962587
1254,0.5,7.935031174849394e-05,-0.0025231179271243687
1254,0.6,8.053376044309113e-05,-0.0025219344784297715
1255,0.4,-0.0008950820580961305,-0.0018239315482555668
1255,0.5,-0.0008950938749189147,-0.001823943365078351
1255,0.6,-0.0008928872746103156,-0.0018217367647697519
1256,0.4,-0.0012374667349027424,-0.003085941537584458
1256,0.5,-0.0012362331173072783,-0.0030847079199889937
1256,0.6,-0.0012335568935050861,-0.0030820316961868016
1257,0.4,-2.911087153384395e-05,-0.0010844304917083242
1257,0.5,-2.8539919152748006e-05,-0.0010838595393272282
1257,0.6,-2.296793951014897e-05,-0.0010782875596846292
1258,0.4,-0.000687089180990183,-0.0008068123317613585
1258,0.5,-0.0006891839678924844,-0.0008089071186636598
1258,0.6,-0.0006822371638787322,-0.0008019603146499077
1259,0.4,0.000618491347150682,-0.000701189421960069
1259,0.5,0.000615046053278237,-0.0007046347158325139
1259,0.6,0.0006097743034130243,-0.0007099064656977266
1260,0.4,0.0006435481594969511,0.00033719226740500097
1260,0.5,0.0006424208976938545,0.00033606500560190433
1260,0.6,0.0006478792739880307,0.00034152338189608056
1261,0.4,-0.0008720303978627386,0.0007682784297819018
1261,0.5,-0.0008720048924515528,0.0007683039351930876
1261,0.6,-0.0008677046974354397,0.0007726041302092007
1262,0.4,-0.0002778254656691792,-0.00035707212405935995
1262,0.5,-0.0002782030365123117,-0.00035744969490249245
1262,0.6,-0.00027578189119867313,-0.0003550285495888539
1263,0.4,-0.0011331314074096432,4.6513572326226105e-05
1263,0.5,-0.0011354487097543914,4.4196269981477965e-05
1263,0.6,-0.001130731178051958,4.891380168391135e-05
1264,0.4,-0.0008243852167830745,0.0010162713714353677
1264,0.5,-0.0008210082778210004,0.0010196483103974419
1264,0.6,-0.0008136349416578148,0.0010270216465606274
1265,0.4,0.00012340013164832686,0.0010502868793387105
1265,0.5,0.0001223410768214639,0.0010492278245118475
1265,0.6,0.0001261666700719255,0.001053053417762309
1266,0.4,0.0006100113593273393,0.0006068031982814359
1266,0.5,0.0006082757854862508,0.0006050676244403475
1266,0.6,0.0006098687103635869,0.0006066605493176835
1267,0.4,0.00040658051736044976,-0.005315151248359851
1267,0.5,0.0004041887017997431,-0.005317543063920557
1267,0.6,0.00040646214547157555,-0.005315269620248725
1268,0.4,-0.0005944886200569821,0.0009233032390436324
1268,0.5,-0.0005960422993193659,0.0009217495597812486
1268,0.6,-0.0005946533059079662,0.0009231385531926484
1269,0.4,-0.0006011297634998525,0.0002891429397303691
1269,0.5,-0.0006013247154508239,0.0002889479877793977
1269,0.6,-0.0006001796470998244,0.00029009305613039715
1270,0.4,-0.0008999173894085055,-6.58226377391602e-05
1270,0.5,-0.0009009516080257657,-6.685685635642036e-05
1270,0.6,-0.0008903539271768041,-5.6259175507458736e-05
1271,0.4,-0.0015918991949760708,-0.0035345239474666307
1271,0.5,-0.0015927831835591127,-0.0035354079360496726
1271,0.6,-0.0015872882625385942,-0.003529913015029154
1272,0.4,-0.0018555170862929876,-0.0012688513445378302
1272,0.5,-0.0018555135411258555,-0.0012688477993706981
1272,0.6,-0.0018492092566608914,-0.001262543514905734
1273,0.4,-0.0006940170606372226,-0.0006836935608145744
1273,0.5,-0.0006965519397361536,-0.0006862284399135055
1273,0.6,-0.0006938994589532343,-0.0006835759591305862
1274,0.4,-0.0005454344647824461,8.03800165466162e-05
1274,0.5,-0.0005472444341460547,7.857004718300753e-05
1274,0.6,-0.0005433119205427994,8.250256078626284e-05
1275,0.4,-0.0007493661913309385,0.002265206623796173
1275,0.5,-0.0007501865367259414,0.0022643862784011703
1275,0.6,-0.0007410802692040114,0.0022734925459231003
1276,0.4,-0.0007198772527538949,0.0014609902115087087
1276,0.5,-0.0007214174041158261,0.0014594500601467775
1276,0.6,-0.0007175842206292166,0.001463283243633387
1277,0.4,-0.0001377090098690359,-0.000572915579283767
1277,0.5,-0.0001377074964106495,-0.0005729140658253806
1277,0.6,-0.00012871147215268164,-0.0005639180415674128
1278,0.4,0.0006798694485896928,0.0018153932355775282
1278,0.5,0.0006780454823965831,0.0018135692693844185
1278,0.6,0.0006825432985393121,0.0018180670855271475
1279,0.4,0.0004272049903014108,0.0018124616017142214
1279,0.5,0.0004269207103024253,0.001812177321715236
1279,0.6,0.00042834337711813997,0.0018135999885309506
1280,0.4,-0.0006930364955478052,-0.00203467185729736
1280,0.5,-0.0006933231558875763,-0.002034958517637131
1280,0.6,-0.0006912092761356403,-0.002032844637885195
1281,0.4,0.0001549912986816282,-0.001981965743519498
1281,0.5,0.00015559856240798808,-0.0019813584797931383
1281,0.6,0.00015767339726074914,-0.0019792836449403772
1282,0.4,-0.0014223208087995876,-0.0008248861526127388
1282,0.5,-0.0014249501987119856,-0.0008275155425251368
1282,0.6,-0.0014260656128616128,-0.000828630956674764
1283,0.4,-0.0015695260176844389,-0.0024687925320235476
1283,0.5,-0.0015702288636661593,-0.002469495378005268
1283,0.6,-0.0015665599898833094,-0.002465826504222418
1284,0.4,-0.000321576072925045,-0.0006943676735518683
1284,0.5,-0.0003222331298269182,-0.0006950247304537416
1284,0.6,-0.0003201244672646347,-0.0006929160678914581
1285,0.4,-0.0006222688443456165,8.107009358158945e-05
1285,0.5,-0.0006224181504251997,8.092078750200626e-05
1285,0.6,-0.0006189801796617905,8.435875826541539e-05
1286,0.4,-0.0002844053399635449,0.001061563337606125
1286,0.5,-0.0002854062215177089,0.001060562456051961
1286,0.6,-0.00028904975274232636,0.0010569189248273436
1287,0.4,0.0009966986586111837,8.581964493764582e-05
1287,0.5,0.0009961156830549378,8.523666938139995e-05
1287,0.6,0.0010049933657020615,9.41143520285237e-05
1288,0.4,0.0003009430174545913,-0.0002141857120416535
1288,0.5,0.00030146328912530884,-0.00021366544037093593
1288,0.6,0.00030414478565146674,-0.00021098394384477803
1289,0.4,-0.0004536369227930853,-0.0014292573421771093
1289,0.5,-0.000453773001068275,-0.001429393420452299
1289,0.6,-0.00045257086995165174,-0.0014281912893356757
1290,0.4,0.0004099270546379652,0.0004571306437607392
1290,0.5,0.00040760212025534037,0.0004548057093781144
1290,0.6,0.0004112842085734758,0.0004584877976962498
1291,0.4,-0.0002493640494095062,-0.0045205292878398445
1291,0.5,-0.00024972641978159016,-0.0045208916582119285
1291,0.6,-0.00024228594258285385,-0.004513451181013192
1292,0.4,-0.0007088031971322073,7.226693625095315e-05
1292,0.5,-0.0007092628830750874,7.1807250308073e-05
1292,0.6,-0.0007017042922138894,7.936584116927103e-05
1293,0.4,-0.000246368472281433,-0.0009725974429597994
1293,0.5,-0.0002489323293076856,-0.0009751612999860521
1293,0.6,-0.0002407975573961857,-0.0009670265280745521
1294,0.4,-0.0005209169209832165,6.496183366472286e-05
1294,0.5,-0.0005184165455413003,6.746220910663903e-05
1294,0.6,-0.0005125316111565248,7.334714349141458e-05
1295,0.4,-0.0005452088721762394,-0.0002409809966538723
1295,0.5,-0.0005434525054512085,-0.00023922462992884141
1295,0.6,-0.0005432756750940737,-0.00023904779957170663
1296,0.4,-0.000755767863472187,0.0019978657955778273
1296,0.5,-0.0007564755218675973,0.001997158137182417
1296,0.6,-0.0007542991215513245,0.00199933453749869
1297,0.4,0.0008401928307344986,-0.001575677038304718
1297,0.5,0.0008425093283702667,-0.00157336054066895
1297,0.6,0.000848010342070632,-0.0015678595269685847
1298,0.4,-0.00048289473128582117,0.00044098752764792915
1298,0.5,-0.0004833802752095412,0.0004405019837242091
1298,0.6,-0.00047913011168305986,0.00044475214725069045
1299,0.4,-0.0004216939887228821,0.00157635436268877
1299,0.5,-0.0004213683525144951,0.001576679998897157
1299,0.6,-0.0004187957483152427,0.0015792526030964094
1300,0.4,0.00033353708405842175,0.0008578216849268738
1300,0.5,0.0003304673952267134,0.0008547519960951655
1300,0.6,0.0003324431474437395,0.0008567277483121916
1301,0.4,-0.0002581325779025395,0.0011866108978607348
1301,0.5,-0.00025595405197730015,0.0011887894237859742
1301,0.6,-0.0002535767955605672,0.001191166680202707
1302,0.4,-0.0003445369700219303,-0.0011471406952655722
1302,0.5,-0.00034459337034949133,-0.0011471970955931332
1302,0.6,-0.00033840716582740626,-0.0011410108910710481
1303,0.4,0.0009889178041565527,0.004266924028282659
1303,0.5,0.0009893025367836983,0.004267308760909805
1303,0.6,0.0009835223610205057,0.004261528585146612
1304,0.4,-0.0009775953612086302,-0.000636705879676111
1304,0.5,-0.0009763021971864599,-0.0006354127156539408
1304,0.6,-0.0009663206759945586,-0.0006254311944620394
1305,0.4,-0.00021522824940245489,0.0011798606121448951
1305,0.5,-0.0002166659596312126,0.0011784229019161374
1305,0.6,-0.00021523137778844958,0.0011798574837589004
1306,0.4,-0.0005639641082513663,0.001677689507803573
1306,0.5,-0.0005633520055594587,0.0016783016104954807
1306,0.6,-0.0005615758170123136,0.0016800777990426258
1307,0.4,-0.0004965284846948775,-0.002620828031941899
1307,0.5,-0.0004939511734365354,-0.002618250720683557
1307,0.6,-0.00048488852234038204,-0.0026091880695874037
1308,0.4,5.0726580410276334e-05,0.00017478088042477413
1308,0.5,5.1090843267098673e-05,0.00017514514328159647
1308,0.6,5.7270344648391314e-05,0.0001813246446628891
1309,0.4,0.00034453563218998784,-0.00238828634745418
1309,0.5,0.00034187910452174175,-0.002390942875122426
1309,0.6,0.00034345780657478453,-0.002389364173069383
1310,0.4,-0.0007682974213088084,-0.0012696500705490915
1310,0.5,-0.0007696177828197398,-0.001270970432060023
1310,0.6,-0.0007711496911843724,-0.0012725023404246555
1311,0.4,0.0006904469351963483,0.0019575647375086325
1311,0.5,0.0006896626480707435,0.0019567804503830277
1311,0.6,0.0006957083430688127,0.001962826145381097
1312,0.4,-0.0005488641710222758,-0.00022790262342999024
1312,0.5,-0.0005487782243560335,-0.00022781667676374795
1312,0.6,-0.000543134365333528,-0.00022217281774124242
1313,0.4,0.000427372125977335,0.0011842424188388961
1313,0.5,0.0004278904397968797,0.0011847607326584408
1313,0.6,0.0004391403943336536,0.0011960106871952148
1314,0.4,-0.0010365256443304743,-0.00030613358967489235
1314,0.5,-0.0010403036721923636,-0.00030991161753678165
1314,0.6,-0.0010396147567153236,-0.00030922270205974156
1315,0.4,-0.0013072489544682375,-0.0008440841168063512
1315,0.5,-0.0013069151473118906,-0.0008437503096500043
1315,0.6,-0.0013029017683095223,-0.000839736930647636
1316,0.4,-0.00032439057252769965,-0.0016805465749954729
1316,0.5,-0.0003236020824808755,-0.0016797580849486488
1316,0.6,-0.00031740213412422,-0.0016735581365919933
1317,0.4,-0.0005226462338769888,0.004900274750694655
1317,0.5,-0.0005221855625809901,0.004900735421990654
1317,0.6,-0.0005214420724780344,0.00490147891209361
1318,0.4,-0.0007161846389946019,-0.0007147283775177232
1318,0.5,-0.000717147171929694,-0.0007156909104528153
1318,0.6,-0.0007102268999681915,-0.0007087706384913128
1319,0.4,-0.00019086295327019887,0.0011784400162940245
1319,0.5,-0.0001899981680692775,0.0011793048014949459
1319,0.6,-0.00018714817295448216,0.0011821547966097412
1320,0.4,-0.0013668367778286034,-0.0002959834948894763
1320,0.5,-0.001368460005505348,-0.000297606722566221
1320,0.6,-0.0013700123436922729,-0.0002991590607531458
1321,0.4,-5.106640613347646e-05,0.00022538205330091543
1321,0.5,-5.2127477525254484e-05,0.0002243209819091374
1321,0.6,-4.406269049364586e-05,0.00023238576894074603
1322,0.4,-4.154510666300182e-05,0.0012174574765017737
1322,0.5,-4.382602264720037e-05,0.0012151765605175752
1322,0.6,-4.480353521743585e-05,0.0012141990479473397
1323,0.4,0.0002392425387408026,0.000469485634492256
1323,0.5,0.000235745379366048,0.0004659884751175014
1323,0.6,0.00023943548924845737,0.0004696785849999108
1324,0.4,-4.8979616649041935e-05,-0.001618061053261316
1324,0.5,-4.8424347589531846e-05,-0.001617505784201806
1324,0.6,-4.1641038172945954e-05,-0.00161072247478522
1325,0.4,-0.000550451623892112,-0.001890136987662494
1325,0.5,-0.0005503256861906225,-0.0018900110499610046
1325,0.6,-0.0005447214827223879,-0.00188440684649277
1326,0.4,-0.0009433656197547213,0.0005815697966913835
1326,0.5,-0.000943189239162423,0.0005817461772836818
1326,0.6,-0.0009342215260492448,0.0005907138903968601
1327,0.4,2.137130315504887e-05,0.00045272956295996925
1327,0.5,1.8134615765219575e-05,0.00044949287557013995
1327,0.6,1.7983818435790555e-05,0.00044934207824071093
1328,0.4,-0.0012616863689246527,-0.0005455500953830544
1328,0.5,-0.001261350189179694,-0.0005452139156380958
1328,0.6,-0.0012609085554088767,-0.0005447722818672784
1329,0.4,0.0007304487212736882,-0.0014492840772724197
1329,0.5,0.0007305106933887945,-0.0014492221051573134
1329,0.6,0.0007315313857608474,-0.0014482014127852605
1330,0.4,0.000679037596483717,0.002360462940548591
1330,0.5,0.0006785980025209304,0.0023600233465858045
1330,0.6,0.0006804943407185959,0.00236191968478347
1331,0.4,-0.0005585528503098403,0.0016665818374576868
1331,0.5,-0.0005563125618212039,0.0016688221259463232
1331,0.6,-0.0005528414323594799,0.0016722932554080472
1332,0.4,0.0002813978926324845,-0.00233028589172532
1332,0.5,0.00027800274078496057,-0.002333681043572844
1332,0.6,0.0002817527706596157,-0.0023299310136981888
1333,0.4,0.0006928011584118876,0.0018145774307451734
1333,0.5,0.0006908878562877085,0.0018126641286209944
1333,0.6,0.0006952025267285,0.0018169787990617858
1334,0.4,0.00014125902229208953,-0.000488023713025143
1334,0.5,0.00014119477143287318,-0.0004880879638843594
1334,0.6,0.00014875585768903132,-0.00048052687762820123
1335,0.4,-0.0008302939642228641,0.0005714768098659812
1335,0.5,-0.0008305461850177803,0.0005712245890710649
1335,0.6,-0.0008220823023890184,0.0005796884716998268
1336,0.4,-0.0010678887368569118,0.00032090248465295457
1336,0.5,-0.0010708766146702992,0.0003179146068395672
1336,0.6,-0.001068993209629318,0.00031979801188054824
1337,0.4,-0.0005999623407316468,4.8011829803018546e-05
1337,0.5,-0.0006003271413565492,4.764702917811614e-05
1337,0.6,-0.0005922875840309594,5.568658650370595e-05
1338,0.4,-0.0012434618202250697,0.0006523504866803448
1338,0.5,-0.0012446209002477393,0.0006511914066576752
1338,0.6,-0.0012380490261182098,0.0006577632807872047
1339,0.4,-0.00016885233906610564,0.0023890285183043036
1339,0.5,-0.0001707789417967065,0.0023871019155737028
1339,0.6,-0.00016659647815997491,0.0023912843792104344
1340,0.4,-0.0008869099167411049,0.0003248477541660799
1340,0.5,-0.0008874663251469544,0.00032429134576023033
1340,0.6,-0.0008810817708809343,0.00033067590002625047
1341,0.4,-0.00014105448620138628,-0.0005784034667655202
1341,0.5,-0.00014201912951181117,-0.0005793681100759451
1341,0.6,-0.0001368779717808577,-0.0005742269523449917
1342,0.4,0.00026763341394434037,0.0005940880940005777
1342,0.5,0.0002670474881527607,0.000593502168208998
1342,0.6,0.00027549719752054114,0.0006019518775767785
1343,0.4,-0.0009669128708080232,-0.0009304570314790928
1343,0.5,-0.0009667663952743766,-0.0009303105559454461
1343,0.6,-0.0009630224356287076,-0.0009265665962997771
1344,0.4,-0.0017851426083866084,0.0002846085723561542
1344,0.5,-0.001785162675677257,0.0002845885050655056
1344,0.6,-0.0017797698546810486,0.000289981326061714
1345,0.4,0.00011089792284543765,-0.002235255160324301
1345,0.5,0.00010922341892335985,-0.0022369296642463787
1345,0.6,0.00011175642221369908,-0.0022343966609560395
1346,0.4,-0.001419993491701771,-0.0004082791193117524
1346,0.5,-0.0014184935602644805,-0.000406779187874462
1346,0.6,-0.0014127207533388558,-0.00040100638094883734
1347,0.4,0.00010914798292457895,0.0024446617658141767
1347,0.5,0.00010743480060886046,0.0024429485834984582
1347,0.6,0.00010391058219103022,0.002439424365080628
1348,0.4,0.0005215224128023443,0.0014348674892161462
1348,0.5,0.0005205548804267657,0.0014338999568405675
1348,0.6,0.0005221041370571944,0.0014354492134709962
1349,0.4,-0.0008232236878415872,0.0007717134967501066
1349,0.5,-0.0008228897918283185,0.0007720473927633753
1349,0.6,-0.0008147285445946617,0.000780208639997032
1350,0.4,-0.0008799487584117832,-0.00042711521031572885
1350,0.5,-0.0008825818035683303,-0.0004297482554722759
1350,0.6,-0.0008814754615329157,-0.0004286419134368613
1351,0.4,-0.00015013104461278348,-0.0009863141661420882
1351,0.5,-0.0001501275461092133,-0.000986310667638518
1351,0.6,-0.00014833463922836465,-0.0009845177607576694
1352,0.4,-0.00013972560459057926,0.003190354922169736
1352,0.5,-0.0001409527406035782,0.003189127786156737
1352,0.6,-0.00014196374820296676,0.0031881167785573483
1353,0.4,0.0006753218491631491,0.0011758881479239092
1353,0.5,0.0006736954885832869,0.001174261787344047
1353,0.6,0.0006779163688345885,0.0011784826675953486
1354,0.4,0.0003475674483577329,-0.0012929986084497525
1354,0.5,0.0003436632791311567,-0.0012969027776763287
1354,0.6,0.0003416371513283445,-0.0012989289054791409
1355,0.4,5.303736944708981e-05,-0.00022051715315901665
1355,0.5,5.098159279370851e-05,-0.00022257292981239796
1355,0.6,5.0738262577204596e-05,-0.00022281626002890187
1356,0.4,-0.0015635596576236421,0.004015835834882603
1356,0.5,-0.0015640673169141084,0.004015328175592137
1356,0.6,-0.001560495902322906,0.004018899590183339
1357,0.4,-0.0013536066235596278,-0.0004773271861596706
1357,0.5,-0.001352407706675815,-0.00047612826927585783
1357,0.6,-0.0013437270200001017,-0.0004674475826001445
1358,0.4,-0.00047953117671485634,0.0006307554266061638
1358,0.5,-0.00047935463601798955,0.0006309319673030306
1358,0.6,-0.00047107475104161967,0.0006392118522794005
1359,0.4,-0.0010313798576010863,0.0011467800514674137
1359,0.5,-0.0010327294438595147,0.0011454304652089853
1359,0.6,-0.001027334653510431,0.001150825255558069
1360,0.4,-0.0003797986038367729,0.0017803662294534894
1360,0.5,-0.00037978951044365106,0.0017803753228466113
1360,0.6,-0.0003675013950362599,0.0017926634382540024
1361,0.4,-0.0008572876730169876,6.384002966910995e-05
1361,0.5,-0.0008589864441566342,6.21412585294634e-05
1361,0.6,-0.0008581493598826262,6.297834280347137e-05
1362,0.4,9.606536114559194e-05,-0.00166928776980807
1362,0.5,9.7157986064772e-05,-0.0016681951448888899
1362,0.6,0.00010124108297615564,-0.0016641120479775062
1363,0.4,-0.0008488445595587202,-0.0003555090143642914
1363,0.5,-0.0008494122632944634,-0.0003560767181000346
1363,0.6,-0.0008449887618833946,-0.00035165321668896576
1364,0.4,-0.00017338114793852277,0.001848161202200313
1364,0.5,-0.0001769350633286787,0.001844607286810157
1364,0.6,-0.00017471196144397405,0.0018468303886948617
1365,0.4,0.00035957435986647135,0.0017185797641746658
1365,0.5,0.00035669984687650147,0.001715705251184696
1365,0.6,0.00035962202360781403,0.0017186274279160085
1366,0.4,-0.0003390493495733088,-0.00039904695141056157
1366,0.5,-0.00034111328911043404,-0.0004011108909476868
1366,0.6,-0.0003351515391424448,-0.00039514914097969756
1367,0.4,0.0007060505525203209,-0.0009958791885022467
1367,0.5,0.0007035841277547306,-0.000998345613267837
1367,0.6,0.000697080741033862,-0.0010048489999887056
1368,0.4,0.00014259379102615766,0.002554408797432739
1368,0.5,0.00013915965372154893,0.0025509746601281302
1368,0.6,0.0001292202651940466,0.002541035271600628
1369,0.4,-0.0010713738797813732,0.0005440438895377431
1369,0.5,-0.001069983218307785,0.0005454345510113312
1369,0.6,-0.0010712854089024448,0.0005441323604166715
1370,0.4,-0.00035430199956937303,0.00016013050489938063
1370,0.5,-0.0003542513281647175,0.00016018117630403617
1370,0.6,-0.00034770392663421856,0.0001667285778345351
1371,0.4,-0.0016126030444290895,4.202488112310665e-05
1371,0.5,-0.0016137950283012653,4.0832897250930866e-05
1371,0.6,-0.0016116687928590528,4.295913269314333e-05
1372,0.4,-0.0005596671439491163,4.9464260792164705e-05
1372,0.5,-0.0005610373753318632,4.809402940941787e-05
1372,0.6,-0.0005536707967917498,5.5460607949531227e-05
1373,0.4,-0.0009712978560101337,-0.0018136642280103255
1373,0.5,-0.0009728388634971524,-0.0018152052354973441
1373,0.6,-0.0009695947270176725,-0.0018119610990178642
1374,0.4,-0.0005976101563939795,0.0012878502095379496
1374,0.5,-0.0005961787133081375,0.0012892816526237916
1374,0.6,-0.000590424981942228,0.001295035383989701
1375,0.4,-0.0005411423998183951,-0.0017670866311968736
1375,0.5,-0.0005410233470020953,-0.0017669675783805738
1375,0.6,-0.0005363863366886212,-0.0017623305680670998
1376,0.4,-2.8662296566436818e-05,-0.00023154017090450119
1376,0.5,-3.0425556463570258e-05,-0.00023330343080163463
1376,0.6,-3.20144913728837e-05,-0.00023489236571094807
1377,0.4,0.0002597751601437215,0.0014081386363162252
1377,0.5,0.00026012880608319855,0.0014084922822557022
1377,0.6,0.0002621065426747782,0.0014104700188472818
1378,0.4,-0.00016379266839455786,-0.0003384016162073511
1378,0.5,-0.00016425565683433896,-0.0003388646046471322
1378,0.6,-0.00016293762826799507,-0.0003375465760807883
1379,0.4,-0.0009058979915047977,-0.0003874837537159309
1379,0.5,-0.0009075907329764432,-0.00038917649518757647
1379,0.6,-0.0009013844052937203,-0.0003829701675048536
1380,0.4,0.0005453855534200136,-0.00433667176847119
1380,0.5,0.0005455612638983476,-0.004336496057992856
1380,0.6,0.0005484120722324959,-0.0043336452496587075
1381,0.4,-0.002186837392491689,0.0032640449794621162
1381,0.5,-0.0021844515174754553,0.00326643085447835
1381,0.6,-0.002176666268987021,0.0032742161029667843
1382,0.4,-0.00015657806047456035,0.0017732704716675318
1382,0.5,-0.00015818626290867166,0.0017716622692334205
1382,0.6,-0.00015589455281206366,0.0017739539793300285
1383,0.4,-6.021141730984392e-05,-0.002579166038656419
1383,0.5,-6.137390948726673e-05,-0.002580328530833842
1383,0.6,-5.685173741604155e-05,-0.0025758063587626168
1384,0.4,-0.0009285126007652356,0.0004688683811733402
1384,0.5,-0.0009297240857106259,0.0004676568962279498
1384,0.6,-0.0009305768396749431,0.00046680414226363265
1385,0.4,-0.00013205399015345232,0.0010936034864529598
1385,0.5,-0.00013344826902392248,0.0010922092075824896
1385,0.6,-0.0001284680588376219,0.0010971894177687902
1386,0.4,0.00030296018415865156,0.001027200183865734
1386,0.5,0.0003018099166885724,0.001026049916395655
1386,0.6,0.0003053430423006487,0.0010295830420077312
1387,0.4,-0.0008136202028041356,0.0026680894106426017
1387,0.5,-0.0008138086359305297,0.0026679009775162077
1387,0.6,-0.0008077073137320451,0.0026740022997146923
1388,0.4,0.0005358657292043045,-1.797907990985781e-05
1388,0.5,0.0005344758155721441,-1.9368993542018265e-05
1388,0.6,0.0005368641585273837,-1.6980650586778667e-05
1389,0.4,0.0007508553439902754,-0.002394904710600221
1389,0.5,0.000748904736024486,-0.00239685531856601
1389,0.6,0.0007531955160348935,-0.0023925645385556027
1390,0.4,-0.00046028719383751915,0.0005684768567807558
1390,0.5,-0.00046275839596914004,0.0005660056546491349
1390,0.6,-0.0004628122983061783,0.0005659517523120966
1391,0.4,0.0005858343170694336,-0.0009067501673507561
1391,0.5,0.0005836398561603895,-0.0009089446282598002
1391,0.6,0.0005860016087065878,-0.0009065828757136019
1392,0.4,-0.0020951429736925375,0.0011380065877189538
1392,0.5,-0.0020935504347188716,0.0011395991266926198
1392,0.6,-0.002088053940943746,0.0011450956204677454
1393,0.4,0.00033195319857398653,-0.0018292462927793074
1393,0.5,0.00032902925075500855,-0.0018321702405982854
1393,0.6,0.0003269882121494372,-0.0018342112792038567
1394,0.4,0.0008473431047993363,0.0010267581026492945
1394,0.5,0.0008450169582544798,0.001024431956104438
1394,0.6,0.0008520701224405125,0.0010314851202904707
1395,0.4,-0.0005163364597782216,-0.001920448171915154
1395,0.5,-0.0005159591452564422,-0.0019200708573933745
1395,0.6,-0.0005083742928009422,-0.0019124860049378745
1396,0.4,0.0003128579599426806,0.002668771003497966
1396,0.5,0.000312252189332618,0.0026681652328879035
1396,0.6,0.00031925054983616974,0.0026751635933914553
1397,0.4,-0.00010170795705785607,0.0007660992586620841
1397,0.5,-0.00010013426264426917,0.000767672953075671
1397,0.6,-9.92337799659293e-05,0.0007685734357540108
1398,0.4,-0.0009232648062354326,7.776388508524967e-05
1398,0.5,-0.0009242241988679234,7.680449245275889e-05
1398,0.6,-0.0009150225788065042,8.600611251417811e-05
1399,0.4,-0.00030688571896889116,-0.0025296759373235195
1399,0.5,-0.0003059351274470462,-0.0025287253458016745
1399,0.6,-0.0002976398472907954,-0.0025204300656454237
1400,0.4,0.0010407276708714608,0.0012505576754185954
1400,0.5,0.0010416107449306988,0.0012514407494778335
1400,0.6,0.0010451978381306182,0.0012550278426777528
1401,0.4,-0.0004651128770384594,0.0008468207068748623
1401,0.5,-0.0004671875210105203,0.0008447460629028014
1401,0.6,-0.00046526048036532597,0.0008466731035479957
1402,0.4,-0.0002691844674398147,0.001628722937400462
1402,0.5,-0.0002696895935092314,0.0016282178113310453
1402,0.6,-0.00026289164921461383,0.0016350157556256628
1403,0.4,6.31814987639423e-05,0.0005388164978070431
1403,0.5,6.184557045976757e-05,0.0005374805695028684
1403,0.6,5.668601431958742e-05,0.0005323210133626882
1404,0.4,2.716576310721197e-05,0.001779741845949534
1404,0.5,2.925541982523594e-05,0.001781831502667558
1404,0.6,3.160653011791137e-05,0.0017841826129602334
1405,0.4,-0.00026776689302476786,-0.0017322814998942115
1405,0.5,-0.0002678440163002005,-0.0017323586231696442
1405,0.6,-0.00027016810947716463,-0.0017346827163466083
1406,0.4,-0.0012138476060043618,-0.0006835727738176284
1406,0.5,-0.0012127868737629999,-0.0006825120415762664
1406,0.6,-0.0012053987366197338,-0.0006751239044330004
1407,0.4,-0.00014472614417618268,-0.0013902877604748676
1407,0.5,-0.00014372704355086752,-0.0013892886598495524
1407,0.6,-0.00013191115826202693,-0.0013774727745607118
1408,0.4,0.0007600081317412077,-0.0005492814630934095
1408,0.5,0.0007584451902500622,-0.0005508444045845551
1408,0.6,0.0007644653574930271,-0.0005448242373415901
1409,0.4,-0.00039841843403796984,-9.924287929886921e-05
1409,0.5,-0.0003988488008654506,-9.967324612634998e-05
1409,0.6,-0.0003983739665233965,-9.919841178429589e-05
1410,0.4,-0.0002355531445334541,-8.415785075588378e-05
1410,0.5,-0.00023705540616922316,-8.566011239165283e-05
1410,0.6,-0.00023258407398152325,-8.118878020395293e-05
1411,0.4,-0.001028811198878668,0.00021559564686664257
1411,0.5,-0.001028546986720169,0.0002158598590251415
1411,0.6,-0.0010208446417622058,0.00022356220398310478
1412,0.4,-0.0006884418428391714,0.0006832747797319294
1412,0.5,-0.0006902463235365919,0.000681470299034509
1412,0.6,-0.0006892471514447773,0.0006824694711263235
1413,0.4,-0.0002779528848684265,-0.00020369820614096756
1413,0.5,-0.0002801960866832959,-0.00020594140795583693
1413,0.6,-0.0002743994318212817,-0.00020014475309382274
1414,0.4,-0.0007689861555337796,-0.00031644289280234605
1414,0.5,-0.0007698686840243024,-0.0003173254212928689
1414,0.6,-0.0007696462065204801,-0.0003171029437890466
1415,0.4,-0.0011447578084591709,-0.00014814116625608276
1415,0.5,-0.001143474118139809,-0.00014685747593672083
1415,0.6,-0.0011363815553557532,-0.00013976491315266515
1416,0.4,-0.0012888339419107192,0.000692728884230831
1416,0.5,-0.0012877038297451765,0.0006938589963963737
1416,0.6,-0.001284100171468086,0.0006974626546734641
1417,0.4,0.0005118389805249257,-0.00020009119900676886
1417,0.5,0.0005084617460855978,-0.00020346843344609677
1417,0.6,0.0005046242899399977,-0.00020730588959169682
1418,0.4,-0.0005290194777615997,0.0002823109976393401
1418,0.5,-0.0005298291319476289,0.0002815013434533109
1418,0.6,-0.0005272483907960701,0.0002840820846048697
1419,0.4,-0.00012778209647840155,-0.000605284725113231
1419,0.5,-0.00012802664528489827,-0.0006055292739197277
1419,0.6,-0.0001220511579244632,-0.0005995537865592926
1420,0.4,-0.0014621264010373086,-0.002317449115372461
1420,0.5,-0.0014620905978740967,-0.002317413312209249
1420,0.6,-0.0014538988849612522,-0.0023092215992964044
1421,0.4,-0.0001597527569882351,0.0034659709888915924
1421,0.5,-0.00016047263271992684,0.0034652511131599006
1421,0.6,-0.0001528745220862604,0.003472849223793567
1422,0.4,0.0006262738673377399,-9.170364396018926e-05
1422,0.5,0.0006246585530492732,-9.331895824865599e-05
1422,0.6,0.0006263919988846178,-9.158551241331137e-05
1423,0.4,8.538242589908873e-05,0.0013955176315436357
1423,0.5,8.203227231362575e-05,0.0013921674779581727
1423,0.6,8.444788435021944e-05,0.0013945830899947664
1424,0.4,0.00044239836930970444,-0.00027741107443604585
1424,0.5,0.0004386874425440501,-0.00028112200120170017
1424,0.6,0.00044339450524893964,-0.00027641493849681065
1425,0.4,-0.00029976210876883624,-0.00023722771114428887
1425,0.5,-0.0003018381553759053,-0.00023930375775135793
1425,0.6,-0.0002950599890074179,-0.00023252559138287054
1426,0.4,-8.573342285800312e-05,-0.0010696948107727366
1426,0.5,-8.62921922719917e-05,-0.0010702535801867252
1426,0.6,-7.883413471482248e-05,-0.001062795522629556
1427,0.4,-0.0001720727427423907,-0.004239732377697522
1427,0.5,-0.00017547754623598033,-0.004243137181191112
1427,0.6,-0.00017618734840549322,-0.004243846983360625
1428,0.4,0.0005176275415804954,0.0015989943057917178
1428,0.5,0.0005193265207610875,0.00160069328497231
1428,0.6,0.0005190468079140087,0.001600413572125231
1429,0.4,-0.0006500542911279938,-0.0002869626597330477
1429,0.5,-0.0006518998695919792,-0.00028880823819703305
1429,0.6,-0.0006496542135733391,-0.0002865625821783929
1430,0.4,-0.00016289317840691153,-0.00294858890604692
1430,0.5,-0.00016290234554025562,-0.002948598073180264
1430,0.6,-0.00016074310101657496,-0.0029464388286565835
1431,0.4,-0.00118862325488453,4.1236967940949665e-05
1431,0.5,-0.0011898511132357459,4.0009109589733693e-05
1431,0.6,-0.001188509734757509,4.135048806797048e-05
1432,0.4,0.00021335583498548194,-9.020863429567982e-05
1432,0.5,0.00021422909115173527,-8.933537812942649e-05
1432,0.6,0.0002193754684439303,-8.418900083723146e-05
1433,0.4,-0.0008285376994204008,0.0023828086973816665
1433,0.5,-0.0008283230993122448,0.0023830232974898224
1433,0.6,-0.0008238533496296163,0.002387493047172451
1434,0.4,-0.0005278109127705988,-0.0015192702210523046
1434,0.5,-0.0005283584614561021,-0.001519817769737808
1434,0.6,-0.0005237669074617535,-0.0015152262157434593
1435,0.4,-0.0011834903727915014,5.2808433395307164e-05
1435,0.5,-0.0011836585521008691,5.264025408593942e-05
1435,0.6,-0.0011773415314458024,5.8957274741006094e-05
1436,0.4,-0.0005514523219129347,0.00013487690275049147
1436,0.5,-0.0005524220400665858,0.00013390718459684037
1436,0.6,-0.0005533490549675391,0.0001329801696958871
1437,0.4,0.0011986528746553704,0.001589692627835232
1437,0.5,0.001196566784028602,0.0015876065372084636
1437,0.6,0.0011881190526887297,0.0015791588058685913
1438,0.4,-0.0011901236671596621,0.0006498389704963775
1438,0.5,-0.0011915524312446357,0.0006484102064114039
1438,0.6,-0.0011848360352410964,0.0006551266024149432
1439,0.4,-0.00040238709832109143,-0.0004383678838735666
1439,0.5,-0.0004020267774250408,-0.000438007562977516
1439,0.6,-0.00040437024230460805,-0.00044035102785708324
1440,0.4,-0.00014362244259387424,-0.0009465524476410525
1440,0.5,-0.00014234842058635788,-0.0009452784256335361
1440,0.6,-0.0001327255173389913,-0.0009356555223861696
1441,0.4,-0.0006012260637013739,-0.0011527179995385883
1441,0.5,-0.0006027701512053008,-0.0011542620870425152
1441,0.6,-0.0005977595901909827,-0.0011492515260281971
1442,0.4,-0.00042958587874092347,-0.00030100427444372524
1442,0.5,-0.00043089431510055787,-0.00030231271080335964
1442,0.6,-0.0004299694923447228,-0.0003013878880475246
1443,0.4,0.00013304610333791933,-0.0002961883759532713
1443,0.5,0.0001316711533466408,-0.0002975633259445498
1443,0.6,0.0001371521443451068,-0.0002920823349460838
1444,0.4,0.0005970567345047612,-0.0016287989083837023
1444,0.5,0.0005973879856703418,-0.0016284676572181217
1444,0.6,0.0005970587440380232,-0.0016287968988504403
1445,0.4,-0.00032466437929570824,-0.0009370620836058052
1445,0.5,-0.0003297884249283817,-0.0009421861292384787
1445,0.6,-0.0003376711779661534,-0.0009500688822762504
1446,0.4,-0.0012402253449735057,0.00046119500700742
1446,0.5,-0.0012408120978290305,0.0004606082541518952
1446,0.6,-0.001241038603899569,0.00046038174808135657
1447,0.4,-0.00022207278738267666,0.0005778443088054475
1447,0.5,-0.00022335039553528224,0.0005765667006528419
1447,0.6,-0.00021715833603910828,0.0005827587601490158
1448,0.4,-0.0009553553504339091,0.0008590486105983092
1448,0.5,-0.0009538088697789993,0.000860595091253219
1448,0.6,-0.00095377320385584,0.0008606307571763783
1449,0.4,-0.0008966011355223541,-0.0018016919808273163
1449,0.5,-0.0008973094941944482,-0.0018024003394994104
1449,0.6,-0.0008876604049022074,-0.0017927512502071696
1450,0.4,-0.0001764540320228214,-0.0020621931175465458
1450,0.5,-0.0001793313152526621,-0.0020650704007763865
1450,0.6,-0.00017272847189722662,-0.002058467557420951
1451,0.4,-0.0004233155273215272,8.922774459360627e-05
1451,0.5,-0.0004245886297715856,8.795464214354787e-05
1451,0.6,-0.0004218423641342006,9.070090778093287e-05
1452,0.4,0.00022787383749295342,0.0019179635752647473
1452,0.5,0.00022627168005012743,0.0019163614178219213
1452,0.6,0.00022427361754773223,0.001914363355319526
1453,0.4,-0.000533287315290551,0.0006905996323450375
1453,0.5,-0.0005354258482181268,0.0006884610994174617
1453,0.6,-0.0005326765724477378,0.0006912103751878507
1454,0.4,-0.0003054869359590817,0.00010237760627337944
1454,0.5,-0.00030485409400574093,0.00010301044822672023
1454,0.6,-0.0003024203464398467,0.00010544419579261444
1455,0.4,-0.0009400358500191441,-0.0008506576246900266
1455,0.5,-0.0009398755246099177,-0.0008504972992808002
1455,0.6,-0.0009422802966986277,-0.0008529020713695101
1456,0.4,-0.0007773969276813619,0.0011104610969963347
1456,0.5,-0.0007787148502299557,0.001109143174447741
1456,0.6,-0.0007763919294072053,0.0011114660952704913
1457,0.4,-0.0006598389473643496,0.0010697021377168714
1457,0.5,-0.0006607738901650145,0.0010687671949162064
1457,0.6,-0.0006526108077270776,0.0010769302773541434
1458,0.4,0.00027081382241875285,0.00019031642740716115
1458,0.5,0.0002690373340613339,0.0001885399390497422
1458,0.6,0.00027019741100142713,0.00018970001598983544
1459,0.4,-0.000287043684152527,-0.0009511716251191654
1459,0.5,-0.00028523606184804873,-0.0009493640028146871
1459,0.6,-0.00027663999492209823,-0.0009407679358887366
1460,0.4,-0.0004819193950889311,0.0013601960694780285
1460,0.5,-0.00048237185321926834,0.0013597436113476913
1460,0.6,-0.00048277105939456555,0.001359344405172394
1461,0.4,-0.00014539617710342123,0.0008107899503843052
1461,0.5,-0.00014416944402000087,0.0008120166834677256
1461,0.6,-0.0001368428579034825,0.000819343269584244
1462,0.4,2.679096312363516e-05,0.0009576340843344133
1462,0.5,2.5700046912269237e-05,0.0009565431681230474
1462,0.6,2.4309577127290538e-05,0.0009551526983380687
1463,0.4,-0.0009333263857261853,-0.0011977993901454015
1463,0.5,-0.0009360661678931986,-0.0012005391723124148
1463,0.6,-0.0009297334986215489,-0.001194206503040765
1464,0.4,-0.0006077857554568772,-0.001974573938371471
1464,0.5,-0.0006068230062870883,-0.001973611189201682
1464,0.6,-0.0006037755595667549,-0.001970563742481349
1465,0.4,-0.00013419626529698192,0.003854302803023041
1465,0.5,-0.00013731291465102213,0.0038511861536690006
1465,0.6,-0.00013104287535692372,0.003857456192963099
1466,0.4,-0.0013612065152222158,0.0004009144876441495
1466,0.5,-0.0013610238594177898,0.0004010971434485755
1466,0.6,-0.0013520657046673795,0.0004100552981989858
1467,0.4,-0.001075666567350142,0.00015132201741997753
1467,0.5,-0.0010777636746598374,0.00014922491011028216
1467,0.6,-0.001072643277641297,0.00015434530712882255
1468,0.4,-0.001312374278253342,0.00030491511484573297
1468,0.5,-0.001313870194622993,0.000303419198476082
1468,0.6,-0.0013118154062087134,0.00030547398689036165
1469,0.4,-0.0016710343135767358,-0.0010088756193681464
1469,0.5,-0.0016706249583688382,-0.0010084662641602488
1469,0.6,-0.001665409815564886,-0.0010032511213562967
1470,0.4,-0.0001036338117451352,0.002051853860516678
1470,0.5,-0.00010243575699139806,0.002053051915270415
1470,0.6,-9.582311788308706e-05,0.002059664554378726
1471,0.4,-8.68810201893333e-05,0.0008353984031720663
1471,0.5,-8.63928284082216e-05,0.000835886594953178
1471,0.6,-8.495106354158843e-05,0.0008373283598198111
1472,0.4,-0.0015673077802998703,-0.000498241869361038
1472,0.5,-0.0015682583875349099,-0.0004991924765960776
1472,0.6,-0.0015684771166355471,-0.0004994112056967148
1473,0.4,-0.0013378365582765867,-0.002485254846238266
1473,0.5,-0.0013406367453487056,-0.002488055033310385
1473,0.6,-0.0013367750868357592,-0.0024841933747974387
1474,0.4,-0.001070974261789287,0.001243048818849124
1474,0.5,-0.0010721939589543455,0.0012418291216840655
1474,0.6,-0.001067984387066373,0.001246038693572038
1475,0.4,-9.853492880691761e-05,0.000683664811453974
1475,0.5,-9.849833949671094e-05,0.0006837014007641806
1475,0.6,-9.09519673748388e-05,0.0006912477728860528
1476,0.4,-0.0008465546980257893,0.0007736763408145719
1476,0.5,-0.000849631123439068,0.0007705999154012932
1476,0.6,-0.0008530577375644444,0.0007671733012759169
1477,0.4,-0.0007191775903002545,-0.0011080075629506803
1477,0.5,-0.0007206838271160559,-0.0011095137997664817
1477,0.6,-0.0007168939642203526,-0.0011057239368707783
1478,0.4,0.0005339511424816701,0.0005080957128675845
1478,0.5,0.0005334267169338214,0.0005075712873197358
1478,0.6,0.0005406611879024414,0.0005148057582883558
1479,0.4,-0.00032810240321412554,0.00022081655147637713
1479,0.5,-0.0003293655397363926,0.00021955341495411007
1479,0.6,-0.0003293979275362513,0.00021952102715425137
1480,0.4,-0.0007829228485924655,-0.0007261052959253583
1480,0.5,-0.0007822255695418695,-0.0007254080168747623
1480,0.6,-0.0007741279998029205,-0.0007173104471358133
1481,0.4,-0.0006478241908181304,0.000634374496323753
1481,0.5,-0.0006512695299802362,0.0006309291571616471
1481,0.6,-0.0006531572375418626,0.0006290414496000207
1482,0.4,-0.00041054089927239357,0.00023402305674057045
1482,0.5,-0.00041432379035750977,0.00023024016565545424
1482,0.6,-0.0004100986474170759,0.0002344653085958881
1483,0.4,-0.0018408497584646577,-0.0019084446915298703
1483,0.5,-0.0018431833984395712,-0.0019107783315047838
1483,0.6,-0.0018505991729181187,-0.0019181941059833313
1484,0.4,-0.0007026076921096691,0.0017516415244478722
1484,0.5,-0.0007026458550614956,0.0017516033614960458
1484,0.6,-0.000693840750845498,0.0017604084657120433
1485,0.4,0.00027232455174050485,0.0023746535509513167
1485,0.5,0.000268481070284432,0.002370810069495244
1485,0.6,0.0002729971941497489,0.0023753261933605607
1486,0.4,-0.00034455392219745473,-0.0007195136120896894
1486,0.5,-0.0003463658566596195,-0.0007213255465518542
1486,0.6,-0.00034262978421745194,-0.0007175894741096867
1487,0.4,4.268018902114923e-05,0.0025812883376127582
1487,0.5,4.347487142006279e-05,0.0025820830200116718
1487,0.6,4.6602180669402804e-05,0.002585210329261012
1488,0.4,-2.8634714375724846e-05,0.00048658806061688264
1488,0.5,-3.026509249312581e-05,0.0004849576824994817
1488,0.6,-3.337687537782741e-05,0.0004818458996147801
1489,0.4,-0.0010221978075708876,-0.0011174956157782717
1489,0.5,-0.0010235819688811931,-0.0011188797770885772
1489,0.6,-0.0010167754323215372,-0.0011120732405289213
1490,0.4,-0.00018748007190372284,-0.0032935075954675236
1490,0.5,-0.00018742230824378425,-0.003293449831807585
1490,0.6,-0.0001799798332830227,-0.0032860073568468234
1491,0.4,-5.873590894378555e-05,0.00010014804213789863
1491,0.5,-6.135104292526172e-05,9.753290815642246e-05
1491,0.6,-6.337072650294817e-05,9.551322457873601e-05
1492,0.4,-0.0004902809836555833,0.0010883846129944308
1492,0.5,-0.0004929642091303643,0.0010857013875196497
1492,0.6,-0.000491321318956156,0.001087344277693858
1493,0.4,-0.00042042639750855537,0.0012087997564603215
1493,0.5,-0.00042400099000637625,0.0012052251639625006
1493,0.6,-0.0004177796289505237,0.0012114465250183531
1494,0.4,-0.0006049122559924902,-0.00012315210808930277
1494,0.5,-0.0006045149249535309,-0.00012275477705034343
1494,0.6,-0.0005942018213611344,-0.00011244167345794698
1495,0.4,0.0010413265729359855,0.0012596080432450418
1495,0.5,0.0010388914050407927,0.001257172875349849
1495,0.6,0.0010326011146460368,0.001250882584955093
1496,0.4,-0.0007489487942492767,-0.0015427538724358258
1496,0.5,-0.000750522352224614,-0.0015443274304111632
1496,0.6,-0.0007412621605821096,-0.0015350672387686587
1497,0.4,-0.001587757486834887,0.0005776916022203343
1497,0.5,-0.0015882689746625905,0.0005771801143926308
1497,0.6,-0.0015819684484163349,0.0005834806406388865
1498,0.4,-0.0010568486935298993,-0.0009626638360071965
1498,0.5,-0.0010565250104445228,-0.0009623401529218201
1498,0.6,-0.0010478507643020551,-0.0009536659067793524
1499,0.4,-0.00011460789440599639,-0.0013356750067064355
1499,0.5,-0.00011204698551131598,-0.001333114097811755
1499,0.6,-0.00010176180295307091,-0.00132282891525351
1500,0.4,-0.0003393990176308592,0.0023417666352700817
1500,0.5,-0.0003377699567498338,0.002343395696151107
1500,0.6,-0.00033053063837226726,0.0023506350145286736
1501,0.4,-0.000903085957857569,0.0017445760744850547
1501,0.5,-0.0009017414638401444,0.0017459205685024792
1501,0.6,-0.0008971472701106986,0.001750514762231925
1502,0.4,-0.0006487787739188622,0.0026623891107359493
1502,0.5,-0.0006492452699245477,0.002661922614730264
1502,0.6,-0.0006415695463981852,0.0026695983382566263
1503,0.4,0.0007573604211081331,0.0017217297464239834
1503,0.5,0.0007523447661188232,0.0017167140914346735
1503,0.6,0.0007516985930885733,0.0017160679184044236
1504,0.4,-8.576434810006472e-05,0.0015939246708693289
1504,0.5,-8.761340559942932e-05,0.0015920756133699643
1504,0.6,-8.725032738907124e-05,0.0015924386915803224
1505,0.4,-0.0005527238352112107,0.001611036994252274
1505,0.5,-0.000552714808660898,0.0016110460208025867
1505,0.6,-0.0005521690141372521,0.0016115918153262326
1506,0.4,0.0008367608846248931,-0.001584105694251825
1506,0.5,0.0008367405581571341,-0.001584126020719584
1506,0.6,0.0008384790336828374,-0.0015823875451938807
1507,0.4,-0.0006082691062671147,0.0006458836918700056
1507,0.5,-0.000609705059183438,0.0006444477389536823
1507,0.6,-0.000606801387403863,0.0006473514107332573
1508,0.4,-1.0580524317516105e-06,0.0014911516965311067
1508,0.5,4.831859976295316e-07,0.0014926929349604878
1508,0.6,4.640362630065065e-06,0.0014968501115929234
1509,0.4,-0.0005734826871428844,-0.0004893744642171238
1509,0.5,-0.0005743549561911809,-0.0004902467332654203
1509,0.6,-0.0005762642468837703,-0.0004921560239580097
1510,0.4,-0.0012153251036204904,0.0019661060498356725
1510,0.5,-0.001214815318285295,0.001966615835170868
1510,0.6,-0.0012062545372825556,0.0019751766161736073
1511,0.4,-0.0002566874715311529,0.0011180753465126203
1511,0.5,-0.00025810614920734887,0.0011166566688364243
1511,0.6,-0.0002568329547036341,0.001117929863340139
1512,0.4,-0.00037461181701893553,0.0007354401898719415
1512,0.5,-0.0003763849914204115,0.0007336670154704655
1512,0.6,-0.00036679375132563086,0.0007432582555652462
1513,0.4,0.00029013549468791255,-0.0021745822337719545
1513,0.5,0.0002901764964069464,-0.0021745412320529206
1513,0.6,0.00029968854259158906,-0.002165029185868278
1514,0.4,0.0003927327443467854,-0.0016574823649527226
1514,0.5,0.0003895489657621959,-0.0016606661435373121
1514,0.6,0.0003950601008742838,-0.0016551550084252242
1515,0.4,-0.00034356199765839257,0.0008306248348292633
1515,0.5,-0.0003426731486882717,0.0008315136837993842
1515,0.6,-0.00033337022030457963,0.0008408166121830762
1516,0.4,-0.0007588508618623924,-0.0008644558093754834
1516,0.5,-0.0007627056294016998,-0.0008683105769147909
1516,0.6,-0.0007605260090901705,-0.0008661309566032616
1517,0.4,0.0005393179640412749,-0.0012106934726308638
1517,0.5,0.000537307060874681,-0.0012127043757974576
1517,0.6,0.0005425479515577258,-0.0012074634851144128
1518,0.4,-4.7973415161994826e-05,0.0019558329208656244
1518,0.5,-4.930719596454858e-05,0.0019544991400630707
1518,0.6,-4.731789450951318e-05,0.001956488441518106
1519,0.4,-6.95515801600044e-05,0.00014243531532184828
1519,0.5,-6.988770155605395e-05,0.00014209919392579873
1519,0.6,-6.429736103361061e-05,0.00014768953444824207
1520,0.4,-0.0009458624937869892,3.369251744145263e-05
1520,0.5,-0.000947602887005114,3.195212422332783e-05
1520,0.6,-0.0009403907012438539,3.9164309984587864e-05
1521,0.4,-0.0004163392090482665,0.0028960255880151053
1521,0.5,-0.0004175710672078836,0.0028947937298554882
1521,0.6,-0.0004183482070251321,0.0028940165900382397
1522,0.4,-0.0012483734051860068,0.0016552966988000323
1522,0.5,-0.0012503000890033283,0.0016533700149827107
1522,0.6,-0.0012430108581124727,0.0016606592458735664
1523,0.4,0.00061248049787474,-0.0009100518480907593
1523,0.5,0.0006105099749153797,-0.0009120223710501196
1523,0.6,0.0006136310881979246,-0.0009089012577675748
1524,0.4,6.954174500636845e-05,-0.002223902149627699
1524,0.5,6.778366903797961e-05,-0.0022256602255960878
1524,0.6,7.085280736804367e-05,-0.0022225910872660237
1525,0.4,-0.00031797976990313725,0.001960272093178811
1525,0.5,-0.0003174344476205293,0.001960817415461419
1525,0.6,-0.00031816667178538593,0.0019600851912965622
1526,0.4,-0.0013439462478776754,0.0019783276424482493
1526,0.5,-0.0013443231377463782,0.0019779507525795464
1526,0.6,-0.0013367786434347606,0.001985495246891164
1527,0.4,-0.0006114531327706119,-0.0010953802516026345
1527,0.5,-0.0006066144950932495,-0.0010905416139252722
1527,0.6,-0.0006035474335947394,-0.001087474552426762
1528,0.4,0.0004417735036130743,-0.001055774307734375
1528,0.5,0.00043927668116242047,-0.001058271130185029
1528,0.6,0.0004445067033544692,-0.0010530411079929802
1529,0.4,-0.0010999764133860224,-0.002783409046283533
1529,0.5,-0.0010988539060781538,-0.0027822865389756646
1529,0.6,-0.0010971281583469633,-0.002780560791244474
1530,0.4,-0.000528467516145853,0.000673999939325931
1530,0.5,-0.0005286585261556342,0.0006738089293161498
1530,0.6,-0.0005313435327604366,0.0006711239227113475
1531,0.4,-0.00114640206996669,-0.0009979681899211362
1531,0.5,-0.0011473117094046997,-0.000998877829359146
1531,0.6,-0.0011411070701778797,-0.000992673190132326
1532,0.4,-0.000787393102489431,0.0007668120394756645
1532,0.5,-0.0007865973522416803,0.0007676077897234151
1532,0.6,-0.0007808048555048297,0.0007734002864602657
1533,0.4,0.0013359401789682646,-0.000536896027874989
1533,0.5,0.0013342137759934924,-0.0005386224308497611
1533,0.6,0.0013317209520774809,-0.0005411152547657727
1534,0.4,-0.00011101419650612343,0.0004993164984627707
1534,0.5,-0.00010987528568730254,0.0005004554092815916
1534,0.6,-0.00010898965054939591,0.0005013410444194982
1535,0.4,-0.0006683273409989476,-0.000966231484232416
1535,0.5,-0.0006688559329799254,-0.0009667600762133938
1535,0.6,-0.0006651788926567009,-0.0009630830358901693
1536,0.4,-0.0014859949285279672,-0.0008045990722005542
1536,0.5,-0.001484671041787261,-0.000803275185459848
1536,0.6,-0.0014812548337117815,-0.0007998589773843684
1537,0.4,0.0007714573493427246,-0.002032744814224746
1537,0.5,0.0007702940295496175,-0.0020339081340178533
1537,0.6,0.0007738960722488697,-0.002030306091318601
1538,0.4,-0.00042763864128078644,0.00016186368718856814
1538,0.5,-0.00042783104128878147,0.0001616712871805731
1538,0.6,-0.0004237248603227439,0.00016577746814661065
1539,0.4,-0.00039731952538771265,-0.0025666207573253053
1539,0.5,-0.0003963644424100077,-0.0025656656743476003
1539,0.6,-0.00039366226595476117,-0.0025629634978923538
1540,0.4,0.00038695023282797614,0.0031260612067634808
1540,0.5,0.0003870425478343098,0.0031261535217698144
1540,0.6,0.0003861238045002324,0.003125234778435737
1541,0.4,0.000816663981228094,-9.40870995458365e-05
1541,0.5,0.0008156692652107889,-9.508181556314166e-05
1541,0.6,0.000815898416261368,-9.485266451256247e-05
1542,0.4,-0.001146722519246357,0.0001206211920901229
1542,0.5,-0.001149932759320474,0.00011741095201600604
1542,0.6,-0.0011465387595019777,0.00012080495183450224
1543,0.4,0.00032821314008335545,0.002016362955041484
1543,0.5,0.0003276493115835777,0.0020157991265417063
1543,0.6,0.0003328625034571542,0.002021012318415283
1544,0.4,-0.0012295605555683181,0.00041242409778163847
1544,0.5,-0.001230527567319159,0.00041145708603079756
1544,0.6,-0.0012320974465931112,0.0004098872067568454
1545,0.4,-0.0007004862444597165,0.00012074746764600963
1545,0.5,-0.0007043635510784602,0.000116870161027266
1545,0.6,-0.0007005777159269089,0.00012065599617881728
1546,0.4,0.0005784373334732917,0.0014920862326379403
1546,0.5,0.0005777013563584565,0.001491350255523105
1546,0.6,0.0005815832702746326,0.0014952321694392812
1547,0.4,-0.0007739617092930168,0.0007307916920226976
1547,0.5,-0.000775105233395551,0.0007296481679201633
1547,0.6,-0.0007759935705524412,0.0007287598307632731
1548,0.4,-0.00014522106119413403,-0.0008784552492277775
1548,0.5,-0.00014771452351231007,-0.0008809487115459536
1548,0.6,-0.00014521048189369834,-0.0008784446699273418
1549,0.4,-0.0003258455804839716,-0.0005180196313300939
1549,0.5,-0.00033000970935730123,-0.0005221837602034235
1549,0.6,-0.00033396430803843413,-0.0005261383588845564
1550,0.4,0.00027499661867583236,0.0018297062303684608
1550,0.5,0.00027722130093796316,0.0018319309126305916
1550,0.6,0.0002838976764811263,0.0018386072881737547
1551,0.4,-0.0006227426514888862,-0.0002670720367892593
1551,0.5,-0.000624159730054627,-0.0002684891153550001
1551,0.6,-0.0006214013519113687,-0.0002657307372117418
1552,0.4,-1.1313965545767246e-05,0.0011217448590430945
1552,0.5,-1.0950262715067605e-05,0.0011221085618737942
1552,0.6,-9.880578938553652e-06,0.001123178245650308
1553,0.4,-0.0005962939002467915,0.00014685534001562806
1553,0.5,-0.0005956442662039263,0.00014750497405849328
1553,0.6,-0.0005923458675868298,0.00015080337267558974
1554,0.4,5.5322619541997575e-05,0.0030790026732431808
1554,0.5,5.538994639806005e-05,0.0030790700000992433
1554,0.6,6.230091960376938e-05,0.0030859809733049526
1555,0.4,3.197797512705103e-06,-0.0009390750674287546
1555,0.5,2.218843750803612e-06,-0.0009400540211906561
1555,0.6,4.041371213930889e-06,-0.0009382314937275288
1556,0.4,-0.0016476360179945027,-0.001356906496453203
1556,0.5,-0.0016465641795672947,-0.001355834658025995
1556,0.6,-0.0016387799814287785,-0.0013480504598874787
1557,0.4,-0.0003864238227792999,0.0005473442781913779
1557,0.5,-0.00038816652322554157,0.0005456015777451362
1557,0.6,-0.00038103464960061173,0.000552733451370066
1558,0.4,-0.0011404118504074467,0.0011790597827788657
1558,0.5,-0.0011392336744266984,0.001180237958759614
1558,0.6,-0.001135306813990558,0.0011841648191957543
1559,0.4,-0.0005116419397724753,-0.0007326974474067549
1559,0.5,-0.0005136192912543885,-0.0007346747988886682
1559,0.6,-0.0005150191572547286,-0.0007360746648890082
1560,0.4,-0.001405930078092671,-0.0014689193564735442
1560,0.5,-0.0014059529821235095,-0.0014689422605043828
1560,0.6,-0.0013992824785007268,-0.0014622717568816002
1561,0.4,0.00046377163302267765,5.149897949142945e-05
1561,0.5,0.00046418102222420266,5.1908368692954454e-05
1561,0.6,0.0004718395897800459,5.956693624879772e-05
1562,0.4,9.361271216150324e-05,-0.0023474551915227404
1562,0.5,9.257770456137793e-05,-0.0023484901991228657
1562,0.6,9.798996710846941e-05,-0.0023430779365757742
1563,0.4,-3.818245824796507e-05,0.0013114386492206753
1563,0.5,-3.9939542626099556e-05,0.0013096815648425408
1563,0.6,-4.426387531264453e-05,0.0013053572321559959
1564,0.4,-0.0008203736042629722,0.0006246745076544519
1564,0.5,-0.0008220601043919112,0.0006229880075255129
1564,0.6,-0.00081303509156401,0.0006320130203534141
1565,0.4,-0.0006118811211563852,-4.239054553384358e-05
1565,0.5,-0.0006164813795362795,-4.699080391373789e-05
1565,0.6,-0.0006170057320990519,-4.751515647651028e-05
1566,0.4,0.00029525107630856695,0.0018808740003382618
1566,0.5,0.0002941459767914767,0.0018797689008211715
1566,0.6,0.0002978462986215902,0.001883469222651285
1567,0.4,2.1640382733806307e-05,-0.0035923008144501944
1567,0.5,2.1687637916295577e-05,-0.003592253559267705
1567,0.6,2.3488787644937448e-05,-0.0035904524095390633
1568,0.4,-0.0009689581019978744,-0.002313305487737574
1568,0.5,-0.0009685044493443346,-0.0023128518350840344
1568,0.6,-0.0009688577124316311,-0.002313205098171331
1569,0.4,0.00037510725543110635,0.0007210301157183074
1569,0.5,0.0003741261990052869,0.000720049059292488
1569,0.6,0.0003827268703062159,0.000728649730593417
1570,0.4,-0.00032794737108138294,-0.0004090857985101365
1570,0.5,-0.0003290376490232838,-0.00041017607645203735
1570,0.6,-0.0003282453929046997,-0.0004093838203334532
1571,0.4,-6.309666073073261e-05,0.00029157207734331614
1571,0.5,-6.610683537208728e-05,0.00028856190270196147
1571,0.6,-6.332584189755464e-05,0.0002913428961764941
1572,0.4,0.00035219186015703063,-0.0006233459407820607
1572,0.5,0.0003519058680962195,-0.0006236319328428719
1572,0.6,0.0003562044709997103,-0.0006193333299393811
1573,0.4,-0.00017722636238012845,0.0007261325545575847
1573,0.5,-0.00017746235215687634,0.0007258965647808369
1573,0.6,-0.0001763521864147355,0.0007270067305229777
1574,0.4,-0.0003360653774583666,0.0011482061467092963
1574,0.5,-0.0003368507632055262,0.0011474207609621367
1574,0.6,-0.00033782302312590495,0.001146448501041758
1575,0.4,-0.0007401487620889158,-0.0004392001023925257
1575,0.5,-0.0007406464934491402,-0.0004396978337527502
1575,0.6,-0.0007362771020053283,-0.0004353284423089382
1576,0.4,-0.00038047488211452596,0.0010800971203627219
1576,0.5,-0.00037954918594197695,0.0010810228165352709
1576,0.6,-0.0003763038237023647,0.0010842681787748831
1577,0.4,0.0001729125486385208,0.00012252182836103298
1577,0.5,0.00017238261067004101,0.0001219918903925532
1577,0.6,0.00017999667533855068,0.00012960595506106287
1578,0.4,-0.0008667999308888119,0.00010309067121981597
1578,0.5,-0.0008653584932305225,0.00010453210887810538
1578,0.6,-0.0008584274677086445,0.00011146313439998334
1579,0.4,-0.00029280219905519766,0.0003172311897655655
1579,0.5,-0.00029400637684914854,0.00031602701197161465
1579,0.6,-0.000296471328276135,0.0003135620605446282
1580,0.4,-0.0003955164711304665,-0.0016064179734373851
1580,0.5,-0.0003979524734444989,-0.0016088539757514175
1580,0.6,-0.0003944334293695395,-0.0016053349316764581
1581,0.4,-0.00014120919940652232,0.0005680968781906354
1581,0.5,-0.00013742006855678446,0.0005718860090403732
1581,0.6,-0.00013038570948568917,0.0005789203681114685
1582,0.4,-0.0006388189913391906,-8.564793958590333e-05
1582,0.5,-0.0006399457270132858,-8.677467525999849e-05
1582,0.6,-0.000634378786379286,-8.120773462599873e-05
1583,0.4,0.0002327937322299245,0.0025566602155747964
1583,0.5,0.00023028244145931187,0.0025541489248041838
1583,0.6,0.00023079500726491675,0.0025546614906097886
1584,0.4,-0.0001510274057172356,-0.002138401441215715
1584,0.5,-0.00015119860765754056,-0.00213857264315602
1584,0.6,-0.00014769151897786603,-0.0021350655544763453
1585,0.4,-0.00043958665355339765,0.0011325694995564517
1585,0.5,-0.00043875690876471474,0.0011333992443451346
1585,0.6,-0.0004367216584719724,0.001135434494637877
1586,0.4,-0.0011454793587719475,-0.00032914297313960117
1586,0.5,-0.001146594000327128,-0.00033025761469478165
1586,0.6,-0.0011364492504648133,-0.0003201128648324669
1587,0.4,-0.0003186511055936203,0.0007945168545021863
1587,0.5,-0.0003186245174400526,0.000794543442655754
1587,0.6,-0.0003147208803686713,0.0007984470797271354
1588,0.4,-4.4673384610310896e-05,0.0033744370615397257
1588,0.5,-4.6691866470022214e-05,0.0033724185796800143
1588,0.6,-4.8922982509441715e-05,0.003370187463640595
1589,0.4,-0.0006016288168726458,-0.00027675450398656487
1589,0.5,-0.0006014736422224887,-0.00027659932933640774
1589,0.6,-0.0005942142125898997,-0.0002693398997038188
1590,0.4,-0.00030174530603035987,0.0015818784236406314
1590,0.5,-0.00030198868376184185,0.0015816350459091494
1590,0.6,-0.0002957060528069322,0.001587917676864059
1591,0.4,-0.00046079710168342447,-0.000251032597104045
1591,0.5,-0.00045909219358818143,-0.000249327689008802
1591,0.6,-0.0004505415669787266,-0.00024077706239934715
1592,0.4,-0.00015317691253818877,0.001056759010839542
1592,0.5,-0.0001528536075798559,0.0010570823157978748
1592,0.6,-0.00014742483769891734,0.0010625110856788134
1593,0.4,-0.0010988029527541354,0.0008858356789009092
1593,0.5,-0.0010999927305791884,0.0008846459010758562
1593,0.6,-0.0010972449894392916,0.000887393642215753
1594,0.4,-0.0009723901858229439,5.2126841811911406e-05
1594,0.5,-0.000971476475395569,5.3040552239286276e-05
1594,0.6,-0.0009590733223696357,6.544370526521959e-05
1595,0.4,-0.000265022649800134,-8.363742648125061e-05
1595,0.5,-0.0002648438246109358,-8.34586012920524e-05
1595,0.6,-0.00025826871765305404,-7.688349433417063e-05
1596,0.4,-1.021422945765571e-05,0.00173157927118886
1596,0.5,-1.0268680813385611e-05,0.0017315248198331301
1596,0.6,-7.010378107574766e-06,0.001734783122538941
1597,0.4,-0.0002719164091238291,-0.0007744204594864745
1597,0.5,-0.0002716393464234357,-0.0007741433967860811
1597,0.6,-0.000264461881956779,-0.0007669659323194244
1598,0.4,-0.000997809879143191,0.00217663727702469
1598,0.5,-0.000997218403020389,0.002177228753147492
1598,0.6,-0.0009905448165108133,0.002183902339657068
1599,0.4,-0.0001851046838769188,0.0005132216583286497
1599,0.5,-0.0001864461683192542,0.0005118801738863143
1599,0.6,-0.00018482732735419782,0.0005134990148513707
1600,0.4,-0.0010602982267516048,0.0008932546456484197
1600,0.5,-0.0010626112013252392,0.0008909416710747853
1600,0.6,-0.0010590694853946925,0.000894483387005332
1601,0.4,-0.0002346086595057667,0.0007784104299553563
1601,0.5,-0.00023375015946194844,0.0007792689299991745
1601,0.6,-0.00022576250811806586,0.0007872565813430571
1602,0.4,-0.00040662358548917976,-0.0007458547230047574
1602,0.5,-0.00040547696103390707,-0.0007447080985494847
1602,0.6,-0.0004028259373151377,-0.0007420570748307154
1603,0.4,-0.0009742310420211148,-0.00018410670213898916
1603,0.5,-0.0009752604072870291,-0.00018513606740490351
1603,0.6,-0.0009694571486966452,-0.00017933280881451963
1604,0.4,0.00011850888490377853,0.00022557179849214126
1604,0.5,0.0001173197717335428,0.00022438268532190553
1604,0.6,0.00012332279580409833,0.00023038570939246106
1605,0.4,-0.0005858389828381771,0.002256040192831571
1605,0.5,-0.0005865582909679035,0.0022553208847018447
1605,0.6,-0.0005802259416727296,0.0022616532339970186
1606,0.4,0.0009208278500943412,-0.000336706755845545
1606,0.5,0.000921583539651466,-0.0003359510662884202
1606,0.6,0.000922745532232816,-0.00033478907370707023
1607,0.4,-0.0008373457118312222,-0.00023286884590632828
1607,0.5,-0.0008370244358472251,-0.00023254756992233117
1607,0.6,-0.0008309243947314526,-0.00022644752880655872
1608,0.4,0.0012042200872154907,0.0017502551327099325
1608,0.5,0.0012021272245762438,0.0017481622700706856
1608,0.6,0.0012019780360922605,0.0017480130815867023
1609,0.4,6.222022692997653e-05,0.00031691047724545507
1609,0.5,6.62348830209325e-05,0.00032092513333641104
1609,0.6,6.691273686988686e-05,0.0003216029871853654
1610,0.4,0.0006161035682879235,-0.001492655165046347
1610,0.5,0.0006168440962741606,-0.00149191463706011
1610,0.6,0.0006192217923717269,-0.0014895369409625436
1611,0.4,-0.0005189453998973859,-0.00200581540940703
1611,0.5,-0.000521904629678327,-0.0020087746391879713
1611,0.6,-0.00051828232810891,-0.0020051523376185543
1612,0.4,-0.0015915942315445908,-5.709583738655599e-05
1612,0.5,-0.0015930470199279623,-5.8548625769927476e-05
1612,0.6,-0.001591800524837178,-5.730213067914325e-05
1613,0.4,-0.0012015171422040394,0.000543020829467708
1613,0.5,-0.0012014308463881018,0.0005431071252836456
1613,0.6,-0.0011951283937632756,0.0005494095779084718
1614,0.4,0.0010940767383449124,0.0013530135762590545
1614,0.5,0.0010910995399094625,0.0013500363778236046
1614,0.6,0.001095059460567288,0.0013539962984814302
1615,0.4,-0.0009688449698936202,-0.0017305779072232796
1615,0.5,-0.0009688378189401381,-0.0017305707562697975
1615,0.6,-0.0009597399665866452,-0.0017214729039163046
1616,0.4,-0.00011862625919739633,-0.00021756546144927058
1616,0.5,-0.00011772069098403559,-0.00021665989323590984
1616,0.6,-0.0001099605633691908,-0.00020889976562106505
1617,0.4,-0.0002456649707970049,0.0009214288121587588
1617,0.5,-0.0002457241285142575,0.0009213696544415062
1617,0.6,-0.00024094497315244046,0.0009261488098033233
1618,0.4,-0.0007033548321572491,0.000743263766577823
1618,0.5,-0.0007031000597438608,0.0007435185389912113
1618,0.6,-0.0006955540006062244,0.0007510645981288477
1619,0.4,0.00014745049463985027,0.0027092415087586197
1619,0.5,0.0001480401935107234,0.002709831207629493
1619,0.6,0.00015056969424295796,0.0027123607083617274
1620,0.4,-0.0013953201291925371,-0.00026526072756337393
1620,0.5,-0.0013945006961399858,-0.00026444129451082266
1620,0.6,-0.0013873916673409203,-0.00025733226571175716
1621,0.4,-0.0022166530031190596,-0.0007565678927488884
1621,0.5,-0.0022154129181275184,-0.0007553278077573472
1621,0.6,-0.0022086148051957966,-0.0007485296948256254
1622,0.4,-0.0006520462218334577,0.0012487473121866322
1622,0.5,-0.0006518824468911832,0.0012489110871289066
1622,0.6,-0.0006469820011591187,0.0012538115328609711
1623,0.4,0.0005458374702594637,0.00027608470850488953
1623,0.5,0.0005454318731367286,0.0002756791113821544
1623,0.6,0.0005480290054841463,0.00027827624372957216
1624,0.4,-0.0008026270404639102,0.0012596377383137236
1624,0.5,-0.0008041701759762543,0.0012580946028013795
1624,0.6,-0.0008013822004758753,0.0012608825783017585
1625,0.4,-0.00012431099540714807,-0.003936162396375162
1625,0.5,-0.00012390673054359091,-0.003935758131511605
1625,0.6,-0.00011863042724447048,-0.003930481828212484
1626,0.4,-0.0002050924310378066,-0.000578133847003337
1626,0.5,-0.000205319000140064,-0.0005783604161055944
1626,0.6,-0.00020902539571426848,-0.0005820668116797989
1627,0.4,0.0006173775428008343,0.0009861656830637833
1627,0.5,0.0006153111545202372,0.0009840992947831861
1627,0.6,0.0006128844713021164,0.0009816726115650654
1628,0.4,-0.00020426125233162507,0.0018757999176735873
1628,0.5,-0.00020540901565944958,0.0018746521543457628
1628,0.6,-0.0002063980659025716,0.0018736631041026408
1629,0.4,-0.0005990900734048066,-4.1074657122469604e-05
1629,0.5,-0.0005975737076046872,-3.9558291322350225e-05
1629,0.6,-0.0005930005057544208,-3.4985089472083786e-05
1630,0.4,-0.0002913012947248078,-0.0010757721774982132
1630,0.5,-0.00029232285843690253,-0.001076793741210308
1630,0.6,-0.0002863791331319393,-0.0010708500159053447
1631,0.4,-0.0003286735482420783,0.0006004166808895456
1631,0.5,-0.0003276453034844473,0.0006014449256471766
1631,0.6,-0.0003345352078695796,0.0005945550212620443
1632,0.4,-0.0003552051911476506,0.0004090901354440457
1632,0.5,-0.00035404144227771384,0.00041025388431398246
1632,0.6,-0.00035133767398873306,0.00041295765260296324
1633,0.4,-0.00032649083783213573,0.00027317834867950086
1633,0.5,-0.0003281437736783466,0.00027152541283329
1633,0.6,-0.0003243392599016487,0.0002753299266099879
1634,0.4,-0.0008939137265767394,0.000760289423655594
1634,0.5,-0.0008939959648556345,0.000760207185376699
1634,0.6,-0.0008894630078112309,0.0007647401424211026
1635,0.4,-0.00039790188023637596,0.0022380843550395685
1635,0.5,-0.0003992288263094945,0.00223675740896645
1635,0.6,-0.00038936132472632,0.0022466249105496244
1636,0.4,0.0002885758210026401,-0.0007870920606159182
1636,0.5,0.00029151820224598834,-0.00078414967937257
1636,0.6,0.0002961417697068258,-0.0007795261119117325
1637,0.4,-0.0008357912652074279,-0.0015784543335401746
1637,0.5,-0.0008382427750169008,-0.0015809058433496476
1637,0.6,-0.0008327392892788915,-0.0015754023576116383
1638,0.4,0.000991923359645791,-0.0014980457953975568
1638,0.5,0.0009891726214749652,-0.0015007965335683826
1638,0.6,0.0009919971953068207,-0.001497971959736527
1639,0.4,-0.000496204980202003,0.001694954275929722
1639,0.5,-0.00049467938198966,0.001696479874142065
1639,0.6,-0.0004924339558440294,0.0016987253002876956
1640,0.4,-0.0005176118628194976,-0.0009722390710579371
1640,0.5,-0.0005186155912171725,-0.000973242799455612
1640,0.6,-0.0005083139329098291,-0.0009629411411482686
1641,0.4,3.845944261671175e-05,-9.36632744841237e-06
1641,0.5,3.699051115058083e-05,-1.0835258914543289e-05
1641,0.6,3.659587867732572e-05,-1.1229891387798396e-05
1642,0.4,-9.711080532867622e-05,0.0016620651341741899
1642,0.5,-0.00010002564351271892,0.0016591502959901472
1642,0.6,-9.909153145218341e-05,0.0016600844080506827
1643,0.4,0.00029148245474280854,0.0008764179841644626
1643,0.5,0.0002915085384722904,0.0008764440678939445
1643,0.6,0.0003031208813437103,0.0008880564107653643
1644,0.4,0.00017476549310177503,-0.0005526019355541201
1644,0.5,0.0001721440052858958,-0.0005552234233699993
1644,0.6,0.00017692784983366905,-0.000550439578822226
1645,0.4,0.00012148209051268677,0.0007329085387709766
1645,0.5,0.00012160339128045039,0.0007330298395387402
1645,0.6,0.00012410550522634622,0.0007355319534846361
1646,0.4,-0.0006338839602161167,0.0007451005316838899
1646,0.5,-0.0006338474238439529,0.0007451370680560537
1646,0.6,-0.0006258876668504831,0.0007530968250495235
1647,0.4,-0.00040553446911421875,0.000938387438153887
1647,0.5,-0.0004092735510949075,0.0009346483561731983
1647,0.6,-0.00040781151093725876,0.000936110396330847
1648,0.4,-0.00020900500988274562,0.0012769372089164177
1648,0.5,-0.00020769148290192274,0.0012782507358972406
1648,0.6,-0.00020403841313484938,0.001281903805664314
1649,0.4,-0.0015062836929646412,-0.0014965061108557637
1649,0.5,-0.0015077727041096917,-0.0014979951220008142
1649,0.6,-0.0015046197946914364,-0.001494842212582559
1650,0.4,0.00025055321501540884,0.0007384831492629335
1650,0.5,0.0002476690073037885,0.0007355989415513131
1650,0.6,0.00024293522668633605,0.0007308651609338607
1651,0.4,0.0001832398876191743,0.00057221933281143
1651,0.5,0.00018088872572047388,0.0005698681709127296
1651,0.6,0.00018543114166530428,0.00057441058685756
1652,0.4,-0.0008853660498874261,-8.201260922709175e-05
1652,0.5,-0.0008835201449989838,-8.016670433864947e-05
1652,0.6,-0.0008784682673653593,-7.5114826705025e-05
1653,0.4,9.392669978652846e-05,-0.001094710784326769
1653,0.5,9.205577109613894e-05,-0.0010965817130171585
1653,0.6,9.292120033596585e-05,-0.0010957162837773315
1654,0.4,-0.0004375616604647692,-0.00011051186977348304
1654,0.5,-0.0004398657770021547,-0.00011281598631086853
1654,0.6,-0.0004329679571906525,-0.00010591816649936636
1655,0.4,-0.0011770593160121273,0.0024784174645653134
1655,0.5,-0.0011770426000068113,0.0024784341805706295
1655,0.6,-0.0011687777806037164,0.0024866989999737243
1656,0.4,-0.00015359237231575562,-0.0034290775965180043
1656,0.5,-0.00015810397978201218,-0.003433589203984261
1656,0.6,-0.00016247957539815283,-0.0034379647996004015
1657,0.4,-0.0011078264696468831,0.00024834333521342455
1657,0.5,-0.001107539608266317,0.00024863019659399077
1657,0.6,-0.0011046700285437527,0.00025149977631655496
1658,0.4,-0.0003975304104748556,0.0008335149885182747
1658,0.5,-0.0003993703813813254,0.0008316750176118048
1658,0.6,-0.0004017300233813692,0.000829315375611761
1659,0.4,0.001314514810911216,-0.0007273275309200578
1659,0.5,0.0013138966733922675,-0.0007279456684390062
1659,0.6,0.0013194668576437807,-0.000722375484187493
1660,0.4,0.0001183581204011741,0.0014189223349589386
1660,0.5,0.0001184063309907224,0.001418970545548487
1660,0.6,0.00011618463029450243,0.001416748844852267
1661,0.4,-0.0005484526691445363,-0.0030976278196813284
1661,0.5,-0.0005486370885148389,-0.003097812239051631
1661,0.6,-0.0005442478086670061,-0.003093422959203798
1662,0.4,-0.00018602491208830063,0.0005625470626029194
1662,0.5,-0.00018556434852071146,0.0005630076261705086
1662,0.6,-0.00018796963310668824,0.0005606023415845318
1663,0.4,-0.00028504353608817257,0.0001899570295414016
1663,0.5,-0.0002861080743107036,0.00018889249131887054
1663,0.6,-0.0002759743378697166,0.00019902622775985757
1664,0.4,-0.0006045258175839535,0.0006480822078565179
1664,0.5,-0.0006049474534144811,0.0006476605720259904
1664,0.6,-0.0005994561589572484,0.0006531518664832231
1665,0.4,-0.0009986493874498126,0.002498245359113943
1665,0.5,-0.001001219506425871,0.0024956752401378846
1665,0.6,-0.0009998824519978078,0.002497012294565948
1666,0.4,4.6348704595661205e-05,0.001577741368812502
1666,0.5,4.237736784530599e-05,0.0015737700320621467
1666,0.6,3.7056343911351375e-05,0.001568449008128192
1667,0.4,-0.0009973047040668231,4.812283284595653e-05
1667,0.5,-0.0009990743383696543,4.635319854312536e-05
1667,0.6,-0.000990514786742655,5.491275017012465e-05
1668,0.4,-0.00017371028556473211,0.0018101159906983022
1668,0.5,-0.00017328946198313933,0.001810536814279895
1668,0.6,-0.00016782560901829058,0.0018160006672447437
1669,0.4,-0.00025783228494255517,0.0013032334992905958
1669,0.5,-0.00026084330797834787,0.0013002224762548031
1669,0.6,-0.00025480809697697726,0.0013062576872561737
1670,0.4,-0.0005992299331587653,-0.0007020072678434325
1670,0.5,-0.0005991449726996528,-0.00070192230738432
1670,0.6,-0.0005987624251852092,-0.0007015397598698764
1671,0.4,-0.0008747401857371051,-0.0008817684709347406
1671,0.5,-0.0008740328747503662,-0.0008810611599480017
1671,0.6,-0.0008696803884713916,-0.0008767086736690272
1672,0.4,-0.0008361654529065315,0.00011918485996627315
1672,0.5,-0.000834975066394239,0.00012037524647856568
1672,0.6,-0.0008335443099527634,0.00012180600292004129
1673,0.4,0.0009026360668023814,0.003110301737888621
1673,0.5,0.0009021811475965202,0.00310984681868276
1673,0.6,0.0009089948704121553,0.003116660541498395
1674,0.4,-0.0006839732666376885,0.0023683583053471513
1674,0.5,-0.0006837622694284284,0.0023685693025564114
1674,0.6,-0.0006785597054486947,0.002373771866536145
1675,0.4,5.444262747764106e-05,-0.00039056578763475847
1675,0.5,5.457153057274178e-05,-0.00039043688453965775
1675,0.6,6.20540866348579e-05,-0.00038295432847754163
1676,0.4,3.0102694967365506e-05,-0.0014947900923264756
1676,0.5,2.673493670499183e-05,-0.0014981578505888493
1676,0.6,2.7188907999436962e-05,-0.0014977038792944042
1677,0.4,-0.000460255415038191,-0.001005451633657603
1677,0.5,-0.0004605555717354798,-0.0010057517903548918
1677,0.6,-0.0004563880432083972,-0.0010015842618278092
1678,0.4,0.0001276859258680374,0.00016816874502870172
1678,0.5,0.00012695199899820375,0.00016743481815886807
1678,0.6,0.00012512630167579863,0.00016560912083646295
1679,0.4,-6.143104706804459e-05,-0.0002666613613286073
1679,0.5,-6.533371024500245e-05,-0.00027056402450556516
1679,0.6,-5.6490250774837714e-05,-0.0002617205650354004
1680,0.4,-0.0011816995808801717,0.001821765461449687
1680,0.5,-0.0011823951078867995,0.0018210699344430592
1680,0.6,-0.0011759427137332384,0.0018275223285966202
1681,0.4,-0.0012377892322684853,-9.37562333040709e-05
1681,0.5,-0.0012381409412553501,-9.410794229093578e-05
1681,0.6,-0.001233151825889886,-8.911882692547168e-05
1682,0.4,-0.0002001060303893354,-0.0008962257112316158
1682,0.5,-0.0002002319277240594,-0.0008963516085663398
1682,0.6,-0.00019679600692246169,-0.0008929156877647421
1683,0.4,-0.0013010146928333077,0.002656317697584787
1683,0.5,-0.0013006965723450503,0.0026566358180730443
1683,0.6,-0.0012943964402440666,0.002662935950174028
1684,0.4,0.0001500781399911555,-0.001675906550491213
1684,0.5,0.00014875676545648975,-0.0016772279250258787
1684,0.6,0.00014972214687651586,-0.0016762625436058526
1685,0.4,-0.0007527384564442324,0.0013998481170041932
1685,0.5,-0.0007544329321410304,0.0013981536413073953
1685,0.6,-0.0007505186843618367,0.001402067889086589
1686,0.4,-0.0006910099437718031,-0.0012646466063663542
1686,0.5,-0.000692779783421027,-0.001266416446015578
1686,0.6,-0.0006881049830012309,-0.001261741645595782
1687,0.4,-7.405448555501681e-05,0.00028471435253563104
1687,0.5,-7.383354173506884e-05,0.000284935296355579
1687,0.6,-7.645616593922322e-05,0.00028231267215142464
1688,0.4,-0.0006612180225597092,0.0011085832387397465
1688,0.5,-0.0006605048475803732,0.0011092964137190825
1688,0.6,-0.0006554513278363705,0.0011143499334630852
1689,0.4,-0.0008330296501898315,0.0003923303059633759
1689,0.5,-0.0008355578239806621,0.00038980213217254533
1689,0.6,-0.0008347762256342567,0.0003905837305189508
1690,0.4,-0.0007735104728241321,0.0017881676358050963
1690,0.5,-0.0007742885197992433,0.0017873895888299851
1690,0.6,-0.0007663729113536466,0.0017953051972755818
1691,0.4,-0.0007813160351333448,0.0005890079738832404
1691,0.5,-0.0007805726207999741,0.0005897513882166111
1691,0.6,-0.0007779250146261046,0.0005923989943904806
1692,0.4,1.4406235053165961e-05,-0.0012662022304736897
1692,0.5,1.1345080267483043e-05,-0.0012692633852593727
1692,0.6,1.1898279510480503e-05,-0.0012687101860163752
1693,0.4,0.0007210703317591383,0.0013537250274691381
1693,0.5,0.0007213453073540155,0.0013540000030640154
1693,0.6,0.0007295515995251189,0.0013622062952351188
1694,0.4,-0.00040722948373550505,-0.002126246819989991
1694,0.5,-0.0004084578966356833,-0.002127475232890169
1694,0.6,-0.0004051326863042659,-0.0021241500225587517
1695,0.4,-0.0010596394786054342,-0.001072921353951345
1695,0.5,-0.0010588262445992147,-0.0010721081199451254
1695,0.6,-0.0010508736596811785,-0.0010641555350270893
1696,0.4,-0.00045322076723131044,0.0011933034047924007
1696,0.5,-0.0004550054679766935,0.0011915187040470177
1696,0.6,-0.0004513830158137666,0.0011951411562099445
1697,0.4,0.0009326391813846979,9.396793087801392e-05
1697,0.5,0.0009301517210333066,9.148047052662256e-05
1697,0.6,0.0009274211859963688,8.87499354896848e-05
1698,0.4,-0.0004890868556914063,-0.0001985990675414523
1698,0.5,-0.0004906882491166747,-0.00020020046096672073
1698,0.6,-0.0004942209607548126,-0.00020373317260485857
1699,0.4,-0.00016348069720806269,0.0002463143898371878
1699,0.5,-0.0001607637523229205,0.00024903133472232997
1699,0.6,-0.0001568857326290224,0.0002529093544162281
1700,0.4,-0.00016040957095345143,0.0006180765307473718
1700,0.5,-0.0001607850865613658,0.0006177010151394574
1700,0.6,-0.00015214402250046666,0.0006263420792003566
1701,0.4,-0.0003970275357182418,-0.0012019969258277308
1701,0.5,-0.00039731088810449067,-0.0012022802782139796
1701,0.6,-0.0003924097752273925,-0.0011973791653368815
1702,0.4,0.00045040348213015724,0.000735069843999403
1702,0.5,0.0004487267710626408,0.0007333931329318866
1702,0.6,0.00045088069940019126,0.000735547061269437
1703,0.4,-0.00036981499460800316,0.002041391452923952
1703,0.5,-0.0003713809707610316,0.0020398254767709234
1703,0.6,-0.0003588882269777438,0.002052318220554211
1704,0.4,-0.0006735769993362756,0.000829023051661576
1704,0.5,-0.0006733991817449436,0.0008292008692529079
1704,0.6,-0.0006661241229749953,0.0008364759280228562
1705,0.4,-0.00019722686847661874,0.001859749705294983
1705,0.5,-0.00019679201574224203,0.0018601845580293597
1705,0.6,-0.0001884818363650509,0.0018684947374065508
1706,0.4,0.00017201300397889918,-0.0008346029698048513
1706,0.5,0.00017090577903014492,-0.0008357101947536055
1706,0.6,0.00016944088303336158,-0.0008371750907503889
1707,0.4,-0.0007902759532812387,7.607947816970495e-05
1707,0.5,-0.000790204349145035,7.615108230590861e-05
1707,0.6,-0.0007847415173274086,8.161391412353503e-05
1708,0.4,7.116612675694967e-05,0.0010028494532622056
1708,0.5,6.941233362978139e-05,0.0010010956601350374
1708,0.6,7.053171375312473e-05,0.0010022150402583807
1709,0.4,-0.00020201511974671238,0.000995695725122786
1709,0.5,-0.00020130930640346878,0.0009964015384660296
1709,0.6,-0.00019342397073604523,0.0010042868741334532
1710,0.4,-0.00010431729409854373,0.0014375802618375733
1710,0.5,-0.0001046477668018575,0.0014372497891342595
1710,0.6,-9.74020818244048e-05,0.0014444954741117122
1711,0.4,-0.001066876781081208,-0.0002651123134210648
1711,0.5,-0.0010677954979695786,-0.0002660310303094354
1711,0.6,-0.0010670668613183276,-0.0002653023936581844
1712,0.4,-0.000713289889869767,-0.000356479677183566
1712,0.5,-0.0007129903618919298,-0.0003561801492057287
1712,0.6,-0.000704825524602215,-0.000348015311916014
1713,0.4,-6.80231439300627e-05,-0.000210644249931502
1713,0.5,-6.742565886608265e-05,-0.00021004676486752194
1713,0.6,-6.17868627010576e-05,-0.0002044079687024969
1714,0.4,-0.0013237442422519147,-0.0005602465252494138
1714,0.5,-0.0013261836047485792,-0.0005626858877460783
1714,0.6,-0.0013260304254070904,-0.0005625327084045895
1715,0.4,-0.0002957227463006029,0.0006715874850810877
1715,0.5,-0.0002966810078426918,0.0006706292235389988
1715,0.6,-0.00029210322017486634,0.0006752070112068242
1716,0.4,-0.0011274786444444018,0.001119615345929012
1716,0.5,-0.0011266231382916214,0.0011204708520817924
1716,0.6,-0.0011175133896657863,0.0011295806007076276
1717,0.4,4.022592461877528e-06,0.0022884413380995228
1717,0.5,1.965815989962705e-06,0.002286384561627608
1717,0.6,6.159022627710842e-06,0.002290577768265356
1718,0.4,-0.00042885028499980993,-0.0008341298503087013
1718,0.5,-0.0004270691226138934,-0.0008323486879227848
1718,0.6,-0.00041972392775357914,-0.0008250034930624706
1719,0.4,0.00010857127218374951,-0.0016185754922135864
1719,0.5,0.00010669821830011639,-0.0016204485460972196
1719,0.6,0.00011444086016218491,-0.001612705904235151
1720,0.4,-0.0013864497006697146,-0.0015294583147109214
1720,0.5,-0.0013866028932999208,-0.0015296115073411276
1720,0.6,-0.001384185393296794,-0.0015271940073380008
1721,0.4,-0.0004916732587974815,0.0028973860043020883
1721,0.5,-0.0004954448366246977,0.002893614426474872
1721,0.6,-0.0004950363173061856,0.002894022945793384
1722,0.4,-0.0009072507259624552,-0.000919386929729607
1722,0.5,-0.0009073846687339265,-0.0009195208725010784
1722,0.6,-0.0009001982623318278,-0.0009123344660989796
1723,0.4,-0.00038113183272461826,-0.0023886227341688576
1723,0.5,-0.0003809106846683896,-0.002388401586112629
1723,0.6,-0.0003730673129552359,-0.0023805582143994752
1724,0.4,-0.0007453109817193715,-0.0009989407929059113
1724,0.5,-0.0007453850654974004,-0.0009990148766839402
1724,0.6,-0.00074180270684715,-0.0009954325180336898
1725,0.4,-0.00017253101671857451,-5.126917716968826e-05
1725,0.5,-0.00017445758840106684,-5.319574885218059e-05
1725,0.6,-0.00016789214720014378,-4.663030765125753e-05
1726,0.4,-0.0013818422711165679,-0.0018110936036193764
1726,0.5,-0.001385269452347626,-0.0018145207848504347
1726,0.6,-0.0013799328490087248,-0.0018091841815115334
1727,0.4,0.0003254667228239083,0.00080589537322448
1727,0.5,0.0003237106327256267,0.0008041392831261984
1727,0.6,0.00033125220952714973,0.0008116808599277214
1728,0.4,-0.0008184508110841843,0.0022030443161604463
1728,0.5,-0.0008181109219804056,0.002203384205264225
1728,0.6,-0.0008145757534609027,0.002206919373783728
1729,0.4,-0.0006075111545083001,0.000787633404544491
1729,0.5,-0.0006073083456492046,0.0007878362134035866
1729,0.6,-0.0006028201344928097,0.0007923244245599814
1730,0.4,-0.000773596061216103,0.0003471512070695182
1730,0.5,-0.0007754767355845071,0.0003452705327011141
1730,0.6,-0.0007738411118973221,0.00034690615638829914
1731,0.4,-0.0002839439541251626,0.0011771413646825962
1731,0.5,-0.00028593890279796086,0.001175146416009798
1731,0.6,-0.0002838684195043545,0.0011772168993034043
1732,0.4,-0.0008960666122177496,-0.0007478595966936286
1732,0.5,-0.0008980121653009293,-0.0007498051497768082
1732,0.6,-0.0008997190124059168,-0.0007515119968817957
1733,0.4,-0.00045240257395369465,-0.0010658088010850886
1733,0.5,-0.0004523000888873585,-0.0010657063160187524
1733,0.6,-0.0004434430812496476,-0.0010568493083810415
1734,0.4,0.00012242303937025356,-0.002055972470083503
1734,0.5,0.00012181746834760698,-0.0020565780411061496
1734,0.6,0.00012196410135190128,-0.0020564314081018553
1735,0.4,-0.0009491263815799289,0.0009050727838117584
1735,0.5,-0.0009475585763686761,0.0009066405890230111
1735,0.6,-0.0009376163325873904,0.0009165828328042969
1736,0.4,0.0004838862704104746,-0.0018942822978943175
1736,0.5,0.0004805420001645355,-0.0018976265681402565
1736,0.6,0.0004791861122392521,-0.00189898245606554
1737,0.4,-0.000271507641480373,0.00040846633410308864
1737,0.5,-0.0002722231892783866,0.000407750786305075
1737,0.6,-0.0002648584001598703,0.00041511557542359134
1738,0.4,-0.0009915843098943916,-0.000844154181044568
1738,0.5,-0.000991083413531324,-0.0008436532846815004
1738,0.6,-0.0009817664669166393,-0.0008343363380668156
1739,0.4,-0.0011068568429357106,-0.0010121625636593107
1739,0.5,-0.0011083753725900092,-0.0010136810933136092
1739,0.6,-0.0011026567874120874,-0.0010079625081356874
1740,0.4,-0.0009648109590796317,0.0031772087295688645
1740,0.5,-0.000967217211776672,0.003174802476871824
1740,0.6,-0.0009617945118390037,0.0031802251768094925
1741,0.4,-0.00013261510178344538,0.0024455440695673736
1741,0.5,-0.0001363017604683603,0.0024418574108824587
1741,0.6,-0.0001379677092421261,0.002440191462108693
1742,0.4,0.00044165708040801166,-0.0010652908570485953
1742,0.5,0.0004402169076904022,-0.0010667310297662047
1742,0.6,0.0004379263278757456,-0.0010690216095808613
1743,0.4,-0.0009136511162028543,-0.0020704215476703425
1743,0.5,-0.000913789383716751,-0.002070559815184239
1743,0.6,-0.0009089204220774361,-0.002065690853544924
1744,0.4,0.0014901482786155718,0.0034680186784653844
1744,0.5,0.0014913243132015364,0.003469194713051349
1744,0.6,0.0014876941512851627,0.0034655645511349753
1745,0.4,0.0002493274957830749,-0.002692293110017646
1745,0.5,0.00024822205061728053,-0.0026933985551834405
1745,0.6,0.000245492554324489,-0.002696128051476232
1746,0.4,0.00031997183584113464,-0.0006881614136714787
1746,0.5,0.00031608157484763755,-0.0006920516746649757
1746,0.6,0.0003178674650727853,-0.000690265784439828
1747,0.4,-0.0007382167204521561,0.0024025225515627857
1747,0.5,-0.0007393353186998519,0.00240140395331509
1747,0.6,-0.0007329725512854324,0.0024077667207295095
1748,0.4,-2.439382088549602e-05,0.0005724059252651126
1748,0.5,-2.3646404679028565e-05,0.00057315334147158
1748,0.6,-2.318957567321034e-05,0.0005736101704773983
1749,0.4,-0.0006274556400837628,-5.844089519482787e-05
1749,0.5,-0.0006267928393630662,-5.777809447413129e-05
1749,0.6,-0.0006194164886198228,-5.0401743730887905e-05
1750,0.4,-0.0010612629346608005,0.0007024945156196838
1750,0.5,-0.0010610220952849414,0.0007027353549955428
1750,0.6,-0.0010577809735474036,0.0007059764767330806
1751,0.4,-0.00016808341569235496,0.0015357206674569968
1751,0.5,-0.00016870037061025855,0.0015351037125390932
1751,0.6,-0.00016133230864601167,0.00154247177450334
1752,0.4,-0.0018270624766079518,0.0021687745744879833
1752,0.5,-0.001827019236713856,0.002168817814382079
1752,0.6,-0.0018219015385119303,0.002173935512584005
1753,0.4,-0.000426541590909435,0.004637610475043408
1753,0.5,-0.0004263103511931432,0.0046378417147596995
1753,0.6,-0.00042570835365760007,0.004638443712295243
1754,0.4,-0.0006277621132434325,-0.0003790743697976162
1754,0.5,-0.0006295052949113478,-0.00038081755146553153
1754,0.6,-0.0006288347908996461,-0.0003801470474538299
1755,0.4,-0.0008534105788726015,0.0002949129512049009
1755,0.5,-0.0008582365222095656,0.00029008700786793684
1755,0.6,-0.0008554269384446062,0.0002928965916328963
1756,0.4,-0.0005347376253179437,-0.0014094832640188654
1756,0.5,-0.0005351661868624874,-0.001409911825563409
1756,0.6,-0.0005324404835470864,-0.001407186122248008
1757,0.4,-0.0002176101771406702,0.0010133418002736538
1757,0.5,-0.00021740032421577182,0.0010135516531985522
1757,0.6,-0.00021172702014125855,0.0010192249572730655
1758,0.4,-0.0002872723834548563,0.0006448271808150441
1758,0.5,-0.0002884891136323564,0.000643610450637544
1758,0.6,-0.00028475702185309926,0.0006473425424168011
1759,0.4,-0.00033478324293872985,-0.0021392982092589274
1759,0.5,-0.0003341958103837972,-0.002138710776703995
1759,0.6,-0.0003293667045492499,-0.0021338816708694475
1760,0.4,-9.033988701512286e-05,-0.0008169213858330582
1760,0.5,-8.99828507159306e-05,-0.0008165643495338659
1760,0.6,-8.426852518750305e-05,-0.0008108500240054384
1761,0.4,-0.001216605672976795,0.0009940810599702588
1761,0.5,-0.0012190483216757003,0.0009916384112713533
1761,0.6,-0.0012159690049976524,0.0009947177279494013
1762,0.4,-0.00036635130601940513,-0.0017181850782632957
1762,0.5,-0.0003660459671441657,-0.0017178797393880563
1762,0.6,-0.0003612223986975277,-0.0017130561709414183
1763,0.4,-8.02462251625613e-05,0.0002414599315665178
1763,0.5,-8.307069766397279e-05,0.0002386354590651063
1763,0.6,-7.646143835079999e-05,0.0002452447183782791
1764,0.4,-0.0006570876734839498,-0.001151588544531526
1764,0.5,-0.0006577878356675004,-0.0011522887067150767
1764,0.6,-0.0006503137130341174,-0.0011448145840816937
1765,0.4,-0.00014716455254039362,-0.00029303593132094796
1765,0.5,-0.00014748399163454218,-0.0002933553704150965
1765,0.6,-0.00014090877967337656,-0.0002867801584539309
1766,0.4,0.0002427243565128745,0.000656956785843113
1766,0.5,0.00024156232111506581,0.0006557947504453043
1766,0.6,0.00025175916040202917,0.0006659915897322677
1767,0.4,-0.0011119977149586374,-5.665153933867573e-06
1767,0.5,-0.0011122431993929732,-5.91063836820338e-06
1767,0.6,-0.0011044372738343994,1.8952871903704649e-06
1768,0.4,-9.206642981546276e-05,0.00021522714916283325
1768,0.5,-9.232250597224212e-05,0.0002149710730060539
1768,0.6,-9.078537900841788e-05,0.00021650819996987813
1769,0.4,-0.0002208533501265597,-0.0004170370973140408
1769,0.5,-0.00022139127298095862,-0.0004175750201684397
1769,0.6,-0.00021695447301135762,-0.0004131382201988387
1770,0.4,-0.0008943672570294603,0.0015777464254315143
1770,0.5,-0.0008956759424074423,0.0015764377400535323
1770,0.6,-0.0008923178957917499,0.0015797957866692247
1771,0.4,-0.0005164743591890841,0.0011425484785279882
1771,0.5,-0.0005175213265563583,0.001141501511160714
1771,0.6,-0.0005106342303082545,0.0011483886074088179
1772,0.4,0.0004679717952046636,0.00019836990273761068
1772,0.5,0.0004675171730520733,0.0001979152805850204
1772,0.6,0.0004690093399321027,0.0001994074474650498
1773,0.4,0.00019000429302212796,0.0015832019566053845
1773,0.5,0.00018635763715649234,0.001579555300739749
1773,0.6,0.00019126611940437077,0.0015844637829876274
1774,0.4,-0.0003893028028943979,0.000967634705153958
1774,0.5,-0.0003914654465993761,0.0009654720614489798
1774,0.6,-0.00038688659159549776,0.0009700509164528581
1775,0.4,-0.0005421871257071248,0.0004786217966787354
1775,0.5,-0.0005427729817694127,0.0004780359406164475
1775,0.6,-0.0005477436617910836,0.0004730652605947766
1776,0.4,7.642039208523299e-05,0.00025072576768640775
1776,0.5,7.541785347747743e-05,0.0002497232290786522
1776,0.6,7.909171478319432e-05,0.0002533970903843691
1777,0.4,-8.148289973654299e-05,-0.000241135992995814
1777,0.5,-8.235509831004684e-05,-0.00024200819156931785
1777,0.6,-8.464509601670278e-05,-0.0002442981892759738
1778,0.4,-0.0006940814976087867,-0.0007402214476145141
1778,0.5,-0.0006950409687159348,-0.0007411809187216623
1778,0.6,-0.0006882271629261166,-0.0007343671129318441
1779,0.4,-0.00011421869650102279,-0.0032109481739459045
1779,0.5,-0.00011448197005982375,-0.0032112114475047054
1779,0.6,-0.00011060333998599847,-0.00320733281743088
1780,0.4,-0.0008466426497471535,-0.0005369693817693366
1780,0.5,-0.0008499032200397771,-0.0005402299520619602
1780,0.6,-0.0008434044631736581,-0.0005337311951958412
1781,0.4,0.0010165340018677416,-9.892967756033877e-05
1781,0.5,0.0010126699243054593,-0.00010279375512262101
1781,0.6,0.0010055017973823743,-0.000109961882045706
1782,0.4,-0.0001727879044159386,0.0012554895896182972
1782,0.5,-0.00017483811140225902,0.0012534393826319767
1782,0.6,-0.00017361466294776862,0.0012546628310864671
1783,0.4,-0.0012766885089511432,0.0008003053136357019
1783,0.5,-0.0012772138082632611,0.0007997800143235839
1783,0.6,-0.0012755450656831008,0.0008014487569037443
1784,0.4,0.0006409491778311682,-0.0002911206228796426
1784,0.5,0.0006400135687920638,-0.00029205623191874697
1784,0.6,0.0006349765433263932,-0.0002970932573844176
1785,0.4,-0.00029120776613217325,-0.0012207553992722858
1785,0.5,-0.00029253323782571505,-0.0012220808709658276
1785,0.6,-0.00029228027004249424,-0.0012218279031826068
1786,0.4,0.00010702586721707263,-0.001313953631467954
1786,0.5,0.00010688302872624567,-0.001314096469958781
1786,0.6,0.00011102656869790839,-0.0013099529299871182
1787,0.4,-0.0003299971445491212,0.0017326455949678021
1787,0.5,-0.00032810083070691776,0.0017345419088100056
1787,0.6,-0.00031887701972735383,0.0017437657197895695
1788,0.4,-0.00048158656336991235,0.003712711638960392
1788,0.5,-0.00048294310726185175,0.0037113550950684526
1788,0.6,-0.0004784564024240545,0.00371584179990625
1789,0.4,-0.0005057773232198803,0.0010816556988342552
1789,0.5,-0.0005094273449414433,0.0010780056771126922
1789,0.6,-0.0005113158241470128,0.0010761171979071227
1790,0.4,-0.0006449375728948409,-0.0015186132198616448
1790,0.5,-0.000644702942877759,-0.0015183785898445629
1790,0.6,-0.0006416086373804836,-0.0015152842843472875
1791,0.4,7.950657972183306e-05,0.0015549027375363067
1791,0.5,7.917789796785257e-05,0.0015545740557823262
1791,0.6,7.847632121743553e-05,0.0015538724790319092
1792,0.4,-0.00021840885851952263,-0.0002862555349078255
1792,0.5,-0.00022197538739654465,-0.00028982206378484754
1792,0.6,-0.00021998659579587632,-0.0002878332721841792
1793,0.4,-0.0008004253777440795,0.0005751027796042502
1793,0.5,-0.000798912222452472,0.0005766159348958577
1793,0.6,-0.0007900842314926965,0.0005854439258556332
1794,0.4,-0.0008396427108212229,0.00017265633050581042
1794,0.5,-0.0008405583805570632,0.00017174066076997008
1794,0.6,-0.0008315102478784753,0.00018078879344855803
1795,0.4,-0.0005877080588155142,-0.0019421771567264684
1795,0.5,-0.0005892965265762162,-0.0019437656244871704
1795,0.6,-0.0005887705840502966,-0.0019432396819612507
1796,0.4,0.0005483917589289983,0.0002717162737100043
1796,0.5,0.0005471297360066657,0.0002704542507876717
1796,0.6,0.0005488037570052229,0.0002721282717862289
1797,0.4,-0.0006383478426177369,0.0004994205311746186
1797,0.5,-0.0006392003201925595,0.0004985680535997961
1797,0.6,-0.0006311804681003036,0.0005065879056920519
1798,0.4,-0.0004981300174667219,-0.0008615749187336624
1798,0.5,-0.0004945835465649528,-0.0008580284478318934
1798,0.6,-0.0004870051225298322,-0.0008504500237967727
1799,0.4,-0.00042275306019010084,-0.0013657948402418796
1799,0.5,-0.00042375320533810656,-0.0013667949853898853
1799,0.6,-0.00042030932024303413,-0.0013633511002948129
1800,0.4,0.0004696785596802755,0.002987257402816884
1800,0.5,0.00047276384683755945,0.002990342689974168
1800,0.6,0.0004802044537843275,0.002997783296920936
1801,0.4,-0.00042357136064374856,0.0005540040847319266
1801,0.5,-0.00042367531660850166,0.0005539001287671735
1801,0.6,-0.0004200866589039315,0.0005574887864717437
1802,0.4,-0.0013956994508237813,-0.0016056422956448602
1802,0.5,-0.0013927745046665718,-0.0016027173494876507
1802,0.6,-0.0013849031494168607,-0.0015948459942379395
1803,0.4,-0.001055075046077797,0.0012989928720942567
1803,0.5,-0.0010564286402948847,0.001297639277877169
1803,0.6,-0.001055152761881159,0.0012989151562908946
1804,0.4,0.0005709509049065253,0.002971792362164688
1804,0.5,0.000569634483230802,0.0029704759404889647
1804,0.6,0.0005698779735018311,0.002970719430759994
1805,0.4,-0.0010085627123664065,-0.001033059403558495
1805,0.5,-0.001007503129286491,-0.0010319998204785796
1805,0.6,-0.0010022980678371096,-0.0010267947590291981
1806,0.4,-0.00020496786526388866,0.0009020917653188298
1806,0.5,-0.00020616271784243412,0.0009008969127402844
1806,0.6,-0.00019818889272030238,0.0009088707378624161
1807,0.4,-0.001215931256205005,-0.0015825813870738725
1807,0.5,-0.001215310009231002,-0.0015819601400998695
1807,0.6,-0.0012115816064229151,-0.0015782317372917826
1808,0.4,-0.00028386804505906027,-0.001239207719578972
1808,0.5,-0.0002848331453918218,-0.0012401728199117334
1808,0.6,-0.0002787179282439656,-0.0012340576027638772
1809,0.4,0.0011255777915565868,0.0011095187764244285
1809,0.5,0.0011231497849236716,0.0011070907697915133
1809,0.6,0.0011227960723146635,0.0011067370571825053
1810,0.4,-0.0004435260600711144,-6.23952561174812e-05
1810,0.5,-0.00044509890606909963,-6.396810211546644e-05
1810,0.6,-0.000443215374729633,-6.208457077599983e-05
1811,0.4,0.000549183361173794,0.0015069460763308534
1811,0.5,0.0005451597569457733,0.0015029224721028328
1811,0.6,0.0005532209361568952,0.0015109836513139546
1812,0.4,-0.0006329249891817434,-0.0015106854659303892
1812,0.5,-0.000634013508172479,-0.0015117739849211248
1812,0.6,-0.0006315976979358873,-0.001509358174684533
1813,0.4,-0.001887001787469464,-0.0019364086330502656
1813,0.5,-0.001885731829412568,-0.0019351386749933697
1813,0.6,-0.0018762530953046475,-0.0019256599408854491
1814,0.4,0.0012675979825958472,3.218782066252701e-05
1814,0.5,0.0012674697232859522,3.205956135263199e-05
1814,0.6,0.0012715374170085003,3.612725507518011e-05
1815,0.4,-0.0008404759266970735,-0.0014639336635442896
1815,0.5,-0.0008404447053572545,-0.0014639024422044705
1815,0.6,-0.0008331876296173296,-0.0014566453664645457
1816,0.4,-0.0012186252624844657,0.00027931694278880703
1816,0.5,-0.0012209373914666422,0.00027700481380663056
1816,0.6,-0.0012165886489093752,0.00028135355636389747
1817,0.4,1.918774234055398e-06,0.0011217947522338123
1817,0.5,1.089439781692958e-06,0.0011209654177814499
1817,0.6,1.033627787278002e-06,0.001120909605787035
1818,0.4,-0.0013429960619431441,-0.0009902629681829561
1818,0.5,-0.0013437965740800695,-0.0009910634803198815
1818,0.6,-0.0013368742725807375,-0.0009841411788205495
1819,0.4,-0.000249188792194599,0.0003846181909619162
1819,0.5,-0.0002511565964672391,0.0003826503866892761
1819,0.6,-0.00024734682811780595,0.00038646015503870923
1820,0.4,-0.0002432187263279595,0.00025297470346871687
1820,0.5,-0.0002462871930622168,0.00024990623673445955
1820,0.6,-0.000245175833169492,0.00025101759662718437
1821,0.4,0.0003375651392604484,0.00022463367224048736
1821,0.5,0.00033623979400990156,0.00022330832698994052
1821,0.6,0.0003414470872277475,0.00022851562020778649
1822,0.4,-4.603017493881589e-05,0.0003128301638384984
1822,0.5,-4.522617630942083e-05,0.00031363416246789344
1822,0.6,-4.29839878076238e-05,0.00031587635096969047
1823,0.4,0.00011980480611908928,-0.002812957597921689
1823,0.5,0.00011970224489601944,-0.002813060159144759
1823,0.6,0.0001236082692076118,-0.0028091541348331667
1824,0.4,-0.001485786672724962,-0.0011840577171037814
1824,0.5,-0.0014854097063577848,-0.0011836807507366043
1824,0.6,-0.0014805443534649798,-0.0011788153978437993
1825,0.4,-0.0010419419102139366,-0.0003138328472229168
1825,0.5,-0.0010392285964102022,-0.0003111195334191824
1825,0.6,-0.0010318931278060078,-0.0003037840648149881
1826,0.4,-0.0007752929918387746,0.0013863407122142596
1826,0.5,-0.0007758839111452892,0.001385749792907745
1826,0.6,-0.0007722866129977607,0.0013893470910552735
1827,0.4,-0.0008724249847869847,0.0011485900572968388
1827,0.5,-0.0008714475009015676,0.001149567541182256
1827,0.6,-0.0008622727237019012,0.0011587423183819223
1828,0.4,-0.0008627034015545043,-0.0009222733495074242
1828,0.5,-0.00086139171777741,-0.0009209616657303299
1828,0.6,-0.0008554109070044724,-0.0009149808549573923
1829,0.4,-0.000517169946361612,0.0008819050925151783
1829,0.5,-0.0005167493482653579,0.0008823256906114324
1829,0.6,-0.000512261069975109,0.0008868139689016813
1830,0.4,4.860084232866102e-06,-0.0006915909671956211
1830,0.5,4.14389107430968e-06,-0.0006923071603541775
1830,0.6,1.0384348803238463e-05,-0.0006860667026252487
1831,0.4,0.0012632116290836048,-0.0002520502319508511
1831,0.5,0.001261609914181533,-0.000253651946852923
1831,0.6,0.0012627054610397093,-0.00025255639999474666
1832,0.4,-0.0007906220708041034,0.00041313180693206
1832,0.5,-0.0007916773638341479,0.0004120765139020155
1832,0.6,-0.0007862825350346825,0.0004174713427014809
1833,0.4,-0.00016735733134390363,0.00019832855658015458
1833,0.5,-0.00016806750568477968,0.00019761838223927852
1833,0.6,-0.00015836248721269597,0.00020732340071136224
1834,0.4,3.884606457976725e-06,0.0012810762286980526
1834,0.5,3.975242014370162e-06,0.001281166864254446
1834,0.6,2.5625234902904026e-06,0.0012797541457303663
1835,0.4,0.0001988890701537238,-0.0010518167139509926
1835,0.5,0.00019901530202262596,-0.0010516904820820905
1835,0.6,0.00020423313301060064,-0.0010464726510941158
1836,0.4,0.00040817337312409885,0.0015700201221423293
1836,0.5,0.0004073095412301664,0.0015691562902483969
1836,0.6,0.0004117838539187124,0.001573630602936943
1837,0.4,0.0005481254625561427,-0.0005228740273536536
1837,0.5,0.0005464232197834318,-0.0005245762701263645
1837,0.6,0.0005502973147876178,-0.0005207021751221785
1838,0.4,-0.0005214126509828915,0.0029993196206199724
1838,0.5,-0.0005219555050442193,0.0029987767665586446
1838,0.6,-0.0005244230965927993,0.0029963091750100646
1839,0.4,-0.0006767072940251917,0.0002197209759734614
1839,0.5,-0.0006790217844464957,0.00021740648555215736
1839,0.6,-0.0006760253496624763,0.0002204029203361768
1840,0.4,-0.0006995428441028684,0.0009571234908354598
1840,0.5,-0.0007002441473530907,0.0009564221875852374
1840,0.6,-0.0006951125631861066,0.0009615537717522216
1841,0.4,0.00030441921628365787,-0.0009889929073265968
1841,0.5,0.0003014500520867325,-0.0009919620715235222
1841,0.6,0.0002931494679534741,-0.0010002626556567806
1842,0.4,-0.0008432476080475759,-4.0583406272193256e-05
1842,0.5,-0.0008459694440850762,-4.330524230969357e-05
1842,0.6,-0.0008381586385251827,-3.549443674980002e-05
1843,0.4,-4.485386757718812e-05,-0.0021883601949437004
1843,0.5,-4.690569753446061e-05,-0.002190412024900973
1843,0.6,-4.513823665483474e-05,-0.002188644564021347
1844,0.4,-0.00038143164717024947,0.0005091138137943152
1844,0.5,-0.00038064922521253985,0.0005098962357520248
1844,0.6,-0.0003732702616921352,0.0005172751992724295
1845,0.4,-0.0004681807975801533,-0.0007254419450996724
1845,0.5,-0.0004713450323742957,-0.0007286061798938148
1845,0.6,-0.0004687571271280305,-0.0007260182746475496
1846,0.4,-0.0009473233892244165,-0.00129714459812387
1846,0.5,-0.000948316916976083,-0.0012981381258755365
1846,0.6,-0.0009368667651998841,-0.0012866879740993376
1847,0.4,-0.0005647544058126064,0.00046791967316262006
1847,0.5,-0.0005655884103502179,0.00046708566862500855
1847,0.6,-0.0005600298407246185,0.000472644238250608
1848,0.4,0.000422793294938939,-0.0011875334166224771
1848,0.5,0.00041919165428871974,-0.0011911350572726964
1848,0.6,0.00041955625001233177,-0.0011907704615490844
1849,0.4,-0.0010855284705047347,-0.0024562669176158153
1849,0.5,-0.00108420267094346,-0.0024549411180545405
1849,0.6,-0.0010789267403320674,-0.002449665187443148
1850,0.4,6.074375818879152e-05,0.002510570577004545
1850,0.5,6.230241435467576e-05,0.0025121292331704292
1850,0.6,6.159235886876724e-05,0.0025114191776845207
1851,0.4,-0.0005656129162965318,0.0012414073603317644
1851,0.5,-0.0005656946020728693,0.0012413256745554269
1851,0.6,-0.0005607881141017901,0.001246232162526506
1852,0.4,-0.001419529783925788,0.00042934939316653653
1852,0.5,-0.001421303153640724,0.00042757602345160073
1852,0.6,-0.0014184343438611996,0.00043044483323112503
1853,0.4,-0.0006961416932889514,0.0006617644678105772
1853,0.5,-0.0006973159949918151,0.0006605901661077135
1853,0.6,-0.0006930897351746651,0.0006648164259248635
1854,0.4,-0.00026649144575269235,0.002025408645098481
1854,0.5,-0.00026874641983762326,0.00202315367101355
1854,0.6,-0.0002605050824989741,0.002031395008352199
1855,0.4,-0.00048183517576089185,0.0004040749596973259
1855,0.5,-0.00048481364595703846,0.00040109648950117927
1855,0.6,-0.0004868556979113481,0.00039905443754686964
1856,0.4,-0.0007792851301204606,0.0013523095864681062
1856,0.5,-0.0007802285886764071,0.0013513661279121597
1856,0.6,-0.0007725092855101479,0.001359085431078419
1857,0.4,-0.0005767064047813852,-0.00099382859595952
1857,0.5,-0.0005753941191671552,-0.00099251631034529
1857,0.6,-0.0005662444361744928,-0.0009833666273526276
1858,0.4,-0.000292845451019208,-0.0005007788209782649
1858,0.5,-0.0002926882920696594,-0.0005006216620287163
1858,0.6,-0.00028887299871044325,-0.0004968063686695001
1859,0.4,-0.0008829445899580929,0.001143792423451681
1859,0.5,-0.0008809826623499273,0.0011457543510598467
1859,0.6,-0.0008708702497440823,0.0011558667636656916
1860,0.4,-0.0011527557217442252,0.0021024689574719313
1860,0.5,-0.0011553616955027601,0.0020998629837133964
1860,0.6,-0.0011524319153416451,0.0021027927638745114
1861,0.4,-0.0003005188139496018,0.001457619569003421
1861,0.5,-0.00030528538528759586,0.001452852997665427
1861,0.6,-0.0003055009243820017,0.0014526374585710211
1862,0.4,-0.00016725328168215592,0.0012286576505923519
1862,0.5,-0.00016961001388157704,0.0012263009183929308
1862,0.6,-0.00016577380797305752,0.0012301371243014503
1863,0.4,0.0005165805380981658,0.001403223340682852
1863,0.5,0.0005133803871481823,0.0014000231897328685
1863,0.6,0.0005151864055936706,0.0014018292081783568
1864,0.4,-0.0008368578033126906,-0.00138330772398218
1864,0.5,-0.0008385834881056015,-0.001385033408775091
1864,0.6,-0.0008378585058804039,-0.0013843084265498934
1865,0.4,-0.0006149946376478033,0.0030472837997184143
1865,0.5,-0.0006178526535877971,0.0030444257837784205
1865,0.6,-0.0006118233573886023,0.0030504550799776153
1866,0.4,-0.001308971124222305,-0.0013856402033111531
1866,0.5,-0.0013115651297777864,-0.0013882342088666344
1866,0.6,-0.0013085551739057538,-0.0013852242529946018
1867,0.4,-0.00080172675294507,-1.1482075401608727e-05
1867,0.5,-0.0008048233825497103,-1.4578705006249026e-05
1867,0.6,-0.0007967463717877682,-6.50169424430691e-06
1868,0.4,6.269929539573504e-05,-0.0006975344375931558
1868,0.5,6.405829457928336e-05,-0.0006961754384096075
1868,0.6,6.519463529744418e-05,-0.0006950390976914467
1869,0.4,-0.0015095029728949688,0.0019332874647246673
1869,0.5,-0.0015105144565158435,0.0019322759811037926
1869,0.6,-0.0015080968842174636,0.0019346935534021725
1870,0.4,-0.0012138988858740457,0.0002644989635013084
1870,0.5,-0.0012143244284603394,0.00026407342091501473
1870,0.6,-0.0012128398423413705,0.0002655580070339836
1871,0.4,-0.0017359645589143102,-0.0003948647870569838
1871,0.5,-0.0017361881575034127,-0.0003950883856460863
1871,0.6,-0.001729272600470233,-0.0003881728286129066
1872,0.4,-0.00037632333408062213,-0.0010352458652142377
1872,0.5,-0.00037928377011878234,-0.0010382063012523979
1872,0.6,-0.00037449739999249887,-0.0010334199311261144
1873,0.4,7.961970353757841e-05,0.0005540426685435307
1873,0.5,7.942885128227328e-05,0.0005538518162882256
1873,0.6,8.149990651128147e-05,0.0005559228715172337
1874,0.4,-0.0008932618451309993,0.0010848148892851767
1874,0.5,-0.0008945161879218427,0.0010835605464943332
1874,0.6,-0.0008904328852918503,0.0010876438491243257
1875,0.4,-0.00039008452466482435,0.00016677307012719078
1875,0.5,-0.0003876775037694735,0.0001691800910225416
1875,0.6,-0.00037952599945373366,0.00017733159533828147
1876,0.4,-0.0007175120262257473,0.0006953543865866052
1876,0.5,-0.0007196905752364924,0.0006931758375758601
1876,0.6,-0.0007147137592896646,0.0006981526535226878
1877,0.4,0.0007313467324207568,0.0024336062445114437
1877,0.5,0.0007283995232239826,0.0024306590353146695
1877,0.6,0.0007248345971720693,0.0024270941092627563
1878,0.4,-0.0003999236204408618,0.0017564629571488466
1878,0.5,-0.000398022080695809,0.0017583644968938994
1878,0.6,-0.0003899757189670394,0.001766410858622669
1879,0.4,-0.000607493256819816,-0.0008535513413447382
1879,0.5,-0.0006073148019322822,-0.0008533728864572043
1879,0.6,-0.0006027208620203589,-0.0008487789465452811
1880,0.4,-0.0007106326638929017,0.0006437133504418741
1880,0.5,-0.0007129643773797212,0.0006413816369550546
1880,0.6,-0.0007163291765099888,0.0006380168378247869
1881,0.4,-0.00011154724965653506,-0.0006509078798722645
1881,0.5,-0.00011033678401113634,-0.0006496974142268658
1881,0.6,-0.00010310897710952283,-0.0006424696073252523
1882,0.4,7.384605997795557e-05,0.0005688207243512433
1882,0.5,7.42618177410892e-05,0.0005692364821143769
1882,0.6,8.105471932357e-05,0.0005760293836968577
1883,0.4,-0.0004724286826392893,0.0013055334027946147
1883,0.5,-0.0004739151603305597,0.0013040469251033443
1883,0.6,-0.0004698505595536334,0.0013081115258802706
1884,0.4,0.0001226802533014354,-0.0010227187460043058
1884,0.5,0.00012243101366220255,-0.0010229679856435386
1884,0.6,0.00012283830520463945,-0.0010225606941011017
1885,0.4,-0.0005429768786809203,-0.0027547603215847954
1885,0.5,-0.0005443184995520545,-0.0027561019424559297
1885,0.6,-0.0005376799250207676,-0.0027494633679246427
1886,0.4,-0.0018111010667025695,0.0027002126427317363
1886,0.5,-0.0018107246363361224,0.0027005890730981835
1886,0.6,-0.0018066427334948176,0.0027046709759394882
1887,0.4,-4.936517599501977e-05,0.0014084236467939437
1887,0.5,-5.1574509740692775e-05,0.0014062143130482707
1887,0.6,-4.515962675671892e-05,0.0014126291960322446
1888,0.4,-0.0011497283614940595,0.0002606765302892444
1888,0.5,-0.0011495657977317192,0.0002608390940515848
1888,0.6,-0.0011407520008907684,0.0002696528908925355
1889,0.4,0.001015882480896152,0.0030242194421014335
1889,0.5,0.001018447809171763,0.0030267847703770445
1889,0.6,0.001021186371214039,0.0030295233324193205
1890,0.4,-0.0002817565954479212,-0.0017497318549140745
1890,0.5,-0.0002813320481650644,-0.0017493073076312177
1890,0.6,-0.0002760746741497372,-0.0017440499336158904
1891,0.4,-0.0001348426243541756,-0.0004146371943390126
1891,0.5,-0.0001371777019523457,-0.00041697227193718267
1891,0.6,-0.00013903152226366067,-0.00041882609224849765
1892,0.4,-0.0004989320998537161,-0.002447670195002638
1892,0.5,-0.000501738981744132,-0.002450477076893054
1892,0.6,-0.0005006050485504288,-0.0024493431436993507
1893,0.4,0.0001131641847607473,-0.0017568194449465863
1893,0.5,0.0001116438945716336,-0.0017583397351357
1893,0.6,0.00011475444063420437,-0.0017552291890731292
1894,0.4,-0.0009155578570159001,-0.0005572941528446396
1894,0.5,-0.0009155831210261867,-0.0005573194168549261
1894,0.6,-0.0009141222140546107,-0.0005558585098833502
1895,0.4,-0.0008195330128653033,3.880882314008516e-05
1895,0.5,-0.00082465187578315,3.368996022223847e-05
1895,0.6,-0.0008289820072432119,2.9359828762176576e-05
1896,0.4,-0.0008925743279451642,-0.0032057493644090523
1896,0.5,-0.0008947387449455974,-0.0032079137814094855
1896,0.6,-0.0008824773550810405,-0.0031956523915449286
1897,0.4,6.431876624940491e-06,-0.00012394685093114477
1897,0.5,5.808287456138261e-06,-0.000124570440099947
1897,0.6,7.301904973444628e-06,-0.00012307682258264063
1898,0.4,0.0005884011946284545,-0.000633421621791086
1898,0.5,0.0005828465962553625,-0.000638976220164178
1898,0.6,0.0005850209960838598,-0.0006368018203356807
1899,0.4,-0.0011061908351326227,0.000313186195080542
1899,0.5,-0.0011056258303183963,0.0003137511998947684
1899,0.6,-0.001102739433649344,0.00031663759656382073
1900,0.4,-0.0002234553606899614,-0.00045845930284232894
1900,0.5,-0.00022202230856169236,-0.0004570262507140599
1900,0.6,-0.0002151300414098556,-0.0004501339835622231
1901,0.4,0.0008620603914464842,0.0013830180943433523
1901,0.5,0.0008599043864605804,0.0013808620893574486
1901,0.6,0.0008621506540663071,0.0013831083569631752
1902,0.4,0.00019839625733347743,-0.0019747313295257474
1902,0.5,0.00019443897770560215,-0.0019786886091536227
1902,0.6,0.00019689396810915194,-0.001976233618750073
1903,0.4,-0.00011399120152430497,-0.0002621368787174838
1903,0.5,-0.00011257553172006052,-0.00026072120891323936
1903,0.6,-0.00011205824240062556,-0.0002602039195938044
1904,0.4,0.00013016216844567718,0.0005642905661860237
1904,0.5,0.00012874878003742152,0.000562877177777768
1904,0.6,0.0001330756244712905,0.000567204022211637
1905,0.4,-3.766788203390936e-05,0.00026522838712675356
1905,0.5,-3.8566758068209195e-05,0.00026432951109245373
1905,0.6,-3.9073873571715545e-05,0.0002638223955889474
1906,0.4,4.51852144667253e-05,0.000706388697829019
1906,0.5,4.4150246949842264e-05,0.000705353730312136
1906,0.6,5.308376276466631e-05,0.00071428724612696
1907,0.4,0.0008614328093869694,0.0004432511170041342
1907,0.5,0.0008619042707772029,0.0004437225783943677
1907,0.6,0.0008660008255626794,0.00044781913317984423
1908,0.4,0.0004987599217398386,0.0017885978837728633
1908,0.5,0.0004996236627524964,0.001789461624785521
1908,0.6,0.0005041634057204869,0.0017940013677535116
1909,0.4,-0.0010229042744115818,0.002755551655909405
1909,0.5,-0.0010227150401827256,0.0027557408901382613
1909,0.6,-0.0010128430474927869,0.0027656128828282
1910,0.4,0.0011077518170811151,-0.0014687310387174746
1910,0.5,0.0011046767062513896,-0.0014718061495472001
1910,0.6,0.001113382416817632,-0.0014631004389809577
1911,0.4,-0.00045115689474073406,0.0020995118343637986
1911,0.5,-0.0004495789601939859,0.0021010897689105468
1911,0.6,-0.0004493762138203239,0.002101292515284209
1912,0.4,-0.00039524563957671344,0.0017702073059429058
1912,0.5,-0.0003940830006803342,0.001771369944839285
1912,0.6,-0.000388474859217669,0.0017769780863019502
1913,0.4,-0.00024152848847985853,-0.0013788474407240014
1913,0.5,-0.00024354636707514532,-0.0013808653193192882
1913,0.6,-0.0002419583622530197,-0.0013792773144971626
1914,0.4,6.553456970564975e-07,-0.001479544603037411
1914,0.5,2.0926573902624312e-06,-0.001478107291344205
1914,0.6,4.186267259301268e-06,-0.0014760136814751662
1915,0.4,-0.0005657909102192438,0.0006205057416724669
1915,0.5,-0.0005652485279860064,0.0006210481239057042
1915,0.6,-0.0005688681233384785,0.0006174285285532322
1916,0.4,0.00033523741074675817,0.0016754198267822096
1916,0.5,0.0003348329590686372,0.0016750153751040886
1916,0.6,0.00034302992829204904,0.0016832123443275004
1917,0.4,0.00021116050366304373,-0.000631753053501688
1917,0.5,0.00021056996239010584,-0.0006323435947746259
1917,0.6,0.00020710109211544148,-0.0006358124650492902
1918,0.4,-0.0009246455593808212,0.0016666749582662094
1918,0.5,-0.0009246708415220489,0.0016666496761249816
1918,0.6,-0.0009168132766941423,0.0016745072409528883
1919,0.4,-0.0008157111453293148,-0.0011196891871406572
1919,0.5,-0.0008179498646790351,-0.0011219279064903775
1919,0.6,-0.0008159984942037318,-0.0011199765360150743
1920,0.4,3.412311490666453e-05,-0.003904193210456458
1920,0.5,3.1460106042630054e-05,-0.0039068562193204925
1920,0.6,4.072885570712004e-05,-0.0038975874696560026
1921,0.4,0.0005842362802453149,-0.0003535908035728619
1921,0.5,0.0005832752048547662,-0.00035455187896341056
1921,0.6,0.0005870526888780703,-0.00035077439494010654
1922,0.4,-0.00037753083575509105,0.0018786081481390882
1922,0.5,-0.0003779496792315207,0.0018781893046626585
1922,0.6,-0.0003755589057307107,0.0018805800781634685
1923,0.4,-0.0012113725742132764,0.0014442384902926958
1923,0.5,-0.0012125194614644869,0.0014430916030414853
1923,0.6,-0.001205926701768903,0.0014496843627370692
1924,0.4,0.0011458761624275893,-0.004119837624062511
1924,0.5,0.0011441379706877142,-0.004121575815802386
1924,0.6,0.001140344685682193,-0.004125369100807907
1925,0.4,-0.0007065930728825942,-6.273355884328646e-05
1925,0.5,-0.0007057411414380654,-6.188162739875769e-05
1925,0.6,-0.0007010064451983544,-5.714693115904668e-05
1926,0.4,8.606055837356852e-06,0.0007030262784216146
1926,0.5,5.75981851147489e-06,0.0007001800410957326
1926,0.6,7.2519545004090524e-06,0.0007016721770846668
1927,0.4,2.398074350992707e-05,0.0021817099448573074
1927,0.5,2.2503791733741174e-05,0.0021802329930811215
1927,0.6,3.0713401267035145e-05,0.0021884426026144155
1928,0.4,-0.0002664387226684328,0.0006345486280605189
1928,0.5,-0.00026624411217129884,0.0006347432385576529
1928,0.6,-0.0002609338381896753,0.0006400535125392764
1929,0.4,-0.0008632912976644092,0.0006899801045551074
1929,0.5,-0.000865119476736495,0.0006881519254830215
1929,0.6,-0.0008605794707092773,0.0006926919315102392
1930,0.4,-0.00037792306712998436,0.0003562416320897349
1930,0.5,-0.0003749174327749294,0.0003592472664447899
1930,0.6,-0.0003713837191137159,0.00036278098010600335
1931,0.4,-0.0010283062626282036,-0.0018402701472464839
1931,0.5,-0.0010311878764041882,-0.0018431517610224685
1931,0.6,-0.0010274952218879002,-0.0018394591065061805
1932,0.4,-0.0008223913344999334,-0.00016938385805240208
1932,0.5,-0.0008239068979051384,-0.00017089942145760706
1932,0.6,-0.0008157289249744737,-0.00016272144852694237
1933,0.4,-0.0012493644657662895,0.0015774174370119243
1933,0.5,-0.0012493676366602535,0.0015774142661179602
1933,0.6,-0.0012433251800876566,0.0015834567226905572
1934,0.4,-0.001214310852250891,-0.0015873845384691554
1934,0.5,-0.0012141900189106686,-0.0015872637051289329
1934,0.6,-0.0012114885745059395,-0.0015845622607242038
1935,0.4,0.000543669431985333,-1.30648168717995e-05
1935,0.5,0.0005419275011880331,-1.4806747669099396e-05
1935,0.6,0.0005448987613556888,-1.1835487501443698e-05
1936,0.4,-0.0011502530351806262,0.0008666041926980728
1936,0.5,-0.0011505396458938721,0.0008663175819848268
1936,0.6,-0.0011471241945964772,0.0008697330332822217
1937,0.4,-0.00019522270182656398,-0.0009570523781369106
1937,0.5,-0.00019821166451683414,-0.0009600413408271807
1937,0.6,-0.00019153976379755744,-0.000953369440107904
1938,0.4,0.0007032274035169428,0.0018792606446238203
1938,0.5,0.0007001021554637887,0.0018761353965706662
1938,0.6,0.0007013299138378393,0.0018773631549447167
1939,0.4,-0.0010758859004053462,0.00014553745938103435
1939,0.5,-0.0010761711874164859,0.00014525217236989463
1939,0.6,-0.0010726209054285757,0.00014880245435780481
1940,0.4,-0.00039036201056699693,-0.00024028911766078853
1940,0.5,-0.0003914249430770067,-0.0002413520501707983
1940,0.6,-0.0003854435318949301,-0.00023537063898872168
1941,0.4,-0.000574536601677153,-0.00039526217859525703
1941,0.5,-0.000574901074850892,-0.00039562665176899603
1941,0.6,-0.0005678917038537262,-0.0003886172807718302
1942,0.4,0.0005267497644839136,0.0009900098011467462
1942,0.5,0.0005258277423269009,0.0009890877789897334
1942,0.6,0.0005224690893362305,0.000985729125999063
1943,0.4,0.0006444820067539603,0.001660512491693189
1943,0.5,0.0006452769636842992,0.001661307448623528
1943,0.6,0.0006558917216007432,0.001671922206539972
1944,0.4,-0.00023030962260818522,-0.0005251595324474306
1944,0.5,-0.00023049074408972026,-0.0005253406539289657
1944,0.6,-0.0002212615266355411,-0.0005161114364747865
1945,0.4,-0.0005847359586781814,0.00014769612397762255
1945,0.5,-0.0005851020128603418,0.00014733006979546215
1945,0.6,-0.0005829586267925707,0.00014947345586323324
1946,0.4,-0.00026578279056310716,0.0005285762166892111
1946,0.5,-0.0002655846681667434,0.0005287743390855748
1946,0.6,-0.0002632951148483359,0.0005310638924039823
1947,0.4,0.00018948065950136206,-0.0005118820319883755
1947,0.5,0.00019033019804877427,-0.0005110324934409632
1947,0.6,0.00019719733825566965,-0.0005041653532340679
1948,0.4,-0.00022552335369982468,-3.231448154003558e-05
1948,0.5,-0.00022435481341520624,-3.114594125541714e-05
1948,0.6,-0.00022422720343909242,-3.101833127930331e-05
1949,0.4,-0.0007451526415785809,-0.0029522460900324593
1949,0.5,-0.000745347775048838,-0.0029524412235027164
1949,0.6,-0.0007397350200177705,-0.002946828468471649
1950,0.4,-0.00013540674800235908,-0.0023941361164159375
1950,0.5,-0.00013477663926876604,-0.0023935060076823444
1950,0.6,-0.0001321471978462524,-0.002390876566259831
1951,0.4,-0.00032117133093834127,-0.0010815559756011672
1951,0.5,-0.000324968232583267,-0.001085352877246093
1951,0.6,-0.0003231025548652011,-0.001083487199528027
1952,0.4,-0.0009793863622969967,-0.0015985453482583456
1952,0.5,-0.0009815247217296735,-0.0016006837076910224
1952,0.6,-0.0009791285912046088,-0.0015982875771659577
1953,0.4,0.0003730466798583937,-0.0006696813567464294
1953,0.5,0.0003742926118602413,-0.0006684354247445817
1953,0.6,0.0003797906278056873,-0.0006629374087991358
1954,0.4,0.0001257830446708963,-0.00026225609910168757
1954,0.5,0.00012331503789772547,-0.0002647241058748584
1954,0.6,0.00012538131056452628,-0.0002626578332080576
1955,0.4,-0.000534757246719475,6.375816259518441e-05
1955,0.5,-0.0005365693829437745,6.194602637088487e-05
1955,0.6,-0.0005305705644726155,6.794484484204388e-05
1956,0.4,-0.0006873982286828006,0.0019325094985673807
1956,0.5,-0.0006878662325136009,0.0019320414947365805
1956,0.6,-0.000689543733794401,0.0019303639934557804
1957,0.4,5.741570617895375e-05,0.0017843682445042863
1957,0.5,5.828024344609051e-05,0.001785232781771423
1957,0.6,6.699202427815076e-05,0.0017939445626034833
1958,0.4,-0.0010071242671831487,0.0007520877015181754
1958,0.5,-0.0010074978262872014,0.0007517141424141227
1958,0.6,-0.0010041279094153283,0.0007550840592859959
1959,0.4,-0.00040198115561966563,0.0002566870914792879
1959,0.5,-0.0003990964787394108,0.00025957176835954276
1959,0.6,-0.00039806325372683526,0.0002606049933721183
1960,0.4,-0.0005810356989614657,0.0006607641740689202
1960,0.5,-0.0005823262984471361,0.0006594735745832497
1960,0.6,-0.0005791198777725798,0.0006626799952578061
1961,0.4,0.0008541395532037643,0.00030540697837588837
1961,0.5,0.0008517567824712358,0.0003030242076433598
1961,0.6,0.0008521795152486022,0.0003034469404207263
1962,0.4,-0.00027938160181653626,-0.0017289442783886971
1962,0.5,-0.00027983234718446937,-0.0017293950237566302
1962,0.6,-0.0002730866069892701,-0.001722649283561431
1963,0.4,-0.0012679136383235562,-0.001369172316072198
1963,0.5,-0.001269934729468472,-0.001371193407217114
1963,0.6,-0.0012647577710599711,-0.001366016448808613
1964,0.4,-0.0006792035408794,-0.0005093717864252945
1964,0.5,-0.0006806392372509101,-0.0005108074827968045
1964,0.6,-0.0006790854418438352,-0.0005092536873897296
1965,0.4,-0.0010223744922527866,0.001053862363094224
1965,0.5,-0.0010220284729265672,0.0010542083824204435
1965,0.6,-0.0010218973189241864,0.0010543395364228242
1966,0.4,-0.0011771903259620853,0.000168736147402343
1966,0.5,-0.0011805743064064317,0.0001653521669579966
1966,0.6,-0.0011766929233878592,0.00016923354997656903
1967,0.4,-0.00034178941817242237,0.0007184208252383473
1967,0.5,-0.0003421413969052767,0.000718068846505493
1967,0.6,-0.0003360038075720939,0.0007242064358386757
1968,0.4,-0.00027546076526491214,0.0003104873760910454
1968,0.5,-0.0002779645528220298,0.0003079835885339277
1968,0.6,-0.0002771272771419919,0.0003088208642139656
1969,0.4,-0.0003922076699663657,-0.0021801508435613515
1969,0.5,-0.00039401537758751437,-0.0021819585511825
1969,0.6,-0.00039341779207793803,-0.002181360965672924
1970,0.4,-0.00015776466707292935,0.0006306039897792937
1970,0.5,-0.00015830658968746247,0.0006300620671647605
1970,0.6,-0.00015784215301228866,0.0006305265038399344
1971,0.4,-0.00024986341729231476,-0.000743330144415355
1971,0.5,-0.00024924557339597864,-0.0007427123005190189
1971,0.6,-0.0002469388620551516,-0.0007404055891781919
1972,0.4,0.0001619694216987433,0.0011637166159371298
1972,0.5,0.00016122462744516675,0.0011629718216835533
1972,0.6,0.000163543636548108,0.0011652908307864945
1973,0.4,2.1164459438588468e-05,0.0016195689192963214
1973,0.5,2.1834939603782022e-05,0.001620239399461515
1973,0.6,2.9103709382416465e-05,0.0016275081692401494
1974,0.4,0.00020978289491596636,0.001313672086955403
1974,0.5,0.00020907281845158887,0.0013129620104910256
1974,0.6,0.00021199514502015515,0.0013158843370595918
1975,0.4,-0.0002015931090812162,-0.0015837408046844026
1975,0.5,-0.00020137939302086738,-0.0015835270886240538
1975,0.6,-0.00019901327189084106,-0.0015811609674940275
1976,0.4,-0.00024294519484438504,0.0019143352974480554
1976,0.5,-0.0002457744834188369,0.0019115060088736036
1976,0.6,-0.00024177875541270266,0.0019155017368797378
1977,0.4,0.0002547816406374692,6.893371709087992e-06
1977,0.5,0.0002521442281337716,4.255959205390347e-06
1977,0.6,0.00025531892440608384,7.430655477702608e-06
1978,0.4,-0.0002590990902549134,-0.0017962859176751805
1978,0.5,-0.0002604334010731929,-0.00179762022849346
1978,0.6,-0.00025637577533932365,-0.0017935626027595908
1979,0.4,-0.00031211966611846553,0.00020463693991626397
1979,0.5,-0.0003125495728310279,0.0002042070332037016
1979,0.6,-0.0003061210096339251,0.00021063559640080443
1980,0.4,0.0005964706340629844,0.00019119611974047213
1980,0.5,0.0005940149187768917,0.00018874040445437945
1980,0.6,0.0005938807502539334,0.00018860623593142112
1981,0.4,-0.00036003936482284504,0.0013215158860775122
1981,0.5,-0.00036088487860283514,0.0013206703722975222
1981,0.6,-0.0003552541267562437,0.0013263011241441136
1982,0.4,0.0004597301253263242,0.002143397077151027
1982,0.5,0.00046190792914083123,0.002145574880965534
1982,0.6,0.0004696535800189916,0.0021533205318436943
1983,0.4,-0.00101677347297921,-0.0008747371502039608
1983,0.5,-0.0010179857374699869,-0.0008759494146947377
1983,0.6,-0.0010133155773201924,-0.0008712792545449433
1984,0.4,0.0004611137466359605,-0.001414393509457268
1984,0.5,0.00045928408753370675,-0.0014162231685595217
1984,0.6,0.00045758160414047233,-0.001417925651952756
1985,0.4,-0.0006761517721515509,0.00198695166622595
1985,0.5,-0.0006751426726537002,0.0019879607657238008
1985,0.6,-0.0006664271667793376,0.0019966762715981634
1986,0.4,-0.001007803483222422,-0.00026653433429164874
1986,0.5,-0.001005522162933356,-0.00026425301400258283
1986,0.6,-0.000995913073347815,-0.00025464392441704176
1987,0.4,0.001262015437227898,-0.0027928944015547796
1987,0.5,0.0012602690500138625,-0.002794640788768815
1987,0.6,0.0012572891692634314,-0.0027976206695192463
1988,0.4,0.0001627793436733832,-0.0004637446554956043
1988,0.5,0.00016491147939420858,-0.0004616125197747789
1988,0.6,0.00016900502349724567,-0.0004575189756717418
1989,0.4,-0.0004261187127829885,0.0006507363720810871
1989,0.5,-0.00042547378551530124,0.0006513812993487744
1989,0.6,-0.00042222842303130115,0.0006546266618327745
1990,0.4,0.00048739009096573915,0.0002282457245966485
1990,0.5,0.00048551338510391395,0.0002263690187348233
1990,0.6,0.0004909318406189078,0.00023178747424981716
1991,0.4,-0.0013487150863625008,0.00021447109124685115
1991,0.5,-0.0013510631506786497,0.00021212302693070229
1991,0.6,-0.0013494470264177744,0.0002137391511915776
1992,0.4,-0.00024188204739705732,-0.0010057319361505002
1992,0.5,-0.00024155243740134336,-0.0010054023261547862
1992,0.6,-0.00024552441402771186,-0.0010093743027811547
1993,0.4,0.00029421048399086436,0.0009969229951816982
1993,0.5,0.00029185089803906994,0.0009945634092299038
1993,0.6,0.0002917130077324803,0.0009944255189233142
1994,0.4,0.0006051585519580155,-0.0006659645483262505
1994,0.5,0.0006050788720607103,-0.0006660442282235557
1994,0.6,0.0006075004377458088,-0.0006636226625384573
1995,0.4,-0.0004065380345959768,0.002968326033845281
1995,0.5,-0.0004055406713109888,0.002969323397130269
1995,0.6,-0.000397530278122199,0.002977333790319059
1996,0.4,-0.0010952686684124607,-0.0019347321529261524
1996,0.5,-0.0010950195207453106,-0.0019344830052590023
1996,0.6,-0.00108833200204711,-0.0019277954865608016
1997,0.4,0.0002632852785589279,0.0002977585847749875
1997,0.5,0.00025937894546310125,0.00029385225167916085
1997,0.6,0.0002599265341239332,0.0002943998403399928
1998,0.4,-0.0006997727330058934,0.0011018442746397877
1998,0.5,-0.0006984677029954478,0.0011031493046502333
1998,0.6,-0.0006927779722544353,0.0011088390353912458
1999,0.4,-0.00014083473568884952,-0.00020977843754516057
1999,0.5,-0.00014218048192929378,-0.00021112418378560482
1999,0.6,-0.00013523584127630994,-0.000204179543132621
2000,0.4,0.0005862280599812086,-0.0014273615613484003
2000,0.5,0.0005864497579464445,-0.0014271398633831645
2000,0.6,0.0005915612929388303,-0.0014220283283907786
