study,split_role,time_days,n_at_risk,n_events,n_censored,survival_probability
HANCOCK,calibration,15.0,122,1,0,0.9918032786885246
HANCOCK,calibration,23.0,121,0,1,0.9918032786885246
HANCOCK,calibration,44.0,120,0,1,0.9918032786885246
HANCOCK,calibration,55.0,119,1,0,0.9834687973550076
HANCOCK,calibration,75.0,118,0,1,0.9834687973550076
HANCOCK,calibration,105.0,117,1,0,0.9750630811382981
HANCOCK,calibration,113.0,116,1,0,0.9666573649215887
HANCOCK,calibration,127.0,115,1,0,0.9582516487048793
HANCOCK,calibration,133.0,114,1,0,0.9498459324881698
HANCOCK,calibration,141.0,113,0,1,0.9498459324881698
HANCOCK,calibration,148.0,112,0,1,0.9498459324881698
HANCOCK,calibration,155.0,111,0,1,0.9498459324881698
HANCOCK,calibration,180.0,110,1,0,0.9412109694655502
HANCOCK,calibration,204.0,109,0,1,0.9412109694655502
HANCOCK,calibration,206.0,108,1,0,0.9324960530816099
HANCOCK,calibration,212.0,107,0,1,0.9324960530816099
HANCOCK,calibration,238.0,106,0,1,0.9324960530816099
HANCOCK,calibration,251.0,105,0,1,0.9324960530816099
HANCOCK,calibration,255.0,104,1,0,0.9235297448789022
HANCOCK,calibration,293.0,103,0,1,0.9235297448789022
HANCOCK,calibration,318.0,102,1,0,0.9144755316938149
HANCOCK,calibration,323.0,101,0,1,0.9144755316938149
HANCOCK,calibration,334.0,100,0,1,0.9144755316938149
HANCOCK,calibration,336.0,99,1,0,0.9052384051110491
HANCOCK,calibration,342.0,98,0,1,0.9052384051110491
HANCOCK,calibration,367.0,97,1,0,0.8959060504191827
HANCOCK,calibration,372.0,96,1,0,0.8865736957273163
HANCOCK,calibration,460.0,95,0,1,0.8865736957273163
HANCOCK,calibration,484.0,94,0,1,0.8865736957273163
HANCOCK,calibration,488.0,93,0,1,0.8865736957273163
HANCOCK,calibration,522.0,92,0,1,0.8865736957273163
HANCOCK,calibration,539.0,91,0,1,0.8865736957273163
HANCOCK,calibration,540.0,90,1,0,0.8767228768859017
HANCOCK,calibration,548.0,89,1,0,0.866872058044487
HANCOCK,calibration,577.0,88,1,0,0.8570212392030724
HANCOCK,calibration,651.0,87,1,0,0.8471704203616578
HANCOCK,calibration,674.0,86,0,1,0.8471704203616578
HANCOCK,calibration,677.0,85,1,0,0.8372037095338736
HANCOCK,calibration,680.0,84,0,1,0.8372037095338736
HANCOCK,calibration,695.0,83,1,0,0.8271169178527426
HANCOCK,calibration,709.0,82,0,1,0.8271169178527426
HANCOCK,calibration,713.0,81,1,0,0.8169055978792519
HANCOCK,calibration,733.0,80,1,0,0.8066942779057613
HANCOCK,calibration,740.0,79,0,1,0.8066942779057613
HANCOCK,calibration,775.0,78,0,1,0.8066942779057613
HANCOCK,calibration,798.0,77,0,1,0.8066942779057613
HANCOCK,calibration,827.0,76,1,0,0.7960798795122644
HANCOCK,calibration,842.0,75,0,1,0.7960798795122644
HANCOCK,calibration,849.0,74,0,1,0.7960798795122644
HANCOCK,calibration,914.0,73,0,1,0.7960798795122644
HANCOCK,calibration,919.0,72,0,1,0.7960798795122644
HANCOCK,calibration,954.0,71,0,1,0.7960798795122644
HANCOCK,calibration,960.0,70,0,1,0.7960798795122644
HANCOCK,calibration,980.0,69,1,0,0.7845424899541157
HANCOCK,calibration,982.0,68,0,1,0.7845424899541157
HANCOCK,calibration,1007.0,67,1,0,0.7728329005518154
HANCOCK,calibration,1041.0,66,0,1,0.7728329005518154
HANCOCK,calibration,1129.0,65,0,1,0.7728329005518154
HANCOCK,calibration,1149.0,64,0,1,0.7728329005518154
HANCOCK,calibration,1160.0,63,1,0,0.7605657116541676
HANCOCK,calibration,1203.0,62,0,1,0.7605657116541676
HANCOCK,calibration,1347.0,61,0,1,0.7605657116541676
HANCOCK,calibration,1359.0,60,1,0,0.7478896164599315
HANCOCK,calibration,1419.0,59,0,1,0.7478896164599315
HANCOCK,calibration,1432.0,58,0,1,0.7478896164599315
HANCOCK,calibration,1479.0,57,1,0,0.7347687459957221
HANCOCK,calibration,1484.0,56,0,1,0.7347687459957221
HANCOCK,calibration,1517.0,55,0,1,0.7347687459957221
HANCOCK,calibration,1521.0,54,0,1,0.7347687459957221
HANCOCK,calibration,1547.0,53,0,1,0.7347687459957221
HANCOCK,calibration,1582.0,52,0,1,0.7347687459957221
HANCOCK,calibration,1617.0,51,0,1,0.7347687459957221
HANCOCK,calibration,1646.0,50,0,1,0.7347687459957221
HANCOCK,calibration,1684.0,49,1,0,0.7197734654651972
HANCOCK,calibration,1699.0,48,0,1,0.7197734654651972
HANCOCK,calibration,1745.0,47,0,1,0.7197734654651972
HANCOCK,calibration,1751.0,46,0,1,0.7197734654651972
HANCOCK,calibration,1811.0,45,0,1,0.7197734654651972
HANCOCK,calibration,1835.0,44,0,1,0.7197734654651972
HANCOCK,calibration,1843.0,43,0,1,0.7197734654651972
HANCOCK,calibration,1873.0,42,0,1,0.7197734654651972
HANCOCK,calibration,1896.0,41,0,1,0.7197734654651972
HANCOCK,calibration,1924.0,40,0,1,0.7197734654651972
HANCOCK,calibration,1941.0,39,0,1,0.7197734654651972
HANCOCK,calibration,1954.0,38,1,0,0.700832058479271
HANCOCK,calibration,2064.0,37,0,1,0.700832058479271
HANCOCK,calibration,2176.0,36,0,1,0.700832058479271
HANCOCK,calibration,2249.0,35,0,1,0.700832058479271
HANCOCK,calibration,2260.0,34,0,1,0.700832058479271
HANCOCK,calibration,2270.0,33,1,0,0.6795947233738385
HANCOCK,calibration,2310.0,32,0,1,0.6795947233738385
HANCOCK,calibration,2326.0,31,0,1,0.6795947233738385
HANCOCK,calibration,2442.0,30,0,1,0.6795947233738385
HANCOCK,calibration,2453.0,29,1,0,0.6561604225678441
HANCOCK,calibration,2475.0,28,0,1,0.6561604225678441
HANCOCK,calibration,2490.0,27,0,1,0.6561604225678441
HANCOCK,calibration,2499.0,26,0,1,0.6561604225678441
HANCOCK,calibration,2608.0,25,0,1,0.6561604225678441
HANCOCK,calibration,2612.0,24,0,1,0.6561604225678441
HANCOCK,calibration,2751.0,23,0,1,0.6561604225678441
HANCOCK,calibration,2771.0,22,0,1,0.6561604225678441
HANCOCK,calibration,2773.0,21,0,1,0.6561604225678441
HANCOCK,calibration,2789.0,20,0,1,0.6561604225678441
HANCOCK,calibration,2794.0,19,0,1,0.6561604225678441
HANCOCK,calibration,2814.0,18,1,0,0.6197070657585194
HANCOCK,calibration,2822.0,17,1,0,0.5832537089491947
HANCOCK,calibration,2824.0,16,0,1,0.5832537089491947
HANCOCK,calibration,2970.0,15,0,1,0.5832537089491947
HANCOCK,calibration,3012.0,14,1,0,0.541592729738538
HANCOCK,calibration,3023.0,13,0,1,0.541592729738538
HANCOCK,calibration,3088.0,12,0,1,0.541592729738538
HANCOCK,calibration,3133.0,11,1,0,0.49235702703503453
HANCOCK,calibration,3169.0,10,0,1,0.49235702703503453
HANCOCK,calibration,3204.0,9,0,1,0.49235702703503453
HANCOCK,calibration,3287.0,8,0,1,0.49235702703503453
HANCOCK,calibration,3337.0,7,0,1,0.49235702703503453
HANCOCK,calibration,3549.0,6,0,1,0.49235702703503453
HANCOCK,calibration,3728.0,5,1,0,0.39388562162802765
HANCOCK,calibration,3760.0,4,1,0,0.2954142162210207
HANCOCK,calibration,3766.0,3,1,0,0.19694281081401382
HANCOCK,calibration,4032.0,2,0,1,0.19694281081401382
HANCOCK,calibration,4234.0,1,0,1,0.19694281081401382
HANCOCK,train,9.0,489,0,1,1.0
HANCOCK,train,21.0,488,0,1,1.0
HANCOCK,train,24.0,487,0,1,1.0
HANCOCK,train,29.0,486,1,1,0.9979423868312757
HANCOCK,train,32.0,484,0,1,0.9979423868312757
HANCOCK,train,35.0,483,0,1,0.9979423868312757
HANCOCK,train,38.0,482,0,1,0.9979423868312757
HANCOCK,train,47.0,481,1,0,0.9958676625343292
HANCOCK,train,49.0,480,0,1,0.9958676625343292
HANCOCK,train,56.0,479,0,1,0.9958676625343292
HANCOCK,train,57.0,478,0,1,0.9958676625343292
HANCOCK,train,59.0,477,0,1,0.9958676625343292
HANCOCK,train,64.0,476,1,0,0.9937755035794252
HANCOCK,train,68.0,475,0,1,0.9937755035794252
HANCOCK,train,72.0,474,1,0,0.9916789307870636
HANCOCK,train,73.0,473,0,1,0.9916789307870636
HANCOCK,train,78.0,472,2,0,0.9874769014193218
HANCOCK,train,89.0,470,1,0,0.985375886735451
HANCOCK,train,99.0,469,0,1,0.985375886735451
HANCOCK,train,104.0,468,1,0,0.9832703827039649
HANCOCK,train,114.0,467,1,0,0.9811648786724789
HANCOCK,train,115.0,466,0,1,0.9811648786724789
HANCOCK,train,121.0,465,0,1,0.9811648786724789
HANCOCK,train,124.0,464,1,1,0.9790502991925812
HANCOCK,train,125.0,462,0,1,0.9790502991925812
HANCOCK,train,131.0,461,0,1,0.9790502991925812
HANCOCK,train,142.0,460,0,2,0.9790502991925812
HANCOCK,train,145.0,458,1,0,0.9769126347838638
HANCOCK,train,148.0,457,0,1,0.9769126347838638
HANCOCK,train,153.0,456,1,1,0.974770282514601
HANCOCK,train,155.0,454,0,1,0.974770282514601
HANCOCK,train,156.0,453,0,1,0.974770282514601
HANCOCK,train,157.0,452,0,1,0.974770282514601
HANCOCK,train,164.0,451,0,1,0.974770282514601
HANCOCK,train,165.0,450,1,0,0.9726041263312352
HANCOCK,train,167.0,449,1,0,0.9704379701478695
HANCOCK,train,175.0,448,0,1,0.9704379701478695
HANCOCK,train,178.0,447,0,1,0.9704379701478695
HANCOCK,train,191.0,446,1,0,0.9682621002596455
HANCOCK,train,195.0,445,0,1,0.9682621002596455
HANCOCK,train,196.0,444,1,1,0.9660813297635653
HANCOCK,train,207.0,442,1,0,0.9638956253975844
HANCOCK,train,222.0,441,0,2,0.9638956253975844
HANCOCK,train,229.0,439,1,0,0.9616999633807335
HANCOCK,train,234.0,438,0,1,0.9616999633807335
HANCOCK,train,240.0,437,0,1,0.9616999633807335
HANCOCK,train,242.0,436,0,2,0.9616999633807335
HANCOCK,train,244.0,434,1,0,0.9594840648475981
HANCOCK,train,247.0,433,0,2,0.9594840648475981
HANCOCK,train,256.0,431,1,0,0.9572578837226617
HANCOCK,train,261.0,430,0,1,0.9572578837226617
HANCOCK,train,273.0,429,1,0,0.9550265133643339
HANCOCK,train,284.0,428,0,1,0.9550265133643339
HANCOCK,train,290.0,427,0,1,0.9550265133643339
HANCOCK,train,292.0,426,0,1,0.9550265133643339
HANCOCK,train,305.0,425,1,0,0.9527793921564178
HANCOCK,train,306.0,424,0,2,0.9527793921564178
HANCOCK,train,315.0,422,0,1,0.9527793921564178
HANCOCK,train,326.0,421,1,0,0.9505162582083028
HANCOCK,train,335.0,420,1,1,0.9482531242601878
HANCOCK,train,336.0,418,0,1,0.9482531242601878
HANCOCK,train,342.0,417,0,1,0.9482531242601878
HANCOCK,train,344.0,416,0,1,0.9482531242601878
HANCOCK,train,348.0,415,0,1,0.9482531242601878
HANCOCK,train,350.0,414,1,1,0.9459626577764676
HANCOCK,train,358.0,412,1,0,0.9436666319080781
HANCOCK,train,362.0,411,0,1,0.9436666319080781
HANCOCK,train,368.0,410,2,0,0.9390633800451118
HANCOCK,train,370.0,408,0,1,0.9390633800451118
HANCOCK,train,373.0,407,1,0,0.93675609901306
HANCOCK,train,374.0,406,1,1,0.9344488179810081
HANCOCK,train,380.0,404,0,1,0.9344488179810081
HANCOCK,train,392.0,403,0,1,0.9344488179810081
HANCOCK,train,398.0,402,1,0,0.9321243184337916
HANCOCK,train,400.0,401,0,1,0.9321243184337916
HANCOCK,train,405.0,400,0,1,0.9321243184337916
HANCOCK,train,408.0,399,1,0,0.9297881672597721
HANCOCK,train,413.0,398,1,0,0.9274520160857526
HANCOCK,train,414.0,397,1,0,0.925115864911733
HANCOCK,train,415.0,396,0,1,0.925115864911733
HANCOCK,train,419.0,395,0,1,0.925115864911733
HANCOCK,train,426.0,394,1,0,0.9227678551023124
HANCOCK,train,433.0,393,0,1,0.9227678551023124
HANCOCK,train,441.0,392,0,1,0.9227678551023124
HANCOCK,train,454.0,391,1,0,0.9204078350125366
HANCOCK,train,463.0,390,0,1,0.9204078350125366
HANCOCK,train,471.0,389,1,0,0.9180417480330699
HANCOCK,train,474.0,388,1,0,0.9156756610536032
HANCOCK,train,478.0,387,1,0,0.9133095740741366
HANCOCK,train,481.0,386,0,1,0.9133095740741366
HANCOCK,train,484.0,385,1,0,0.9109373414142038
HANCOCK,train,487.0,384,0,1,0.9109373414142038
HANCOCK,train,510.0,383,0,1,0.9109373414142038
HANCOCK,train,511.0,382,0,2,0.9109373414142038
HANCOCK,train,515.0,380,1,0,0.9085401378841664
HANCOCK,train,525.0,379,1,0,0.9061429343541291
HANCOCK,train,526.0,378,0,1,0.9061429343541291
HANCOCK,train,530.0,377,0,1,0.9061429343541291
HANCOCK,train,547.0,376,0,1,0.9061429343541291
HANCOCK,train,556.0,375,1,0,0.9037265531958514
HANCOCK,train,562.0,374,1,0,0.9013101720375737
HANCOCK,train,575.0,373,0,1,0.9013101720375737
HANCOCK,train,584.0,372,1,0,0.8988872952310211
HANCOCK,train,595.0,371,0,1,0.8988872952310211
HANCOCK,train,596.0,370,0,1,0.8988872952310211
HANCOCK,train,604.0,369,1,0,0.8964512863008557
HANCOCK,train,605.0,368,1,0,0.8940152773706903
HANCOCK,train,633.0,367,1,0,0.8915792684405249
HANCOCK,train,636.0,366,0,1,0.8915792684405249
HANCOCK,train,639.0,365,0,1,0.8915792684405249
HANCOCK,train,640.0,364,0,1,0.8915792684405249
HANCOCK,train,644.0,363,0,1,0.8915792684405249
HANCOCK,train,645.0,362,1,0,0.8891163422846118
HANCOCK,train,652.0,361,1,0,0.8866534161286987
HANCOCK,train,660.0,360,0,1,0.8866534161286987
HANCOCK,train,661.0,359,0,1,0.8866534161286987
HANCOCK,train,692.0,358,1,0,0.8841767306087862
HANCOCK,train,693.0,357,0,1,0.8841767306087862
HANCOCK,train,694.0,356,1,0,0.8816930881070761
HANCOCK,train,699.0,355,0,1,0.8816930881070761
HANCOCK,train,700.0,354,0,1,0.8816930881070761
HANCOCK,train,706.0,353,1,1,0.8791953739764612
HANCOCK,train,707.0,351,1,0,0.8766905438511722
HANCOCK,train,708.0,350,1,0,0.874185713725883
HANCOCK,train,716.0,349,0,1,0.874185713725883
HANCOCK,train,718.0,348,1,0,0.8716736858128776
HANCOCK,train,719.0,347,0,1,0.8716736858128776
HANCOCK,train,723.0,346,1,0,0.8691543977035918
HANCOCK,train,728.0,345,1,1,0.8666351095943061
HANCOCK,train,729.0,343,0,1,0.8666351095943061
HANCOCK,train,733.0,342,0,1,0.8666351095943061
HANCOCK,train,742.0,341,0,1,0.8666351095943061
HANCOCK,train,743.0,340,0,1,0.8666351095943061
HANCOCK,train,744.0,339,1,0,0.8640786638432905
HANCOCK,train,748.0,338,0,1,0.8640786638432905
HANCOCK,train,751.0,337,0,1,0.8640786638432905
HANCOCK,train,752.0,336,1,0,0.8615070011532807
HANCOCK,train,757.0,335,1,0,0.8589353384632709
HANCOCK,train,758.0,334,0,1,0.8589353384632709
HANCOCK,train,763.0,333,0,1,0.8589353384632709
HANCOCK,train,770.0,332,0,1,0.8589353384632709
HANCOCK,train,776.0,331,0,1,0.8589353384632709
HANCOCK,train,784.0,330,1,0,0.8563325041042912
HANCOCK,train,788.0,329,1,0,0.8537296697453116
HANCOCK,train,789.0,328,0,1,0.8537296697453116
HANCOCK,train,798.0,327,0,1,0.8537296697453116
HANCOCK,train,801.0,326,0,1,0.8537296697453116
HANCOCK,train,802.0,325,0,1,0.8537296697453116
HANCOCK,train,823.0,324,0,2,0.8537296697453116
HANCOCK,train,830.0,322,0,1,0.8537296697453116
HANCOCK,train,835.0,321,0,1,0.8537296697453116
HANCOCK,train,838.0,320,1,0,0.8510617645273575
HANCOCK,train,844.0,319,1,0,0.8483938593094034
HANCOCK,train,847.0,318,0,1,0.8483938593094034
HANCOCK,train,849.0,317,0,1,0.8483938593094034
HANCOCK,train,857.0,316,1,0,0.8457090686153863
HANCOCK,train,866.0,315,1,0,0.8430242779213692
HANCOCK,train,880.0,314,0,1,0.8430242779213692
HANCOCK,train,888.0,313,0,1,0.8430242779213692
HANCOCK,train,891.0,312,1,0,0.8403222770305956
HANCOCK,train,896.0,311,0,1,0.8403222770305956
HANCOCK,train,901.0,310,0,1,0.8403222770305956
HANCOCK,train,908.0,309,0,1,0.8403222770305956
HANCOCK,train,920.0,308,1,1,0.8375939579493275
HANCOCK,train,931.0,306,0,1,0.8375939579493275
HANCOCK,train,937.0,305,0,1,0.8375939579493275
HANCOCK,train,939.0,304,1,0,0.8348387146665994
HANCOCK,train,942.0,303,1,0,0.8320834713838713
HANCOCK,train,965.0,302,1,1,0.8293282281011433
HANCOCK,train,966.0,300,0,1,0.8293282281011433
HANCOCK,train,967.0,299,1,0,0.8265545550974606
HANCOCK,train,972.0,298,1,0,0.8237808820937778
HANCOCK,train,979.0,297,0,1,0.8237808820937778
HANCOCK,train,983.0,296,1,0,0.8209978385731906
HANCOCK,train,991.0,295,0,1,0.8209978385731906
HANCOCK,train,995.0,294,0,1,0.8209978385731906
HANCOCK,train,997.0,293,0,1,0.8209978385731906
HANCOCK,train,999.0,292,1,0,0.8181862021397208
HANCOCK,train,1000.0,291,1,1,0.815374565706251
HANCOCK,train,1003.0,289,0,1,0.815374565706251
HANCOCK,train,1004.0,288,0,1,0.815374565706251
HANCOCK,train,1011.0,287,0,1,0.815374565706251
HANCOCK,train,1018.0,286,0,1,0.815374565706251
HANCOCK,train,1023.0,285,0,1,0.815374565706251
HANCOCK,train,1039.0,284,1,0,0.81250352850306
HANCOCK,train,1041.0,283,1,0,0.8096324912998689
HANCOCK,train,1045.0,282,0,1,0.8096324912998689
HANCOCK,train,1054.0,281,0,1,0.8096324912998689
HANCOCK,train,1059.0,280,0,2,0.8096324912998689
HANCOCK,train,1064.0,278,0,1,0.8096324912998689
HANCOCK,train,1069.0,277,0,1,0.8096324912998689
HANCOCK,train,1072.0,276,1,0,0.8066990402444346
HANCOCK,train,1075.0,275,0,1,0.8066990402444346
HANCOCK,train,1080.0,274,1,0,0.8037548831632505
HANCOCK,train,1082.0,273,1,0,0.8008107260820665
HANCOCK,train,1087.0,272,1,1,0.7978665690008825
HANCOCK,train,1090.0,270,0,1,0.7978665690008825
HANCOCK,train,1092.0,269,0,1,0.7978665690008825
HANCOCK,train,1106.0,268,0,1,0.7978665690008825
HANCOCK,train,1108.0,267,0,1,0.7978665690008825
HANCOCK,train,1121.0,266,0,1,0.7978665690008825
HANCOCK,train,1128.0,265,0,1,0.7978665690008825
HANCOCK,train,1133.0,264,0,1,0.7978665690008825
HANCOCK,train,1142.0,263,1,0,0.794832855810765
HANCOCK,train,1145.0,262,0,1,0.794832855810765
HANCOCK,train,1146.0,261,0,1,0.794832855810765
HANCOCK,train,1147.0,260,1,0,0.791775806365339
HANCOCK,train,1159.0,259,0,1,0.791775806365339
HANCOCK,train,1183.0,258,2,0,0.7856380094167704
HANCOCK,train,1185.0,256,0,2,0.7856380094167704
HANCOCK,train,1189.0,254,1,0,0.7825449463875706
HANCOCK,train,1203.0,253,0,1,0.7825449463875706
HANCOCK,train,1205.0,252,1,0,0.779439609298731
HANCOCK,train,1209.0,251,0,1,0.779439609298731
HANCOCK,train,1219.0,250,0,1,0.779439609298731
HANCOCK,train,1220.0,249,0,1,0.779439609298731
HANCOCK,train,1223.0,248,0,1,0.779439609298731
HANCOCK,train,1230.0,247,0,1,0.779439609298731
HANCOCK,train,1237.0,246,1,0,0.7762711556023948
HANCOCK,train,1251.0,245,0,1,0.7762711556023948
HANCOCK,train,1258.0,244,0,1,0.7762711556023948
HANCOCK,train,1271.0,243,0,1,0.7762711556023948
HANCOCK,train,1293.0,242,0,1,0.7762711556023948
HANCOCK,train,1298.0,241,1,0,0.7730501134629658
HANCOCK,train,1299.0,240,0,1,0.7730501134629658
HANCOCK,train,1301.0,239,0,1,0.7730501134629658
HANCOCK,train,1310.0,238,0,1,0.7730501134629658
HANCOCK,train,1314.0,237,1,0,0.7697882986382276
HANCOCK,train,1323.0,236,0,1,0.7697882986382276
HANCOCK,train,1330.0,235,1,0,0.7665126037504054
HANCOCK,train,1337.0,234,0,1,0.7665126037504054
HANCOCK,train,1342.0,233,1,0,0.7632228500862406
HANCOCK,train,1346.0,232,0,1,0.7632228500862406
HANCOCK,train,1357.0,231,0,2,0.7632228500862406
HANCOCK,train,1358.0,229,0,1,0.7632228500862406
HANCOCK,train,1360.0,228,0,1,0.7632228500862406
HANCOCK,train,1363.0,227,0,1,0.7632228500862406
HANCOCK,train,1365.0,226,0,1,0.7632228500862406
HANCOCK,train,1370.0,225,0,1,0.7632228500862406
HANCOCK,train,1378.0,224,0,1,0.7632228500862406
HANCOCK,train,1379.0,223,0,1,0.7632228500862406
HANCOCK,train,1383.0,222,0,1,0.7632228500862406
HANCOCK,train,1399.0,221,0,1,0.7632228500862406
HANCOCK,train,1400.0,220,0,1,0.7632228500862406
HANCOCK,train,1401.0,219,0,1,0.7632228500862406
HANCOCK,train,1408.0,218,0,1,0.7632228500862406
HANCOCK,train,1409.0,217,0,1,0.7632228500862406
HANCOCK,train,1418.0,216,1,0,0.7596894109654709
HANCOCK,train,1420.0,215,0,1,0.7596894109654709
HANCOCK,train,1436.0,214,0,1,0.7596894109654709
HANCOCK,train,1440.0,213,0,1,0.7596894109654709
HANCOCK,train,1447.0,212,0,1,0.7596894109654709
HANCOCK,train,1453.0,211,0,1,0.7596894109654709
HANCOCK,train,1454.0,210,0,1,0.7596894109654709
HANCOCK,train,1456.0,209,0,1,0.7596894109654709
HANCOCK,train,1474.0,208,1,0,0.7560370580281369
HANCOCK,train,1476.0,207,0,1,0.7560370580281369
HANCOCK,train,1484.0,206,0,1,0.7560370580281369
HANCOCK,train,1492.0,205,1,0,0.7523490723792192
HANCOCK,train,1494.0,204,0,1,0.7523490723792192
HANCOCK,train,1496.0,203,0,1,0.7523490723792192
HANCOCK,train,1498.0,202,0,1,0.7523490723792192
HANCOCK,train,1520.0,201,0,1,0.7523490723792192
HANCOCK,train,1540.0,200,0,1,0.7523490723792192
HANCOCK,train,1546.0,199,1,0,0.7485684237742986
HANCOCK,train,1551.0,198,1,0,0.7447877751693778
HANCOCK,train,1553.0,197,0,1,0.7447877751693778
HANCOCK,train,1574.0,196,1,0,0.7409878375409626
HANCOCK,train,1576.0,195,0,1,0.7409878375409626
HANCOCK,train,1581.0,194,0,1,0.7409878375409626
HANCOCK,train,1599.0,193,1,0,0.7371485223205432
HANCOCK,train,1610.0,192,0,1,0.7371485223205432
HANCOCK,train,1612.0,191,0,1,0.7371485223205432
HANCOCK,train,1617.0,190,1,0,0.7332687932556982
HANCOCK,train,1625.0,189,1,0,0.7293890641908531
HANCOCK,train,1626.0,188,1,0,0.7255093351260081
HANCOCK,train,1629.0,187,0,2,0.7255093351260081
HANCOCK,train,1631.0,185,0,1,0.7255093351260081
HANCOCK,train,1636.0,184,0,1,0.7255093351260081
HANCOCK,train,1641.0,183,0,1,0.7255093351260081
HANCOCK,train,1651.0,182,0,1,0.7255093351260081
HANCOCK,train,1667.0,181,0,1,0.7255093351260081
HANCOCK,train,1669.0,180,1,0,0.7214787277086414
HANCOCK,train,1675.0,179,0,1,0.7214787277086414
HANCOCK,train,1676.0,178,0,1,0.7214787277086414
HANCOCK,train,1679.0,177,0,2,0.7214787277086414
HANCOCK,train,1685.0,175,0,1,0.7214787277086414
HANCOCK,train,1689.0,174,0,1,0.7214787277086414
HANCOCK,train,1706.0,173,0,1,0.7214787277086414
HANCOCK,train,1711.0,172,1,0,0.7172840839428934
HANCOCK,train,1716.0,171,0,1,0.7172840839428934
HANCOCK,train,1747.0,170,0,1,0.7172840839428934
HANCOCK,train,1753.0,169,1,1,0.7130397994225213
HANCOCK,train,1760.0,167,0,1,0.7130397994225213
HANCOCK,train,1771.0,166,0,1,0.7130397994225213
HANCOCK,train,1775.0,165,0,1,0.7130397994225213
HANCOCK,train,1782.0,164,1,0,0.7086919957675059
HANCOCK,train,1784.0,163,0,1,0.7086919957675059
HANCOCK,train,1785.0,162,0,1,0.7086919957675059
HANCOCK,train,1796.0,161,0,1,0.7086919957675059
HANCOCK,train,1797.0,160,0,1,0.7086919957675059
HANCOCK,train,1799.0,159,0,1,0.7086919957675059
HANCOCK,train,1803.0,158,0,1,0.7086919957675059
HANCOCK,train,1818.0,157,0,1,0.7086919957675059
HANCOCK,train,1821.0,156,0,1,0.7086919957675059
HANCOCK,train,1828.0,155,0,1,0.7086919957675059
HANCOCK,train,1832.0,154,0,1,0.7086919957675059
HANCOCK,train,1838.0,153,0,1,0.7086919957675059
HANCOCK,train,1843.0,152,0,2,0.7086919957675059
HANCOCK,train,1848.0,150,1,0,0.7039673824623891
HANCOCK,train,1854.0,149,0,1,0.7039673824623891
HANCOCK,train,1855.0,148,0,1,0.7039673824623891
HANCOCK,train,1862.0,147,1,0,0.6991784887041416
HANCOCK,train,1870.0,146,0,1,0.6991784887041416
HANCOCK,train,1885.0,145,0,1,0.6991784887041416
HANCOCK,train,1896.0,144,0,1,0.6991784887041416
HANCOCK,train,1901.0,143,0,1,0.6991784887041416
HANCOCK,train,1931.0,142,0,1,0.6991784887041416
HANCOCK,train,1941.0,141,0,1,0.6991784887041416
HANCOCK,train,1945.0,140,0,1,0.6991784887041416
HANCOCK,train,1955.0,139,0,1,0.6991784887041416
HANCOCK,train,1958.0,138,0,1,0.6991784887041416
HANCOCK,train,1959.0,137,0,1,0.6991784887041416
HANCOCK,train,1967.0,136,0,1,0.6991784887041416
HANCOCK,train,1996.0,135,1,0,0.6939993887878145
HANCOCK,train,1999.0,134,0,1,0.6939993887878145
HANCOCK,train,2030.0,133,0,1,0.6939993887878145
HANCOCK,train,2038.0,132,1,0,0.6887418176606341
HANCOCK,train,2055.0,131,0,1,0.6887418176606341
HANCOCK,train,2076.0,130,1,0,0.6834438036786292
HANCOCK,train,2079.0,129,0,1,0.6834438036786292
HANCOCK,train,2086.0,128,0,1,0.6834438036786292
HANCOCK,train,2106.0,127,0,1,0.6834438036786292
HANCOCK,train,2107.0,126,0,1,0.6834438036786292
HANCOCK,train,2131.0,125,1,0,0.6779762532492002
HANCOCK,train,2135.0,124,0,1,0.6779762532492002
HANCOCK,train,2139.0,123,0,1,0.6779762532492002
HANCOCK,train,2147.0,122,1,0,0.6724190708455182
HANCOCK,train,2149.0,121,0,1,0.6724190708455182
HANCOCK,train,2163.0,120,0,1,0.6724190708455182
HANCOCK,train,2167.0,119,1,0,0.6667684904182449
HANCOCK,train,2169.0,118,0,1,0.6667684904182449
HANCOCK,train,2174.0,117,0,1,0.6667684904182449
HANCOCK,train,2189.0,116,0,1,0.6667684904182449
HANCOCK,train,2194.0,115,1,0,0.6609705035450428
HANCOCK,train,2217.0,114,0,1,0.6609705035450428
HANCOCK,train,2219.0,113,0,1,0.6609705035450428
HANCOCK,train,2233.0,112,0,1,0.6609705035450428
HANCOCK,train,2254.0,111,0,1,0.6609705035450428
HANCOCK,train,2257.0,110,1,0,0.6549616807855425
HANCOCK,train,2264.0,109,1,0,0.6489528580260422
HANCOCK,train,2267.0,108,0,1,0.6489528580260422
HANCOCK,train,2275.0,107,0,1,0.6489528580260422
HANCOCK,train,2282.0,106,0,1,0.6489528580260422
HANCOCK,train,2308.0,105,0,1,0.6489528580260422
HANCOCK,train,2309.0,104,0,1,0.6489528580260422
HANCOCK,train,2311.0,103,0,1,0.6489528580260422
HANCOCK,train,2327.0,102,0,1,0.6489528580260422
HANCOCK,train,2330.0,101,0,1,0.6489528580260422
HANCOCK,train,2331.0,100,0,1,0.6489528580260422
HANCOCK,train,2332.0,99,0,1,0.6489528580260422
HANCOCK,train,2337.0,98,0,1,0.6489528580260422
HANCOCK,train,2350.0,97,0,1,0.6489528580260422
HANCOCK,train,2366.0,96,0,1,0.6489528580260422
HANCOCK,train,2379.0,95,0,2,0.6489528580260422
HANCOCK,train,2395.0,93,1,0,0.6419748703053321
HANCOCK,train,2396.0,92,0,1,0.6419748703053321
HANCOCK,train,2400.0,91,0,1,0.6419748703053321
HANCOCK,train,2428.0,90,0,2,0.6419748703053321
HANCOCK,train,2436.0,88,0,1,0.6419748703053321
HANCOCK,train,2442.0,87,0,2,0.6419748703053321
HANCOCK,train,2455.0,85,0,1,0.6419748703053321
HANCOCK,train,2463.0,84,0,1,0.6419748703053321
HANCOCK,train,2474.0,83,1,0,0.6342402333137015
HANCOCK,train,2511.0,82,0,1,0.6342402333137015
HANCOCK,train,2512.0,81,0,1,0.6342402333137015
HANCOCK,train,2533.0,80,0,1,0.6342402333137015
HANCOCK,train,2540.0,79,0,1,0.6342402333137015
HANCOCK,train,2569.0,78,0,2,0.6342402333137015
HANCOCK,train,2575.0,76,0,1,0.6342402333137015
HANCOCK,train,2578.0,75,0,1,0.6342402333137015
HANCOCK,train,2584.0,74,0,1,0.6342402333137015
HANCOCK,train,2605.0,73,0,1,0.6342402333137015
HANCOCK,train,2610.0,72,0,1,0.6342402333137015
HANCOCK,train,2625.0,71,0,1,0.6342402333137015
HANCOCK,train,2640.0,70,0,1,0.6342402333137015
HANCOCK,train,2660.0,69,1,0,0.6250483458743725
HANCOCK,train,2679.0,68,0,1,0.6250483458743725
HANCOCK,train,2688.0,67,0,1,0.6250483458743725
HANCOCK,train,2693.0,66,0,1,0.6250483458743725
HANCOCK,train,2702.0,65,0,1,0.6250483458743725
HANCOCK,train,2728.0,64,0,1,0.6250483458743725
HANCOCK,train,2737.0,63,0,1,0.6250483458743725
HANCOCK,train,2744.0,62,0,1,0.6250483458743725
HANCOCK,train,2755.0,61,1,0,0.6148016516797107
HANCOCK,train,2807.0,60,0,1,0.6148016516797107
HANCOCK,train,2810.0,59,0,1,0.6148016516797107
HANCOCK,train,2819.0,58,1,0,0.6042016232024743
HANCOCK,train,2829.0,57,1,0,0.5936015947252379
HANCOCK,train,2845.0,56,0,1,0.5936015947252379
HANCOCK,train,2848.0,55,0,1,0.5936015947252379
HANCOCK,train,2853.0,54,0,1,0.5936015947252379
HANCOCK,train,2876.0,53,0,1,0.5936015947252379
HANCOCK,train,2901.0,52,0,1,0.5936015947252379
HANCOCK,train,2911.0,51,0,1,0.5936015947252379
HANCOCK,train,2913.0,50,0,1,0.5936015947252379
HANCOCK,train,2919.0,49,0,1,0.5936015947252379
HANCOCK,train,2932.0,48,0,1,0.5936015947252379
HANCOCK,train,2959.0,47,1,0,0.5809717735608712
HANCOCK,train,2961.0,46,1,0,0.5683419523965044
HANCOCK,train,2984.0,45,0,1,0.5683419523965044
HANCOCK,train,2996.0,44,0,1,0.5683419523965044
HANCOCK,train,2997.0,43,0,1,0.5683419523965044
HANCOCK,train,3017.0,42,0,1,0.5683419523965044
HANCOCK,train,3037.0,41,0,1,0.5683419523965044
HANCOCK,train,3038.0,40,1,0,0.5541334035865918
HANCOCK,train,3046.0,39,0,1,0.5541334035865918
HANCOCK,train,3053.0,38,0,1,0.5541334035865918
HANCOCK,train,3060.0,37,0,1,0.5541334035865918
HANCOCK,train,3072.0,36,1,0,0.5387408090425198
HANCOCK,train,3077.0,35,0,1,0.5387408090425198
HANCOCK,train,3085.0,34,1,0,0.5228954911295045
HANCOCK,train,3187.0,33,0,1,0.5228954911295045
HANCOCK,train,3197.0,32,0,1,0.5228954911295045
HANCOCK,train,3198.0,31,0,1,0.5228954911295045
HANCOCK,train,3202.0,30,0,1,0.5228954911295045
HANCOCK,train,3222.0,29,0,1,0.5228954911295045
HANCOCK,train,3232.0,28,0,2,0.5228954911295045
HANCOCK,train,3284.0,26,0,1,0.5228954911295045
HANCOCK,train,3295.0,25,1,0,0.5019796714843243
HANCOCK,train,3302.0,24,0,1,0.5019796714843243
HANCOCK,train,3352.0,23,0,1,0.5019796714843243
HANCOCK,train,3423.0,22,0,1,0.5019796714843243
HANCOCK,train,3486.0,21,0,1,0.5019796714843243
HANCOCK,train,3517.0,20,0,1,0.5019796714843243
HANCOCK,train,3581.0,19,0,1,0.5019796714843243
HANCOCK,train,3600.0,18,0,1,0.5019796714843243
HANCOCK,train,3716.0,17,0,1,0.5019796714843243
HANCOCK,train,3735.0,16,1,0,0.47060594201655404
HANCOCK,train,3751.0,15,0,1,0.47060594201655404
HANCOCK,train,3788.0,14,0,1,0.47060594201655404
HANCOCK,train,3824.0,13,1,0,0.4344054849383576
HANCOCK,train,3973.0,12,0,1,0.4344054849383576
HANCOCK,train,4006.0,11,0,1,0.4344054849383576
HANCOCK,train,4097.0,10,0,1,0.4344054849383576
HANCOCK,train,4221.0,9,1,0,0.38613820883409566
HANCOCK,train,4228.0,8,0,1,0.38613820883409566
HANCOCK,train,4233.0,7,0,1,0.38613820883409566
HANCOCK,train,4260.0,6,0,1,0.38613820883409566
HANCOCK,train,4500.0,5,1,0,0.30891056706727654
HANCOCK,train,4670.0,4,0,1,0.30891056706727654
HANCOCK,train,4801.0,3,0,1,0.30891056706727654
HANCOCK,train,4963.0,2,0,1,0.30891056706727654
HANCOCK,train,5163.0,1,0,1,0.30891056706727654
RADCURE,calibration,52.0,303,1,0,0.9966996699669967
RADCURE,calibration,96.0,302,1,0,0.9933993399339933
RADCURE,calibration,105.0,301,1,0,0.99009900990099
RADCURE,calibration,118.0,300,1,0,0.9867986798679867
RADCURE,calibration,132.0,299,1,0,0.9834983498349834
RADCURE,calibration,144.0,298,1,0,0.9801980198019801
RADCURE,calibration,148.0,297,1,0,0.9768976897689767
RADCURE,calibration,149.0,296,1,0,0.9735973597359734
RADCURE,calibration,161.0,295,1,0,0.9702970297029702
RADCURE,calibration,163.0,294,1,0,0.9669966996699668
RADCURE,calibration,167.0,293,1,0,0.9636963696369635
RADCURE,calibration,168.0,292,1,0,0.9603960396039601
RADCURE,calibration,171.0,291,1,0,0.9570957095709568
RADCURE,calibration,181.0,290,1,0,0.9537953795379535
RADCURE,calibration,184.0,289,1,0,0.9504950495049501
RADCURE,calibration,185.0,288,1,0,0.9471947194719468
RADCURE,calibration,188.0,287,1,0,0.9438943894389435
RADCURE,calibration,191.0,286,1,0,0.9405940594059402
RADCURE,calibration,205.0,285,1,0,0.9372937293729369
RADCURE,calibration,223.0,284,1,0,0.9339933993399335
RADCURE,calibration,237.0,283,1,0,0.9306930693069302
RADCURE,calibration,238.0,282,1,0,0.927392739273927
RADCURE,calibration,267.0,281,1,0,0.9240924092409236
RADCURE,calibration,285.0,280,1,0,0.9207920792079203
RADCURE,calibration,294.0,279,1,0,0.9174917491749169
RADCURE,calibration,305.0,278,1,0,0.9141914191419137
RADCURE,calibration,310.0,277,1,0,0.9108910891089104
RADCURE,calibration,311.0,276,1,0,0.907590759075907
RADCURE,calibration,326.0,275,1,0,0.9042904290429037
RADCURE,calibration,343.0,274,1,0,0.9009900990099003
RADCURE,calibration,345.0,273,2,0,0.8943894389438938
RADCURE,calibration,367.0,271,2,0,0.8877887788778872
RADCURE,calibration,368.0,269,1,0,0.8844884488448839
RADCURE,calibration,375.0,268,1,0,0.8811881188118806
RADCURE,calibration,376.0,267,1,0,0.8778877887788773
RADCURE,calibration,379.0,266,1,0,0.874587458745874
RADCURE,calibration,386.0,265,1,0,0.8712871287128706
RADCURE,calibration,405.0,264,1,0,0.8679867986798673
RADCURE,calibration,406.0,263,1,0,0.8646864686468639
RADCURE,calibration,416.0,262,1,0,0.8613861386138607
RADCURE,calibration,419.0,261,2,0,0.8547854785478541
RADCURE,calibration,429.0,259,1,0,0.8514851485148508
RADCURE,calibration,466.0,258,1,0,0.8481848184818475
RADCURE,calibration,467.0,257,1,0,0.8448844884488441
RADCURE,calibration,485.0,256,1,0,0.8415841584158408
RADCURE,calibration,496.0,255,1,0,0.8382838283828374
RADCURE,calibration,514.0,254,1,0,0.8349834983498341
RADCURE,calibration,525.0,253,1,0,0.8316831683168309
RADCURE,calibration,532.0,252,1,0,0.8283828382838275
RADCURE,calibration,534.0,251,1,0,0.8250825082508242
RADCURE,calibration,546.0,250,1,0,0.8217821782178208
RADCURE,calibration,593.0,249,1,0,0.8184818481848175
RADCURE,calibration,604.0,248,1,0,0.8151815181518142
RADCURE,calibration,610.0,247,1,0,0.8118811881188108
RADCURE,calibration,644.0,246,1,0,0.8085808580858076
RADCURE,calibration,665.0,245,1,0,0.8052805280528043
RADCURE,calibration,691.0,244,1,0,0.801980198019801
RADCURE,calibration,697.0,243,1,0,0.7986798679867978
RADCURE,calibration,703.0,242,1,0,0.7953795379537945
RADCURE,calibration,712.0,241,0,1,0.7953795379537945
RADCURE,calibration,731.0,240,1,0,0.7920654565456536
RADCURE,calibration,741.0,239,1,0,0.7887513751375128
RADCURE,calibration,743.0,238,0,1,0.7887513751375128
RADCURE,calibration,749.0,237,1,0,0.7854233102635149
RADCURE,calibration,759.0,236,1,0,0.7820952453895169
RADCURE,calibration,761.0,235,0,1,0.7820952453895169
RADCURE,calibration,768.0,234,1,0,0.7787529580160575
RADCURE,calibration,793.0,233,1,0,0.775410670642598
RADCURE,calibration,798.0,232,0,1,0.775410670642598
RADCURE,calibration,806.0,231,1,0,0.7720539144926302
RADCURE,calibration,817.0,230,0,1,0.7720539144926302
RADCURE,calibration,860.0,229,1,0,0.7686825000188632
RADCURE,calibration,875.0,228,0,1,0.7686825000188632
RADCURE,calibration,879.0,227,1,0,0.7652962334989563
RADCURE,calibration,890.0,226,1,1,0.7619099669790493
RADCURE,calibration,927.0,224,1,0,0.7585085831978928
RADCURE,calibration,930.0,223,0,1,0.7585085831978928
RADCURE,calibration,957.0,222,1,0,0.7550918778681727
RADCURE,calibration,958.0,221,1,0,0.7516751725384524
RADCURE,calibration,977.0,220,1,0,0.7482584672087321
RADCURE,calibration,992.0,219,0,1,0.7482584672087321
RADCURE,calibration,1015.0,218,0,1,0.7482584672087321
RADCURE,calibration,1027.0,217,1,0,0.7448102715073094
RADCURE,calibration,1042.0,216,0,1,0.7448102715073094
RADCURE,calibration,1064.0,215,1,0,0.7413460376863452
RADCURE,calibration,1075.0,214,1,0,0.737881803865381
RADCURE,calibration,1076.0,213,1,0,0.7344175700444169
RADCURE,calibration,1077.0,212,0,1,0.7344175700444169
RADCURE,calibration,1099.0,211,1,0,0.730936918053685
RADCURE,calibration,1119.0,210,1,0,0.7274562660629532
RADCURE,calibration,1127.0,209,0,1,0.7274562660629532
RADCURE,calibration,1128.0,208,1,0,0.7239588801684198
RADCURE,calibration,1131.0,207,1,0,0.7204614942738864
RADCURE,calibration,1156.0,206,1,0,0.716964108379353
RADCURE,calibration,1159.0,205,1,0,0.7134667224848196
RADCURE,calibration,1163.0,204,1,0,0.7099693365902862
RADCURE,calibration,1176.0,203,1,0,0.7064719506957527
RADCURE,calibration,1207.0,202,0,1,0.7064719506957527
RADCURE,calibration,1230.0,201,0,1,0.7064719506957527
RADCURE,calibration,1238.0,200,0,1,0.7064719506957527
RADCURE,calibration,1241.0,199,1,0,0.7029218403907489
RADCURE,calibration,1243.0,198,1,0,0.699371730085745
RADCURE,calibration,1248.0,197,0,1,0.699371730085745
RADCURE,calibration,1264.0,196,1,0,0.6958035069730627
RADCURE,calibration,1288.0,195,1,0,0.6922352838603804
RADCURE,calibration,1309.0,194,0,1,0.6922352838603804
RADCURE,calibration,1321.0,193,0,1,0.6922352838603804
RADCURE,calibration,1350.0,192,1,0,0.6886298917569409
RADCURE,calibration,1354.0,191,0,1,0.6886298917569409
RADCURE,calibration,1360.0,190,0,1,0.6886298917569409
RADCURE,calibration,1361.0,189,0,1,0.6886298917569409
RADCURE,calibration,1376.0,188,1,0,0.684966966800787
RADCURE,calibration,1406.0,187,1,0,0.681304041844633
RADCURE,calibration,1429.0,186,1,0,0.6776411168884791
RADCURE,calibration,1450.0,185,0,1,0.6776411168884791
RADCURE,calibration,1454.0,184,1,0,0.6739582847314765
RADCURE,calibration,1470.0,183,0,1,0.6739582847314765
RADCURE,calibration,1490.0,182,1,0,0.6702552172329519
RADCURE,calibration,1491.0,181,1,0,0.6665521497344273
RADCURE,calibration,1505.0,180,0,1,0.6665521497344273
RADCURE,calibration,1536.0,179,0,1,0.6665521497344273
RADCURE,calibration,1547.0,178,0,1,0.6665521497344273
RADCURE,calibration,1554.0,177,1,0,0.6627863183799956
RADCURE,calibration,1587.0,176,0,1,0.6627863183799956
RADCURE,calibration,1590.0,175,1,1,0.6589989679892527
RADCURE,calibration,1594.0,173,0,1,0.6589989679892527
RADCURE,calibration,1597.0,172,0,1,0.6589989679892527
RADCURE,calibration,1625.0,171,0,1,0.6589989679892527
RADCURE,calibration,1634.0,170,0,1,0.6589989679892527
RADCURE,calibration,1642.0,169,0,1,0.6589989679892527
RADCURE,calibration,1658.0,168,0,1,0.6589989679892527
RADCURE,calibration,1661.0,167,0,1,0.6589989679892527
RADCURE,calibration,1681.0,166,0,1,0.6589989679892527
RADCURE,calibration,1687.0,165,1,1,0.6550050348499239
RADCURE,calibration,1694.0,163,0,1,0.6550050348499239
RADCURE,calibration,1695.0,162,0,1,0.6550050348499239
RADCURE,calibration,1709.0,161,0,2,0.6550050348499239
RADCURE,calibration,1716.0,159,0,1,0.6550050348499239
RADCURE,calibration,1728.0,158,0,1,0.6550050348499239
RADCURE,calibration,1731.0,157,0,1,0.6550050348499239
RADCURE,calibration,1738.0,156,0,1,0.6550050348499239
RADCURE,calibration,1759.0,155,0,1,0.6550050348499239
RADCURE,calibration,1760.0,154,0,1,0.6550050348499239
RADCURE,calibration,1766.0,153,0,1,0.6550050348499239
RADCURE,calibration,1777.0,152,0,1,0.6550050348499239
RADCURE,calibration,1786.0,151,1,0,0.650667253162176
RADCURE,calibration,1792.0,150,0,1,0.650667253162176
RADCURE,calibration,1797.0,149,0,1,0.650667253162176
RADCURE,calibration,1800.0,148,1,0,0.646270852802972
RADCURE,calibration,1806.0,147,0,1,0.646270852802972
RADCURE,calibration,1819.0,146,0,2,0.646270852802972
RADCURE,calibration,1825.0,144,1,0,0.6417828607696181
RADCURE,calibration,1826.0,143,0,1,0.6417828607696181
RADCURE,calibration,1833.0,142,0,1,0.6417828607696181
RADCURE,calibration,1850.0,141,0,1,0.6417828607696181
RADCURE,calibration,1854.0,140,0,1,0.6417828607696181
RADCURE,calibration,1856.0,139,0,1,0.6417828607696181
RADCURE,calibration,1862.0,138,0,1,0.6417828607696181
RADCURE,calibration,1872.0,137,0,1,0.6417828607696181
RADCURE,calibration,1877.0,136,0,1,0.6417828607696181
RADCURE,calibration,1883.0,135,0,1,0.6417828607696181
RADCURE,calibration,1888.0,134,1,0,0.6369934364355164
RADCURE,calibration,1900.0,133,0,1,0.6369934364355164
RADCURE,calibration,1901.0,132,1,0,0.6321677285837323
RADCURE,calibration,1909.0,131,0,1,0.6321677285837323
RADCURE,calibration,1911.0,130,0,1,0.6321677285837323
RADCURE,calibration,1912.0,129,0,1,0.6321677285837323
RADCURE,calibration,1917.0,128,0,1,0.6321677285837323
RADCURE,calibration,1936.0,127,1,0,0.6271900299334666
RADCURE,calibration,1939.0,126,0,1,0.6271900299334666
RADCURE,calibration,1941.0,125,0,1,0.6271900299334666
RADCURE,calibration,1943.0,124,0,1,0.6271900299334666
RADCURE,calibration,1945.0,123,0,1,0.6271900299334666
RADCURE,calibration,1948.0,122,0,1,0.6271900299334666
RADCURE,calibration,1959.0,121,0,1,0.6271900299334666
RADCURE,calibration,1964.0,120,0,1,0.6271900299334666
RADCURE,calibration,1976.0,119,0,1,0.6271900299334666
RADCURE,calibration,1977.0,118,0,1,0.6271900299334666
RADCURE,calibration,1980.0,117,0,1,0.6271900299334666
RADCURE,calibration,1983.0,116,0,1,0.6271900299334666
RADCURE,calibration,1984.0,115,0,1,0.6271900299334666
RADCURE,calibration,1994.0,114,0,1,0.6271900299334666
RADCURE,calibration,1998.0,113,0,1,0.6271900299334666
RADCURE,calibration,2003.0,112,0,1,0.6271900299334666
RADCURE,calibration,2004.0,111,0,1,0.6271900299334666
RADCURE,calibration,2005.0,110,1,0,0.621488302388617
RADCURE,calibration,2012.0,109,0,1,0.621488302388617
RADCURE,calibration,2019.0,108,0,1,0.621488302388617
RADCURE,calibration,2023.0,107,0,1,0.621488302388617
RADCURE,calibration,2039.0,106,0,1,0.621488302388617
RADCURE,calibration,2043.0,105,0,1,0.621488302388617
RADCURE,calibration,2085.0,104,0,1,0.621488302388617
RADCURE,calibration,2087.0,103,0,1,0.621488302388617
RADCURE,calibration,2095.0,102,0,1,0.621488302388617
RADCURE,calibration,2100.0,101,0,1,0.621488302388617
RADCURE,calibration,2103.0,100,0,1,0.621488302388617
RADCURE,calibration,2111.0,99,0,1,0.621488302388617
RADCURE,calibration,2133.0,98,0,1,0.621488302388617
RADCURE,calibration,2142.0,97,0,1,0.621488302388617
RADCURE,calibration,2143.0,96,0,1,0.621488302388617
RADCURE,calibration,2155.0,95,0,2,0.621488302388617
RADCURE,calibration,2156.0,93,0,1,0.621488302388617
RADCURE,calibration,2157.0,92,0,1,0.621488302388617
RADCURE,calibration,2165.0,91,0,2,0.621488302388617
RADCURE,calibration,2171.0,89,0,2,0.621488302388617
RADCURE,calibration,2172.0,87,0,1,0.621488302388617
RADCURE,calibration,2177.0,86,0,1,0.621488302388617
RADCURE,calibration,2179.0,85,0,1,0.621488302388617
RADCURE,calibration,2184.0,84,1,0,0.6140896321220858
RADCURE,calibration,2186.0,83,0,1,0.6140896321220858
RADCURE,calibration,2232.0,82,0,1,0.6140896321220858
RADCURE,calibration,2233.0,81,0,1,0.6140896321220858
RADCURE,calibration,2234.0,80,0,1,0.6140896321220858
RADCURE,calibration,2235.0,79,1,0,0.6063163456395277
RADCURE,calibration,2249.0,78,0,1,0.6063163456395277
RADCURE,calibration,2254.0,77,0,1,0.6063163456395277
RADCURE,calibration,2261.0,76,0,1,0.6063163456395277
RADCURE,calibration,2270.0,75,0,1,0.6063163456395277
RADCURE,calibration,2276.0,74,0,1,0.6063163456395277
RADCURE,calibration,2282.0,73,0,1,0.6063163456395277
RADCURE,calibration,2296.0,72,0,1,0.6063163456395277
RADCURE,calibration,2302.0,71,0,1,0.6063163456395277
RADCURE,calibration,2309.0,70,0,1,0.6063163456395277
RADCURE,calibration,2322.0,69,0,1,0.6063163456395277
RADCURE,calibration,2361.0,68,1,0,0.5973999287918876
RADCURE,calibration,2368.0,67,0,1,0.5973999287918876
RADCURE,calibration,2378.0,66,0,1,0.5973999287918876
RADCURE,calibration,2387.0,65,0,1,0.5973999287918876
RADCURE,calibration,2415.0,64,0,1,0.5973999287918876
RADCURE,calibration,2416.0,63,0,1,0.5973999287918876
RADCURE,calibration,2429.0,62,0,1,0.5973999287918876
RADCURE,calibration,2436.0,61,0,1,0.5973999287918876
RADCURE,calibration,2473.0,60,0,1,0.5973999287918876
RADCURE,calibration,2491.0,59,0,1,0.5973999287918876
RADCURE,calibration,2507.0,58,0,1,0.5973999287918876
RADCURE,calibration,2546.0,57,0,1,0.5973999287918876
RADCURE,calibration,2550.0,56,0,1,0.5973999287918876
RADCURE,calibration,2555.0,55,0,1,0.5973999287918876
RADCURE,calibration,2563.0,54,0,1,0.5973999287918876
RADCURE,calibration,2591.0,53,0,1,0.5973999287918876
RADCURE,calibration,2624.0,52,0,1,0.5973999287918876
RADCURE,calibration,2631.0,51,0,1,0.5973999287918876
RADCURE,calibration,2640.0,50,0,1,0.5973999287918876
RADCURE,calibration,2647.0,49,1,0,0.5852080935104206
RADCURE,calibration,2673.0,48,0,1,0.5852080935104206
RADCURE,calibration,2712.0,47,0,1,0.5852080935104206
RADCURE,calibration,2716.0,46,0,1,0.5852080935104206
RADCURE,calibration,2737.0,45,0,1,0.5852080935104206
RADCURE,calibration,2739.0,44,0,2,0.5852080935104206
RADCURE,calibration,2770.0,42,0,1,0.5852080935104206
RADCURE,calibration,2859.0,41,0,1,0.5852080935104206
RADCURE,calibration,2883.0,40,0,1,0.5852080935104206
RADCURE,calibration,2897.0,39,0,1,0.5852080935104206
RADCURE,calibration,2899.0,38,0,1,0.5852080935104206
RADCURE,calibration,2925.0,37,0,1,0.5852080935104206
RADCURE,calibration,2940.0,36,0,1,0.5852080935104206
RADCURE,calibration,2949.0,35,0,1,0.5852080935104206
RADCURE,calibration,2964.0,34,0,1,0.5852080935104206
RADCURE,calibration,2976.0,33,0,1,0.5852080935104206
RADCURE,calibration,2982.0,32,1,0,0.5669203405882199
RADCURE,calibration,2999.0,31,1,0,0.5486325876660193
RADCURE,calibration,3017.0,30,0,1,0.5486325876660193
RADCURE,calibration,3047.0,29,0,1,0.5486325876660193
RADCURE,calibration,3105.0,28,0,1,0.5486325876660193
RADCURE,calibration,3106.0,27,0,1,0.5486325876660193
RADCURE,calibration,3121.0,26,0,1,0.5486325876660193
RADCURE,calibration,3149.0,25,1,0,0.5266872841593785
RADCURE,calibration,3158.0,24,0,1,0.5266872841593785
RADCURE,calibration,3185.0,23,0,1,0.5266872841593785
RADCURE,calibration,3193.0,22,0,1,0.5266872841593785
RADCURE,calibration,3269.0,21,0,1,0.5266872841593785
RADCURE,calibration,3303.0,20,0,1,0.5266872841593785
RADCURE,calibration,3310.0,19,0,1,0.5266872841593785
RADCURE,calibration,3359.0,18,1,0,0.49742687948385744
RADCURE,calibration,3367.0,17,0,1,0.49742687948385744
RADCURE,calibration,3415.0,16,0,1,0.49742687948385744
RADCURE,calibration,3420.0,15,1,0,0.46426508751826695
RADCURE,calibration,3480.0,14,0,1,0.46426508751826695
RADCURE,calibration,3545.0,13,1,0,0.42855238847840027
RADCURE,calibration,3546.0,12,0,1,0.42855238847840027
RADCURE,calibration,3598.0,11,0,1,0.42855238847840027
RADCURE,calibration,3617.0,10,0,1,0.42855238847840027
RADCURE,calibration,3632.0,9,0,1,0.42855238847840027
RADCURE,calibration,3666.0,8,0,1,0.42855238847840027
RADCURE,calibration,3667.0,7,0,1,0.42855238847840027
RADCURE,calibration,3802.0,6,0,1,0.42855238847840027
RADCURE,calibration,3809.0,5,0,1,0.42855238847840027
RADCURE,calibration,3857.0,4,0,1,0.42855238847840027
RADCURE,calibration,3947.0,3,0,1,0.42855238847840027
RADCURE,calibration,4088.0,2,0,1,0.42855238847840027
RADCURE,calibration,4675.0,1,0,1,0.42855238847840027
RADCURE,train,36.0,1215,1,0,0.9991769547325103
RADCURE,train,41.0,1214,1,0,0.9983539094650207
RADCURE,train,54.0,1213,1,0,0.9975308641975309
RADCURE,train,56.0,1212,1,0,0.9967078189300411
RADCURE,train,59.0,1211,1,0,0.9958847736625513
RADCURE,train,61.0,1210,1,0,0.9950617283950617
RADCURE,train,64.0,1209,1,0,0.9942386831275719
RADCURE,train,65.0,1208,2,0,0.9925925925925926
RADCURE,train,73.0,1206,1,0,0.9917695473251028
RADCURE,train,88.0,1205,1,0,0.9909465020576131
RADCURE,train,94.0,1204,2,0,0.9893004115226338
RADCURE,train,98.0,1202,2,0,0.9876543209876544
RADCURE,train,101.0,1200,2,0,0.9860082304526749
RADCURE,train,106.0,1198,1,0,0.9851851851851853
RADCURE,train,111.0,1197,1,0,0.9843621399176955
RADCURE,train,119.0,1196,1,0,0.9835390946502057
RADCURE,train,125.0,1195,1,0,0.982716049382716
RADCURE,train,127.0,1194,1,0,0.9818930041152262
RADCURE,train,131.0,1193,1,0,0.9810699588477365
RADCURE,train,138.0,1192,1,0,0.9802469135802467
RADCURE,train,139.0,1191,1,0,0.9794238683127571
RADCURE,train,141.0,1190,1,0,0.9786008230452674
RADCURE,train,142.0,1189,1,0,0.9777777777777777
RADCURE,train,146.0,1188,1,0,0.976954732510288
RADCURE,train,147.0,1187,1,0,0.9761316872427983
RADCURE,train,148.0,1186,1,0,0.9753086419753086
RADCURE,train,151.0,1185,2,0,0.9736625514403292
RADCURE,train,158.0,1183,1,0,0.9728395061728395
RADCURE,train,159.0,1182,2,0,0.9711934156378601
RADCURE,train,162.0,1180,1,0,0.9703703703703703
RADCURE,train,163.0,1179,1,0,0.9695473251028807
RADCURE,train,164.0,1178,2,0,0.9679012345679012
RADCURE,train,168.0,1176,1,0,0.9670781893004115
RADCURE,train,169.0,1175,4,0,0.9637860082304527
RADCURE,train,175.0,1171,2,0,0.9621399176954732
RADCURE,train,177.0,1169,1,0,0.9613168724279836
RADCURE,train,178.0,1168,3,0,0.9588477366255144
RADCURE,train,179.0,1165,1,0,0.9580246913580247
RADCURE,train,180.0,1164,1,0,0.957201646090535
RADCURE,train,182.0,1163,1,0,0.9563786008230454
RADCURE,train,184.0,1162,1,0,0.9555555555555556
RADCURE,train,185.0,1161,1,0,0.9547325102880659
RADCURE,train,188.0,1160,1,0,0.9539094650205763
RADCURE,train,189.0,1159,1,1,0.9530864197530866
RADCURE,train,192.0,1157,2,0,0.9514389064950864
RADCURE,train,194.0,1155,2,0,0.9497913932370863
RADCURE,train,198.0,1153,2,0,0.9481438799790861
RADCURE,train,199.0,1151,1,0,0.9473201233500861
RADCURE,train,200.0,1150,1,0,0.946496366721086
RADCURE,train,201.0,1149,1,0,0.9456726100920859
RADCURE,train,202.0,1148,1,0,0.9448488534630858
RADCURE,train,203.0,1147,2,0,0.9432013402050856
RADCURE,train,205.0,1145,1,0,0.9423775835760856
RADCURE,train,207.0,1144,1,0,0.9415538269470856
RADCURE,train,210.0,1143,1,0,0.9407300703180854
RADCURE,train,211.0,1142,1,0,0.9399063136890853
RADCURE,train,220.0,1141,1,0,0.9390825570600851
RADCURE,train,221.0,1140,1,0,0.9382588004310851
RADCURE,train,222.0,1139,1,0,0.937435043802085
RADCURE,train,223.0,1138,2,0,0.9357875305440848
RADCURE,train,226.0,1136,2,0,0.9341400172860846
RADCURE,train,232.0,1134,1,0,0.9333162606570846
RADCURE,train,235.0,1133,1,0,0.9324925040280846
RADCURE,train,240.0,1132,1,0,0.9316687473990846
RADCURE,train,241.0,1131,1,0,0.9308449907700844
RADCURE,train,243.0,1130,1,0,0.9300212341410844
RADCURE,train,244.0,1129,1,0,0.9291974775120844
RADCURE,train,245.0,1128,2,0,0.9275499642540842
RADCURE,train,247.0,1126,1,0,0.9267262076250842
RADCURE,train,249.0,1125,3,0,0.9242549377380839
RADCURE,train,250.0,1122,1,0,0.9234311811090838
RADCURE,train,251.0,1121,1,0,0.9226074244800837
RADCURE,train,253.0,1120,2,0,0.9209599112220835
RADCURE,train,254.0,1118,1,0,0.9201361545930835
RADCURE,train,255.0,1117,1,0,0.9193123979640835
RADCURE,train,257.0,1116,2,0,0.9176648847060833
RADCURE,train,258.0,1114,1,0,0.9168411280770833
RADCURE,train,260.0,1113,1,0,0.9160173714480832
RADCURE,train,261.0,1112,1,0,0.9151936148190831
RADCURE,train,263.0,1111,2,0,0.9135461015610831
RADCURE,train,266.0,1109,2,0,0.9118985883030829
RADCURE,train,268.0,1107,2,0,0.9102510750450827
RADCURE,train,272.0,1105,1,0,0.9094273184160827
RADCURE,train,273.0,1104,3,0,0.9069560485290825
RADCURE,train,279.0,1101,1,0,0.9061322919000824
RADCURE,train,289.0,1100,1,0,0.9053085352710823
RADCURE,train,295.0,1099,1,0,0.9044847786420823
RADCURE,train,296.0,1098,1,0,0.9036610220130823
RADCURE,train,301.0,1097,1,0,0.9028372653840823
RADCURE,train,306.0,1096,1,0,0.9020135087550821
RADCURE,train,310.0,1095,1,0,0.901189752126082
RADCURE,train,312.0,1094,1,0,0.900365995497082
RADCURE,train,313.0,1093,1,0,0.8995422388680819
RADCURE,train,316.0,1092,1,0,0.8987184822390819
RADCURE,train,318.0,1091,1,0,0.8978947256100818
RADCURE,train,320.0,1090,1,0,0.8970709689810817
RADCURE,train,329.0,1089,1,0,0.8962472123520816
RADCURE,train,330.0,1088,0,1,0.8962472123520816
RADCURE,train,332.0,1087,2,0,0.8945981834425102
RADCURE,train,335.0,1085,1,0,0.8937736689877245
RADCURE,train,344.0,1084,1,0,0.8929491545329388
RADCURE,train,347.0,1083,1,0,0.8921246400781531
RADCURE,train,348.0,1082,1,0,0.8913001256233674
RADCURE,train,349.0,1081,1,0,0.8904756111685816
RADCURE,train,355.0,1080,2,0,0.8888265822590101
RADCURE,train,357.0,1078,1,0,0.8880020678042244
RADCURE,train,361.0,1077,1,0,0.8871775533494387
RADCURE,train,369.0,1076,1,0,0.886353038894653
RADCURE,train,370.0,1075,1,0,0.8855285244398673
RADCURE,train,372.0,1074,1,0,0.8847040099850816
RADCURE,train,377.0,1073,1,0,0.8838794955302959
RADCURE,train,385.0,1072,1,0,0.8830549810755102
RADCURE,train,389.0,1071,1,0,0.8822304666207245
RADCURE,train,392.0,1070,2,0,0.880581437711153
RADCURE,train,394.0,1068,2,0,0.8789324088015816
RADCURE,train,395.0,1066,1,0,0.8781078943467959
RADCURE,train,398.0,1065,1,0,0.8772833798920102
RADCURE,train,402.0,1064,1,0,0.8764588654372245
RADCURE,train,407.0,1063,1,0,0.8756343509824388
RADCURE,train,408.0,1062,1,0,0.8748098365276531
RADCURE,train,412.0,1061,1,0,0.8739853220728674
RADCURE,train,413.0,1060,2,0,0.872336293163296
RADCURE,train,414.0,1058,1,0,0.8715117787085103
RADCURE,train,417.0,1057,1,0,0.8706872642537246
RADCURE,train,421.0,1056,1,0,0.8698627497989389
RADCURE,train,422.0,1055,1,0,0.8690382353441531
RADCURE,train,425.0,1054,2,0,0.8673892064345816
RADCURE,train,427.0,1052,2,0,0.8657401775250102
RADCURE,train,430.0,1050,1,0,0.8649156630702245
RADCURE,train,432.0,1049,1,0,0.8640911486154388
RADCURE,train,437.0,1048,1,0,0.8632666341606531
RADCURE,train,438.0,1047,2,0,0.8616176052510817
RADCURE,train,441.0,1045,2,0,0.8599685763415102
RADCURE,train,442.0,1043,1,0,0.8591440618867245
RADCURE,train,443.0,1042,2,0,0.857495032977153
RADCURE,train,446.0,1040,1,0,0.8566705185223673
RADCURE,train,452.0,1039,1,0,0.8558460040675816
RADCURE,train,454.0,1038,1,0,0.8550214896127959
RADCURE,train,457.0,1037,1,0,0.8541969751580102
RADCURE,train,458.0,1036,1,0,0.8533724607032244
RADCURE,train,459.0,1035,1,0,0.8525479462484387
RADCURE,train,468.0,1034,1,0,0.851723431793653
RADCURE,train,470.0,1033,1,0,0.8508989173388672
RADCURE,train,472.0,1032,1,0,0.8500744028840815
RADCURE,train,483.0,1031,1,0,0.8492498884292957
RADCURE,train,484.0,1030,1,0,0.84842537397451
RADCURE,train,490.0,1029,1,0,0.8476008595197243
RADCURE,train,499.0,1028,1,0,0.8467763450649386
RADCURE,train,508.0,1027,1,0,0.8459518306101529
RADCURE,train,510.0,1026,1,0,0.8451273161553672
RADCURE,train,512.0,1025,1,0,0.8443028017005815
RADCURE,train,514.0,1024,2,0,0.8426537727910101
RADCURE,train,521.0,1022,1,0,0.8418292583362244
RADCURE,train,523.0,1021,3,0,0.8393557149718671
RADCURE,train,524.0,1018,1,0,0.8385312005170814
RADCURE,train,527.0,1017,1,0,0.8377066860622957
RADCURE,train,534.0,1016,1,0,0.83688217160751
RADCURE,train,537.0,1015,1,0,0.8360576571527243
RADCURE,train,543.0,1014,1,0,0.8352331426979386
RADCURE,train,550.0,1013,2,0,0.833584113788367
RADCURE,train,552.0,1011,1,0,0.8327595993335813
RADCURE,train,555.0,1010,1,0,0.8319350848787956
RADCURE,train,557.0,1009,1,0,0.8311105704240099
RADCURE,train,559.0,1008,1,0,0.8302860559692242
RADCURE,train,566.0,1007,1,0,0.8294615415144385
RADCURE,train,569.0,1006,1,0,0.8286370270596528
RADCURE,train,574.0,1005,1,0,0.8278125126048671
RADCURE,train,581.0,1004,1,0,0.8269879981500814
RADCURE,train,587.0,1003,1,0,0.8261634836952957
RADCURE,train,589.0,1002,1,0,0.82533896924051
RADCURE,train,590.0,1001,1,0,0.8245144547857243
RADCURE,train,591.0,1000,1,0,0.8236899403309386
RADCURE,train,607.0,999,1,0,0.8228654258761529
RADCURE,train,611.0,998,1,0,0.8220409114213671
RADCURE,train,612.0,997,1,0,0.8212163969665814
RADCURE,train,619.0,996,1,0,0.8203918825117957
RADCURE,train,623.0,995,1,0,0.81956736805701
RADCURE,train,625.0,994,1,0,0.8187428536022243
RADCURE,train,629.0,993,1,0,0.8179183391474386
RADCURE,train,630.0,992,1,0,0.8170938246926529
RADCURE,train,634.0,991,1,0,0.8162693102378672
RADCURE,train,636.0,990,2,0,0.8146202813282958
RADCURE,train,638.0,988,1,0,0.8137957668735101
RADCURE,train,641.0,987,1,0,0.8129712524187244
RADCURE,train,648.0,986,2,0,0.811322223509153
RADCURE,train,652.0,984,1,0,0.8104977090543672
RADCURE,train,657.0,983,1,0,0.8096731945995814
RADCURE,train,658.0,982,1,0,0.8088486801447957
RADCURE,train,659.0,981,1,0,0.80802416569001
RADCURE,train,660.0,980,1,0,0.8071996512352243
RADCURE,train,669.0,979,1,0,0.8063751367804386
RADCURE,train,672.0,978,1,0,0.8055506223256529
RADCURE,train,675.0,977,1,0,0.8047261078708672
RADCURE,train,677.0,976,1,0,0.8039015934160815
RADCURE,train,679.0,975,1,0,0.8030770789612958
RADCURE,train,689.0,974,1,0,0.8022525645065101
RADCURE,train,691.0,973,1,0,0.8014280500517243
RADCURE,train,692.0,972,1,0,0.8006035355969386
RADCURE,train,695.0,971,1,0,0.7997790211421529
RADCURE,train,697.0,970,1,0,0.7989545066873672
RADCURE,train,701.0,969,1,0,0.7981299922325814
RADCURE,train,703.0,968,1,0,0.7973054777777957
RADCURE,train,704.0,967,1,0,0.79648096332301
RADCURE,train,706.0,966,1,0,0.7956564488682243
RADCURE,train,707.0,965,1,0,0.7948319344134386
RADCURE,train,719.0,964,1,0,0.7940074199586529
RADCURE,train,725.0,963,0,1,0.7940074199586529
RADCURE,train,726.0,962,1,0,0.7931820484202343
RADCURE,train,729.0,961,1,0,0.7923566768818158
RADCURE,train,731.0,960,1,0,0.7915313053433972
RADCURE,train,734.0,959,2,0,0.7898805622665601
RADCURE,train,735.0,957,1,1,0.7890551907281416
RADCURE,train,736.0,955,1,0,0.788228954926332
RADCURE,train,737.0,954,1,0,0.7874027191245225
RADCURE,train,739.0,953,1,0,0.7865764833227129
RADCURE,train,741.0,952,1,0,0.7857502475209034
RADCURE,train,742.0,951,1,0,0.7849240117190939
RADCURE,train,750.0,950,0,1,0.7849240117190939
RADCURE,train,753.0,949,1,0,0.7840969052789263
RADCURE,train,756.0,948,1,0,0.7832697988387586
RADCURE,train,760.0,947,1,0,0.7824426923985909
RADCURE,train,763.0,946,0,1,0.7824426923985909
RADCURE,train,766.0,945,1,0,0.781614710713513
RADCURE,train,770.0,944,1,0,0.780786729028435
RADCURE,train,776.0,943,1,0,0.7799587473433572
RADCURE,train,779.0,942,0,1,0.7799587473433572
RADCURE,train,782.0,941,1,0,0.7791298857627587
RADCURE,train,783.0,940,1,0,0.77830102418216
RADCURE,train,787.0,939,1,0,0.7774721626015613
RADCURE,train,789.0,938,1,0,0.7766433010209626
RADCURE,train,791.0,937,1,0,0.7758144394403639
RADCURE,train,794.0,936,1,0,0.7749855778597652
RADCURE,train,795.0,935,1,0,0.7741567162791665
RADCURE,train,798.0,934,0,1,0.7741567162791665
RADCURE,train,802.0,933,1,0,0.773326966315309
RADCURE,train,803.0,932,1,0,0.7724972163514513
RADCURE,train,805.0,931,1,0,0.7716674663875936
RADCURE,train,808.0,930,1,1,0.770837716423736
RADCURE,train,809.0,928,1,0,0.7700070723327621
RADCURE,train,814.0,927,1,0,0.7691764282417882
RADCURE,train,817.0,926,1,1,0.7683457841508144
RADCURE,train,820.0,924,1,0,0.7675142410943742
RADCURE,train,822.0,923,1,0,0.7666826980379339
RADCURE,train,824.0,922,0,1,0.7666826980379339
RADCURE,train,825.0,921,0,1,0.7666826980379339
RADCURE,train,828.0,920,1,0,0.765849347279197
RADCURE,train,829.0,919,0,1,0.765849347279197
RADCURE,train,830.0,918,1,0,0.7650150887309626
RADCURE,train,841.0,917,0,1,0.7650150887309626
RADCURE,train,846.0,916,1,0,0.764179919420121
RADCURE,train,850.0,915,0,1,0.764179919420121
RADCURE,train,851.0,914,0,1,0.764179919420121
RADCURE,train,864.0,913,1,0,0.7633429206036696
RADCURE,train,866.0,912,1,0,0.7625059217872182
RADCURE,train,870.0,911,1,1,0.7616689229707668
RADCURE,train,874.0,909,1,0,0.7608310033635383
RADCURE,train,878.0,908,0,1,0.7608310033635383
RADCURE,train,879.0,907,1,0,0.759992159919918
RADCURE,train,881.0,906,1,0,0.7591533164762978
RADCURE,train,882.0,905,1,0,0.7583144730326775
RADCURE,train,883.0,904,0,1,0.7583144730326775
RADCURE,train,884.0,903,1,0,0.7574747006372925
RADCURE,train,891.0,902,1,0,0.7566349282419075
RADCURE,train,896.0,901,0,1,0.7566349282419075
RADCURE,train,906.0,900,2,0,0.7549535172902588
RADCURE,train,907.0,898,0,1,0.7549535172902588
RADCURE,train,909.0,897,0,1,0.7549535172902588
RADCURE,train,910.0,896,1,0,0.7541109352397117
RADCURE,train,912.0,895,0,1,0.7541109352397117
RADCURE,train,924.0,894,1,0,0.7532674107036494
RADCURE,train,937.0,893,1,0,0.752423886167587
RADCURE,train,938.0,892,1,0,0.7515803616315248
RADCURE,train,939.0,891,1,0,0.7507368370954625
RADCURE,train,946.0,890,0,1,0.7507368370954625
RADCURE,train,948.0,889,1,0,0.7498923637129029
RADCURE,train,949.0,888,1,1,0.7490478903303432
RADCURE,train,951.0,886,0,1,0.7490478903303432
RADCURE,train,954.0,885,1,0,0.7482015085333599
RADCURE,train,959.0,884,0,1,0.7482015085333599
RADCURE,train,961.0,883,1,0,0.7473541682065951
RADCURE,train,969.0,882,1,0,0.7465068278798302
RADCURE,train,970.0,881,0,1,0.7465068278798302
RADCURE,train,971.0,880,1,0,0.7456585246663304
RADCURE,train,975.0,879,0,1,0.7456585246663304
RADCURE,train,980.0,878,1,0,0.7448092552760498
RADCURE,train,981.0,877,0,1,0.7448092552760498
RADCURE,train,983.0,876,1,0,0.7439590164001638
RADCURE,train,984.0,875,0,1,0.7439590164001638
RADCURE,train,997.0,874,1,0,0.7431078047109188
RADCURE,train,1001.0,873,1,0,0.7422565930216737
RADCURE,train,1003.0,872,1,0,0.7414053813324286
RADCURE,train,1008.0,871,1,0,0.7405541696431835
RADCURE,train,1009.0,870,0,1,0.7405541696431835
RADCURE,train,1014.0,869,1,0,0.7397019784238014
RADCURE,train,1016.0,868,2,1,0.7379975959850368
RADCURE,train,1020.0,865,1,0,0.7371444195734933
RADCURE,train,1025.0,864,1,0,0.7362912431619499
RADCURE,train,1026.0,863,1,0,0.7354380667504066
RADCURE,train,1028.0,862,1,1,0.7345848903388632
RADCURE,train,1031.0,860,1,0,0.7337307218617249
RADCURE,train,1032.0,859,1,0,0.7328765533845867
RADCURE,train,1034.0,858,0,1,0.7328765533845867
RADCURE,train,1037.0,857,1,0,0.7320213882114425
RADCURE,train,1040.0,856,1,0,0.7311662230382983
RADCURE,train,1046.0,855,1,0,0.730311057865154
RADCURE,train,1048.0,854,1,0,0.7294558926920098
RADCURE,train,1050.0,853,2,0,0.7277455623457214
RADCURE,train,1051.0,851,0,1,0.7277455623457214
RADCURE,train,1054.0,850,1,0,0.7268893910959029
RADCURE,train,1056.0,849,1,0,0.7260332198460844
RADCURE,train,1061.0,848,0,1,0.7260332198460844
RADCURE,train,1063.0,847,1,0,0.725176037768344
RADCURE,train,1065.0,846,0,1,0.725176037768344
RADCURE,train,1073.0,845,1,0,0.7243178412739437
RADCURE,train,1076.0,844,0,1,0.7243178412739437
RADCURE,train,1083.0,843,0,1,0.7243178412739437
RADCURE,train,1085.0,842,2,0,0.7225973713421766
RADCURE,train,1092.0,840,0,1,0.7225973713421766
RADCURE,train,1093.0,839,1,0,0.721736111066441
RADCURE,train,1094.0,838,1,0,0.7208748507907053
RADCURE,train,1105.0,837,1,0,0.7200135905149697
RADCURE,train,1106.0,836,0,1,0.7200135905149697
RADCURE,train,1108.0,835,1,0,0.7191512987898021
RADCURE,train,1109.0,834,1,0,0.7182890070646345
RADCURE,train,1118.0,833,1,0,0.7174267153394669
RADCURE,train,1119.0,832,1,0,0.7165644236142992
RADCURE,train,1121.0,831,1,1,0.7157021318891316
RADCURE,train,1124.0,829,1,0,0.7148388000050675
RADCURE,train,1126.0,828,1,1,0.7139754681210034
RADCURE,train,1127.0,826,0,1,0.7139754681210034
RADCURE,train,1128.0,825,1,0,0.7131100433111598
RADCURE,train,1134.0,824,1,0,0.7122446185013162
RADCURE,train,1136.0,823,1,0,0.7113791936914725
RADCURE,train,1139.0,822,0,1,0.7113791936914725
RADCURE,train,1141.0,821,2,0,0.7096462358505676
RADCURE,train,1145.0,819,0,1,0.7096462358505676
RADCURE,train,1147.0,818,1,0,0.7087786976649312
RADCURE,train,1148.0,817,1,0,0.7079111594792948
RADCURE,train,1150.0,816,1,0,0.7070436212936585
RADCURE,train,1152.0,815,1,0,0.7061760831080222
RADCURE,train,1153.0,814,1,0,0.7053085449223857
RADCURE,train,1172.0,813,0,1,0.7053085449223857
RADCURE,train,1176.0,812,1,0,0.704439938339969
RADCURE,train,1177.0,811,1,0,0.7035713317575523
RADCURE,train,1178.0,810,1,0,0.7027027251751355
RADCURE,train,1185.0,809,0,1,0.7027027251751355
RADCURE,train,1187.0,808,1,0,0.7018330435845722
RADCURE,train,1190.0,807,1,0,0.7009633619940089
RADCURE,train,1193.0,806,1,1,0.7000936804034457
RADCURE,train,1204.0,804,0,1,0.7000936804034457
RADCURE,train,1205.0,803,0,1,0.7000936804034457
RADCURE,train,1215.0,802,1,0,0.6992207456398504
RADCURE,train,1227.0,801,1,0,0.6983478108762551
RADCURE,train,1232.0,800,0,1,0.6983478108762551
RADCURE,train,1246.0,799,1,0,0.6974737835785376
RADCURE,train,1247.0,798,0,1,0.6974737835785376
RADCURE,train,1249.0,797,0,1,0.6974737835785376
RADCURE,train,1250.0,796,0,1,0.6974737835785376
RADCURE,train,1251.0,795,0,1,0.6974737835785376
RADCURE,train,1252.0,794,0,1,0.6974737835785376
RADCURE,train,1256.0,793,0,1,0.6974737835785376
RADCURE,train,1276.0,792,0,1,0.6974737835785376
RADCURE,train,1277.0,791,1,0,0.6965920215259731
RADCURE,train,1278.0,790,0,1,0.6965920215259731
RADCURE,train,1279.0,789,1,0,0.6957091419042671
RADCURE,train,1288.0,788,1,1,0.6948262622825612
RADCURE,train,1290.0,786,1,0,0.6939422594043391
RADCURE,train,1293.0,785,1,1,0.693058256526117
RADCURE,train,1294.0,783,1,0,0.6921731246531589
RADCURE,train,1299.0,782,0,1,0.6921731246531589
RADCURE,train,1300.0,781,0,1,0.6921731246531589
RADCURE,train,1301.0,780,2,0,0.6903983217694329
RADCURE,train,1318.0,778,0,2,0.6903983217694329
RADCURE,train,1330.0,776,0,1,0.6903983217694329
RADCURE,train,1334.0,775,1,0,0.6895074852252143
RADCURE,train,1340.0,774,1,1,0.6886166486809957
RADCURE,train,1342.0,772,2,0,0.6868326677258636
RADCURE,train,1343.0,770,0,1,0.6868326677258636
RADCURE,train,1345.0,769,0,1,0.6868326677258636
RADCURE,train,1369.0,768,1,0,0.6859383543564288
RADCURE,train,1373.0,767,1,0,0.6850440409869941
RADCURE,train,1374.0,766,1,0,0.6841497276175594
RADCURE,train,1379.0,765,0,1,0.6841497276175594
RADCURE,train,1386.0,764,1,0,0.6832542436808872
RADCURE,train,1388.0,763,1,0,0.682358759744215
RADCURE,train,1389.0,762,1,0,0.6814632758075427
RADCURE,train,1391.0,761,1,0,0.6805677918708706
RADCURE,train,1392.0,760,1,0,0.6796723079341984
RADCURE,train,1394.0,759,1,0,0.6787768239975263
RADCURE,train,1398.0,758,1,0,0.6778813400608541
RADCURE,train,1399.0,757,0,1,0.6778813400608541
RADCURE,train,1402.0,756,0,1,0.6778813400608541
RADCURE,train,1403.0,755,1,0,0.6769834839813033
RADCURE,train,1405.0,754,0,1,0.6769834839813033
RADCURE,train,1406.0,753,0,1,0.6769834839813033
RADCURE,train,1410.0,752,0,1,0.6769834839813033
RADCURE,train,1415.0,751,1,0,0.6760820412596238
RADCURE,train,1416.0,750,1,0,0.6751805985379443
RADCURE,train,1423.0,749,0,1,0.6751805985379443
RADCURE,train,1424.0,748,1,0,0.6742779506789364
RADCURE,train,1427.0,747,1,1,0.6733753028199284
RADCURE,train,1432.0,745,1,0,0.6724714433530561
RADCURE,train,1434.0,744,0,1,0.6724714433530561
RADCURE,train,1440.0,743,1,0,0.6715663673862283
RADCURE,train,1445.0,742,1,0,0.6706612914194006
RADCURE,train,1451.0,741,1,0,0.6697562154525728
RADCURE,train,1455.0,740,0,1,0.6697562154525728
RADCURE,train,1460.0,739,1,0,0.6688499147550727
RADCURE,train,1463.0,738,0,1,0.6688499147550727
RADCURE,train,1464.0,737,1,1,0.6679423843415652
RADCURE,train,1481.0,735,0,1,0.6679423843415652
RADCURE,train,1482.0,734,1,0,0.6670323810931434
RADCURE,train,1484.0,733,1,0,0.6661223778447217
RADCURE,train,1490.0,732,0,1,0.6661223778447217
RADCURE,train,1499.0,731,1,1,0.6652111297218151
RADCURE,train,1500.0,729,0,1,0.6652111297218151
RADCURE,train,1502.0,728,1,0,0.6642973781699993
RADCURE,train,1503.0,727,0,1,0.6642973781699993
RADCURE,train,1505.0,726,1,0,0.6633823680072308
RADCURE,train,1506.0,725,0,1,0.6633823680072308
RADCURE,train,1511.0,724,0,1,0.6633823680072308
RADCURE,train,1515.0,723,1,0,0.6624648266960175
RADCURE,train,1516.0,722,2,0,0.6606297440735909
RADCURE,train,1520.0,720,0,1,0.6606297440735909
RADCURE,train,1521.0,719,0,1,0.6606297440735909
RADCURE,train,1524.0,718,1,0,0.6597096469369982
RADCURE,train,1529.0,717,2,1,0.6578694526638127
RADCURE,train,1532.0,714,0,2,0.6578694526638127
RADCURE,train,1533.0,712,0,1,0.6578694526638127
RADCURE,train,1535.0,711,1,1,0.6569441791720212
RADCURE,train,1538.0,709,0,1,0.6569441791720212
RADCURE,train,1539.0,708,0,2,0.6569441791720212
RADCURE,train,1542.0,706,0,2,0.6569441791720212
RADCURE,train,1547.0,704,0,1,0.6569441791720212
RADCURE,train,1548.0,703,0,1,0.6569441791720212
RADCURE,train,1554.0,702,0,1,0.6569441791720212
RADCURE,train,1555.0,701,0,2,0.6569441791720212
RADCURE,train,1560.0,699,0,1,0.6569441791720212
RADCURE,train,1561.0,698,0,2,0.6569441791720212
RADCURE,train,1562.0,696,1,1,0.6560002938571189
RADCURE,train,1564.0,694,0,1,0.6560002938571189
RADCURE,train,1565.0,693,0,1,0.6560002938571189
RADCURE,train,1566.0,692,1,0,0.6550523165538572
RADCURE,train,1568.0,691,0,1,0.6550523165538572
RADCURE,train,1576.0,690,1,0,0.6541029653704458
RADCURE,train,1577.0,689,0,1,0.6541029653704458
RADCURE,train,1579.0,688,1,0,0.6531522343161282
RADCURE,train,1583.0,687,0,1,0.6531522343161282
RADCURE,train,1589.0,686,1,2,0.6522001173564836
RADCURE,train,1593.0,683,0,1,0.6522001173564836
RADCURE,train,1594.0,682,0,3,0.6522001173564836
RADCURE,train,1595.0,679,1,1,0.6512395869921884
RADCURE,train,1596.0,677,0,1,0.6512395869921884
RADCURE,train,1599.0,676,0,1,0.6512395869921884
RADCURE,train,1602.0,675,0,2,0.6512395869921884
RADCURE,train,1605.0,673,1,1,0.6502719204439088
RADCURE,train,1606.0,671,0,1,0.6502719204439088
RADCURE,train,1607.0,670,0,1,0.6502719204439088
RADCURE,train,1614.0,669,0,1,0.6502719204439088
RADCURE,train,1617.0,668,0,1,0.6502719204439088
RADCURE,train,1619.0,667,0,2,0.6502719204439088
RADCURE,train,1620.0,665,0,1,0.6502719204439088
RADCURE,train,1624.0,664,0,1,0.6502719204439088
RADCURE,train,1625.0,663,0,2,0.6502719204439088
RADCURE,train,1627.0,661,1,0,0.6492881505188802
RADCURE,train,1633.0,660,0,1,0.6492881505188802
RADCURE,train,1641.0,659,0,1,0.6492881505188802
RADCURE,train,1645.0,658,0,1,0.6492881505188802
RADCURE,train,1646.0,657,0,1,0.6492881505188802
RADCURE,train,1647.0,656,0,2,0.6492881505188802
RADCURE,train,1655.0,654,0,1,0.6492881505188802
RADCURE,train,1657.0,653,1,0,0.6482938348213015
RADCURE,train,1659.0,652,1,0,0.6472995191237229
RADCURE,train,1660.0,651,0,1,0.6472995191237229
RADCURE,train,1663.0,650,1,0,0.6463036737096864
RADCURE,train,1668.0,649,0,1,0.6463036737096864
RADCURE,train,1671.0,648,0,1,0.6463036737096864
RADCURE,train,1672.0,647,0,1,0.6463036737096864
RADCURE,train,1674.0,646,0,3,0.6463036737096864
RADCURE,train,1679.0,643,0,1,0.6463036737096864
RADCURE,train,1680.0,642,0,1,0.6463036737096864
RADCURE,train,1682.0,641,0,2,0.6463036737096864
RADCURE,train,1683.0,639,0,2,0.6463036737096864
RADCURE,train,1684.0,637,1,0,0.645289068256453
RADCURE,train,1687.0,636,2,0,0.6432598573499863
RADCURE,train,1697.0,634,0,1,0.6432598573499863
RADCURE,train,1699.0,633,1,0,0.642243649044536
RADCURE,train,1702.0,632,0,2,0.642243649044536
RADCURE,train,1703.0,630,0,1,0.642243649044536
RADCURE,train,1706.0,629,0,1,0.642243649044536
RADCURE,train,1710.0,628,0,1,0.642243649044536
RADCURE,train,1715.0,627,0,1,0.642243649044536
RADCURE,train,1716.0,626,0,3,0.642243649044536
RADCURE,train,1721.0,623,0,1,0.642243649044536
RADCURE,train,1722.0,622,2,1,0.6401785569254218
RADCURE,train,1731.0,619,0,3,0.6401785569254218
RADCURE,train,1732.0,616,1,0,0.6391393060213221
RADCURE,train,1734.0,615,0,1,0.6391393060213221
RADCURE,train,1739.0,614,0,1,0.6391393060213221
RADCURE,train,1743.0,613,1,0,0.6380966644128044
RADCURE,train,1745.0,612,0,1,0.6380966644128044
RADCURE,train,1747.0,611,0,1,0.6380966644128044
RADCURE,train,1750.0,610,1,0,0.6370506043072097
RADCURE,train,1752.0,609,0,1,0.6370506043072097
RADCURE,train,1753.0,608,0,2,0.6370506043072097
RADCURE,train,1758.0,606,0,1,0.6370506043072097
RADCURE,train,1760.0,605,0,3,0.6370506043072097
RADCURE,train,1762.0,602,0,1,0.6370506043072097
RADCURE,train,1763.0,601,0,1,0.6370506043072097
RADCURE,train,1764.0,600,0,1,0.6370506043072097
RADCURE,train,1766.0,599,0,1,0.6370506043072097
RADCURE,train,1767.0,598,1,0,0.6359853022933181
RADCURE,train,1769.0,597,0,1,0.6359853022933181
RADCURE,train,1770.0,596,0,3,0.6359853022933181
RADCURE,train,1771.0,593,0,1,0.6359853022933181
RADCURE,train,1773.0,592,0,1,0.6359853022933181
RADCURE,train,1777.0,591,0,1,0.6359853022933181
RADCURE,train,1779.0,590,1,0,0.6349073611029904
RADCURE,train,1780.0,589,0,1,0.6349073611029904
RADCURE,train,1783.0,588,0,1,0.6349073611029904
RADCURE,train,1786.0,587,0,1,0.6349073611029904
RADCURE,train,1788.0,586,0,1,0.6349073611029904
RADCURE,train,1789.0,585,0,1,0.6349073611029904
RADCURE,train,1791.0,584,0,2,0.6349073611029904
RADCURE,train,1793.0,582,1,2,0.6338164549842568
RADCURE,train,1794.0,579,0,2,0.6338164549842568
RADCURE,train,1798.0,577,0,1,0.6338164549842568
RADCURE,train,1800.0,576,1,1,0.6327160791943535
RADCURE,train,1801.0,574,0,2,0.6327160791943535
RADCURE,train,1802.0,572,1,0,0.631609932202755
RADCURE,train,1805.0,571,1,2,0.6305037852111565
RADCURE,train,1807.0,568,0,2,0.6305037852111565
RADCURE,train,1810.0,566,0,1,0.6305037852111565
RADCURE,train,1811.0,565,0,2,0.6305037852111565
RADCURE,train,1812.0,563,1,1,0.6293838850598045
RADCURE,train,1814.0,561,0,5,0.6293838850598045
RADCURE,train,1815.0,556,0,1,0.6293838850598045
RADCURE,train,1818.0,555,0,1,0.6293838850598045
RADCURE,train,1819.0,554,0,1,0.6293838850598045
RADCURE,train,1820.0,553,0,3,0.6293838850598045
RADCURE,train,1821.0,550,0,3,0.6293838850598045
RADCURE,train,1822.0,547,0,2,0.6293838850598045
RADCURE,train,1823.0,545,1,0,0.628229052243181
RADCURE,train,1826.0,544,0,2,0.628229052243181
RADCURE,train,1828.0,542,1,1,0.6270699580508504
RADCURE,train,1829.0,540,0,3,0.6270699580508504
RADCURE,train,1834.0,537,0,3,0.6270699580508504
RADCURE,train,1835.0,534,1,1,0.6258956697398937
RADCURE,train,1837.0,532,0,3,0.6258956697398937
RADCURE,train,1841.0,529,0,1,0.6258956697398937
RADCURE,train,1844.0,528,0,1,0.6258956697398937
RADCURE,train,1846.0,527,1,2,0.6247080119225504
RADCURE,train,1847.0,524,0,2,0.6247080119225504
RADCURE,train,1852.0,522,0,1,0.6247080119225504
RADCURE,train,1854.0,521,0,2,0.6247080119225504
RADCURE,train,1855.0,519,0,1,0.6247080119225504
RADCURE,train,1856.0,518,0,1,0.6247080119225504
RADCURE,train,1857.0,517,0,1,0.6247080119225504
RADCURE,train,1859.0,516,0,1,0.6247080119225504
RADCURE,train,1860.0,515,0,1,0.6247080119225504
RADCURE,train,1862.0,514,0,3,0.6247080119225504
RADCURE,train,1863.0,511,0,1,0.6247080119225504
RADCURE,train,1864.0,510,0,2,0.6247080119225504
RADCURE,train,1865.0,508,0,2,0.6247080119225504
RADCURE,train,1869.0,506,0,1,0.6247080119225504
RADCURE,train,1870.0,505,0,3,0.6247080119225504
RADCURE,train,1871.0,502,1,2,0.6234635736517884
RADCURE,train,1874.0,499,0,1,0.6234635736517884
RADCURE,train,1876.0,498,0,3,0.6234635736517884
RADCURE,train,1878.0,495,1,1,0.6222040512807747
RADCURE,train,1879.0,493,0,1,0.6222040512807747
RADCURE,train,1882.0,492,0,1,0.6222040512807747
RADCURE,train,1883.0,491,1,1,0.6209368332537263
RADCURE,train,1884.0,489,0,2,0.6209368332537263
RADCURE,train,1890.0,487,1,0,0.6196618089554641
RADCURE,train,1891.0,486,0,2,0.6196618089554641
RADCURE,train,1893.0,484,1,0,0.6183815159617544
RADCURE,train,1894.0,483,0,1,0.6183815159617544
RADCURE,train,1896.0,482,1,0,0.6170985667585143
RADCURE,train,1897.0,481,0,1,0.6170985667585143
RADCURE,train,1899.0,480,0,4,0.6170985667585143
RADCURE,train,1903.0,476,0,1,0.6170985667585143
RADCURE,train,1905.0,475,0,1,0.6170985667585143
RADCURE,train,1906.0,474,0,1,0.6170985667585143
RADCURE,train,1907.0,473,0,1,0.6170985667585143
RADCURE,train,1910.0,472,0,1,0.6170985667585143
RADCURE,train,1912.0,471,0,2,0.6170985667585143
RADCURE,train,1913.0,469,0,1,0.6170985667585143
RADCURE,train,1914.0,468,0,1,0.6170985667585143
RADCURE,train,1919.0,467,0,3,0.6170985667585143
RADCURE,train,1920.0,464,0,2,0.6170985667585143
RADCURE,train,1921.0,462,0,1,0.6170985667585143
RADCURE,train,1922.0,461,0,1,0.6170985667585143
RADCURE,train,1925.0,460,0,1,0.6170985667585143
RADCURE,train,1926.0,459,0,3,0.6170985667585143
RADCURE,train,1927.0,456,0,2,0.6170985667585143
RADCURE,train,1931.0,454,0,1,0.6170985667585143
RADCURE,train,1932.0,453,0,2,0.6170985667585143
RADCURE,train,1938.0,451,0,1,0.6170985667585143
RADCURE,train,1939.0,450,0,1,0.6170985667585143
RADCURE,train,1940.0,449,0,1,0.6170985667585143
RADCURE,train,1944.0,448,0,2,0.6170985667585143
RADCURE,train,1945.0,446,1,1,0.6157149376850647
RADCURE,train,1946.0,444,0,1,0.6157149376850647
RADCURE,train,1948.0,443,0,1,0.6157149376850647
RADCURE,train,1949.0,442,0,2,0.6157149376850647
RADCURE,train,1952.0,440,1,3,0.6143155855539623
RADCURE,train,1959.0,436,0,1,0.6143155855539623
RADCURE,train,1961.0,435,0,1,0.6143155855539623
RADCURE,train,1965.0,434,0,2,0.6143155855539623
RADCURE,train,1973.0,432,1,1,0.6128935587355503
RADCURE,train,1975.0,430,0,1,0.6128935587355503
RADCURE,train,1976.0,429,0,2,0.6128935587355503
RADCURE,train,1977.0,427,1,0,0.6114582108228207
RADCURE,train,1979.0,426,0,1,0.6114582108228207
RADCURE,train,1981.0,425,0,1,0.6114582108228207
RADCURE,train,1983.0,424,0,2,0.6114582108228207
RADCURE,train,1986.0,422,0,1,0.6114582108228207
RADCURE,train,1990.0,421,0,1,0.6114582108228207
RADCURE,train,1991.0,420,0,1,0.6114582108228207
RADCURE,train,1999.0,419,1,0,0.6099988833506899
RADCURE,train,2005.0,418,1,0,0.608539555878559
RADCURE,train,2006.0,417,1,0,0.6070802284064282
RADCURE,train,2008.0,416,0,1,0.6070802284064282
RADCURE,train,2011.0,415,0,1,0.6070802284064282
RADCURE,train,2012.0,414,0,1,0.6070802284064282
RADCURE,train,2014.0,413,0,1,0.6070802284064282
RADCURE,train,2015.0,412,0,1,0.6070802284064282
RADCURE,train,2022.0,411,0,1,0.6070802284064282
RADCURE,train,2023.0,410,0,1,0.6070802284064282
RADCURE,train,2028.0,409,0,2,0.6070802284064282
RADCURE,train,2029.0,407,0,1,0.6070802284064282
RADCURE,train,2030.0,406,0,1,0.6070802284064282
RADCURE,train,2031.0,405,0,1,0.6070802284064282
RADCURE,train,2033.0,404,0,1,0.6070802284064282
RADCURE,train,2035.0,403,0,1,0.6070802284064282
RADCURE,train,2037.0,402,0,1,0.6070802284064282
RADCURE,train,2041.0,401,0,1,0.6070802284064282
RADCURE,train,2044.0,400,0,1,0.6070802284064282
RADCURE,train,2045.0,399,0,2,0.6070802284064282
RADCURE,train,2048.0,397,0,1,0.6070802284064282
RADCURE,train,2050.0,396,0,1,0.6070802284064282
RADCURE,train,2051.0,395,0,1,0.6070802284064282
RADCURE,train,2052.0,394,1,0,0.6055394156439753
RADCURE,train,2053.0,393,0,1,0.6055394156439753
RADCURE,train,2054.0,392,1,1,0.6039946722367202
RADCURE,train,2056.0,390,0,1,0.6039946722367202
RADCURE,train,2059.0,389,0,1,0.6039946722367202
RADCURE,train,2060.0,388,1,0,0.6024379849371411
RADCURE,train,2061.0,387,0,1,0.6024379849371411
RADCURE,train,2063.0,386,0,1,0.6024379849371411
RADCURE,train,2065.0,385,0,1,0.6024379849371411
RADCURE,train,2068.0,384,1,0,0.6008691360180339
RADCURE,train,2069.0,383,0,1,0.6008691360180339
RADCURE,train,2071.0,382,0,2,0.6008691360180339
RADCURE,train,2072.0,380,0,1,0.6008691360180339
RADCURE,train,2074.0,379,0,3,0.6008691360180339
RADCURE,train,2077.0,376,1,1,0.59927107980522
RADCURE,train,2081.0,374,0,1,0.59927107980522
RADCURE,train,2083.0,373,1,1,0.5976644549263856
RADCURE,train,2086.0,371,0,2,0.5976644549263856
RADCURE,train,2088.0,369,0,1,0.5976644549263856
RADCURE,train,2097.0,368,0,1,0.5976644549263856
RADCURE,train,2101.0,367,0,1,0.5976644549263856
RADCURE,train,2103.0,366,0,1,0.5976644549263856
RADCURE,train,2108.0,365,0,1,0.5976644549263856
RADCURE,train,2110.0,364,0,1,0.5976644549263856
RADCURE,train,2112.0,363,0,1,0.5976644549263856
RADCURE,train,2114.0,362,0,1,0.5976644549263856
RADCURE,train,2119.0,361,0,1,0.5976644549263856
RADCURE,train,2120.0,360,0,1,0.5976644549263856
RADCURE,train,2123.0,359,0,1,0.5976644549263856
RADCURE,train,2126.0,358,0,1,0.5976644549263856
RADCURE,train,2127.0,357,0,1,0.5976644549263856
RADCURE,train,2128.0,356,0,1,0.5976644549263856
RADCURE,train,2129.0,355,0,3,0.5976644549263856
RADCURE,train,2133.0,352,0,1,0.5976644549263856
RADCURE,train,2135.0,351,0,1,0.5976644549263856
RADCURE,train,2137.0,350,0,1,0.5976644549263856
RADCURE,train,2140.0,349,1,0,0.5959519493248774
RADCURE,train,2143.0,348,0,2,0.5959519493248774
RADCURE,train,2144.0,346,0,1,0.5959519493248774
RADCURE,train,2148.0,345,1,1,0.5942245523703126
RADCURE,train,2151.0,343,0,1,0.5942245523703126
RADCURE,train,2161.0,342,0,1,0.5942245523703126
RADCURE,train,2163.0,341,0,1,0.5942245523703126
RADCURE,train,2167.0,340,0,1,0.5942245523703126
RADCURE,train,2169.0,339,0,1,0.5942245523703126
RADCURE,train,2171.0,338,0,1,0.5942245523703126
RADCURE,train,2174.0,337,2,0,0.5906979971633671
RADCURE,train,2175.0,335,1,0,0.5889347195598944
RADCURE,train,2177.0,334,0,2,0.5889347195598944
RADCURE,train,2180.0,332,0,1,0.5889347195598944
RADCURE,train,2184.0,331,0,1,0.5889347195598944
RADCURE,train,2187.0,330,0,1,0.5889347195598944
RADCURE,train,2193.0,329,0,1,0.5889347195598944
RADCURE,train,2196.0,328,0,1,0.5889347195598944
RADCURE,train,2200.0,327,0,1,0.5889347195598944
RADCURE,train,2201.0,326,0,1,0.5889347195598944
RADCURE,train,2205.0,325,0,1,0.5889347195598944
RADCURE,train,2207.0,324,1,1,0.5871170198081663
RADCURE,train,2208.0,322,0,1,0.5871170198081663
RADCURE,train,2211.0,321,0,1,0.5871170198081663
RADCURE,train,2216.0,320,0,1,0.5871170198081663
RADCURE,train,2220.0,319,0,2,0.5871170198081663
RADCURE,train,2223.0,317,0,1,0.5871170198081663
RADCURE,train,2226.0,316,0,1,0.5871170198081663
RADCURE,train,2227.0,315,0,1,0.5871170198081663
RADCURE,train,2228.0,314,0,1,0.5871170198081663
RADCURE,train,2231.0,313,1,0,0.5852412465819421
RADCURE,train,2232.0,312,1,2,0.583365473355718
RADCURE,train,2234.0,309,0,1,0.583365473355718
RADCURE,train,2240.0,308,1,0,0.5814714296110566
RADCURE,train,2241.0,307,0,2,0.5814714296110566
RADCURE,train,2242.0,305,0,2,0.5814714296110566
RADCURE,train,2243.0,303,0,1,0.5814714296110566
RADCURE,train,2244.0,302,0,1,0.5814714296110566
RADCURE,train,2245.0,301,1,0,0.5795396308415847
RADCURE,train,2246.0,300,0,1,0.5795396308415847
RADCURE,train,2249.0,299,0,1,0.5795396308415847
RADCURE,train,2254.0,298,0,2,0.5795396308415847
RADCURE,train,2256.0,296,0,1,0.5795396308415847
RADCURE,train,2258.0,295,1,0,0.5775750897200878
RADCURE,train,2259.0,294,0,1,0.5775750897200878
RADCURE,train,2260.0,293,0,1,0.5775750897200878
RADCURE,train,2267.0,292,0,1,0.5775750897200878
RADCURE,train,2269.0,291,0,2,0.5775750897200878
RADCURE,train,2274.0,289,1,1,0.5755765599978729
RADCURE,train,2275.0,287,0,1,0.5755765599978729
RADCURE,train,2277.0,286,0,1,0.5755765599978729
RADCURE,train,2280.0,285,0,1,0.5755765599978729
RADCURE,train,2283.0,284,0,1,0.5755765599978729
RADCURE,train,2288.0,283,1,2,0.5735427205632515
RADCURE,train,2291.0,280,0,1,0.5735427205632515
RADCURE,train,2296.0,279,0,1,0.5735427205632515
RADCURE,train,2300.0,278,0,1,0.5735427205632515
RADCURE,train,2302.0,277,0,1,0.5735427205632515
RADCURE,train,2303.0,276,0,1,0.5735427205632515
RADCURE,train,2305.0,275,0,1,0.5735427205632515
RADCURE,train,2308.0,274,0,2,0.5735427205632515
RADCURE,train,2312.0,272,0,1,0.5735427205632515
RADCURE,train,2313.0,271,1,0,0.5714263267604351
RADCURE,train,2317.0,270,1,0,0.5693099329576188
RADCURE,train,2319.0,269,0,1,0.5693099329576188
RADCURE,train,2324.0,268,1,1,0.5671856421630008
RADCURE,train,2326.0,266,0,1,0.5671856421630008
RADCURE,train,2327.0,265,1,0,0.5650453189850272
RADCURE,train,2332.0,264,0,1,0.5650453189850272
RADCURE,train,2338.0,263,1,1,0.5628968576961108
RADCURE,train,2339.0,261,0,1,0.5628968576961108
RADCURE,train,2343.0,260,1,0,0.5607318697818949
RADCURE,train,2345.0,259,0,1,0.5607318697818949
RADCURE,train,2354.0,258,0,1,0.5607318697818949
RADCURE,train,2359.0,257,0,1,0.5607318697818949
RADCURE,train,2361.0,256,0,1,0.5607318697818949
RADCURE,train,2367.0,255,0,1,0.5607318697818949
RADCURE,train,2368.0,254,1,0,0.558524263995352
RADCURE,train,2373.0,253,0,1,0.558524263995352
RADCURE,train,2374.0,252,1,0,0.5563078978683864
RADCURE,train,2375.0,251,0,1,0.5563078978683864
RADCURE,train,2376.0,250,1,0,0.5540826662769128
RADCURE,train,2377.0,249,1,0,0.5518574346854392
RADCURE,train,2379.0,248,1,0,0.5496322030939657
RADCURE,train,2380.0,247,0,1,0.5496322030939657
RADCURE,train,2381.0,246,0,1,0.5496322030939657
RADCURE,train,2384.0,245,1,0,0.5473888063466433
RADCURE,train,2390.0,244,0,1,0.5473888063466433
RADCURE,train,2393.0,243,1,0,0.5451361775139411
RADCURE,train,2397.0,242,0,1,0.5451361775139411
RADCURE,train,2403.0,241,0,1,0.5451361775139411
RADCURE,train,2407.0,240,1,0,0.5428647767742997
RADCURE,train,2413.0,239,0,1,0.5428647767742997
RADCURE,train,2416.0,238,0,1,0.5428647767742997
RADCURE,train,2418.0,237,0,1,0.5428647767742997
RADCURE,train,2419.0,236,0,1,0.5428647767742997
RADCURE,train,2421.0,235,1,1,0.540554713894409
RADCURE,train,2422.0,233,0,1,0.540554713894409
RADCURE,train,2430.0,232,0,1,0.540554713894409
RADCURE,train,2433.0,231,1,0,0.5382146501978964
RADCURE,train,2436.0,230,0,1,0.5382146501978964
RADCURE,train,2437.0,229,1,0,0.5358643678826217
RADCURE,train,2444.0,228,0,1,0.5358643678826217
RADCURE,train,2449.0,227,0,1,0.5358643678826217
RADCURE,train,2452.0,226,0,1,0.5358643678826217
RADCURE,train,2453.0,225,0,1,0.5358643678826217
RADCURE,train,2455.0,224,0,1,0.5358643678826217
RADCURE,train,2458.0,223,0,1,0.5358643678826217
RADCURE,train,2461.0,222,0,1,0.5358643678826217
RADCURE,train,2479.0,221,0,2,0.5358643678826217
RADCURE,train,2485.0,219,0,2,0.5358643678826217
RADCURE,train,2486.0,217,0,1,0.5358643678826217
RADCURE,train,2493.0,216,0,1,0.5358643678826217
RADCURE,train,2494.0,215,0,1,0.5358643678826217
RADCURE,train,2500.0,214,0,1,0.5358643678826217
RADCURE,train,2512.0,213,0,1,0.5358643678826217
RADCURE,train,2513.0,212,0,1,0.5358643678826217
RADCURE,train,2516.0,211,1,0,0.5333247263286756
RADCURE,train,2526.0,210,0,1,0.5333247263286756
RADCURE,train,2530.0,209,0,1,0.5333247263286756
RADCURE,train,2532.0,208,0,1,0.5333247263286756
RADCURE,train,2535.0,207,0,1,0.5333247263286756
RADCURE,train,2540.0,206,0,1,0.5333247263286756
RADCURE,train,2542.0,205,0,1,0.5333247263286756
RADCURE,train,2543.0,204,0,1,0.5333247263286756
RADCURE,train,2563.0,203,0,2,0.5333247263286756
RADCURE,train,2566.0,201,0,1,0.5333247263286756
RADCURE,train,2570.0,200,0,1,0.5333247263286756
RADCURE,train,2584.0,199,0,1,0.5333247263286756
RADCURE,train,2586.0,198,0,1,0.5333247263286756
RADCURE,train,2588.0,197,1,0,0.530617494215332
RADCURE,train,2591.0,196,0,1,0.530617494215332
RADCURE,train,2596.0,195,0,1,0.530617494215332
RADCURE,train,2604.0,194,0,2,0.530617494215332
RADCURE,train,2606.0,192,0,1,0.530617494215332
RADCURE,train,2630.0,191,0,2,0.530617494215332
RADCURE,train,2632.0,189,0,1,0.530617494215332
RADCURE,train,2634.0,188,0,1,0.530617494215332
RADCURE,train,2640.0,187,0,1,0.530617494215332
RADCURE,train,2644.0,186,0,1,0.530617494215332
RADCURE,train,2645.0,185,0,1,0.530617494215332
RADCURE,train,2646.0,184,0,1,0.530617494215332
RADCURE,train,2669.0,183,0,2,0.530617494215332
RADCURE,train,2672.0,181,1,0,0.5276859058495015
RADCURE,train,2673.0,180,1,0,0.524754317483671
RADCURE,train,2680.0,179,1,0,0.5218227291178403
RADCURE,train,2683.0,178,0,1,0.5218227291178403
RADCURE,train,2687.0,177,0,1,0.5218227291178403
RADCURE,train,2701.0,176,0,1,0.5218227291178403
RADCURE,train,2702.0,175,1,0,0.5188408849514528
RADCURE,train,2711.0,174,0,1,0.5188408849514528
RADCURE,train,2718.0,173,0,1,0.5188408849514528
RADCURE,train,2727.0,172,0,1,0.5188408849514528
RADCURE,train,2729.0,171,0,1,0.5188408849514528
RADCURE,train,2741.0,170,1,1,0.515788879745856
RADCURE,train,2752.0,168,0,1,0.515788879745856
RADCURE,train,2755.0,167,1,0,0.5127003235797131
RADCURE,train,2756.0,166,1,0,0.5096117674135703
RADCURE,train,2758.0,165,0,1,0.5096117674135703
RADCURE,train,2760.0,164,0,1,0.5096117674135703
RADCURE,train,2778.0,163,0,1,0.5096117674135703
RADCURE,train,2797.0,162,0,2,0.5096117674135703
RADCURE,train,2798.0,160,0,1,0.5096117674135703
RADCURE,train,2801.0,159,0,1,0.5096117674135703
RADCURE,train,2802.0,158,0,2,0.5096117674135703
RADCURE,train,2813.0,156,0,1,0.5096117674135703
RADCURE,train,2814.0,155,0,1,0.5096117674135703
RADCURE,train,2818.0,154,1,0,0.506302600092703
RADCURE,train,2822.0,153,0,1,0.506302600092703
RADCURE,train,2823.0,152,0,2,0.506302600092703
RADCURE,train,2828.0,150,0,1,0.506302600092703
RADCURE,train,2834.0,149,1,0,0.5029045960652352
RADCURE,train,2835.0,148,0,1,0.5029045960652352
RADCURE,train,2842.0,147,0,1,0.5029045960652352
RADCURE,train,2852.0,146,0,1,0.5029045960652352
RADCURE,train,2853.0,145,1,1,0.4994362885061646
RADCURE,train,2856.0,143,0,2,0.4994362885061646
RADCURE,train,2858.0,141,0,1,0.4994362885061646
RADCURE,train,2872.0,140,0,1,0.4994362885061646
RADCURE,train,2874.0,139,0,1,0.4994362885061646
RADCURE,train,2877.0,138,0,2,0.4994362885061646
RADCURE,train,2879.0,136,0,1,0.4994362885061646
RADCURE,train,2885.0,135,0,1,0.4994362885061646
RADCURE,train,2886.0,134,1,0,0.49570915202477533
RADCURE,train,2887.0,133,0,1,0.49570915202477533
RADCURE,train,2892.0,132,0,1,0.49570915202477533
RADCURE,train,2899.0,131,0,1,0.49570915202477533
RADCURE,train,2906.0,130,0,1,0.49570915202477533
RADCURE,train,2907.0,129,0,1,0.49570915202477533
RADCURE,train,2913.0,128,0,1,0.49570915202477533
RADCURE,train,2929.0,127,1,0,0.4918059303552889
RADCURE,train,2930.0,126,1,0,0.4879027086858025
RADCURE,train,2939.0,125,0,1,0.4879027086858025
RADCURE,train,2943.0,124,0,1,0.4879027086858025
RADCURE,train,2944.0,123,1,0,0.4839360199973
RADCURE,train,2960.0,122,0,1,0.4839360199973
RADCURE,train,2961.0,121,1,0,0.4799365487576529
RADCURE,train,2967.0,120,0,1,0.4799365487576529
RADCURE,train,2970.0,119,0,1,0.4799365487576529
RADCURE,train,2975.0,118,1,0,0.4758692898698762
RADCURE,train,2976.0,117,0,1,0.4758692898698762
RADCURE,train,2981.0,116,0,1,0.4758692898698762
RADCURE,train,2990.0,115,0,1,0.4758692898698762
RADCURE,train,2991.0,114,0,1,0.4758692898698762
RADCURE,train,3013.0,113,0,1,0.4758692898698762
RADCURE,train,3019.0,112,0,2,0.4758692898698762
RADCURE,train,3020.0,110,0,1,0.4758692898698762
RADCURE,train,3025.0,109,1,0,0.47150351656831774
RADCURE,train,3030.0,108,0,1,0.47150351656831774
RADCURE,train,3040.0,107,0,1,0.47150351656831774
RADCURE,train,3041.0,106,0,1,0.47150351656831774
RADCURE,train,3060.0,105,0,1,0.47150351656831774
RADCURE,train,3069.0,104,0,1,0.47150351656831774
RADCURE,train,3078.0,103,0,1,0.47150351656831774
RADCURE,train,3080.0,102,0,1,0.47150351656831774
RADCURE,train,3082.0,101,0,1,0.47150351656831774
RADCURE,train,3086.0,100,0,1,0.47150351656831774
RADCURE,train,3087.0,99,0,1,0.47150351656831774
RADCURE,train,3092.0,98,1,0,0.46669225619517163
RADCURE,train,3093.0,97,0,1,0.46669225619517163
RADCURE,train,3095.0,96,1,0,0.4618308785264719
RADCURE,train,3099.0,95,0,1,0.4618308785264719
RADCURE,train,3106.0,94,1,0,0.45691778407406264
RADCURE,train,3111.0,93,1,0,0.45200468962165335
RADCURE,train,3117.0,92,0,1,0.45200468962165335
RADCURE,train,3148.0,91,0,1,0.45200468962165335
RADCURE,train,3158.0,90,0,1,0.45200468962165335
RADCURE,train,3163.0,89,0,1,0.45200468962165335
RADCURE,train,3173.0,88,0,1,0.45200468962165335
RADCURE,train,3176.0,87,0,1,0.45200468962165335
RADCURE,train,3177.0,86,0,1,0.45200468962165335
RADCURE,train,3180.0,85,0,1,0.45200468962165335
RADCURE,train,3185.0,84,0,1,0.45200468962165335
RADCURE,train,3187.0,83,0,1,0.45200468962165335
RADCURE,train,3194.0,82,0,1,0.45200468962165335
RADCURE,train,3199.0,81,1,0,0.4464243848115095
RADCURE,train,3206.0,80,0,1,0.4464243848115095
RADCURE,train,3212.0,79,0,1,0.4464243848115095
RADCURE,train,3213.0,78,2,1,0.43497760571377847
RADCURE,train,3224.0,75,1,0,0.42917790430426145
RADCURE,train,3251.0,74,1,0,0.4233782028947444
RADCURE,train,3264.0,73,0,2,0.4233782028947444
RADCURE,train,3276.0,71,0,1,0.4233782028947444
RADCURE,train,3277.0,70,0,2,0.4233782028947444
RADCURE,train,3278.0,68,0,1,0.4233782028947444
RADCURE,train,3297.0,67,0,1,0.4233782028947444
RADCURE,train,3299.0,66,0,1,0.4233782028947444
RADCURE,train,3305.0,65,0,1,0.4233782028947444
RADCURE,train,3318.0,64,0,1,0.4233782028947444
RADCURE,train,3319.0,63,0,2,0.4233782028947444
RADCURE,train,3320.0,61,0,1,0.4233782028947444
RADCURE,train,3323.0,60,0,1,0.4233782028947444
RADCURE,train,3324.0,59,0,1,0.4233782028947444
RADCURE,train,3334.0,58,0,2,0.4233782028947444
RADCURE,train,3350.0,56,1,0,0.4158178778430525
RADCURE,train,3371.0,55,1,0,0.40825755279136067
RADCURE,train,3374.0,54,1,1,0.4006972277396688
RADCURE,train,3382.0,52,0,1,0.4006972277396688
RADCURE,train,3383.0,51,0,1,0.4006972277396688
RADCURE,train,3394.0,50,0,1,0.4006972277396688
RADCURE,train,3417.0,49,0,1,0.4006972277396688
RADCURE,train,3430.0,48,1,0,0.3923493688284257
RADCURE,train,3450.0,47,0,1,0.3923493688284257
RADCURE,train,3459.0,46,0,1,0.3923493688284257
RADCURE,train,3461.0,45,0,1,0.3923493688284257
RADCURE,train,3474.0,44,0,1,0.3923493688284257
RADCURE,train,3475.0,43,1,0,0.3832249649021832
RADCURE,train,3478.0,42,0,1,0.3832249649021832
RADCURE,train,3479.0,41,0,1,0.3832249649021832
RADCURE,train,3489.0,40,0,2,0.3832249649021832
RADCURE,train,3492.0,38,0,1,0.3832249649021832
RADCURE,train,3513.0,37,0,1,0.3832249649021832
RADCURE,train,3532.0,36,0,1,0.3832249649021832
RADCURE,train,3550.0,35,0,1,0.3832249649021832
RADCURE,train,3564.0,34,0,1,0.3832249649021832
RADCURE,train,3569.0,33,0,1,0.3832249649021832
RADCURE,train,3612.0,32,0,2,0.3832249649021832
RADCURE,train,3618.0,30,0,1,0.3832249649021832
RADCURE,train,3622.0,29,0,1,0.3832249649021832
RADCURE,train,3625.0,28,0,1,0.3832249649021832
RADCURE,train,3627.0,27,0,1,0.3832249649021832
RADCURE,train,3637.0,26,0,1,0.3832249649021832
RADCURE,train,3644.0,25,0,1,0.3832249649021832
RADCURE,train,3658.0,24,0,1,0.3832249649021832
RADCURE,train,3674.0,23,0,1,0.3832249649021832
RADCURE,train,3676.0,22,0,1,0.3832249649021832
RADCURE,train,3686.0,21,0,2,0.3832249649021832
RADCURE,train,3691.0,19,0,1,0.3832249649021832
RADCURE,train,3708.0,18,0,1,0.3832249649021832
RADCURE,train,3717.0,17,1,0,0.36068231990793714
RADCURE,train,3718.0,16,1,0,0.33813967491369107
RADCURE,train,3719.0,15,0,1,0.33813967491369107
RADCURE,train,3732.0,14,1,0,0.3139868409912846
RADCURE,train,3737.0,13,0,1,0.3139868409912846
RADCURE,train,3767.0,12,0,1,0.3139868409912846
RADCURE,train,3789.0,11,0,1,0.3139868409912846
RADCURE,train,3790.0,10,0,1,0.3139868409912846
RADCURE,train,3803.0,9,0,1,0.3139868409912846
RADCURE,train,3808.0,8,1,1,0.27473848586737404
RADCURE,train,3817.0,6,0,1,0.27473848586737404
RADCURE,train,3840.0,5,0,1,0.27473848586737404
RADCURE,train,3882.0,4,0,1,0.27473848586737404
RADCURE,train,4075.0,3,0,1,0.27473848586737404
RADCURE,train,4094.0,2,0,2,0.27473848586737404
TCGA-HNSC,calibration,56.0,104,1,0,0.9903846153846154
TCGA-HNSC,calibration,77.0,103,0,1,0.9903846153846154
TCGA-HNSC,calibration,86.0,102,1,0,0.9806749622926094
TCGA-HNSC,calibration,110.0,101,0,1,0.9806749622926094
TCGA-HNSC,calibration,173.0,100,1,0,0.9708682126696834
TCGA-HNSC,calibration,182.0,99,1,0,0.9610614630467573
TCGA-HNSC,calibration,191.0,98,1,0,0.9512547134238312
TCGA-HNSC,calibration,209.0,97,1,0,0.9414479638009051
TCGA-HNSC,calibration,210.0,96,0,1,0.9414479638009051
TCGA-HNSC,calibration,256.0,95,1,0,0.9315379852345798
TCGA-HNSC,calibration,284.0,94,1,0,0.9216280066682545
TCGA-HNSC,calibration,294.0,93,1,0,0.9117180281019291
TCGA-HNSC,calibration,342.0,92,1,0,0.9018080495356038
TCGA-HNSC,calibration,352.0,91,1,0,0.8918980709692785
TCGA-HNSC,calibration,358.0,90,0,1,0.8918980709692785
TCGA-HNSC,calibration,367.0,89,0,1,0.8918980709692785
TCGA-HNSC,calibration,371.0,88,1,0,0.881762865617355
TCGA-HNSC,calibration,378.0,87,0,1,0.881762865617355
TCGA-HNSC,calibration,379.0,86,1,0,0.871509809040409
TCGA-HNSC,calibration,384.0,85,1,0,0.861256752463463
TCGA-HNSC,calibration,385.0,84,1,0,0.851003695886517
TCGA-HNSC,calibration,387.0,83,0,1,0.851003695886517
TCGA-HNSC,calibration,389.0,82,0,1,0.851003695886517
TCGA-HNSC,calibration,397.0,81,1,0,0.8404974774187822
TCGA-HNSC,calibration,403.0,80,1,0,0.8299912589510475
TCGA-HNSC,calibration,406.0,79,1,0,0.8194850404833128
TCGA-HNSC,calibration,414.0,78,1,0,0.8089788220155781
TCGA-HNSC,calibration,421.0,77,0,1,0.8089788220155781
TCGA-HNSC,calibration,436.0,76,1,0,0.7983343638311626
TCGA-HNSC,calibration,446.0,75,1,0,0.7876899056467471
TCGA-HNSC,calibration,453.0,74,1,0,0.7770454474623316
TCGA-HNSC,calibration,466.0,73,0,1,0.7770454474623316
TCGA-HNSC,calibration,479.0,72,1,0,0.7662531495809104
TCGA-HNSC,calibration,487.0,71,1,0,0.7554608516994892
TCGA-HNSC,calibration,526.0,70,1,0,0.744668553818068
TCGA-HNSC,calibration,530.0,69,1,0,0.7338762559366467
TCGA-HNSC,calibration,543.0,68,1,1,0.7230839580552255
TCGA-HNSC,calibration,547.0,66,0,1,0.7230839580552255
TCGA-HNSC,calibration,548.0,65,1,0,0.7119595894697606
TCGA-HNSC,calibration,549.0,64,0,1,0.7119595894697606
TCGA-HNSC,calibration,552.0,63,0,1,0.7119595894697606
TCGA-HNSC,calibration,573.0,62,0,1,0.7119595894697606
TCGA-HNSC,calibration,577.0,61,1,0,0.7002881207899284
TCGA-HNSC,calibration,580.0,60,1,0,0.6886166521100963
TCGA-HNSC,calibration,584.0,59,1,0,0.6769451834302641
TCGA-HNSC,calibration,601.0,58,1,0,0.665273714750432
TCGA-HNSC,calibration,606.0,57,0,1,0.665273714750432
TCGA-HNSC,calibration,622.0,56,0,1,0.665273714750432
TCGA-HNSC,calibration,623.0,55,0,1,0.665273714750432
TCGA-HNSC,calibration,639.0,54,0,1,0.665273714750432
TCGA-HNSC,calibration,641.0,53,0,1,0.665273714750432
TCGA-HNSC,calibration,644.0,52,0,1,0.665273714750432
TCGA-HNSC,calibration,666.0,51,1,0,0.6522291321082666
TCGA-HNSC,calibration,670.0,50,0,1,0.6522291321082666
TCGA-HNSC,calibration,704.0,49,0,1,0.6522291321082666
TCGA-HNSC,calibration,717.0,48,0,1,0.6522291321082666
TCGA-HNSC,calibration,739.0,47,1,0,0.6383519165314949
TCGA-HNSC,calibration,759.0,46,0,1,0.6383519165314949
TCGA-HNSC,calibration,770.0,45,0,1,0.6383519165314949
TCGA-HNSC,calibration,773.0,44,1,1,0.6238439184285064
TCGA-HNSC,calibration,783.0,42,0,1,0.6238439184285064
TCGA-HNSC,calibration,866.0,41,0,1,0.6238439184285064
TCGA-HNSC,calibration,882.0,40,1,0,0.6082478204677937
TCGA-HNSC,calibration,897.0,39,0,1,0.6082478204677937
TCGA-HNSC,calibration,930.0,38,0,1,0.6082478204677937
TCGA-HNSC,calibration,941.0,37,1,0,0.5918086901848804
TCGA-HNSC,calibration,1022.0,36,0,1,0.5918086901848804
TCGA-HNSC,calibration,1065.0,35,0,1,0.5918086901848804
TCGA-HNSC,calibration,1120.0,34,0,1,0.5918086901848804
TCGA-HNSC,calibration,1131.0,33,0,1,0.5918086901848804
TCGA-HNSC,calibration,1143.0,32,0,1,0.5918086901848804
TCGA-HNSC,calibration,1172.0,31,0,1,0.5918086901848804
TCGA-HNSC,calibration,1218.0,30,0,1,0.5918086901848804
TCGA-HNSC,calibration,1245.0,29,0,1,0.5918086901848804
TCGA-HNSC,calibration,1265.0,28,0,1,0.5918086901848804
TCGA-HNSC,calibration,1353.0,27,0,1,0.5918086901848804
TCGA-HNSC,calibration,1368.0,26,0,1,0.5918086901848804
TCGA-HNSC,calibration,1409.0,25,0,1,0.5918086901848804
TCGA-HNSC,calibration,1413.0,24,0,1,0.5918086901848804
TCGA-HNSC,calibration,1430.0,23,1,0,0.5660778775681464
TCGA-HNSC,calibration,1440.0,22,0,1,0.5660778775681464
TCGA-HNSC,calibration,1461.0,21,0,1,0.5660778775681464
TCGA-HNSC,calibration,1466.0,20,0,1,0.5660778775681464
TCGA-HNSC,calibration,1521.0,19,0,1,0.5660778775681464
TCGA-HNSC,calibration,1699.0,18,0,1,0.5660778775681464
TCGA-HNSC,calibration,1724.0,17,0,1,0.5660778775681464
TCGA-HNSC,calibration,1737.0,16,0,1,0.5660778775681464
TCGA-HNSC,calibration,1840.0,15,0,1,0.5660778775681464
TCGA-HNSC,calibration,1972.0,14,1,0,0.525643743456136
TCGA-HNSC,calibration,2133.0,13,0,1,0.525643743456136
TCGA-HNSC,calibration,2143.0,12,0,1,0.525643743456136
TCGA-HNSC,calibration,2239.0,11,0,1,0.525643743456136
TCGA-HNSC,calibration,2265.0,10,0,1,0.525643743456136
TCGA-HNSC,calibration,2298.0,9,0,1,0.525643743456136
TCGA-HNSC,calibration,2319.0,8,1,0,0.459938275524119
TCGA-HNSC,calibration,2327.0,7,0,1,0.459938275524119
TCGA-HNSC,calibration,2570.0,6,1,0,0.3832818962700992
TCGA-HNSC,calibration,2641.0,5,0,1,0.3832818962700992
TCGA-HNSC,calibration,2784.0,4,0,1,0.3832818962700992
TCGA-HNSC,calibration,2900.0,3,1,0,0.25552126418006615
TCGA-HNSC,calibration,3314.0,2,1,0,0.12776063209003308
TCGA-HNSC,calibration,4680.0,1,1,0,0.0
TCGA-HNSC,train,1.0,415,1,0,0.9975903614457832
TCGA-HNSC,train,2.0,414,2,0,0.9927710843373494
TCGA-HNSC,train,11.0,412,1,1,0.9903614457831326
TCGA-HNSC,train,14.0,410,1,1,0.9879459300617103
TCGA-HNSC,train,23.0,408,1,0,0.9855244939586179
TCGA-HNSC,train,30.0,407,0,1,0.9855244939586179
TCGA-HNSC,train,32.0,406,1,0,0.9830970937271927
TCGA-HNSC,train,56.0,405,0,1,0.9830970937271927
TCGA-HNSC,train,62.0,404,1,0,0.9806636850793531
TCGA-HNSC,train,64.0,403,1,0,0.9782302764315135
TCGA-HNSC,train,65.0,402,1,0,0.9757968677836739
TCGA-HNSC,train,69.0,401,1,0,0.9733634591358343
TCGA-HNSC,train,76.0,400,1,0,0.9709300504879947
TCGA-HNSC,train,82.0,399,1,0,0.9684966418401552
TCGA-HNSC,train,89.0,398,1,0,0.9660632331923156
TCGA-HNSC,train,90.0,397,1,0,0.963629824544476
TCGA-HNSC,train,92.0,396,0,1,0.963629824544476
TCGA-HNSC,train,94.0,395,1,0,0.961190255368414
TCGA-HNSC,train,95.0,394,1,0,0.958750686192352
TCGA-HNSC,train,102.0,393,0,1,0.958750686192352
TCGA-HNSC,train,105.0,392,0,1,0.958750686192352
TCGA-HNSC,train,107.0,391,1,0,0.9562986384015787
TCGA-HNSC,train,108.0,390,1,0,0.9538465906108055
TCGA-HNSC,train,111.0,389,0,1,0.9538465906108055
TCGA-HNSC,train,112.0,388,1,0,0.9513882231092312
TCGA-HNSC,train,122.0,387,0,1,0.9513882231092312
TCGA-HNSC,train,126.0,386,1,0,0.9489234867799327
TCGA-HNSC,train,129.0,385,2,0,0.9439940141213357
TCGA-HNSC,train,130.0,383,1,0,0.9415292777920371
TCGA-HNSC,train,134.0,382,0,1,0.9415292777920371
TCGA-HNSC,train,142.0,381,1,0,0.9390580723385147
TCGA-HNSC,train,144.0,380,2,0,0.9341156614314698
TCGA-HNSC,train,146.0,378,0,1,0.9341156614314698
TCGA-HNSC,train,151.0,377,1,0,0.93163790105632
TCGA-HNSC,train,156.0,376,0,1,0.93163790105632
TCGA-HNSC,train,160.0,375,1,0,0.9291535333201698
TCGA-HNSC,train,166.0,374,1,0,0.9266691655840196
TCGA-HNSC,train,171.0,373,1,0,0.9241847978478693
TCGA-HNSC,train,181.0,372,0,1,0.9241847978478693
TCGA-HNSC,train,183.0,371,1,0,0.9216937337027268
TCGA-HNSC,train,185.0,370,1,0,0.9192026695575843
TCGA-HNSC,train,187.0,369,0,1,0.9192026695575843
TCGA-HNSC,train,194.0,368,2,0,0.9142070028752062
TCGA-HNSC,train,197.0,366,1,0,0.911709169534017
TCGA-HNSC,train,198.0,365,1,0,0.909211336192828
TCGA-HNSC,train,205.0,364,1,0,0.906713502851639
TCGA-HNSC,train,215.0,363,2,0,0.9017178361692607
TCGA-HNSC,train,216.0,361,0,2,0.9017178361692607
TCGA-HNSC,train,217.0,359,2,0,0.8966943384747245
TCGA-HNSC,train,218.0,357,1,0,0.8941825896274563
TCGA-HNSC,train,222.0,356,1,0,0.8916708407801882
TCGA-HNSC,train,225.0,355,0,1,0.8916708407801882
TCGA-HNSC,train,232.0,354,0,1,0.8916708407801882
TCGA-HNSC,train,234.0,353,0,1,0.8916708407801882
TCGA-HNSC,train,242.0,352,0,1,0.8916708407801882
TCGA-HNSC,train,243.0,351,1,0,0.8891304680144327
TCGA-HNSC,train,253.0,350,1,1,0.8865900952486772
TCGA-HNSC,train,259.0,348,1,0,0.8840424225611809
TCGA-HNSC,train,261.0,347,1,0,0.8814947498736847
TCGA-HNSC,train,268.0,346,1,0,0.8789470771861885
TCGA-HNSC,train,274.0,345,1,0,0.8763994044986924
TCGA-HNSC,train,276.0,344,2,0,0.8713040591236999
TCGA-HNSC,train,278.0,342,0,1,0.8713040591236999
TCGA-HNSC,train,279.0,341,1,0,0.868748915255302
TCGA-HNSC,train,281.0,340,1,0,0.866193771386904
TCGA-HNSC,train,282.0,339,1,0,0.8636386275185061
TCGA-HNSC,train,283.0,338,1,0,0.8610834836501081
TCGA-HNSC,train,292.0,337,1,1,0.8585283397817102
TCGA-HNSC,train,295.0,335,1,0,0.8559655686181826
TCGA-HNSC,train,311.0,334,0,1,0.8559655686181826
TCGA-HNSC,train,317.0,333,2,0,0.8508246342721275
TCGA-HNSC,train,318.0,331,0,1,0.8508246342721275
TCGA-HNSC,train,321.0,330,1,1,0.8482463778046362
TCGA-HNSC,train,327.0,328,2,0,0.8430741437936323
TCGA-HNSC,train,330.0,326,1,0,0.8404880267881304
TCGA-HNSC,train,334.0,325,1,0,0.8379019097826285
TCGA-HNSC,train,336.0,324,1,0,0.8353157927771265
TCGA-HNSC,train,337.0,323,1,0,0.8327296757716246
TCGA-HNSC,train,341.0,322,1,0,0.8301435587661227
TCGA-HNSC,train,345.0,321,0,1,0.8301435587661227
TCGA-HNSC,train,348.0,320,1,0,0.8275493601449785
TCGA-HNSC,train,351.0,319,1,1,0.8249551615238343
TCGA-HNSC,train,353.0,317,1,0,0.8223527793108254
TCGA-HNSC,train,354.0,316,0,1,0.8223527793108254
TCGA-HNSC,train,357.0,315,1,0,0.8197421355669815
TCGA-HNSC,train,359.0,314,1,0,0.8171314918231376
TCGA-HNSC,train,360.0,313,1,1,0.8145208480792937
TCGA-HNSC,train,361.0,311,1,0,0.8119018099825758
TCGA-HNSC,train,362.0,310,0,1,0.8119018099825758
TCGA-HNSC,train,366.0,309,1,0,0.8092742960344121
TCGA-HNSC,train,368.0,308,0,1,0.8092742960344121
TCGA-HNSC,train,376.0,307,0,1,0.8092742960344121
TCGA-HNSC,train,377.0,306,2,0,0.8039849215505271
TCGA-HNSC,train,379.0,304,0,1,0.8039849215505271
TCGA-HNSC,train,384.0,303,0,1,0.8039849215505271
TCGA-HNSC,train,385.0,302,1,0,0.8013227198235386
TCGA-HNSC,train,386.0,301,0,1,0.8013227198235386
TCGA-HNSC,train,387.0,300,1,0,0.7986516440907936
TCGA-HNSC,train,392.0,299,0,3,0.7986516440907936
TCGA-HNSC,train,393.0,296,1,1,0.7959534966445408
TCGA-HNSC,train,395.0,294,2,0,0.7905388470075031
TCGA-HNSC,train,400.0,292,0,1,0.7905388470075031
TCGA-HNSC,train,403.0,291,1,1,0.7878222186672711
TCGA-HNSC,train,406.0,289,1,0,0.785096190228976
TCGA-HNSC,train,407.0,288,1,1,0.782370161790681
TCGA-HNSC,train,412.0,286,0,1,0.782370161790681
TCGA-HNSC,train,415.0,285,1,0,0.7796250033282576
TCGA-HNSC,train,417.0,284,0,1,0.7796250033282576
TCGA-HNSC,train,421.0,283,1,0,0.7768701446592531
TCGA-HNSC,train,424.0,282,1,1,0.7741152859902487
TCGA-HNSC,train,427.0,280,1,0,0.7713505885402835
TCGA-HNSC,train,430.0,279,1,0,0.7685858910903183
TCGA-HNSC,train,437.0,278,0,1,0.7685858910903183
TCGA-HNSC,train,440.0,277,0,1,0.7685858910903183
TCGA-HNSC,train,441.0,276,0,1,0.7685858910903183
TCGA-HNSC,train,443.0,275,0,1,0.7685858910903183
TCGA-HNSC,train,449.0,274,1,0,0.7657808330936382
TCGA-HNSC,train,451.0,273,1,0,0.7629757750969582
TCGA-HNSC,train,456.0,272,1,0,0.7601707171002783
TCGA-HNSC,train,458.0,271,0,1,0.7601707171002783
TCGA-HNSC,train,459.0,270,1,0,0.7573552699999069
TCGA-HNSC,train,461.0,269,0,1,0.7573552699999069
TCGA-HNSC,train,462.0,268,1,0,0.7545293174999073
TCGA-HNSC,train,464.0,267,1,0,0.7517033649999076
TCGA-HNSC,train,469.0,266,0,1,0.7517033649999076
TCGA-HNSC,train,471.0,265,0,1,0.7517033649999076
TCGA-HNSC,train,472.0,264,1,0,0.7488560037688474
TCGA-HNSC,train,479.0,263,0,1,0.7488560037688474
TCGA-HNSC,train,480.0,262,1,0,0.7459977747468289
TCGA-HNSC,train,484.0,261,1,0,0.7431395457248104
TCGA-HNSC,train,485.0,260,0,1,0.7431395457248104
TCGA-HNSC,train,489.0,259,1,0,0.7402702810695023
TCGA-HNSC,train,491.0,258,0,1,0.7402702810695023
TCGA-HNSC,train,493.0,257,1,0,0.7373898519602825
TCGA-HNSC,train,495.0,256,1,0,0.7345094228510627
TCGA-HNSC,train,499.0,255,0,1,0.7345094228510627
TCGA-HNSC,train,506.0,254,1,0,0.7316176534697593
TCGA-HNSC,train,509.0,253,0,1,0.7316176534697593
TCGA-HNSC,train,514.0,252,0,1,0.7316176534697593
TCGA-HNSC,train,516.0,251,0,1,0.7316176534697593
TCGA-HNSC,train,518.0,250,0,1,0.7316176534697593
TCGA-HNSC,train,520.0,249,0,1,0.7316176534697593
TCGA-HNSC,train,521.0,248,2,0,0.7257175111030677
TCGA-HNSC,train,522.0,246,1,0,0.7227674399197219
TCGA-HNSC,train,539.0,245,0,1,0.7227674399197219
TCGA-HNSC,train,542.0,244,0,1,0.7227674399197219
TCGA-HNSC,train,545.0,243,1,0,0.719793088315114
TCGA-HNSC,train,546.0,242,2,0,0.7138443851058982
TCGA-HNSC,train,559.0,240,0,1,0.7138443851058982
TCGA-HNSC,train,560.0,239,1,0,0.710857588515497
TCGA-HNSC,train,564.0,238,1,0,0.7078707919250957
TCGA-HNSC,train,568.0,237,0,1,0.7078707919250957
TCGA-HNSC,train,572.0,236,1,0,0.7048713394169386
TCGA-HNSC,train,576.0,235,0,1,0.7048713394169386
TCGA-HNSC,train,577.0,234,1,0,0.7018590687356696
TCGA-HNSC,train,578.0,233,0,1,0.7018590687356696
TCGA-HNSC,train,579.0,232,0,1,0.7018590687356696
TCGA-HNSC,train,586.0,231,0,1,0.7018590687356696
TCGA-HNSC,train,594.0,230,0,1,0.7018590687356696
TCGA-HNSC,train,600.0,229,0,1,0.7018590687356696
TCGA-HNSC,train,602.0,228,1,0,0.698780739486829
TCGA-HNSC,train,603.0,227,0,1,0.698780739486829
TCGA-HNSC,train,606.0,226,1,0,0.6956887893121084
TCGA-HNSC,train,616.0,225,0,2,0.6956887893121084
TCGA-HNSC,train,619.0,223,0,1,0.6956887893121084
TCGA-HNSC,train,622.0,222,0,1,0.6956887893121084
TCGA-HNSC,train,623.0,221,0,1,0.6956887893121084
TCGA-HNSC,train,624.0,220,1,1,0.692526567542508
TCGA-HNSC,train,625.0,218,1,1,0.6893498401684598
TCGA-HNSC,train,631.0,216,1,0,0.6861584057232354
TCGA-HNSC,train,635.0,215,0,1,0.6861584057232354
TCGA-HNSC,train,637.0,214,0,1,0.6861584057232354
TCGA-HNSC,train,641.0,213,1,1,0.6829370047573986
TCGA-HNSC,train,645.0,211,0,2,0.6829370047573986
TCGA-HNSC,train,646.0,209,0,1,0.6829370047573986
TCGA-HNSC,train,653.0,208,0,1,0.6829370047573986
TCGA-HNSC,train,654.0,207,1,0,0.6796377921740295
TCGA-HNSC,train,658.0,206,0,1,0.6796377921740295
TCGA-HNSC,train,663.0,205,1,0,0.6763224858707416
TCGA-HNSC,train,667.0,204,0,1,0.6763224858707416
TCGA-HNSC,train,675.0,203,1,0,0.6729908480093094
TCGA-HNSC,train,679.0,202,0,1,0.6729908480093094
TCGA-HNSC,train,680.0,201,1,0,0.6696426348351338
TCGA-HNSC,train,682.0,200,0,1,0.6696426348351338
TCGA-HNSC,train,685.0,199,0,1,0.6696426348351338
TCGA-HNSC,train,687.0,198,0,1,0.6696426348351338
TCGA-HNSC,train,693.0,197,0,1,0.6696426348351338
TCGA-HNSC,train,695.0,196,1,1,0.6662260907798525
TCGA-HNSC,train,701.0,194,0,2,0.6662260907798525
TCGA-HNSC,train,707.0,192,0,1,0.6662260907798525
TCGA-HNSC,train,710.0,191,0,1,0.6662260907798525
TCGA-HNSC,train,713.0,190,0,1,0.6662260907798525
TCGA-HNSC,train,714.0,189,0,1,0.6662260907798525
TCGA-HNSC,train,722.0,188,0,1,0.6662260907798525
TCGA-HNSC,train,725.0,187,0,1,0.6662260907798525
TCGA-HNSC,train,727.0,186,1,0,0.662644230076735
TCGA-HNSC,train,742.0,185,0,1,0.662644230076735
TCGA-HNSC,train,750.0,184,0,1,0.662644230076735
TCGA-HNSC,train,754.0,183,0,1,0.662644230076735
TCGA-HNSC,train,759.0,182,0,3,0.662644230076735
TCGA-HNSC,train,763.0,179,1,0,0.6589423070036806
TCGA-HNSC,train,782.0,178,0,1,0.6589423070036806
TCGA-HNSC,train,789.0,177,1,0,0.6552194691110045
TCGA-HNSC,train,796.0,176,0,1,0.6552194691110045
TCGA-HNSC,train,797.0,175,0,1,0.6552194691110045
TCGA-HNSC,train,799.0,174,0,1,0.6552194691110045
TCGA-HNSC,train,804.0,173,1,0,0.6514320733357963
TCGA-HNSC,train,806.0,172,1,0,0.6476446775605882
TCGA-HNSC,train,817.0,171,0,1,0.6476446775605882
TCGA-HNSC,train,823.0,170,1,0,0.6438350029867024
TCGA-HNSC,train,827.0,169,0,1,0.6438350029867024
TCGA-HNSC,train,833.0,168,0,1,0.6438350029867024
TCGA-HNSC,train,836.0,167,1,1,0.6399797035676204
TCGA-HNSC,train,839.0,165,1,0,0.6361010386975136
TCGA-HNSC,train,850.0,164,0,1,0.6361010386975136
TCGA-HNSC,train,851.0,163,0,1,0.6361010386975136
TCGA-HNSC,train,852.0,162,0,1,0.6361010386975136
TCGA-HNSC,train,853.0,161,1,0,0.6321501005689576
TCGA-HNSC,train,855.0,160,0,1,0.6321501005689576
TCGA-HNSC,train,862.0,159,1,0,0.6281743137729264
TCGA-HNSC,train,875.0,158,0,1,0.6281743137729264
TCGA-HNSC,train,889.0,157,0,1,0.6281743137729264
TCGA-HNSC,train,893.0,156,0,1,0.6281743137729264
TCGA-HNSC,train,895.0,155,0,1,0.6281743137729264
TCGA-HNSC,train,896.0,154,0,1,0.6281743137729264
TCGA-HNSC,train,904.0,153,0,1,0.6281743137729264
TCGA-HNSC,train,906.0,152,0,1,0.6281743137729264
TCGA-HNSC,train,910.0,151,0,1,0.6281743137729264
TCGA-HNSC,train,911.0,150,0,1,0.6281743137729264
TCGA-HNSC,train,913.0,149,0,1,0.6281743137729264
TCGA-HNSC,train,914.0,148,0,1,0.6281743137729264
TCGA-HNSC,train,915.0,147,1,0,0.6239010191214099
TCGA-HNSC,train,918.0,146,0,1,0.6239010191214099
TCGA-HNSC,train,927.0,145,1,0,0.6195982534722968
TCGA-HNSC,train,933.0,144,0,1,0.6195982534722968
TCGA-HNSC,train,947.0,143,0,1,0.6195982534722968
TCGA-HNSC,train,950.0,142,0,1,0.6195982534722968
TCGA-HNSC,train,954.0,141,0,1,0.6195982534722968
TCGA-HNSC,train,964.0,140,0,1,0.6195982534722968
TCGA-HNSC,train,972.0,139,0,1,0.6195982534722968
TCGA-HNSC,train,980.0,138,1,0,0.6151084110558309
TCGA-HNSC,train,985.0,137,1,0,0.610618568639365
TCGA-HNSC,train,987.0,136,0,1,0.610618568639365
TCGA-HNSC,train,988.0,135,1,0,0.6060954681309253
TCGA-HNSC,train,993.0,134,1,1,0.6015723676224856
TCGA-HNSC,train,995.0,132,0,1,0.6015723676224856
TCGA-HNSC,train,997.0,131,0,1,0.6015723676224856
TCGA-HNSC,train,998.0,130,1,0,0.5969448878715434
TCGA-HNSC,train,1000.0,129,0,1,0.5969448878715434
TCGA-HNSC,train,1021.0,128,0,1,0.5969448878715434
TCGA-HNSC,train,1025.0,127,0,1,0.5969448878715434
TCGA-HNSC,train,1027.0,126,0,1,0.5969448878715434
TCGA-HNSC,train,1030.0,125,0,1,0.5969448878715434
TCGA-HNSC,train,1036.0,124,0,1,0.5969448878715434
TCGA-HNSC,train,1037.0,123,1,0,0.5920916774010431
TCGA-HNSC,train,1038.0,122,0,1,0.5920916774010431
TCGA-HNSC,train,1045.0,121,0,1,0.5920916774010431
TCGA-HNSC,train,1050.0,120,0,1,0.5920916774010431
TCGA-HNSC,train,1057.0,119,0,1,0.5920916774010431
TCGA-HNSC,train,1066.0,118,0,1,0.5920916774010431
TCGA-HNSC,train,1075.0,117,0,1,0.5920916774010431
TCGA-HNSC,train,1077.0,116,0,1,0.5920916774010431
TCGA-HNSC,train,1079.0,115,1,0,0.5869430541192949
TCGA-HNSC,train,1081.0,114,1,0,0.5817944308375467
TCGA-HNSC,train,1090.0,113,1,0,0.5766458075557984
TCGA-HNSC,train,1093.0,112,1,0,0.5714971842740503
TCGA-HNSC,train,1095.0,111,0,1,0.5714971842740503
TCGA-HNSC,train,1117.0,110,0,1,0.5714971842740503
TCGA-HNSC,train,1125.0,109,0,1,0.5714971842740503
TCGA-HNSC,train,1133.0,108,1,0,0.5662055436789202
TCGA-HNSC,train,1134.0,107,1,0,0.5609139030837901
TCGA-HNSC,train,1138.0,106,0,1,0.5609139030837901
TCGA-HNSC,train,1147.0,105,0,1,0.5609139030837901
TCGA-HNSC,train,1152.0,104,0,1,0.5609139030837901
TCGA-HNSC,train,1157.0,103,0,1,0.5609139030837901
TCGA-HNSC,train,1168.0,102,0,1,0.5609139030837901
TCGA-HNSC,train,1179.0,101,0,1,0.5609139030837901
TCGA-HNSC,train,1183.0,100,0,1,0.5609139030837901
TCGA-HNSC,train,1190.0,99,0,1,0.5609139030837901
TCGA-HNSC,train,1191.0,98,0,1,0.5609139030837901
TCGA-HNSC,train,1202.0,97,1,0,0.5551312855262253
TCGA-HNSC,train,1224.0,96,0,1,0.5551312855262253
TCGA-HNSC,train,1253.0,95,0,1,0.5551312855262253
TCGA-HNSC,train,1273.0,94,0,1,0.5551312855262253
TCGA-HNSC,train,1274.0,93,0,1,0.5551312855262253
TCGA-HNSC,train,1278.0,92,0,1,0.5551312855262253
TCGA-HNSC,train,1288.0,91,0,1,0.5551312855262253
TCGA-HNSC,train,1289.0,90,1,0,0.5489631601314895
TCGA-HNSC,train,1309.0,89,0,1,0.5489631601314895
TCGA-HNSC,train,1311.0,88,0,1,0.5489631601314895
TCGA-HNSC,train,1315.0,87,0,1,0.5489631601314895
TCGA-HNSC,train,1346.0,86,0,1,0.5489631601314895
TCGA-HNSC,train,1358.0,85,0,1,0.5489631601314895
TCGA-HNSC,train,1394.0,84,1,0,0.5424278844156385
TCGA-HNSC,train,1398.0,83,1,0,0.5358926086997874
TCGA-HNSC,train,1399.0,82,0,1,0.5358926086997874
TCGA-HNSC,train,1409.0,81,0,1,0.5358926086997874
TCGA-HNSC,train,1425.0,80,0,1,0.5358926086997874
TCGA-HNSC,train,1428.0,79,0,1,0.5358926086997874
TCGA-HNSC,train,1430.0,78,0,1,0.5358926086997874
TCGA-HNSC,train,1435.0,77,0,1,0.5358926086997874
TCGA-HNSC,train,1443.0,76,0,1,0.5358926086997874
TCGA-HNSC,train,1459.0,75,1,0,0.5287473739171236
TCGA-HNSC,train,1460.0,74,0,1,0.5287473739171236
TCGA-HNSC,train,1466.0,73,1,0,0.52150425920593
TCGA-HNSC,train,1472.0,72,0,1,0.52150425920593
TCGA-HNSC,train,1478.0,71,0,1,0.52150425920593
TCGA-HNSC,train,1483.0,70,0,1,0.52150425920593
TCGA-HNSC,train,1504.0,69,1,0,0.5139462264638152
TCGA-HNSC,train,1506.0,68,0,1,0.5139462264638152
TCGA-HNSC,train,1508.0,67,0,1,0.5139462264638152
TCGA-HNSC,train,1512.0,66,0,1,0.5139462264638152
TCGA-HNSC,train,1523.0,65,0,1,0.5139462264638152
TCGA-HNSC,train,1527.0,64,0,1,0.5139462264638152
TCGA-HNSC,train,1555.0,63,0,1,0.5139462264638152
TCGA-HNSC,train,1559.0,62,0,1,0.5139462264638152
TCGA-HNSC,train,1560.0,61,0,1,0.5139462264638152
TCGA-HNSC,train,1584.0,60,0,2,0.5139462264638152
TCGA-HNSC,train,1586.0,58,0,1,0.5139462264638152
TCGA-HNSC,train,1591.0,57,1,0,0.5049296259995377
TCGA-HNSC,train,1593.0,56,0,1,0.5049296259995377
TCGA-HNSC,train,1628.0,55,0,1,0.5049296259995377
TCGA-HNSC,train,1641.0,54,1,0,0.4955790773699167
TCGA-HNSC,train,1660.0,53,0,1,0.4955790773699167
TCGA-HNSC,train,1663.0,52,0,2,0.4955790773699167
TCGA-HNSC,train,1665.0,50,0,1,0.4955790773699167
TCGA-HNSC,train,1671.0,49,1,0,0.4854652186480816
TCGA-HNSC,train,1686.0,48,0,1,0.4854652186480816
TCGA-HNSC,train,1690.0,47,0,1,0.4854652186480816
TCGA-HNSC,train,1718.0,46,1,0,0.4749116269383407
TCGA-HNSC,train,1721.0,45,0,1,0.4749116269383407
TCGA-HNSC,train,1722.0,44,0,1,0.4749116269383407
TCGA-HNSC,train,1732.0,43,1,0,0.46386717049791415
TCGA-HNSC,train,1748.0,42,1,0,0.4528227140574876
TCGA-HNSC,train,1762.0,41,1,0,0.4417782576170611
TCGA-HNSC,train,1777.0,40,0,1,0.4417782576170611
TCGA-HNSC,train,1778.0,39,0,1,0.4417782576170611
TCGA-HNSC,train,1838.0,38,1,0,0.4301525139955595
TCGA-HNSC,train,1897.0,37,0,1,0.4301525139955595
TCGA-HNSC,train,1899.0,36,0,1,0.4301525139955595
TCGA-HNSC,train,1971.0,35,0,1,0.4301525139955595
TCGA-HNSC,train,1995.0,34,0,1,0.4301525139955595
TCGA-HNSC,train,2002.0,33,1,0,0.41711758932902737
TCGA-HNSC,train,2016.0,32,0,2,0.41711758932902737
TCGA-HNSC,train,2064.0,30,1,0,0.40321366968472644
TCGA-HNSC,train,2083.0,29,1,0,0.38930975004042556
TCGA-HNSC,train,2120.0,28,1,0,0.37540583039612463
TCGA-HNSC,train,2161.0,27,0,1,0.37540583039612463
TCGA-HNSC,train,2166.0,26,1,0,0.3609671446116583
TCGA-HNSC,train,2169.0,25,0,1,0.3609671446116583
TCGA-HNSC,train,2182.0,24,0,1,0.3609671446116583
TCGA-HNSC,train,2347.0,23,0,1,0.3609671446116583
TCGA-HNSC,train,2359.0,22,0,1,0.3609671446116583
TCGA-HNSC,train,2437.0,21,0,1,0.3609671446116583
TCGA-HNSC,train,2562.0,20,0,1,0.3609671446116583
TCGA-HNSC,train,2703.0,19,1,0,0.34196887384262364
TCGA-HNSC,train,2717.0,18,1,0,0.322970603073589
TCGA-HNSC,train,2727.0,17,0,1,0.322970603073589
TCGA-HNSC,train,2741.0,16,1,0,0.3027849403814897
TCGA-HNSC,train,2886.0,15,0,1,0.3027849403814897
TCGA-HNSC,train,3059.0,14,1,0,0.28115744463995473
TCGA-HNSC,train,3221.0,13,0,1,0.28115744463995473
TCGA-HNSC,train,3270.0,12,0,1,0.28115744463995473
TCGA-HNSC,train,3381.0,11,0,1,0.28115744463995473
TCGA-HNSC,train,3930.0,10,0,1,0.28115744463995473
TCGA-HNSC,train,3981.0,9,0,1,0.28115744463995473
TCGA-HNSC,train,4241.0,8,0,1,0.28115744463995473
TCGA-HNSC,train,4282.0,7,0,1,0.28115744463995473
TCGA-HNSC,train,4760.0,6,1,0,0.23429787053329562
TCGA-HNSC,train,4856.0,5,1,0,0.1874382964266365
TCGA-HNSC,train,5152.0,4,1,0,0.14057872231997737
TCGA-HNSC,train,5252.0,3,0,1,0.14057872231997737
TCGA-HNSC,train,5480.0,2,0,1,0.14057872231997737
TCGA-HNSC,train,6417.0,1,1,0,0.0
