cohort,replicate,delta_ipcw_brier,delta_citl,abs_citl_error_change,delta_calibration_slope,abs_slope_error_change
GSE65858,1,-0.015564383930472575,0.15244426596850325,-0.15244426596850325,0.05948552740102764,-0.05948552740102764
GSE65858,2,-0.01781359568784263,0.15168755197949468,-0.15168755197949468,0.05125829152327216,-0.051258291523272215
GSE65858,3,-0.017080184309896662,0.15216511687393908,-0.15216511687393908,0.05223640267654678,-0.052236402676546834
GSE65858,4,-0.014397924666501555,0.14340514648761893,-0.14340514648761893,0.06335084541365155,-0.06335084541365155
GSE65858,5,-0.016138232859766594,0.1522585660585909,-0.1522585660585909,0.04308392181873505,-0.043083921818735105
GSE65858,6,-0.016964518055385375,0.15863099159970218,-0.15863099159970218,0.08552133628232395,-0.08552133628232395
GSE65858,7,-0.016477958861459058,0.15606547548310834,-0.15606547548310834,0.06034893724790069,-0.06034893724790069
GSE65858,8,-0.013144970651146198,0.14374856282016713,-0.14374856282016713,0.06917799206949016,-0.06917799206949016
GSE65858,9,-0.017899827061224283,0.15006711806125517,-0.15006711806125517,0.034012437757042324,-0.034012437757042324
GSE65858,10,-0.015382135943386471,0.14868988041259823,-0.14868988041259823,0.0694118173011753,-0.0694118173011753
GSE65858,11,-0.014834895413503135,0.1455650738438734,-0.1455650738438734,0.06146608563364131,-0.06146608563364131
GSE65858,12,-0.018607887017579483,0.1554434581070867,-0.1554434581070867,0.04304664145592374,-0.04304664145592374
GSE65858,13,-0.018404072727103538,0.16014950467301792,-0.16014950467301792,0.0608600909274285,-0.0608600909274285
GSE65858,14,-0.015465482088071136,0.14966343512088254,-0.14966343512088254,0.08205390547854896,-0.08205390547854896
GSE65858,15,-0.013952992218920435,0.14464706480815126,-0.14464706480815126,0.06816250039159366,-0.06816250039159366
GSE65858,16,-0.014400465767297282,0.14740610271436583,-0.14740610271436583,0.06798534320174587,-0.06798534320174587
GSE65858,17,-0.014089221251922301,0.14778460149317008,-0.14778460149317008,0.11790691094357686,0.11790691094357686
GSE65858,18,-0.015657887550137417,0.14463129863318946,-0.14463129863318946,0.06873225811725037,-0.06873225811725037
GSE65858,19,-0.019414553516281463,0.16527735810335975,-0.16527735810335975,0.04379146847989168,-0.04379146847989168
GSE65858,20,-0.014259521655229396,0.1445643918059969,-0.1445643918059969,0.06991551281299535,-0.06991551281299535
GSE65858,21,-0.015284864914751978,0.14692227475768949,-0.14692227475768949,0.05533318359240419,-0.055333183592404245
GSE65858,22,-0.019312262094742128,0.16566569608534687,-0.16566569608534687,0.06508023199384128,-0.06508023199384128
GSE65858,23,-0.014087521244984469,0.1489579160175265,-0.1489579160175265,0.06691518246902683,-0.06691518246902683
GSE65858,24,-0.0162983574394977,0.15125913720320106,-0.15125913720320106,0.05626036527872136,-0.05626036527872136
GSE65858,25,-0.016477596537521372,0.14907328323524927,-0.14907328323524927,0.06257912871693216,-0.06257912871693216
GSE65858,26,-0.015791745179879135,0.15661647780121113,-0.15661647780121113,0.09512673771558744,-0.09512673771558744
GSE65858,27,-0.014255602197582401,0.14942357316578048,-0.14942357316578048,0.08140154774406105,-0.08140154774406105
GSE65858,28,-0.017424647463163162,0.15382744977375706,-0.15382744977375706,0.05114837834694452,-0.05114837834694452
GSE65858,29,-0.014209365143186742,0.14624527056505277,-0.14624527056505277,0.07510573010834198,-0.07510573010834198
GSE65858,30,-0.017705418254898686,0.1512252844895987,-0.1512252844895987,0.06248908356887939,-0.06248908356887939
GSE65858,31,-0.017283910767296323,0.1543287984254862,-0.1543287984254862,0.087262757089137,-0.087262757089137
GSE65858,32,-0.014982182989460358,0.1498400376006901,-0.1498400376006901,0.06166751741877319,-0.06166751741877319
GSE65858,33,-0.01515918890686202,0.14869551222492317,-0.14869551222492317,0.08484146871238263,-0.08484146871238263
GSE65858,34,-0.015036862534151124,0.15678335222271644,-0.15678335222271644,0.0845786689796485,-0.0845786689796485
GSE65858,35,-0.020275644203123444,0.1624531318914033,-0.1624531318914033,0.02287377906131957,-0.0228737790613196
GSE65858,36,-0.017545550631233087,0.15287809649167183,-0.15287809649167183,0.05119297084342844,-0.05119297084342844
GSE65858,37,-0.019470291895320263,0.1645445710364699,-0.1645445710364699,0.05192627685183698,-0.05192627685183693
GSE65858,38,-0.01681025919713608,0.15083205647035247,-0.15083205647035247,0.052345034683028646,-0.052345034683028646
GSE65858,39,-0.01493125402047596,0.15598753252099118,-0.15598753252099118,0.07834662935656944,-0.07834662935656944
GSE65858,40,-0.014918859540144935,0.1479366465846772,-0.1479366465846772,0.08234684932920833,-0.08234684932920833
GSE65858,41,-0.015556837602965085,0.1544927967575329,-0.1544927967575329,0.10012526326674343,-0.09761949359416111
GSE65858,42,-0.014291246186569045,0.15036438538634078,-0.15036438538634078,0.07918257554807484,-0.07918257554807484
GSE65858,43,-0.015216661531209458,0.14769508839055567,-0.14769508839055567,0.06763569090481969,-0.06763569090481969
GSE65858,44,-0.015064288448617097,0.15434391087392396,-0.15434391087392396,0.07073695174002081,-0.07073695174002081
GSE65858,45,-0.01637199094324346,0.15502968535522776,-0.15502968535522776,0.07125716620221034,-0.07125716620221034
GSE65858,46,-0.015454179095196474,0.1500462083085552,-0.1500462083085552,0.07374609062253357,-0.07374609062253357
GSE65858,47,-0.01615843570181183,0.1514571273132992,-0.1514571273132992,0.05566011813227523,-0.05566011813227523
GSE65858,48,-0.020292313094040837,0.16551940254137643,-0.16551940254137643,0.0505606816488251,-0.0505606816488251
GSE65858,49,-0.017814155072729904,0.15054964916247027,-0.15054964916247027,0.043608333511826136,-0.043608333511826136
GSE65858,50,-0.01765833260748112,0.16864757303823907,-0.16864757303823907,0.09450588024395279,-0.09450588024395279
GSE65858,51,-0.01203766611531712,0.1346900413755614,-0.1346900413755614,0.10053227721326186,-0.08988835290731101
GSE65858,52,-0.016042722619938415,0.15005416363126423,-0.15005416363126423,0.047331039991209356,-0.047331039991209245
GSE65858,53,-0.012427728759623807,0.14054448485838644,-0.14054448485838644,0.07112813418439101,-0.07112813418439101
GSE65858,54,-0.015231543614573101,0.13940760360540838,-0.13940760360540838,0.06721501441269806,-0.06721501441269806
GSE65858,55,-0.01799965923448449,0.15988506260251656,-0.15988506260251656,0.07352835592505769,-0.07352835592505769
GSE65858,56,-0.01310912513169571,0.14048382819426797,-0.14048382819426797,0.09361769346695825,-0.09361769346695825
GSE65858,57,-0.013265659332278773,0.1505335046185574,-0.1505335046185574,0.12902420410284754,0.12902420410284754
GSE65858,58,-0.015140389949797023,0.14000171049948085,-0.14000171049948085,0.015272746541680426,-0.015272746541680426
GSE65858,59,-0.014979420276628824,0.14695078415330154,-0.14695078415330154,0.09755988345580069,-0.09755988345580069
GSE65858,60,-0.017113128405475186,0.15700330017541364,-0.15700330017541364,0.057800834273361246,-0.057800834273361246
GSE65858,61,-0.016246004991656404,0.15510440173841733,-0.15510440173841733,0.04597967998406827,-0.04597967998406838
GSE65858,62,-0.01721493139553204,0.15587254725827226,-0.15587254725827226,0.04703877532759887,-0.047038775327598814
GSE65858,63,-0.015016155437386741,0.14625207507651483,-0.14625207507651483,0.07044719452179737,-0.07044719452179737
GSE65858,64,-0.015286871227549376,0.15328290053556248,-0.15328290053556248,0.1353732228421607,0.1353732228421607
GSE65858,65,-0.014160743311327995,0.15165557104280536,-0.15165557104280536,0.10735637245552399,0.039771944725904174
GSE65858,66,-0.01640086526371981,0.1444676698904792,-0.1444676698904792,0.035896001734375904,-0.035896001734375904
GSE65858,67,-0.014667712403936772,0.14935652305979308,-0.14935652305979308,0.09081416174125057,-0.09081416174125057
GSE65858,68,-0.01423564713255629,0.14613841643410153,-0.14613841643410153,0.0782458883414473,-0.0782458883414473
GSE65858,69,-0.01600414019292265,0.150165082329772,-0.150165082329772,0.054544326791040765,-0.05454432679104082
GSE65858,70,-0.010910617555597607,0.14074086957462106,-0.14074086957462106,0.14258660106869403,0.14258660106869403
GSE65858,71,-0.020336518994445052,0.15146172754283316,-0.15146172754283316,0.03357888768522299,-0.03357888768522299
GSE65858,72,-0.01546797427448432,0.15370489572544543,-0.15370489572544543,0.05239487224847661,-0.05239487224847661
GSE65858,73,-0.01317942078900694,0.13810312567435723,-0.13810312567435723,0.07460817124813068,-0.07460817124813068
GSE65858,74,-0.01423777655700656,0.14156565772836616,-0.14156565772836616,0.06942697707479828,-0.06942697707479828
GSE65858,75,-0.014198145419261121,0.1497406915517583,-0.1497406915517583,0.08355608375893797,-0.08355608375893797
GSE65858,76,-0.016161609804350108,0.14923891849593152,-0.14923891849593152,0.051327508539971534,-0.05132750853997148
GSE65858,77,-0.01609328078670691,0.15355938699973093,-0.15355938699973093,0.04719460647372259,-0.047194606473722533
GSE65858,78,-0.016314011795237865,0.150485524701661,-0.150485524701661,0.035290380084075534,-0.03529038008407548
GSE65858,79,-0.01388697176686482,0.14386712209261665,-0.14386712209261665,0.09237512954739557,-0.09237512954739557
GSE65858,80,-0.01697555403858425,0.15074704164713482,-0.15074704164713482,0.09489021797512143,-0.09489021797512143
GSE65858,81,-0.014899206594742004,0.15221237091637074,-0.15221237091637074,0.0829922327996847,-0.0829922327996847
GSE65858,82,-0.016847275630110264,0.14212369640839562,-0.14212369640839562,-0.007873440798735976,0.007873440798735976
GSE65858,83,-0.01594223851931728,0.14362177769362305,-0.14362177769362305,0.06877679799565617,-0.06877679799565617
GSE65858,84,-0.018348809897980045,0.16858982346714857,-0.16858982346714857,0.06449936340206419,-0.06449936340206419
GSE65858,85,-0.015311652965156047,0.15309873486357573,-0.15309873486357573,0.07118054730136081,-0.07118054730136081
GSE65858,86,-0.015649978322357844,0.14247278973361355,-0.14247278973361355,0.04588418622034057,-0.04588418622034063
GSE65858,87,-0.017476728389320795,0.16356720923363888,-0.16356720923363888,0.07961795873081479,-0.07961795873081479
GSE65858,88,-0.015926079977921587,0.15498295427874842,-0.15498295427874842,0.078400644959704,-0.078400644959704
GSE65858,89,-0.014893333130500536,0.14314271467755546,-0.14314271467755546,0.06372149574034613,-0.06372149574034613
GSE65858,90,-0.014763051359029056,0.1483230542641396,-0.1483230542641396,0.07808945244664511,-0.07808945244664511
GSE65858,91,-0.015050681549725331,0.1532681083636831,-0.1532681083636831,0.07558918587293828,-0.07558918587293828
GSE65858,92,-0.01292356286363161,0.14344534669221742,-0.14344534669221742,0.055560442782368935,-0.055560442782368935
GSE65858,93,-0.016099759359981813,0.1529416649403108,-0.1529416649403108,0.06974822897098887,-0.06974822897098887
GSE65858,94,-0.016335276692348633,0.15634527906877338,-0.15634527906877338,0.09138143689597689,-0.09138143689597689
GSE65858,95,-0.015963868076452364,0.15799115284710408,-0.15799115284710408,0.09673704131806482,-0.09673704131806482
GSE65858,96,-0.016909507378825184,0.15443999204383263,-0.15443999204383263,0.07348423084921651,-0.07348423084921651
GSE65858,97,-0.015128585883887186,0.15252379814524653,-0.15252379814524653,0.1586028080162014,0.1586028080162014
GSE65858,98,-0.015981046556323236,0.15188366082511617,-0.15188366082511617,0.048699080255465266,-0.04869908025546532
GSE65858,99,-0.017092877802879297,0.15321341599433502,-0.15321341599433502,0.1032656792370007,-0.03795275120359454
GSE65858,100,-0.01851908760252896,0.16619740709115316,-0.16619740709115316,0.08860525403192032,-0.08860525403192032
GSE65858,101,-0.014487151540821502,0.14509508332130094,-0.14509508332130094,0.03949838623275198,-0.039498386232752036
GSE65858,102,-0.015348963313160047,0.15960599566151834,-0.15960599566151834,0.0749347415221383,-0.0749347415221383
GSE65858,103,-0.01890570373348127,0.15863328583440328,-0.15863328583440328,0.06255477750637994,-0.06255477750637994
GSE65858,104,-0.015014292163573945,0.14391043849853458,-0.14391043849853458,0.06698488655029422,-0.06698488655029422
GSE65858,105,-0.01329443260600277,0.13777802151246155,-0.13777802151246155,0.08203666868543047,-0.08203666868543047
GSE65858,106,-0.015403531138156651,0.1535136693339989,-0.1535136693339989,0.06611248344186704,-0.06611248344186704
GSE65858,107,-0.015283157450159318,0.14050737710201933,-0.14050737710201933,0.03951850850271138,-0.039518508502711325
GSE65858,108,-0.015600767570951135,0.14973076553343523,-0.14973076553343523,0.05670282537569393,-0.05670282537569393
GSE65858,109,-0.01661322446410124,0.15372730081653896,-0.15372730081653896,0.08526075031978386,-0.08526075031978386
GSE65858,110,-0.01783659029943291,0.15574023892095834,-0.15574023892095834,0.034893219893836536,-0.034893219893836536
GSE65858,111,-0.016048918474008633,0.1461662388819076,-0.1461662388819076,0.02345813998091953,-0.023458139980919612
GSE65858,112,-0.016957270227524468,0.15529018982023368,-0.15529018982023368,0.045487223342094874,-0.045487223342094874
GSE65858,113,-0.016027919617776692,0.15852161015702393,-0.15852161015702393,0.10837497654423467,0.05912514875118646
GSE65858,114,-0.014750597147374062,0.14223758577218204,-0.14223758577218204,0.04483520236737565,-0.044835202367375704
GSE65858,115,-0.019608211237411327,0.17063137756670943,-0.17063137756670943,0.06751641995541857,-0.06751641995541857
GSE65858,116,-0.013586419920337545,0.14371252180160332,-0.14371252180160332,0.07232940123989884,-0.07232940123989884
GSE65858,117,-0.013885347023610994,0.1413518453147431,-0.1413518453147431,0.08251625699968956,-0.08251625699968956
GSE65858,118,-0.015328376761325119,0.1588379673192759,-0.1588379673192759,0.07621227082743565,-0.07621227082743565
GSE65858,119,-0.015973871571111437,0.16182667542313767,-0.16182667542313767,0.10345312884948521,-0.03439015039723603
GSE65858,120,-0.018494364619172615,0.16065239937829157,-0.16065239937829157,0.0699523177485204,-0.0699523177485204
GSE65858,121,-0.016026845057371092,0.15184363994414185,-0.15184363994414185,0.07260193723939756,-0.07260193723939756
GSE65858,122,-0.017683758376509262,0.15083979418547733,-0.15083979418547733,0.040556410414852306,-0.04055641041485225
GSE65858,123,-0.01701919074582764,0.14481583018643152,-0.14481583018643152,0.013064591924481242,-0.013064591924481284
GSE65858,124,-0.013904191731708954,0.14063385064304457,-0.14063385064304457,0.03125177021522729,-0.03125177021522729
GSE65858,125,-0.019040085188928718,0.15555324079763477,-0.15555324079763477,0.01311239884025149,-0.013112398840251505
GSE65858,126,-0.017625197248892888,0.15962308857738994,-0.15962308857738994,0.07346197791903752,-0.07346197791903752
GSE65858,127,-0.015831007430404387,0.15767781341974407,-0.15767781341974407,0.06635687518037992,-0.06635687518037992
GSE65858,128,-0.014427975100015838,0.15693138839289866,-0.15693138839289866,0.0793193223052755,-0.0793193223052755
GSE65858,129,-0.016304186947291827,0.15521225250613235,-0.15521225250613235,0.10022916607511279,-0.09564713815653281
GSE65858,130,-0.016309254849386667,0.1576200047063463,-0.1576200047063463,0.06955417194482039,-0.06955417194482039
GSE65858,131,-0.014631537427175517,0.14678611391907448,-0.14678611391907448,0.07130665798921243,-0.07130665798921243
GSE65858,132,-0.01324606685219809,0.14122368476851732,-0.14122368476851732,0.07537214083376909,-0.07537214083376909
GSE65858,133,-0.013756731786929405,0.14971580217722336,-0.14971580217722336,0.0944194887834584,-0.0944194887834584
GSE65858,134,-0.015144019144222642,0.14771944381577917,-0.14771944381577917,0.06019766533662951,-0.06019766533662951
GSE65858,135,-0.013971888707767333,0.14154319871720067,-0.14154319871720067,0.053310307826823,-0.053310307826823
GSE65858,136,-0.015301953233897714,0.15718565374782312,-0.15718565374782312,0.10907933340535192,0.07250800266429525
GSE65858,137,-0.018755960637839547,0.1602534171556882,-0.1602534171556882,0.045732267002033256,-0.045732267002033256
GSE65858,138,-0.015731788815384756,0.15512438125493766,-0.15512438125493766,0.10109752427435315,-0.07914876453127617
GSE65858,139,-0.014535756117651344,0.14831625983484242,-0.14831625983484242,0.08633328494559855,-0.08633328494559855
GSE65858,140,-0.012728766648010065,0.14260318222655588,-0.14260318222655588,0.08743400158700532,-0.08743400158700532
GSE65858,141,-0.01675012064939474,0.15179517506430562,-0.15179517506430562,0.049377867496047,-0.049377867496047
GSE65858,142,-0.015923747028221497,0.1532193703578928,-0.1532193703578928,0.08357109681097008,-0.08357109681097008
GSE65858,143,-0.012658590514638246,0.14876750259864957,-0.14876750259864957,0.10080207670710506,-0.08476074885359453
GSE65858,144,-0.017580471897921,0.17624186785476792,-0.17624186785476792,0.07888716831034748,-0.07888716831034748
GSE65858,145,-0.01444660132165293,0.15429368096021934,-0.15429368096021934,0.09056951017834158,-0.09056951017834158
GSE65858,146,-0.014595183755951285,0.1431598193872965,-0.1431598193872965,0.07245453733268992,-0.07245453733268992
GSE65858,147,-0.01801095302831035,0.15530178390362037,-0.15530178390362037,0.060237846011017115,-0.060237846011017115
GSE65858,148,-0.01562725582156066,0.1569801883372759,-0.1569801883372759,0.07523133685444616,-0.07523133685444616
GSE65858,149,-0.01635015855222649,0.15031493571883092,-0.15031493571883092,0.06955906109913956,-0.06955906109913956
GSE65858,150,-0.016591477771800145,0.14679369902109785,-0.14679369902109785,0.05441236776164626,-0.05441236776164626
GSE65858,151,-0.016588917094575995,0.15172968594210645,-0.15172968594210645,0.06319792669198476,-0.06319792669198476
GSE65858,152,-0.016423447473337793,0.15198691945240506,-0.15198691945240506,0.060118562076810655,-0.060118562076810655
GSE65858,153,-0.014712323771587377,0.15100161990473038,-0.15100161990473038,0.0821387854953608,-0.0821387854953608
GSE65858,154,-0.01818573733723447,0.15289525207123922,-0.15289525207123922,0.08220849155952792,-0.08220849155952792
GSE65858,155,-0.01816789313357306,0.15448601103097492,-0.15448601103097492,0.05466853573075775,-0.054668535730757695
GSE65858,156,-0.018493233994013453,0.16031044051366727,-0.16031044051366727,0.05243503681225237,-0.05243503681225237
GSE65858,157,-0.018959458700666232,0.1640286128806847,-0.1640286128806847,0.040202293513355025,-0.040202293513355025
GSE65858,158,-0.0145585607649667,0.138580187108847,-0.138580187108847,0.04189954039895788,-0.041899540398957935
GSE65858,159,-0.011194838466318857,0.14470118976609503,-0.14470118976609503,0.12807603884212604,0.12807603884212604
GSE65858,160,-0.014496586880840295,0.15383419286144018,-0.15383419286144018,0.09152691834338311,-0.09152691834338311
GSE65858,161,-0.017163221674532575,0.14947688379404056,-0.14947688379404056,0.0409270358475769,-0.04092703584757684
GSE65858,162,-0.016409989284799947,0.15066757577646972,-0.15066757577646972,0.040052249426169195,-0.04005224942616925
GSE65858,163,-0.017100734086537644,0.15600205229068176,-0.15600205229068176,0.044650732626304035,-0.044650732626303924
GSE65858,164,-0.017361039242401233,0.15406942146637026,-0.15406942146637026,0.07598021315775894,-0.07598021315775894
GSE65858,165,-0.013774144770310331,0.14593473714473815,-0.14593473714473815,0.10410278739514267,-0.0220471816862996
GSE65858,166,-0.015099949696163156,0.15166300365035368,-0.15166300365035368,0.05052341102423141,-0.05052341102423141
GSE65858,167,-0.015373080127004612,0.14736491552598374,-0.14736491552598374,0.06520693119351728,-0.06520693119351728
GSE65858,168,-0.014728036905285596,0.13944544728353558,-0.13944544728353558,0.03188455100677079,-0.03188455100677068
GSE65858,169,-0.015025993336443583,0.1471616021712554,-0.1471616021712554,0.07978831278391019,-0.07978831278391019
GSE65858,170,-0.014301133173087871,0.1446413940342386,-0.1446413940342386,0.09984992499285816,-0.09984992499285816
GSE65858,171,-0.015484561787820927,0.143998961986342,-0.143998961986342,0.0617841446029207,-0.0617841446029207
GSE65858,172,-0.013182680256639101,0.14098953023894123,-0.14098953023894123,0.10431475407923352,-0.018018927774701377
GSE65858,173,-0.016197966651910006,0.15503723156549287,-0.15503723156549287,0.11450164064821022,0.11450164064821022
GSE65858,174,-0.014470625476357024,0.15236050569632753,-0.15236050569632753,0.08169250861096466,-0.08169250861096466
GSE65858,175,-0.016401205222616233,0.1559945523403219,-0.1559945523403219,0.06215885456807968,-0.06215885456807968
GSE65858,176,-0.014987068791580682,0.14847661843536164,-0.14847661843536164,0.08234438380716391,-0.08234438380716391
GSE65858,177,-0.014699121648149044,0.15428756337528426,-0.15428756337528426,0.11067716083486878,0.10286761541143197
GSE65858,178,-0.014919377380640586,0.14883247464985083,-0.14883247464985083,0.061610684929967685,-0.061610684929967685
GSE65858,179,-0.014674945489874441,0.15229833462046027,-0.15229833462046027,0.10287630115909041,-0.04534983208841592
GSE65858,180,-0.015055561086054103,0.14489296880917957,-0.14489296880917957,0.05750493548706381,-0.05750493548706381
GSE65858,181,-0.01637040130896858,0.15231669577745532,-0.15231669577745532,0.06368311655656955,-0.06368311655656955
GSE65858,182,-0.013526072754493274,0.14236856976503653,-0.14236856976503653,0.09640528608803456,-0.09640528608803456
GSE65858,183,-0.015112349111469747,0.149606081705685,-0.149606081705685,0.05733692045040206,-0.05733692045040206
GSE65858,184,-0.018667393315977027,0.1607420082246518,-0.1607420082246518,0.05182110855528188,-0.05182110855528188
GSE65858,185,-0.014289297038389132,0.14801476736111452,-0.14801476736111452,0.10224953847332119,-0.05725574144490608
GSE65858,186,-0.013973602978504834,0.14679668348133346,-0.14679668348133346,0.06344544017656417,-0.06344544017656417
GSE65858,187,-0.015403931047907549,0.15015252949599556,-0.15015252949599556,0.04938123571491343,-0.049381235714913374
GSE65858,188,-0.01571432336878595,0.15500135614148158,-0.15500135614148158,0.07591732666751683,-0.07591732666751683
GSE65858,189,-0.014173522128164695,0.14339323664216774,-0.14339323664216774,0.08374956749279205,-0.08374956749279205
GSE65858,190,-0.01488209191683082,0.14496317596399466,-0.14496317596399466,0.058443543611070736,-0.058443543611070736
GSE65858,191,-0.015657445059931663,0.15708956241443972,-0.15708956241443972,,
GSE65858,192,-0.016561718262286806,0.14630446717890022,-0.14630446717890022,0.03142478125814113,-0.03142478125814119
GSE65858,193,-0.014534131121168997,0.1472319537455944,-0.1472319537455944,0.06390303991903834,-0.06390303991903834
GSE65858,194,-0.015741901423948795,0.14929826160979265,-0.14929826160979265,0.04146175704750826,-0.04146175704750821
GSE65858,195,-0.014512701481771223,0.15289397840010843,-0.15289397840010843,0.0904988855907487,-0.0904988855907487
GSE65858,196,-0.01370306941927421,0.1489396068953479,-0.1489396068953479,0.10926238918730591,0.07598373866122743
GSE65858,197,-0.01750851469393072,0.15667762094026672,-0.15667762094026672,0.05463440185930296,-0.054634401859302906
GSE65858,198,-0.01913166124856755,0.15399455739477985,-0.15399455739477985,0.0019583593971396474,-0.0019583593971396196
GSE65858,199,-0.01438061419539266,0.1504478915954801,-0.1504478915954801,0.09393976272690918,-0.09393976272690918
GSE65858,200,-0.014808882363112064,0.15211267781244708,-0.15211267781244708,0.07603403320805158,-0.07603403320805158
GSE65858,201,-0.015737965876765347,0.14870310910712403,-0.14870310910712403,0.0665596974066307,-0.0665596974066307
GSE65858,202,-0.014765189945747492,0.15263343566972076,-0.15263343566972076,0.08570882578772643,-0.08570882578772643
GSE65858,203,-0.01355372504510749,0.1479046671622224,-0.1479046671622224,0.07536843713474883,-0.07536843713474883
GSE65858,204,-0.016699777906070357,0.159191137865625,-0.159191137865625,0.07270320438967248,-0.07270320438967248
GSE65858,205,-0.01788301970406439,0.15100802043898587,-0.15100802043898587,0.010435682473081145,-0.010435682473081243
GSE65858,206,-0.017056558061880778,0.1548125478914415,-0.1548125478914415,0.023500351915659135,-0.023500351915659135
GSE65858,207,-0.014506859350691181,0.14791530954848042,-0.14791530954848042,0.07764654385746872,-0.07764654385746872
GSE65858,208,-0.01568570462495203,0.1462867211450698,-0.1462867211450698,,
GSE65858,209,-0.014547194837880167,0.14912472442578584,-0.14912472442578584,0.10647018696648225,0.02293321849671226
GSE65858,210,-0.016418763462015346,0.15328282001178106,-0.15328282001178106,0.015362656879993747,-0.015362656879993719
GSE65858,211,-0.016560985294055336,0.14477910152282547,-0.14477910152282547,0.00015647962571463565,-0.00015647962571463392
GSE65858,212,-0.016834259102664006,0.1586693277870188,-0.1586693277870188,0.048796154585882656,-0.04879615458588271
GSE65858,213,-0.013712742278190748,0.14189086188529765,-0.14189086188529765,0.09046027636920928,-0.09046027636920928
GSE65858,214,-0.014744904807344222,0.14565145782933486,-0.14565145782933486,0.08917349818677767,-0.08917349818677767
GSE65858,215,-0.014443721138381299,0.1508989703152981,-0.1508989703152981,0.07946094960234851,-0.07946094960234851
GSE65858,216,-0.019879350345523766,0.16003610946689872,-0.16003610946689872,0.051289513445221036,-0.051289513445221036
GSE65858,217,-0.015991740462632964,0.15118374963480408,-0.15118374963480408,0.07958229489703006,-0.07958229489703006
GSE65858,218,-0.01708134684099194,0.1643809650503718,-0.1643809650503718,0.08961960494475973,-0.08961960494475973
GSE65858,219,-0.015714337700911823,0.15105283320552587,-0.15105283320552587,0.0815581976413029,-0.0815581976413029
GSE65858,220,-0.01729628349624071,0.15832425169797326,-0.15832425169797326,0.06696190137384728,-0.06696190137384728
GSE65858,221,-0.017965253330522846,0.15571430972066191,-0.15571430972066191,0.062298454543527115,-0.062298454543527115
GSE65858,222,-0.017151726544772455,0.14984131306967852,-0.14984131306967852,0.026735588797929366,-0.026735588797929255
GSE65858,223,-0.018482526025548812,0.15695157000332238,-0.15695157000332238,,
GSE65858,224,-0.016544352279061064,0.14746861005929057,-0.14746861005929057,0.06658009627613326,-0.06658009627613326
GSE65858,225,-0.018088844114322128,0.16262869004123925,-0.16262869004123925,0.05211594648090517,-0.05211594648090523
GSE65858,226,-0.018230066438272574,0.16469161351314554,-0.16469161351314554,0.06432497994354769,-0.06432497994354769
GSE65858,227,-0.016848709110582505,0.15650185993037335,-0.15650185993037335,0.06739803897675045,-0.06739803897675045
GSE65858,228,-0.016254642695055194,0.149365573110797,-0.149365573110797,0.048518572277698624,-0.048518572277698624
GSE65858,229,-0.016084700168831845,0.15260252128740248,-0.15260252128740248,0.06660962495268363,-0.06660962495268363
GSE65858,230,-0.015870604925248888,0.14447938132140092,-0.14447938132140092,0.053654975958606965,-0.05365497595860702
GSE65858,231,-0.016859751526224098,0.15043810934137491,-0.15043810934137491,0.02342126174249809,-0.023421261742498145
GSE65858,232,-0.013642459723815586,0.1538198875232677,-0.1538198875232677,0.11460138143258969,0.11460138143258969
GSE65858,233,-0.014384832876191078,0.14071906746167318,-0.14071906746167318,,
GSE65858,234,-0.012009393998316797,0.12914546429790674,-0.12914546429790674,0.05686913252503878,-0.05686913252503878
GSE65858,235,-0.01801781704526928,0.1517566966855315,-0.1517566966855315,0.045217587871674014,-0.04521758787167396
GSE65858,236,-0.019204021759150786,0.15901611662678783,-0.15901611662678783,0.006410696809551204,-0.006410696809551308
GSE65858,237,-0.0174889122533394,0.15042435886801298,-0.15042435886801298,0.038153366103373165,-0.038153366103373054
GSE65858,238,-0.015981924725736535,0.14915040035436777,-0.14915040035436777,0.05526271413307915,-0.05526271413307915
GSE65858,239,-0.01734102306751198,0.15249660034772794,-0.15249660034772794,0.0453358077560142,-0.0453358077560142
GSE65858,240,-0.016252959764637837,0.1583279604921144,-0.1583279604921144,0.07950799522205776,-0.07950799522205776
GSE65858,241,-0.014582883113530398,0.1464810771695031,-0.1464810771695031,0.06627236336226017,-0.06627236336226017
GSE65858,242,-0.017335232383619587,0.15856367647637026,-0.15856367647637026,0.057169571207428826,-0.057169571207428826
GSE65858,243,-0.015076356097851074,0.15316106172003363,-0.15316106172003363,0.07206809541513814,-0.07206809541513814
GSE65858,244,-0.013603749988176733,0.145378172117685,-0.145378172117685,0.07783323869592851,-0.07783323869592851
GSE65858,245,-0.01505478824645995,0.1487614897158518,-0.1487614897158518,0.05628043530038018,-0.05628043530038018
GSE65858,246,-0.015015460018028198,0.14804288485217554,-0.14804288485217554,0.07803560257210429,-0.07803560257210429
GSE65858,247,-0.013371797283950049,0.14015750492623047,-0.14015750492623047,0.08514206093650745,-0.08514206093650745
GSE65858,248,-0.01770336866558289,0.15100752663732186,-0.15100752663732186,0.04783474814019595,-0.04783474814019595
GSE65858,249,-0.016139056440687,0.1513430162446523,-0.1513430162446523,0.043842461485434525,-0.04384246148543458
GSE65858,250,-0.013458534592617921,0.1477334038720718,-0.1477334038720718,0.09363197512928279,-0.09363197512928279
GSE65858,251,-0.01835350837324648,0.16547801116150107,-0.16547801116150107,0.0756760486052932,-0.0756760486052932
GSE65858,252,-0.016373023267319375,0.15198090166164557,-0.15198090166164557,0.04405987379476123,-0.04405987379476117
GSE65858,253,-0.016783293765998547,0.15951430337067318,-0.15951430337067318,0.0876637532345359,-0.0876637532345359
GSE65858,254,-0.014725265520347919,0.15048615195908788,-0.15048615195908788,0.10316916352732475,-0.03978566568414743
GSE65858,255,-0.01632560955742471,0.15027116263607465,-0.15027116263607465,0.05998560684408771,-0.05998560684408771
GSE65858,256,-0.013406987332628989,0.15017429772136892,-0.15017429772136892,0.07236020528376952,-0.07236020528376952
GSE65858,257,-0.013805423506108166,0.1464359684956017,-0.1464359684956017,0.06098441424739287,-0.06098441424739287
GSE65858,258,-0.015531228473098957,0.1555174690808867,-0.1555174690808867,0.04568893834765808,-0.04568893834765797
GSE65858,259,-0.0159229644079677,0.15176566654332357,-0.15176566654332357,0.07944797472435838,-0.07944797472435838
GSE65858,260,-0.015819234638925567,0.14439950289343528,-0.14439950289343528,0.052469631443256226,-0.052469631443256226
GSE65858,261,-0.017059872532978637,0.160550703454174,-0.160550703454174,0.09456268792520173,-0.09456268792520173
GSE65858,262,-0.011286978125896296,0.1418863481937369,-0.1418863481937369,0.10212186633818698,-0.059686083281643154
GSE65858,263,-0.01770142646788525,0.15601355350269186,-0.15601355350269186,0.05506517144058004,-0.055065171440579985
GSE65858,264,-0.01727884767253013,0.1510527885941919,-0.1510527885941919,0.04207354038686595,-0.04207354038686595
GSE65858,265,-0.01430065849566231,0.1443192207317363,-0.1443192207317363,0.07976606195724012,-0.07976606195724012
GSE65858,266,-0.01861922289187376,0.165072506427987,-0.165072506427987,0.06014956101148361,-0.06014956101148361
GSE65858,267,-0.012144908398778187,0.14245847450230253,-0.14245847450230253,0.06991466263795298,-0.06991466263795298
GSE65858,268,-0.016753580712340566,0.14851805941731855,-0.14851805941731855,0.03298026738972282,-0.03298026738972282
GSE65858,269,-0.016750424381384743,0.15390142046805289,-0.15390142046805289,0.07375646350681042,-0.07375646350681042
GSE65858,270,-0.015122935586575681,0.14545404473968082,-0.14545404473968082,0.06304859500268101,-0.06304859500268101
GSE65858,271,-0.01665534978774144,0.15314610870034295,-0.15314610870034295,0.0508278876565198,-0.0508278876565198
GSE65858,272,-0.014595191728429574,0.13896405834790904,-0.13896405834790904,0.07150611006682683,-0.07150611006682683
GSE65858,273,-0.01572133492156247,0.14795095457435892,-0.14795095457435892,0.07292030101096458,-0.07292030101096458
GSE65858,274,-0.01615741890258038,0.14849125237610283,-0.14849125237610283,0.04229177683007307,-0.042291776830073013
GSE65858,275,-0.01666784100786392,0.15411164248290565,-0.15411164248290565,0.06700650063209368,-0.06700650063209368
GSE65858,276,-0.016315876794261497,0.148407184741024,-0.148407184741024,0.036935463124897094,-0.03693546312489715
GSE65858,277,-0.018095037924856616,0.15917180278576293,-0.15917180278576293,0.043471447522789586,-0.04347144752278953
GSE65858,278,-0.013556753852258463,0.14655770870425244,-0.14655770870425244,0.09519871446328498,-0.09519871446328498
GSE65858,279,-0.014350413169485737,0.1431597088199128,-0.1431597088199128,0.09197906823991842,-0.09197906823991842
GSE65858,280,-0.01609065083770489,0.1566075731505956,-0.1566075731505956,0.07300975096824924,-0.07300975096824924
GSE65858,281,-0.01391703914606815,0.14711795591752064,-0.14711795591752064,0.09335976191724826,-0.09335976191724826
GSE65858,282,-0.015491582115004982,0.14672369912091,-0.14672369912091,0.08830388803850664,-0.08830388803850664
GSE65858,283,-0.01604016022927876,0.1501826460310165,-0.1501826460310165,0.0734370541820043,-0.0734370541820043
GSE65858,284,-0.015920311791935093,0.15398682865433644,-0.15398682865433644,0.057263795984413446,-0.057263795984413446
GSE65858,285,-0.017510626083109132,0.1551384299588361,-0.1551384299588361,0.0747734716083962,-0.0747734716083962
GSE65858,286,-0.018121317041073753,0.15867120733837647,-0.15867120733837647,0.06488289901836952,-0.06488289901836952
GSE65858,287,-0.015897722988489793,0.14948988356885895,-0.14948988356885895,0.06803606216508395,-0.06803606216508395
GSE65858,288,-0.013680083459489012,0.1453359365628344,-0.1453359365628344,0.08857961150261606,-0.08857961150261606
GSE65858,289,-0.0166927019299829,0.156977065274704,-0.156977065274704,0.05023312182592066,-0.05023312182592066
GSE65858,290,-0.016171381937957474,0.1592528652667884,-0.1592528652667884,0.09857168089304247,-0.09857168089304247
GSE65858,291,-0.013201740216200936,0.1335154649408712,-0.1335154649408712,0.059748360970755754,-0.059748360970755754
GSE65858,292,-0.017021194167391368,0.15610792986536737,-0.15610792986536737,0.040334008955628,-0.04033400895562789
GSE65858,293,-0.015293483365463018,0.14463601942800808,-0.14463601942800808,0.04623066400961562,-0.04623066400961562
GSE65858,294,-0.016112655808966342,0.15300796286800233,-0.15300796286800233,0.07274678702472637,-0.07274678702472637
GSE65858,295,-0.01588151070673513,0.15719896181325654,-0.15719896181325654,0.07106467122991289,-0.07106467122991289
GSE65858,296,-0.017305454277059568,0.15110844801649348,-0.15110844801649348,0.09496371084506783,-0.09496371084506783
GSE65858,297,-0.017649725450824882,0.15707724172380533,-0.15707724172380533,0.0490838403989754,-0.04908384039897529
GSE65858,298,-0.012714215250125727,0.14423436310833782,-0.14423436310833782,0.11212624014890427,0.11212624014890427
GSE65858,299,-0.014187094681234885,0.14011404862530497,-0.14011404862530497,0.022668325315855387,-0.022668325315855387
GSE65858,300,-0.017697775297548568,0.1592196502419725,-0.1592196502419725,0.08157782133317393,-0.08157782133317393
GSE65858,301,-0.017422152434048543,0.16079529483660382,-0.16079529483660382,0.11515792316546403,0.11515792316546403
GSE65858,302,-0.015134456410309416,0.14452922378031952,-0.14452922378031952,0.06378681538316622,-0.06378681538316622
GSE65858,303,-0.017316252748498573,0.15775423862657934,-0.15775423862657934,0.07717186538875431,-0.07717186538875431
GSE65858,304,-0.01493554202349015,0.15277265417493346,-0.15277265417493346,0.09304321077886157,-0.09304321077886157
GSE65858,305,-0.014970758252923239,0.1540119455548341,-0.1540119455548341,0.08818677647179418,-0.08818677647179418
GSE65858,306,-0.01617266979443724,0.15173554398069822,-0.15173554398069822,0.07767118960788877,-0.07767118960788877
GSE65858,307,-0.014991315715081499,0.14579845950620385,-0.14579845950620385,0.05240043223263374,-0.05240043223263369
GSE65858,308,-0.014256623016095621,0.14886753574445488,-0.14886753574445488,0.08622527484009268,-0.08622527484009268
GSE65858,309,-0.01624102012009812,0.15378844152285165,-0.15378844152285165,0.06182445693545957,-0.06182445693545957
GSE65858,310,-0.017667315581589516,0.165797871291802,-0.165797871291802,0.11058529241452886,0.10112112436890286
GSE65858,311,-0.015482895513334205,0.15026592610048506,-0.15026592610048506,0.07412748735873764,-0.07412748735873764
GSE65858,312,-0.01620119839892728,0.15180934766635645,-0.15180934766635645,0.05489779048268917,-0.05489779048268917
GSE65858,313,-0.0178189146672115,0.15422961130870583,-0.15422961130870583,0.020562969652165336,-0.02056296965216542
GSE65858,314,-0.019002691038988773,0.15989487692064763,-0.15989487692064763,0.0770374701192289,-0.0770374701192289
GSE65858,315,-0.015604144644887102,0.1501387329861601,-0.1501387329861601,0.021374153301495113,-0.021374153301495058
GSE65858,316,-0.01650995306558617,0.14839520669817752,-0.14839520669817752,0.031716125523439775,-0.03171612552343983
GSE65858,317,-0.01628638938990054,0.14888242588890432,-0.14888242588890432,0.08605487435243342,-0.08605487435243342
GSE65858,318,-0.01461295251578737,0.14755672578467172,-0.14755672578467172,0.07498946236529414,-0.07498946236529414
GSE65858,319,-0.013007966755189615,0.1468815291770149,-0.1468815291770149,0.11225475203768509,0.11225475203768509
GSE65858,320,-0.01491257944589,0.15024023506795858,-0.15024023506795858,0.050120351732925394,-0.050120351732925394
GSE65858,321,-0.014447786927864414,0.1493030992620008,-0.1493030992620008,0.08952953353698645,-0.08952953353698645
GSE65858,322,-0.014404080578081596,0.15149607848332614,-0.15149607848332614,0.10251518989454633,-0.05221331873232293
GSE65858,323,-0.015900151207841023,0.15568459487831388,-0.15568459487831388,0.08993724775955925,-0.08993724775955925
GSE65858,324,-0.014438877205850659,0.14596169365188616,-0.14596169365188616,0.09166024683890694,-0.09166024683890694
GSE65858,325,-0.014153198642653242,0.13901818343284433,-0.13901818343284433,0.046974431308778763,-0.046974431308778763
GSE65858,326,-0.015276458595211928,0.16170723726765002,-0.16170723726765002,0.0722003530312767,-0.0722003530312767
GSE65858,327,-0.015948233164221032,0.15201449452074245,-0.15201449452074245,0.06379418367854606,-0.06379418367854606
GSE65858,328,-0.01329835369325194,0.14702709648967882,-0.14702709648967882,0.10006322430506709,-0.09879728876676908
GSE65858,329,-0.013475823069288656,0.134499947681898,-0.134499947681898,0.026894108023175323,-0.026894108023175267
GSE65858,330,-0.015831194828071632,0.1575142490023329,-0.1575142490023329,0.05699167060620158,-0.05699167060620158
GSE65858,331,-0.016174103959882696,0.1520596188121861,-0.1520596188121861,0.06343416475065577,-0.06343416475065577
GSE65858,332,-0.017474414298364882,0.1606780028957544,-0.1606780028957544,0.07161975465233328,-0.07161975465233328
GSE65858,333,-0.017889554161866994,0.16366673899217687,-0.16366673899217687,0.05348613414563985,-0.05348613414563985
GSE65858,334,-0.014123916727943803,0.14084775044572995,-0.14084775044572995,0.0650991087321463,-0.0650991087321463
GSE65858,335,-0.016148693338080194,0.14883567472992643,-0.14883567472992643,0.06943386113913941,-0.06943386113913941
GSE65858,336,-0.01701387786040434,0.15895028325509264,-0.15895028325509264,0.08056987365852453,-0.08056987365852453
GSE65858,337,-0.01677772559157581,0.15185989519359966,-0.15185989519359966,0.037498288091116994,-0.037498288091116994
GSE65858,338,-0.014354387388119505,0.149539526591022,-0.149539526591022,0.08726524001441527,-0.08726524001441527
GSE65858,339,-0.01709967954729691,0.15644073343954057,-0.15644073343954057,0.043682229498223146,-0.04368222949822309
GSE65858,340,-0.015356078557519859,0.15119265699864148,-0.15119265699864148,0.09961890317533495,-0.09961890317533495
GSE65858,341,-0.017528277302228,0.15801746527737492,-0.15801746527737492,0.03832529171473176,-0.038325291714731646
GSE65858,342,-0.018051749584029053,0.15743108462925615,-0.15743108462925615,0.052221243543429,-0.05222124354342905
GSE65858,343,-0.01664077556389129,0.15280412959234324,-0.15280412959234324,0.06899673491647962,-0.06899673491647962
GSE65858,344,-0.016274427159809146,0.15471861167609635,-0.15471861167609635,0.06135111952100969,-0.06135111952100969
GSE65858,345,-0.016411403501877975,0.14365209778026533,-0.14365209778026533,0.060400299485614095,-0.060400299485614095
GSE65858,346,-0.01500882705984144,0.15002660832060388,-0.15002660832060388,0.05243536876913346,-0.05243536876913346
GSE65858,347,-0.012183959216122336,0.13796100913846698,-0.13796100913846698,,
GSE65858,348,-0.014853973765382722,0.13908153087357045,-0.13908153087357045,0.053473998988773364,-0.053473998988773364
GSE65858,349,-0.012751300110734776,0.1363571952739262,-0.1363571952739262,0.07709418792017775,-0.07709418792017775
GSE65858,350,-0.016301078891311965,0.153895960029389,-0.153895960029389,0.06261823660485455,-0.06261823660485455
GSE65858,351,-0.01575312075106103,0.15121095808735907,-0.15121095808735907,0.06049370773596363,-0.06049370773596363
GSE65858,352,-0.016589379382039526,0.14897158505199082,-0.14897158505199082,0.0490398601137248,-0.04903986011372474
GSE65858,353,-0.016779024128341202,0.15108384102450434,-0.15108384102450434,0.07116515448830274,-0.07116515448830274
GSE65858,354,-0.014165078178124624,0.14378300465005234,-0.14378300465005234,0.0683404655645834,-0.0683404655645834
GSE65858,355,-0.015671640879245663,0.14721076542165834,-0.14721076542165834,0.09525066739787658,-0.09525066739787658
GSE65858,356,-0.01430613440650036,0.14654049141095893,-0.14654049141095893,0.059606723252602745,-0.059606723252602745
GSE65858,357,-0.0166079412844225,0.16056036770622995,-0.16056036770622995,0.07478700338034172,-0.07478700338034172
GSE65858,358,-0.015919258651381857,0.14736018497315118,-0.14736018497315118,0.07164071565109353,-0.07164071565109353
GSE65858,359,-0.016530854145192952,0.14057958379927205,-0.14057958379927205,0.021118185174135218,-0.021118185174135218
GSE65858,360,-0.014633110810482242,0.14445233464601026,-0.14445233464601026,0.1026125013892134,-0.05036199646531969
GSE65858,361,-0.014938377633707228,0.14534606061327504,-0.14534606061327504,0.1308469658033269,0.1308469658033269
GSE65858,362,-0.015261770403384778,0.1449195976188482,-0.1449195976188482,0.04273142021384613,-0.04273142021384613
GSE65858,363,-0.013880983208085312,0.14768438580729648,-0.14768438580729648,0.09416218365806917,-0.09416218365806917
GSE65858,364,-0.016798258250140835,0.14906375322440346,-0.14906375322440346,0.013868391986890188,-0.01386839198689016
GSE65858,365,-0.012938185268320412,0.15079690828134917,-0.15079690828134917,0.10130051739749435,-0.07528970452761552
GSE65858,366,-0.015321833194899048,0.14288662262388385,-0.14288662262388385,0.055690523357062593,-0.055690523357062593
GSE65858,367,-0.014664041129786226,0.14849056939622796,-0.14849056939622796,0.08330418559468122,-0.08330418559468122
GSE65858,368,-0.01622040117362042,0.15039165445312608,-0.15039165445312608,0.05159440252816133,-0.05159440252816139
GSE65858,369,-0.01688487384323567,0.14908692411714775,-0.14908692411714775,0.046101976610480155,-0.04610197661048021
GSE65858,370,-0.01694117715461152,0.16149418765990697,-0.16149418765990697,0.0798570158602745,-0.0798570158602745
GSE65858,371,-0.014920799544626273,0.14957639116699384,-0.14957639116699384,0.09962895399332738,-0.09962895399332738
GSE65858,372,-0.017587661915571956,0.16306621645689923,-0.16306621645689923,0.05696212232723519,-0.05696212232723519
GSE65858,373,-0.01612986544500719,0.14463852077028094,-0.14463852077028094,0.0947879725987476,-0.0947879725987476
GSE65858,374,-0.013131635450886331,0.15035057999767498,-0.15035057999767498,0.10695515921819831,0.03214941768779811
GSE65858,375,-0.013599946275649977,0.15424373104549138,-0.15424373104549138,0.11649602539217274,0.11649602539217274
GSE65858,376,-0.013963918554491833,0.14958744356777154,-0.14958744356777154,0.09717731344923353,-0.09717731344923353
GSE65858,377,-0.016112844863405723,0.15145541988102407,-0.15145541988102407,0.03143715054365864,-0.03143715054365859
GSE65858,378,-0.01515974083626423,0.14696424537806574,-0.14696424537806574,0.059031739551107076,-0.059031739551107076
GSE65858,379,-0.017880520328431126,0.15779812610017796,-0.15779812610017796,0.044777031800364686,-0.04477703180036463
GSE65858,380,-0.01362450433629539,0.14283998030661826,-0.14283998030661826,0.060734853389565746,-0.060734853389565746
GSE65858,381,-0.017390820656316974,0.14811647661450422,-0.14811647661450422,0.0311617574639525,-0.031161757463952444
GSE65858,382,-0.017043661200890653,0.1424062849155745,-0.1424062849155745,-0.0010777570791410396,0.0010777570791411506
GSE65858,383,-0.014793781194908706,0.14818688349821274,-0.14818688349821274,0.05711635986026342,-0.05711635986026342
GSE65858,384,-0.015659577743800585,0.15141041483196327,-0.15141041483196327,0.07850852802857133,-0.07850852802857133
GSE65858,385,-0.01656346644615933,0.15127857214931284,-0.15127857214931284,0.10943991099359485,0.07935921913405508
GSE65858,386,-0.015723999829303836,0.15166729587944272,-0.15166729587944272,0.06389459503733974,-0.06389459503733974
GSE65858,387,-0.01461702835037973,0.14975772160834233,-0.14975772160834233,0.08217829955042244,-0.08217829955042244
GSE65858,388,-0.014412125929248926,0.13999158738481476,-0.13999158738481476,0.05082555159316465,-0.05082555159316471
GSE65858,389,-0.01860713290934332,0.16285416420244792,-0.16285416420244792,0.06215442992573905,-0.06215442992573905
GSE65858,390,-0.013560341106969381,0.14175753362726107,-0.14175753362726107,0.053615545979639745,-0.05361554597963969
GSE65858,391,-0.01815383783704541,0.16138459507079062,-0.16138459507079062,0.09827651338516352,-0.09827651338516352
GSE65858,392,-0.01377409349055242,0.14326691774241773,-0.14326691774241773,0.07198508769081391,-0.07198508769081391
GSE65858,393,-0.015906288441556116,0.15267758216525285,-0.15267758216525285,0.06219767961894018,-0.06219767961894018
GSE65858,394,-0.018253871890678258,0.16039380178368612,-0.16039380178368612,0.05994190819758283,-0.05994190819758283
GSE65858,395,-0.017477410130364635,0.15564177588411798,-0.15564177588411798,0.0817255927559487,-0.0817255927559487
GSE65858,396,-0.017797112358767464,0.1551288921687486,-0.1551288921687486,0.04520759149327119,-0.04520759149327125
GSE65858,397,-0.015881190959654123,0.15293877351481733,-0.15293877351481733,0.08869226371325145,-0.08869226371325145
GSE65858,398,-0.013287795369302052,0.14386981265439414,-0.14386981265439414,0.08395774394225108,-0.08395774394225108
GSE65858,399,-0.014195723263560167,0.14134593364338022,-0.14134593364338022,0.06426200973699903,-0.06426200973699903
GSE65858,400,-0.015684768366308416,0.14728753403182937,-0.14728753403182937,0.0957340126581665,-0.0957340126581665
GSE65858,401,-0.01620058301629454,0.151537555533241,-0.151537555533241,0.06829012766635845,-0.06829012766635845
GSE65858,402,-0.017530483697888566,0.15679616727873857,-0.15679616727873857,0.06081771898244026,-0.06081771898244026
GSE65858,403,-0.016611397555832408,0.16021992245261263,-0.16021992245261263,0.10121906613730569,-0.07683765649351082
GSE65858,404,-0.016803844858442107,0.15152538208548982,-0.15152538208548982,0.010566842966125006,-0.01056684296612509
GSE65858,405,-0.020207800956247773,0.16976555934765702,-0.16976555934765702,0.04145472129238459,-0.04145472129238459
GSE65858,406,-0.015531851999687152,0.13932563892135463,-0.13932563892135463,0.026624691754893237,-0.026624691754893126
GSE65858,407,-0.01853473649370055,0.15795674862492937,-0.15795674862492937,0.07816004586086478,-0.07816004586086478
GSE65858,408,-0.0168129297938846,0.14506322507351266,-0.14506322507351266,0.08262623938427582,-0.08262623938427582
GSE65858,409,-0.014990226691457081,0.14976744383436014,-0.14976744383436014,0.05964377363605977,-0.05964377363605977
GSE65858,410,-0.015845347093828732,0.14266419771317862,-0.14266419771317862,0.06132397607660822,-0.06132397607660822
GSE65858,411,-0.015609062104980309,0.15182370179044002,-0.15182370179044002,0.09690902772391918,-0.09690902772391918
GSE65858,412,-0.015467839694475571,0.14398690005545034,-0.14398690005545034,0.09074398647872717,-0.09074398647872717
GSE65858,413,-0.013859610441248671,0.14554855017151036,-0.14554855017151036,0.05451802537696643,-0.05451802537696637
GSE65858,414,-0.017099752746973035,0.15526212820957253,-0.15526212820957253,0.07901022843882077,-0.07901022843882077
GSE65858,415,-0.016336084823135227,0.1555653974255795,-0.1555653974255795,0.03855907786761342,-0.03855907786761337
GSE65858,416,-0.015203009021341862,0.1438980383554458,-0.1438980383554458,0.058435212593927366,-0.058435212593927366
GSE65858,417,-0.013090901027176444,0.15119106242962166,-0.15119106242962166,0.07895005676357603,-0.07895005676357603
GSE65858,418,-0.013639262205023123,0.1363728978251908,-0.1363728978251908,0.05950161244561958,-0.05950161244561958
GSE65858,419,-0.012988977858976736,0.14580941365496858,-0.14580941365496858,0.09640784334306807,-0.09640784334306807
GSE65858,420,-0.015356509475879937,0.14313415425544673,-0.14313415425544673,0.04190881932055529,-0.041908819320555235
GSE65858,421,-0.017456437005272413,0.15712179624138,-0.15712179624138,0.04625008769133615,-0.046250087691336095
GSE65858,422,-0.01530497501656461,0.14814440058041467,-0.14814440058041467,0.04948059341773314,-0.04948059341773314
GSE65858,423,-0.015541359876143385,0.1526449825173346,-0.1526449825173346,0.05354696896397987,-0.053546968963979924
GSE65858,424,-0.015233764911438241,0.14663455073623277,-0.14663455073623277,0.054090934828189996,-0.05409093482819005
GSE65858,425,-0.017218935687475206,0.15231854144675006,-0.15231854144675006,0.08617435793290595,-0.08617435793290595
GSE65858,426,-0.017912862218511183,0.16225577791904522,-0.16225577791904522,0.0341816211724682,-0.034181621172468146
GSE65858,427,-0.014620299789755986,0.1460255545823932,-0.1460255545823932,0.05652920475616874,-0.05652920475616874
GSE65858,428,-0.016973353903866478,0.1575423550735413,-0.1575423550735413,0.08471501826325012,-0.08471501826325012
GSE65858,429,-0.01489674159504445,0.14745517702530142,-0.14745517702530142,0.08482070627312688,-0.08482070627312688
GSE65858,430,-0.011515982464469832,0.13735067708133053,-0.13735067708133053,0.0992237168751704,-0.0992237168751704
GSE65858,431,-0.01562373108227541,0.15630290155840032,-0.15630290155840032,0.056724929869433116,-0.056724929869433116
GSE65858,432,-0.015483818888844592,0.14837118026909502,-0.14837118026909502,0.031070568791263686,-0.031070568791263797
GSE65858,433,-0.015679806590540663,0.15028395857937182,-0.15028395857937182,0.0864472960253111,-0.0864472960253111
GSE65858,434,-0.016310111970683383,0.15482443628993892,-0.15482443628993892,0.03692921730169135,-0.03692921730169141
GSE65858,435,-0.013567203183908055,0.15226473865815282,-0.15226473865815282,0.11097174369880147,0.10846576304536659
GSE65858,436,-0.016514781123434213,0.15472110302046893,-0.15472110302046893,0.07805105566747716,-0.07805105566747716
GSE65858,437,-0.017201322680227366,0.15322287167705873,-0.15322287167705873,0.06499176938733087,-0.06499176938733087
GSE65858,438,-0.011337519385396233,0.13811117122884942,-0.13811117122884942,0.14274340120930495,0.14274340120930495
GSE65858,439,-0.017295490193216773,0.1585322201064363,-0.1585322201064363,0.06252857380850263,-0.06252857380850263
GSE65858,440,-0.012834504686311476,0.14941681693136077,-0.14941681693136077,0.07727889803935961,-0.07727889803935961
GSE65858,441,-0.01586302267401718,0.1527763668800517,-0.1527763668800517,0.08791168300056995,-0.08791168300056995
GSE65858,442,-0.01650072839772526,0.1563850086105696,-0.1563850086105696,0.07905905408727543,-0.07905905408727543
GSE65858,443,-0.013588294149973701,0.1493638760616447,-0.1493638760616447,0.07770962475118237,-0.07770962475118237
GSE65858,444,-0.015390814384201784,0.14486949721457232,-0.14486949721457232,0.021299905002660796,-0.02129990500266077
GSE65858,445,-0.01881959606012687,0.15702002633063783,-0.15702002633063783,0.05138822531575288,-0.05138822531575282
GSE65858,446,-0.014424909386645451,0.14280836975065347,-0.14280836975065347,0.08747193240843942,-0.08747193240843942
GSE65858,447,-0.016406146375827074,0.154642778722482,-0.154642778722482,0.05671154469943318,-0.05671154469943318
GSE65858,448,-0.015854115953077563,0.15468980635727436,-0.15468980635727436,0.050138327472353084,-0.05013832747235303
GSE65858,449,-0.01601295756494972,0.14570903334404695,-0.14570903334404695,0.039635753394661355,-0.0396357533946613
GSE65858,450,-0.012737946067365724,0.141487869426972,-0.141487869426972,0.04229141359634353,-0.042291413596343475
GSE65858,451,-0.017058296066841533,0.15285853653518067,-0.15285853653518067,0.035882717919323126,-0.03588271791932318
GSE65858,452,-0.015468041331022642,0.15093697156861108,-0.15093697156861108,0.0641776164980391,-0.0641776164980391
GSE65858,453,-0.017955601265130156,0.15702834311906333,-0.15702834311906333,0.05142831797710318,-0.05142831797710312
GSE65858,454,-0.0167748495215225,0.1484040596420897,-0.1484040596420897,,
GSE65858,455,-0.01832491082195098,0.1601826154264414,-0.1601826154264414,0.08881361112542263,-0.08881361112542263
GSE65858,456,-0.01465381303847843,0.14031878895276728,-0.14031878895276728,,
GSE65858,457,-0.016052194618125293,0.1443929526402299,-0.1443929526402299,0.04436857252664511,-0.044368572526645056
GSE65858,458,-0.01572893965014796,0.1507981323324732,-0.1507981323324732,0.04039106487268379,-0.040391064872683846
GSE65858,459,-0.01627650794711355,0.15406412054433383,-0.15406412054433383,0.09895171563518046,-0.09895171563518046
GSE65858,460,-0.014587312919393303,0.14836312230309656,-0.14836312230309656,0.06436832997872832,-0.06436832997872832
GSE65858,461,-0.01441639268072345,0.14623869195825667,-0.14623869195825667,0.05464878148886865,-0.05464878148886865
GSE65858,462,-0.013940568218054394,0.14487810714573435,-0.14487810714573435,0.06916988438459681,-0.06916988438459681
GSE65858,463,-0.01360757248754671,0.1530601005451846,-0.1530601005451846,0.11476821145085236,0.11476821145085236
GSE65858,464,-0.015209446792502967,0.1419054707271279,-0.1419054707271279,0.06466206870699465,-0.06466206870699465
GSE65858,465,-0.015034654459744279,0.15499238048297137,-0.15499238048297137,0.06173874128224077,-0.06173874128224077
GSE65858,466,-0.012726974124828289,0.13481594973731947,-0.13481594973731947,0.050597278858818595,-0.050597278858818595
GSE65858,467,-0.01592221599435026,0.15483901657697818,-0.15483901657697818,0.04257508671862803,-0.042575086718628086
GSE65858,468,-0.016184360695381816,0.1519081132359057,-0.1519081132359057,0.059851696462464465,-0.059851696462464465
GSE65858,469,-0.014440747849356339,0.14137839865592272,-0.14137839865592272,0.08627827180772385,-0.08627827180772385
GSE65858,470,-0.015220244661002885,0.14760446823139395,-0.14760446823139395,0.05006560627315859,-0.05006560627315859
GSE65858,471,-0.016084306529004888,0.14976734748104015,-0.14976734748104015,0.06930228837249097,-0.06930228837249097
GSE65858,472,-0.013045604117463222,0.14068573244337168,-0.14068573244337168,0.06847532657819522,-0.06847532657819522
GSE65858,473,-0.017675814185091565,0.1514748646036208,-0.1514748646036208,0.025297013842427885,-0.025297013842427996
GSE65858,474,-0.0167147867435066,0.1578798396256318,-0.1578798396256318,0.08136243552124145,-0.08136243552124145
GSE65858,475,-0.01646358285442956,0.15380194600173436,-0.15380194600173436,0.05846620120342194,-0.05846620120342194
GSE65858,476,-0.015616206869040083,0.1528821007381156,-0.1528821007381156,0.07620684829043789,-0.07620684829043789
GSE65858,477,-0.016763538594796096,0.1553513103330466,-0.1553513103330466,0.057149863196619965,-0.057149863196619965
GSE65858,478,-0.0176609224688917,0.1538103461682172,-0.1538103461682172,0.058346139864968394,-0.058346139864968394
GSE65858,479,-0.016609007916149887,0.1544154636022146,-0.1544154636022146,0.06822650846232525,-0.06822650846232525
GSE65858,480,-0.015507932412574754,0.1499352488232779,-0.1499352488232779,0.10640081337017693,0.02161473883990117
GSE65858,481,-0.014827227893333517,0.1492856058830152,-0.1492856058830152,0.07546695919285185,-0.07546695919285185
GSE65858,482,-0.01778615650308696,0.15711639881623918,-0.15711639881623918,0.048809283976132656,-0.0488092839761326
GSE65858,483,-0.01776758800637873,0.15078024164301707,-0.15078024164301707,0.04517395113385303,-0.04517395113385292
GSE65858,484,-0.01828815106551851,0.1578725641951806,-0.1578725641951806,0.0676612007025239,-0.0676612007025239
GSE65858,485,-0.01399744343274456,0.14073720197306638,-0.14073720197306638,0.06002457674616646,-0.06002457674616646
GSE65858,486,-0.015673117945255555,0.15234319695826382,-0.15234319695826382,0.06922408756168896,-0.06922408756168896
GSE65858,487,-0.015910309805419742,0.15149949221152026,-0.15149949221152026,0.12044242160419572,0.12044242160419572
GSE65858,488,-0.015013093740760736,0.14807226641600835,-0.14807226641600835,0.03256562970324084,-0.03256562970324084
GSE65858,489,-0.013808708419769972,0.1480172424940247,-0.1480172424940247,0.08192634153883016,-0.08192634153883016
GSE65858,490,-0.013570226098512772,0.15286065641480218,-0.15286065641480218,0.08918576582211535,-0.08918576582211535
GSE65858,491,-0.012038257016305454,0.136464288707433,-0.136464288707433,0.09847415139058158,-0.09847415139058158
GSE65858,492,-0.018573748255917316,0.16166653395137365,-0.16166653395137365,0.06606709679601197,-0.06606709679601197
GSE65858,493,-0.016358157573098192,0.14932487668361638,-0.14932487668361638,0.07238829025738758,-0.07238829025738758
GSE65858,494,-0.017217575544423602,0.15089117709527522,-0.15089117709527522,0.06272670215086884,-0.06272670215086884
GSE65858,495,-0.0147045755144955,0.14830442689325407,-0.14830442689325407,0.0764341991738432,-0.0764341991738432
GSE65858,496,-0.01555743809724236,0.1627822521604143,-0.1627822521604143,0.1094114080328753,0.07881486967327411
GSE65858,497,-0.017635546274212432,0.1467115294204342,-0.1467115294204342,0.03324682490500974,-0.03324682490500974
GSE65858,498,-0.015667764327441297,0.14980671732091544,-0.14980671732091544,0.0709246840179566,-0.0709246840179566
GSE65858,499,-0.0178069178156465,0.15443444068431922,-0.15443444068431922,0.06220311347792251,-0.06220311347792251
GSE65858,500,-0.01424874613671262,0.15301002005638953,-0.15301002005638953,0.0902724925360957,-0.0902724925360957
GSE65858,501,-0.01574163909470555,0.14647718891675088,-0.14647718891675088,0.08539796798763999,-0.08539796798763999
GSE65858,502,-0.015727216924799392,0.1502935733264379,-0.1502935733264379,0.07178628369290763,-0.07178628369290763
GSE65858,503,-0.01730821028262211,0.1489384562820404,-0.1489384562820404,0.039509671196683804,-0.039509671196683804
GSE65858,504,-0.015267034530300927,0.15001772143849568,-0.15001772143849568,0.057942147383721054,-0.057942147383721054
GSE65858,505,-0.01396795206492027,0.14779374470515916,-0.14779374470515916,0.10562030344488527,0.006785099216549906
GSE65858,506,-0.01702830027173738,0.14660808591992436,-0.14660808591992436,0.09051969100391921,-0.09051969100391921
GSE65858,507,-0.015077370766018422,0.1603619879206002,-0.1603619879206002,0.11192358028690519,0.11192358028690519
GSE65858,508,-0.017654187225021434,0.1636025611475136,-0.1636025611475136,0.10199547811776455,-0.062085451324681795
GSE65858,509,-0.017186808469381948,0.16242859416035538,-0.16242859416035538,0.0708390796282995,-0.0708390796282995
GSE65858,510,-0.015864457772495677,0.156283590250633,-0.156283590250633,0.09219539238361785,-0.09219539238361785
GSE65858,511,-0.014773338936337255,0.14683109322579257,-0.14683109322579257,0.046484064192468755,-0.046484064192468866
GSE65858,512,-0.015130075827110678,0.15138736333735014,-0.15138736333735014,0.05088765200861395,-0.050887652008614004
GSE65858,513,-0.015760117885370434,0.15082421184449513,-0.15082421184449513,0.06339026850277174,-0.06339026850277174
GSE65858,514,-0.014894444315409955,0.15103389475972562,-0.15103389475972562,0.06718804033669545,-0.06718804033669545
GSE65858,515,-0.015653577529976148,0.1475082977669968,-0.1475082977669968,0.07085822946373033,-0.07085822946373033
GSE65858,516,-0.01649863806230953,0.15132937094626597,-0.15132937094626597,0.07793113213344083,-0.07793113213344083
GSE65858,517,-0.014992059697831323,0.1465007848887152,-0.1465007848887152,0.08616200412039354,-0.08616200412039354
GSE65858,518,-0.01707559671049841,0.15163206444917932,-0.15163206444917932,0.04095125412553979,-0.04095125412553979
GSE65858,519,-0.016993267474549684,0.15797879970592055,-0.15797879970592055,0.06550155676261404,-0.06550155676261404
GSE65858,520,-0.014612514627639933,0.1493326418073977,-0.1493326418073977,,
GSE65858,521,-0.016790831707263115,0.155455270208408,-0.155455270208408,0.07793756746381775,-0.07793756746381775
GSE65858,522,-0.017029637682282966,0.16139902902831338,-0.16139902902831338,0.08471868991730092,-0.08471868991730092
GSE65858,523,-0.01688423165153935,0.15484773599428658,-0.15484773599428658,0.08065569998332289,-0.08065569998332289
GSE65858,524,-0.014831401282734746,0.1507835718843762,-0.1507835718843762,0.06957552271848033,-0.06957552271848033
GSE65858,525,-0.017782657234744148,0.16320250174019546,-0.16320250174019546,0.05230188063135016,-0.05230188063135022
GSE65858,526,-0.015249058779784858,0.15106526995613256,-0.15106526995613256,0.09563419329138112,-0.09563419329138112
GSE65858,527,-0.014429428746056627,0.1469801095020291,-0.1469801095020291,0.11446215660986692,0.11446215660986692
GSE65858,528,-0.01389005300003504,0.1490623213616067,-0.1490623213616067,0.07034463829487125,-0.07034463829487125
GSE65858,529,-0.01888872377383982,0.1538579751818383,-0.1538579751818383,0.0416796876177819,-0.041679687617781846
GSE65858,530,-0.016388608607380034,0.15684603021234356,-0.15684603021234356,0.1370346134031899,0.1370346134031899
GSE65858,531,-0.014442200989771892,0.1449609218105017,-0.1449609218105017,0.06511453974421744,-0.06511453974421744
GSE65858,532,-0.014309361139144494,0.14584587551401906,-0.14584587551401906,0.1052180787835919,-0.0008570550531241672
GSE65858,533,-0.015621676033152704,0.14836874224805952,-0.14836874224805952,0.10101214840338524,-0.08076939312896392
GSE65858,534,-0.01282525417165567,0.1361175725146634,-0.1361175725146634,0.049885551060520505,-0.049885551060520505
GSE65858,535,-0.014901399323086179,0.14960094192134288,-0.14960094192134288,0.0864828377059178,-0.0864828377059178
GSE65858,536,-0.015476712389611819,0.15421741007613488,-0.15421741007613488,0.11435954529113967,0.11435954529113967
GSE65858,537,-0.012012202183794674,0.14189123016652294,-0.14189123016652294,0.10686635996985716,0.030460944007120183
GSE65858,538,-0.01585693719582537,0.14658591125584386,-0.14658591125584386,0.037345685461667055,-0.037345685461667055
GSE65858,539,-0.012431784087364006,0.14392655586748615,-0.14392655586748615,0.12598978511946046,0.12598978511946046
GSE65858,540,-0.01740727481482779,0.16015675444318633,-0.16015675444318633,0.06059350488136217,-0.06059350488136217
GSE65858,541,-0.014873044515398948,0.15033894874311193,-0.15033894874311193,0.051105886882613805,-0.05110588688261386
GSE65858,542,-0.015278670873759975,0.1503064454111651,-0.1503064454111651,0.09179432175536184,-0.09179432175536184
GSE65858,543,-0.016757427732176616,0.14546999056965326,-0.14546999056965326,0.026758627470004098,-0.026758627470004126
GSE65858,544,-0.016007716193130322,0.14452875992965475,-0.14452875992965475,0.060663074188558874,-0.060663074188558874
GSE65858,545,-0.017891944294934015,0.16606255490177912,-0.16606255490177912,0.04002499259591469,-0.04002499259591463
GSE65858,546,-0.013220158242484015,0.15642631537213125,-0.15642631537213125,0.11803298410368712,0.11803298410368712
GSE65858,547,-0.014772613206336077,0.14391962364691624,-0.14391962364691624,0.08865361080868328,-0.08865361080868328
GSE65858,548,-0.015375835447087649,0.14473605983351545,-0.14473605983351545,0.06691122412329564,-0.06691122412329564
GSE65858,549,-0.01755451496892954,0.15129299255627848,-0.15129299255627848,0.054897677556369706,-0.05489767755636965
GSE65858,550,-0.01574081603597899,0.15591069362634102,-0.15591069362634102,0.09771475246040029,-0.09771475246040029
GSE65858,551,-0.01773657282680971,0.15588169202185553,-0.15588169202185553,0.028998366220377048,-0.028998366220377103
GSE65858,552,-0.014766313711164158,0.143867574698318,-0.143867574698318,0.032555109142134386,-0.03255510914213444
GSE65858,553,-0.013905398659755819,0.12958130507491572,-0.12958130507491572,-0.01357127209445956,0.01357127209445963
GSE65858,554,-0.017959069243419584,0.161736835212827,-0.161736835212827,0.07572713581788892,-0.07572713581788892
GSE65858,555,-0.017183827603275803,0.14185655956524168,-0.14185655956524168,0.0076497650325504235,-0.007649765032550437
GSE65858,556,-0.018919784878364154,0.16244025083051694,-0.16244025083051694,0.04642598819046673,-0.04642598819046673
GSE65858,557,-0.015182720826413892,0.15254241230219812,-0.15254241230219812,0.06256305738666046,-0.06256305738666046
GSE65858,558,-0.016638524856373987,0.15093065489703572,-0.15093065489703572,0.054992709452940214,-0.054992709452940214
GSE65858,559,-0.013947389806579114,0.15098252696105852,-0.15098252696105852,0.12576853508082553,0.12576853508082553
GSE65858,560,-0.016648168181194772,0.16334661625385394,-0.16334661625385394,0.057870115913274955,-0.057870115913274955
GSE65858,561,-0.016684560789259617,0.14581416306467831,-0.14581416306467831,0.04196063235610886,-0.04196063235610892
GSE65858,562,-0.012959060168757253,0.13930065075757647,-0.13930065075757647,0.06828035406770672,-0.06828035406770672
GSE65858,563,-0.016756846729044317,0.153491156658772,-0.153491156658772,0.03672885347721305,-0.03672885347721311
GSE65858,564,-0.017100779403756178,0.14705668582101517,-0.14705668582101517,-0.0048193943602982195,0.004819394360298324
GSE65858,565,-0.015140392495766791,0.1643880206049506,-0.1643880206049506,0.07976642855026383,-0.07976642855026383
GSE65858,566,-0.01860482387521087,0.16386320771066254,-0.16386320771066254,0.08337047573993328,-0.08337047573993328
GSE65858,567,-0.0161405126732711,0.1532526989551204,-0.1532526989551204,0.08267141147642065,-0.08267141147642065
GSE65858,568,-0.01701529991237566,0.15204210147616637,-0.15204210147616637,0.03305240543632909,-0.033052405436329146
GSE65858,569,-0.016163292823177966,0.15173064543631676,-0.15173064543631676,0.07895431701452305,-0.07895431701452305
GSE65858,570,-0.015725685258519667,0.15138718919018102,-0.15138718919018102,0.0655366466598537,-0.0655366466598537
GSE65858,571,-0.014698160006685362,0.1471999396894681,-0.1471999396894681,0.05963852525005753,-0.05963852525005753
GSE65858,572,-0.01539031907902036,0.1523178063169992,-0.1523178063169992,0.09034870781707527,-0.09034870781707527
GSE65858,573,-0.01584320017105245,0.1560191829327735,-0.1560191829327735,0.10299823324833668,-0.04303340652011178
GSE65858,574,-0.01722444077559901,0.15206559878841253,-0.15206559878841253,0.027992263395520245,-0.02799226339552019
GSE65858,575,-0.015297809604436857,0.15201257707285887,-0.15201257707285887,0.1015039756944609,-0.07142624353402338
GSE65858,576,-0.015829620634567637,0.14734184454755517,-0.14734184454755517,0.05411776992935685,-0.05411776992935691
GSE65858,577,-0.016742368477709463,0.14817118562465903,-0.14817118562465903,0.0369657352713017,-0.03696573527130165
GSE65858,578,-0.015596497023440736,0.14113968146708622,-0.14113968146708622,0.03643361076965851,-0.03643361076965845
GSE65858,579,-0.015362135325289517,0.1590395242584608,-0.1590395242584608,0.08020612276365224,-0.08020612276365224
GSE65858,580,-0.012644315061129563,0.1390379136182286,-0.1390379136182286,0.0763471123115329,-0.0763471123115329
GSE65858,581,-0.019345018754986287,0.16629606713156853,-0.16629606713156853,0.050167221997125255,-0.0501672219971252
GSE65858,582,-0.017434996795151758,0.15374135973889902,-0.15374135973889902,0.0456740006981996,-0.04567400069819949
GSE65858,583,-0.018079142757932015,0.16314583110603853,-0.16314583110603853,0.07556446673488448,-0.07556446673488448
GSE65858,584,-0.012559105940894127,0.13692856958467226,-0.13692856958467226,0.1141558555911868,0.1141558555911868
GSE65858,585,-0.019489695173560445,0.1677270551325971,-0.1677270551325971,0.04986514233329448,-0.04986514233329453
GSE65858,586,-0.014401488813161945,0.1509740415504972,-0.1509740415504972,0.10456128265281672,-0.013335532522907312
GSE65858,587,-0.015740023506907536,0.14726145834000692,-0.14726145834000692,0.028828823098939416,-0.028828823098939416
GSE65858,588,-0.012378234625196577,0.13643297276180644,-0.13643297276180644,0.0639165234057032,-0.0639165234057032
GSE65858,589,-0.017380215847764918,0.1548299026671469,-0.1548299026671469,0.04591790295495751,-0.04591790295495757
GSE65858,590,-0.01686420790146001,0.15716259273818078,-0.15716259273818078,0.06570459822725316,-0.06570459822725316
GSE65858,591,-0.013999838373515705,0.15286598038495725,-0.15286598038495725,0.11680639225602563,0.11680639225602563
GSE65858,592,-0.01625421200150179,0.1588018465443355,-0.1588018465443355,0.07411861471128567,-0.07411861471128567
GSE65858,593,-0.012988639968116833,0.13935003763811227,-0.13935003763811227,0.07865855593977933,-0.07865855593977933
GSE65858,594,-0.0159792189993411,0.1545007843509063,-0.1545007843509063,0.07698762375794288,-0.07698762375794288
GSE65858,595,-0.01539223366926984,0.14994282945889825,-0.14994282945889825,0.08648113218631537,-0.08648113218631537
GSE65858,596,-0.017342106448374917,0.15680471742800361,-0.15680471742800361,0.06306424669408961,-0.06306424669408961
GSE65858,597,-0.018303396908129682,0.15445672657104348,-0.15445672657104348,0.03921081302942919,-0.03921081302942919
GSE65858,598,-0.013829191934661117,0.14228788477878918,-0.14228788477878918,0.08437781200571481,-0.08437781200571481
GSE65858,599,-0.012697248923484505,0.13583861866654545,-0.13583861866654545,0.06763889346205942,-0.06763889346205942
GSE65858,600,-0.015503050601093776,0.15299792008509705,-0.15299792008509705,0.05111557171915965,-0.0511155717191597
GSE65858,601,-0.015855228793986792,0.1561135530455342,-0.1561135530455342,0.05845221994398431,-0.05845221994398431
GSE65858,602,-0.013888322788446872,0.144897730363303,-0.144897730363303,0.08110592861652799,-0.08110592861652799
GSE65858,603,-0.01592205925876994,0.15243831496356663,-0.15243831496356663,0.07360988326533391,-0.07360988326533391
GSE65858,604,-0.015437570608625606,0.15048397718403028,-0.15048397718403028,0.07887147595635968,-0.07887147595635968
GSE65858,605,-0.013665684013444923,0.1495598657907371,-0.1495598657907371,0.0765714200073615,-0.0765714200073615
GSE65858,606,-0.014979463496447631,0.1443733711546682,-0.1443733711546682,0.02657661277357848,-0.02657661277357848
GSE65858,607,-0.01638114119037032,0.15574158912784775,-0.15574158912784775,0.07593227727389018,-0.07593227727389018
GSE65858,608,-0.015475475182163773,0.1463775585631244,-0.1463775585631244,0.11002082401444446,0.09039422680085463
GSE65858,609,-0.016110762778926202,0.15053985765121225,-0.15053985765121225,0.06511897540362976,-0.06511897540362976
GSE65858,610,-0.01983204759821733,0.15937648319279885,-0.15937648319279885,0.00892861940918209,-0.008928619409182104
GSE65858,611,-0.014088485068367212,0.14397661018351404,-0.14397661018351404,0.06131571147185111,-0.06131571147185111
GSE65858,612,-0.015794770965437632,0.15259849118797453,-0.15259849118797453,0.09165596071545035,-0.09165596071545035
GSE65858,613,-0.016110143290952533,0.14370226885784576,-0.14370226885784576,0.02562111941590281,-0.025621119415902838
GSE65858,614,-0.013884268082853646,0.14430646651609824,-0.14430646651609824,0.11310809785513176,0.11310809785513176
GSE65858,615,-0.014698941869858151,0.14500495825618964,-0.14500495825618964,0.07787326025290309,-0.07787326025290309
GSE65858,616,-0.017729352371480045,0.15497836675776444,-0.15497836675776444,0.044372076091866164,-0.04437207609186622
GSE65858,617,-0.012723787557108485,0.13995346707294032,-0.13995346707294032,0.10855543338419549,0.06255261403785994
GSE65858,618,-0.015001331854102434,0.1486968480997135,-0.1486968480997135,0.08697677871028753,-0.08697677871028753
GSE65858,619,-0.01835638255995989,0.15992960970086,-0.15992960970086,0.07301429150420358,-0.07301429150420358
GSE65858,620,-0.01769713079620469,0.15100927967536704,-0.15100927967536704,0.05608650160808715,-0.05608650160808715
GSE65858,621,-0.013987782259669707,0.1428575076900096,-0.1428575076900096,0.07214608181807403,-0.07214608181807403
GSE65858,622,-0.014887350768939739,0.1511955596602823,-0.1511955596602823,0.07927960359235497,-0.07927960359235497
GSE65858,623,-0.01711754131753282,0.15726211260131406,-0.15726211260131406,0.06568230888475102,-0.06568230888475102
GSE65858,624,-0.015550558091793593,0.15190462895849,-0.15190462895849,0.049165890056899475,-0.04916589005689942
GSE65858,625,-0.019536096480847503,0.16415338369944243,-0.16415338369944243,0.03677058886158746,-0.03677058886158746
GSE65858,626,-0.011400906816994127,0.13991766540224093,-0.13991766540224093,0.09070414558670437,-0.09070414558670437
GSE65858,627,-0.013945397907193263,0.14766503226764582,-0.14766503226764582,0.08006547660243346,-0.08006547660243346
GSE65858,628,-0.018551011055447375,0.1558133619688984,-0.1558133619688984,0.04656971162879864,-0.04656971162879864
GSE65858,629,-0.016180269353246124,0.15057368576773866,-0.15057368576773866,0.06305401914409148,-0.06305401914409148
GSE65858,630,-0.018658042477639414,0.16324680795761237,-0.16324680795761237,0.13276357962176366,0.13276357962176366
GSE65858,631,-0.016051518775421464,0.15046819217841478,-0.15046819217841478,0.04688936284095413,-0.04688936284095413
GSE65858,632,-0.01905979679086217,0.16270725778060258,-0.16270725778060258,0.06627582334675797,-0.06627582334675797
GSE65858,633,-0.015324775136684538,0.15017472134077492,-0.15017472134077492,0.06610141836966776,-0.06610141836966776
GSE65858,634,-0.0139759698981336,0.1384868912178785,-0.1384868912178785,0.047644218949370654,-0.047644218949370654
GSE65858,635,-0.013729170112739303,0.14929799106593822,-0.14929799106593822,0.058833961175688065,-0.058833961175688065
GSE65858,636,-0.01550639943908766,0.15338704222617938,-0.15338704222617938,0.09733442285756455,-0.09733442285756455
GSE65858,637,-0.016763693934406715,0.1583636033329765,-0.1583636033329765,0.08345554494367136,-0.08345554494367136
GSE65858,638,-0.016634778769519604,0.1569255494196995,-0.1569255494196995,0.050893895802417655,-0.050893895802417655
GSE65858,639,-0.017474262508566735,0.1557336285251254,-0.1557336285251254,0.057122559691733854,-0.057122559691733854
GSE65858,640,-0.017022087798862384,0.15779728670835103,-0.15779728670835103,0.07172533920220847,-0.07172533920220847
GSE65858,641,-0.01612072093551145,0.15906781617563914,-0.15906781617563914,0.11904162215617853,0.11904162215617853
GSE65858,642,-0.01187216288850354,0.13180395608299644,-0.13180395608299644,0.04584665966870394,-0.04584665966870394
GSE65858,643,-0.01676314605459467,0.16204043685774705,-0.16204043685774705,0.08449060303602929,-0.08449060303602929
GSE65858,644,-0.0133443165263811,0.1374057691676681,-0.1374057691676681,0.038329203644099974,-0.03832920364409986
GSE65858,645,-0.0167884252500157,0.15283215650612147,-0.15283215650612147,0.07354339775897067,-0.07354339775897067
GSE65858,646,-0.014602737098611429,0.15217154387961074,-0.15217154387961074,0.1132330475567096,0.1132330475567096
GSE65858,647,-0.014487337007453693,0.14295955900476165,-0.14295955900476165,0.09615643802467533,-0.09615643802467533
GSE65858,648,-0.015261517560117815,0.150220599846133,-0.150220599846133,0.09337893873091041,-0.09337893873091041
GSE65858,649,-0.013268979506131151,0.13575674055907028,-0.13575674055907028,0.03793132436621144,-0.03793132436621138
GSE65858,650,-0.012996320361767677,0.13770564637841898,-0.13770564637841898,0.07141692167856573,-0.07141692167856573
GSE65858,651,-0.014857881568046377,0.14537051881181484,-0.14537051881181484,0.06504661895983244,-0.06504661895983244
GSE65858,652,-0.0172358800927718,0.1569887669527843,-0.1569887669527843,0.08901850196191308,-0.08901850196191308
GSE65858,653,-0.012086186400667248,0.13554399750252122,-0.13554399750252122,0.07098385690149756,-0.07098385690149756
GSE65858,654,-0.013693236261075936,0.14545670393772903,-0.14545670393772903,0.08681438856517298,-0.08681438856517298
GSE65858,655,-0.012737591179398822,0.13634768094149807,-0.13634768094149807,0.07795062868864377,-0.07795062868864377
GSE65858,656,-0.016715090848859,0.1483720842281635,-0.1483720842281635,0.07410971157666124,-0.07410971157666124
GSE65858,657,-0.01728490864013446,0.15338438186857184,-0.15338438186857184,0.024786555826917522,-0.024786555826917467
GSE65858,658,-0.015916212581716688,0.1483286676689073,-0.1483286676689073,0.03405635308208993,-0.034056353082089985
GSE65858,659,-0.015882493272339482,0.14455293946632453,-0.14455293946632453,0.06909143036296872,-0.06909143036296872
GSE65858,660,-0.012621460568500359,0.14939933202005062,-0.14939933202005062,0.14934823561738209,0.14934823561738209
GSE65858,661,-0.016579183304346684,0.14671581008911327,-0.14671581008911327,0.06892483587671394,-0.06892483587671394
GSE65858,662,-0.016717894260147248,0.15061238358735052,-0.15061238358735052,0.051756353261281196,-0.05175635326128125
GSE65858,663,-0.017142137013893305,0.1605013620467346,-0.1605013620467346,0.08101033469517871,-0.08101033469517871
GSE65858,664,-0.014291734017010838,0.1431817745685533,-0.1431817745685533,0.08175187639999304,-0.08175187639999304
GSE65858,665,-0.015187506787935373,0.15016788039369255,-0.15016788039369255,0.07605908316432297,-0.07605908316432297
GSE65858,666,-0.015864234582291026,0.15934055879126818,-0.15934055879126818,0.0645332578366048,-0.0645332578366048
GSE65858,667,-0.015109990207248902,0.14751230105747593,-0.14751230105747593,0.05620230409708005,-0.05620230409708005
GSE65858,668,-0.015337013904112906,0.14370354396989615,-0.14370354396989615,0.03288201126570295,-0.032882011265703004
GSE65858,669,-0.01409100374978095,0.13870897342140065,-0.13870897342140065,0.06503275757092719,-0.06503275757092719
GSE65858,670,-0.015661382975506566,0.15131608028207055,-0.15131608028207055,0.06455048989059187,-0.06455048989059187
GSE65858,671,-0.01518252374945428,0.1476880174804065,-0.1476880174804065,0.09411381926274087,-0.09411381926274087
GSE65858,672,-0.013004684391330318,0.14021286960898505,-0.14021286960898505,0.0986958056816104,-0.0986958056816104
GSE65858,673,-0.017806109060536368,0.1619659774127009,-0.1619659774127009,0.057324740684572384,-0.057324740684572384
GSE65858,674,-0.015291719313326624,0.15206043438757244,-0.15206043438757244,0.08051720017496089,-0.08051720017496089
GSE65858,675,-0.016653056715050712,0.15839361556776077,-0.15839361556776077,0.07734214598399325,-0.07734214598399325
GSE65858,676,-0.018150015102567585,0.1584967841110485,-0.1584967841110485,0.05905323269075724,-0.05905323269075724
GSE65858,677,-0.01903555203519572,0.16237741322057486,-0.16237741322057486,0.0603472652448116,-0.0603472652448116
GSE65858,678,-0.012897024064137286,0.15119162858064572,-0.15119162858064572,0.07956802561077292,-0.07956802561077292
GSE65858,679,-0.015721376673091703,0.15450667541579333,-0.15450667541579333,,
GSE65858,680,-0.016945234798018738,0.1543227349413443,-0.1543227349413443,0.07106674509779365,-0.07106674509779365
GSE65858,681,-0.018036845605537283,0.15408634175637537,-0.15408634175637537,0.049481075012348386,-0.04948107501234833
GSE65858,682,-0.013878148648581251,0.14779423282116744,-0.14779423282116744,0.06865933232839327,-0.06865933232839327
GSE65858,683,-0.016409808580620078,0.15437549761824965,-0.15437549761824965,0.07160383049700136,-0.07160383049700136
GSE65858,684,-0.015400521129533162,0.1440984548433779,-0.1440984548433779,0.07193335216309016,-0.07193335216309016
GSE65858,685,-0.01360548823767549,0.14096106202622916,-0.14096106202622916,0.08975903047922429,-0.08975903047922429
GSE65858,686,-0.016289106750472765,0.14983213462336575,-0.14983213462336575,0.057859116686301504,-0.057859116686301504
GSE65858,687,-0.016747484260257572,0.14938014541848843,-0.14938014541848843,0.07030145272238986,-0.07030145272238986
GSE65858,688,-0.016274195856567364,0.1552582425189717,-0.1552582425189717,0.05629760992872612,-0.05629760992872612
GSE65858,689,-0.015218589168973617,0.14451684214034155,-0.14451684214034155,0.08471591150763413,-0.08471591150763413
GSE65858,690,-0.014853800827272556,0.14981089305369566,-0.14981089305369566,0.09045591160054811,-0.09045591160054811
GSE65858,691,-0.019931284001062033,0.1623482206477167,-0.1623482206477167,0.040727056863415656,-0.0407270568634156
GSE65858,692,-0.017200037415218805,0.1532358738360331,-0.1532358738360331,0.04682469245169957,-0.04682469245169951
GSE65858,693,-0.018864452453651342,0.15792650666858465,-0.15792650666858465,0.04432582169160598,-0.04432582169160593
GSE65858,694,-0.017011318655128754,0.16185485656376009,-0.16185485656376009,0.06437672512801773,-0.06437672512801773
GSE65858,695,-0.015705829422009987,0.14334622412593867,-0.14334622412593867,0.05988568823406548,-0.05988568823406548
GSE65858,696,-0.018126296994448704,0.16388524783535696,-0.16388524783535696,0.05401568893703085,-0.05401568893703079
GSE65858,697,-0.017892153365402286,0.15454022855403826,-0.15454022855403826,0.056529783325242056,-0.056529783325242056
GSE65858,698,-0.0190025595556578,0.16274525167962972,-0.16274525167962972,0.06779110836788049,-0.06779110836788049
GSE65858,699,-0.01698453940873587,0.14998854472309286,-0.14998854472309286,0.040841036583887325,-0.04084103658388738
GSE65858,700,-0.01578763947266229,0.15756027480538282,-0.15756027480538282,0.08773677084925435,-0.08773677084925435
GSE65858,701,-0.01614020221514878,0.15080176140417212,-0.15080176140417212,0.024920004956091868,-0.024920004956091812
GSE65858,702,-0.013774996817842,0.14104277166383739,-0.14104277166383739,0.08636429037483684,-0.08636429037483684
GSE65858,703,-0.01712730618675598,0.15674616282095344,-0.15674616282095344,0.04865734488410678,-0.04865734488410678
GSE65858,704,-0.016348863290933657,0.154491923232005,-0.154491923232005,0.06514519585087108,-0.06514519585087108
GSE65858,705,-0.015043151785999909,0.16267351609215996,-0.16267351609215996,0.1455762150311939,0.1455762150311939
GSE65858,706,-0.012666638193115698,0.14148728918059272,-0.14148728918059272,0.07626035162895528,-0.07626035162895528
GSE65858,707,-0.01635960257716218,0.14101795080895996,-0.14101795080895996,0.041044845362409044,-0.041044845362409044
GSE65858,708,-0.013323855452208766,0.138865548079374,-0.138865548079374,0.05426343399114747,-0.054263433991147525
GSE65858,709,-0.01704074714121026,0.16274315285616026,-0.16274315285616026,0.06717570488266011,-0.06717570488266011
GSE65858,710,-0.012802550889576297,0.14090058882444723,-0.14090058882444723,0.12299019928125765,0.12299019928125765
GSE65858,711,-0.018905378122535593,0.1675475917626177,-0.1675475917626177,0.07901665884298448,-0.07901665884298448
GSE65858,712,-0.016811385666032047,0.1534382455664054,-0.1534382455664054,0.09030405230850325,-0.09030405230850325
GSE65858,713,-0.014253010080671091,0.148498328014794,-0.148498328014794,0.10420159694870812,-0.02017099088015739
GSE65858,714,-0.01705972710187978,0.14827667073898798,-0.14827667073898798,0.063711004019265,-0.063711004019265
GSE65858,715,-0.012648900042441402,0.14409825507944274,-0.14409825507944274,0.09124440810361245,-0.09124440810361245
GSE65858,716,-0.019524573989181282,0.16173400545512617,-0.16173400545512617,0.10886334349517002,0.06840418593650632
GSE65858,717,-0.015540909910886386,0.15289385043579307,-0.15289385043579307,0.08205563939239557,-0.08205563939239557
GSE65858,718,-0.016074942258117897,0.148700692482179,-0.148700692482179,0.04210654321641266,-0.042106543216412606
GSE65858,719,-0.013608523833612884,0.14477058250577102,-0.14477058250577102,0.07969102940290829,-0.07969102940290829
GSE65858,720,-0.013606174228617929,0.1410783005847145,-0.1410783005847145,0.05336645612049917,-0.05336645612049917
GSE65858,721,-0.013880580378674567,0.14934739310214007,-0.14934739310214007,0.06726850234893833,-0.06726850234893833
GSE65858,722,-0.013412028474258098,0.1468012576275659,-0.1468012576275659,,
GSE65858,723,-0.017154907459107888,0.15320261126076917,-0.15320261126076917,0.044522288089028306,-0.04452228808902836
GSE65858,724,-0.013662190717418116,0.14378994780157894,-0.14378994780157894,0.04524044232535279,-0.04524044232535285
GSE65858,725,-0.01520062328043803,0.14553647767279787,-0.14553647767279787,0.05484181274830641,-0.05484181274830635
GSE65858,726,-0.017662696817266482,0.15385300611220742,-0.15385300611220742,0.048922224606473996,-0.048922224606473996
GSE65858,727,-0.016588705545244248,0.15605172456144012,-0.15605172456144012,0.0781189112281625,-0.0781189112281625
GSE65858,728,-0.016227348375729367,0.15650401291309834,-0.15650401291309834,0.10339938815614835,-0.03541098167470147
GSE65858,729,-0.01585524575494851,0.15379601580439495,-0.15379601580439495,0.07639277483657914,-0.07639277483657914
GSE65858,730,-0.016303445623708862,0.1529803586495595,-0.1529803586495595,0.07871365213638482,-0.07871365213638482
GSE65858,731,-0.014643243235925502,0.14331524891608627,-0.14331524891608627,0.0637409886328788,-0.0637409886328788
GSE65858,732,-0.017201308144502492,0.15932954905192065,-0.15932954905192065,0.06602702905269775,-0.06602702905269775
GSE65858,733,-0.013783755599597075,0.15085607882468044,-0.15085607882468044,0.10680695080052405,0.02933227578515507
GSE65858,734,-0.015195323544996836,0.15141399695731272,-0.15141399695731272,0.15834881124158184,0.15834881124158184
GSE65858,735,-0.01598872484980632,0.1491637805304633,-0.1491637805304633,0.05910740172552076,-0.05910740172552076
GSE65858,736,-0.015402857576150536,0.15625680269594122,-0.15625680269594122,0.09469240175443949,-0.09469240175443949
GSE65858,737,-0.016916096971801242,0.15869096873982746,-0.15869096873982746,0.08411044553441349,-0.08411044553441349
GSE65858,738,-0.01575868659403848,0.14787349123554372,-0.14787349123554372,,
GSE65858,739,-0.015821619664159098,0.15212287068896102,-0.15212287068896102,0.07769486450824459,-0.07769486450824459
GSE65858,740,-0.02127620236911068,0.1691922421782066,-0.1691922421782066,0.07433352353372513,-0.07433352353372513
GSE65858,741,-0.01500870860034767,0.1502159641504508,-0.1502159641504508,0.038788210128590295,-0.03878821012859024
GSE65858,742,-0.015250302948390443,0.15528347605426274,-0.15528347605426274,0.08296314686354944,-0.08296314686354944
GSE65858,743,-0.015198376833318289,0.15258540003681742,-0.15258540003681742,0.06858846040650002,-0.06858846040650002
GSE65858,744,-0.012226703736092137,0.14315898943561667,-0.14315898943561667,0.12347139696372933,0.12347139696372933
GSE65858,745,-0.018301350041835,0.14993236690798595,-0.14993236690798595,0.03972799698142099,-0.03972799698142104
GSE65858,746,-0.0173210235131685,0.15484712693558733,-0.15484712693558733,0.0596153006758634,-0.0596153006758634
GSE65858,747,-0.01925192222997399,0.15786680579738688,-0.15786680579738688,0.09317250975679614,-0.09317250975679614
GSE65858,748,-0.01401435898743697,0.1427014564768505,-0.1427014564768505,0.07982336813613156,-0.07982336813613156
GSE65858,749,-0.020822437315427933,0.17711453311335124,-0.17711453311335124,0.05810255980698997,-0.05810255980698997
GSE65858,750,-0.018095083864592687,0.15339833068687225,-0.15339833068687225,0.06656387886357407,-0.06656387886357407
GSE65858,751,-0.019729076492959102,0.16459493965447103,-0.16459493965447103,0.01106880915761356,-0.011068809157613657
GSE65858,752,-0.015300281116576303,0.15063447101653327,-0.15063447101653327,0.06316527696340113,-0.06316527696340113
GSE65858,753,-0.012381714425536039,0.13691685079259974,-0.13691685079259974,0.09292735170210809,-0.09292735170210809
GSE65858,754,-0.014754113575194905,0.15122950403633517,-0.15122950403633517,0.10191111747189341,-0.06368937881882086
GSE65858,755,-0.013644045352121381,0.14604645350603884,-0.14604645350603884,0.09343160722630361,-0.09343160722630361
GSE65858,756,-0.01682692937862898,0.1556147399906853,-0.1556147399906853,0.046753622043903265,-0.04675362204390332
GSE65858,757,-0.015497132003242209,0.1465664561429305,-0.1465664561429305,0.05234421124162325,-0.05234421124162325
GSE65858,758,-0.014416437703721835,0.14474325897984164,-0.14474325897984164,0.08433438792551773,-0.08433438792551773
GSE65858,759,-0.012550977375187511,0.14191127807248904,-0.14191127807248904,0.055361473524044524,-0.055361473524044524
GSE65858,760,-0.016466625934101226,0.15453294226725767,-0.15453294226725767,0.0401050746789644,-0.0401050746789644
GSE65858,761,-0.01514866967487205,0.1461317706280345,-0.1461317706280345,0.06883899139234728,-0.06883899139234728
GSE65858,762,-0.015264167922427935,0.14634873978058538,-0.14634873978058538,0.10161771834653655,-0.06926287703468814
GSE65858,763,-0.014352947826763024,0.14766628736744591,-0.14766628736744591,0.07053331490724102,-0.07053331490724102
GSE65858,764,-0.018189232773378472,0.15448208728389834,-0.15448208728389834,0.033873891583797056,-0.033873891583797056
GSE65858,765,-0.01832391750444065,0.15724543930364243,-0.15724543930364243,0.04585640658394463,-0.04585640658394463
GSE65858,766,-0.017538230474605232,0.14963991223952666,-0.14963991223952666,0.027268451142304223,-0.02726845114230425
GSE65858,767,-0.015892561242874803,0.1470431285966347,-0.1470431285966347,0.010882304999520143,-0.010882304999520143
GSE65858,768,-0.01665644868117705,0.1601433016398559,-0.1601433016398559,,
GSE65858,769,-0.01680187397863364,0.158418266640455,-0.158418266640455,0.07774087944196584,-0.07774087944196584
GSE65858,770,-0.015797131714865353,0.15158201029246832,-0.15158201029246832,0.0688605260500893,-0.0688605260500893
GSE65858,771,-0.013589967584377971,0.14427219784862388,-0.14427219784862388,0.03901278333611291,-0.03901278333611291
GSE65858,772,-0.014762002429304116,0.13964240125008187,-0.13964240125008187,0.02521963732222185,-0.025219637322221877
GSE65858,773,-0.017458362888976647,0.15967486351040927,-0.15967486351040927,0.07834777520014358,-0.07834777520014358
GSE65858,774,-0.013655960904464942,0.1466930177126251,-0.1466930177126251,0.11749483527149662,0.11749483527149662
GSE65858,775,-0.015951677378319512,0.15088729797114664,-0.15088729797114664,0.04123984392998481,-0.04123984392998481
GSE65858,776,-0.015187463343947827,0.14898704985552746,-0.14898704985552746,0.09037585805590842,-0.09037585805590842
GSE65858,777,-0.015159105061504252,0.14126077952879434,-0.14126077952879434,0.04494173721210004,-0.04494173721210015
GSE65858,778,-0.013716664500496578,0.14443726100842502,-0.14443726100842502,0.06488376957392405,-0.06488376957392405
GSE65858,779,-0.017619382432687125,0.16407406996421736,-0.16407406996421736,0.05159461783392916,-0.05159461783392916
GSE65858,780,-0.015775198954667197,0.14661100319465992,-0.14661100319465992,0.07836595950554848,-0.07836595950554848
GSE65858,781,-0.016180737797859224,0.1631212969472544,-0.1631212969472544,0.10701478216055971,0.0332809639689563
GSE65858,782,-0.014047764733930962,0.14078317580744892,-0.14078317580744892,0.04985974699361839,-0.04985974699361839
GSE65858,783,-0.013622855543839157,0.1515998729354593,-0.1515998729354593,0.10075700595944137,-0.08561678132943062
GSE65858,784,-0.015060085246273502,0.14285885825699518,-0.14285885825699518,0.04330540087577611,-0.04330540087577617
GSE65858,785,-0.01574375300568656,0.14772289514530046,-0.14772289514530046,0.06323800231060706,-0.06323800231060706
GSE65858,786,-0.015356075943418812,0.15538090643377211,-0.15538090643377211,0.09657354074127389,-0.09657354074127389
GSE65858,787,-0.016214276053886117,0.1483767936549103,-0.1483767936549103,0.08021380484985152,-0.08021380484985152
GSE65858,788,-0.014460694354609588,0.1500927491843671,-0.1500927491843671,0.057346686373471845,-0.057346686373471845
GSE65858,789,-0.014596346508513852,0.15180785644948358,-0.15180785644948358,0.061946776479348764,-0.061946776479348764
GSE65858,790,-0.016628954086564174,0.1527578766514872,-0.1527578766514872,0.07742356656105231,-0.07742356656105231
GSE65858,791,-0.011936042194799018,0.1412602117226891,-0.1412602117226891,0.07625638193081652,-0.07625638193081652
GSE65858,792,-0.015125080518776174,0.16235468642216322,-0.16235468642216322,0.09613184811581843,-0.09613184811581843
GSE65858,793,-0.016799888624035753,0.16237093715334017,-0.16237093715334017,,
GSE65858,794,-0.015348471731653268,0.14737039217055226,-0.14737039217055226,0.09829274875864247,-0.09829274875864247
GSE65858,795,-0.015022062483423915,0.14574452594297438,-0.14574452594297438,0.08532086176023157,-0.08532086176023157
GSE65858,796,-0.013889160478304241,0.14665043541777578,-0.14665043541777578,0.07786585451590744,-0.07786585451590744
GSE65858,797,-0.014200577139079462,0.14730417392264528,-0.14730417392264528,,
GSE65858,798,-0.015837877363420932,0.15005873579446471,-0.15005873579446471,0.06651500759090423,-0.06651500759090423
GSE65858,799,-0.015402053652027875,0.15085621233335655,-0.15085621233335655,0.09826006357886319,-0.09826006357886319
GSE65858,800,-0.017306472526030764,0.15267070061933086,-0.15267070061933086,0.04550264559082634,-0.045502645590826285
GSE65858,801,-0.015233117531924412,0.15269561582303304,-0.15269561582303304,0.04705141623982395,-0.047051416239823896
GSE65858,802,-0.014638551990253379,0.15016507365090748,-0.15016507365090748,0.10053314707815209,-0.08986960992367199
GSE65858,803,-0.01584702298156046,0.15275038033856014,-0.15275038033856014,0.08610775848566021,-0.08610775848566021
GSE65858,804,-0.01813861096335223,0.1531579685913178,-0.1531579685913178,,
GSE65858,805,-0.015106086427874199,0.1441454703107221,-0.1441454703107221,0.09357357617036555,-0.09357357617036555
GSE65858,806,-0.019227769040723874,0.16025813771082031,-0.16025813771082031,0.10011601475784582,-0.09779698541175452
GSE65858,807,-0.014356829508999774,0.1427294092819884,-0.1427294092819884,0.06597945640697311,-0.06597945640697311
GSE65858,808,-0.017458312616329547,0.15597787132718666,-0.15597787132718666,0.08124660851861532,-0.08124660851861532
GSE65858,809,-0.017897889440240317,0.15455839038789954,-0.15455839038789954,0.110835977245476,0.10588286173350292
GSE65858,810,-0.01715366421918052,0.1452025220826627,-0.1452025220826627,0.0283491080706203,-0.028349108070620188
GSE65858,811,-0.015777138484223546,0.15101038413855594,-0.15101038413855594,0.05418753064983173,-0.05418753064983173
GSE65858,812,-0.017493682279251466,0.1514589687580732,-0.1514589687580732,0.07915235611119786,-0.07915235611119786
GSE65858,813,-0.017295136654132542,0.157062688868574,-0.157062688868574,0.0576407167951668,-0.0576407167951668
GSE65858,814,-0.01498608709811497,0.14627586758770228,-0.14627586758770228,0.08586159678954519,-0.08586159678954519
GSE65858,815,-0.015115171419932405,0.1459887020381061,-0.1459887020381061,0.052913757740027434,-0.05291375774002738
GSE65858,816,-0.015524276305390744,0.15183575876703004,-0.15183575876703004,0.04666008421134077,-0.04666008421134071
GSE65858,817,-0.015117423131804308,0.1461220922282298,-0.1461220922282298,0.057780853344690075,-0.057780853344690075
GSE65858,818,-0.016286939872281192,0.1559692205387222,-0.1559692205387222,0.045068323514859565,-0.045068323514859565
GSE65858,819,-0.015475425925715047,0.15608243106333308,-0.15608243106333308,0.06247520897452519,-0.06247520897452519
GSE65858,820,-0.014233518099311782,0.1506637691268391,-0.1506637691268391,0.08407794471674912,-0.08407794471674912
GSE65858,821,-0.012595281842629341,0.14831645249575476,-0.14831645249575476,0.11148063359119176,0.11148063359119176
GSE65858,822,-0.015623745223497326,0.15864990351008168,-0.15864990351008168,0.1009145476761566,-0.08262409733560427
GSE65858,823,-0.01515029400832793,0.14567512775738756,-0.14567512775738756,0.0748229219432105,-0.0748229219432105
GSE65858,824,-0.014621370332934563,0.14995344548927902,-0.14995344548927902,0.07628764568751012,-0.07628764568751012
GSE65858,825,-0.018835118347852647,0.16842940320053623,-0.16842940320053623,0.06894106959047686,-0.06894106959047686
GSE65858,826,-0.017866560172525248,0.15839242205924609,-0.15839242205924609,0.027788450274583154,-0.02778845027458321
GSE65858,827,-0.012583930845108227,0.13358486083924204,-0.13358486083924204,0.08446473391079345,-0.08446473391079345
GSE65858,828,-0.01647042116390171,0.14586046214682513,-0.14586046214682513,0.0057268903260367585,-0.005726890326036793
GSE65858,829,-0.019574905433097062,0.1663489326673402,-0.1663489326673402,0.04737102487506145,-0.04737102487506151
GSE65858,830,-0.014575956566997783,0.14599798382678353,-0.14599798382678353,0.0882399640031244,-0.0882399640031244
GSE65858,831,-0.015871827403125982,0.15773659764427372,-0.15773659764427372,0.10415571587937034,-0.021040961022629534
GSE65858,832,-0.01625183698397356,0.14840329739975822,-0.14840329739975822,0.07837154534477464,-0.07837154534477464
GSE65858,833,-0.017353819254857655,0.15060765770370144,-0.15060765770370144,0.05976761921419538,-0.05976761921419538
GSE65858,834,-0.01782331111245089,0.15497438596323265,-0.15497438596323265,0.036603993261008105,-0.03660399326100816
GSE65858,835,-0.01625743585650058,0.14986826878384085,-0.14986826878384085,0.038288868000649956,-0.0382888680006499
GSE65858,836,-0.01195600423296983,0.13321275112115627,-0.13321275112115627,0.07041260281394857,-0.07041260281394857
GSE65858,837,-0.01354315967932207,0.14341573598158663,-0.14341573598158663,0.07750150204958528,-0.07750150204958528
GSE65858,838,-0.01494280685191357,0.14892947177274563,-0.14892947177274563,0.07284480192249221,-0.07284480192249221
GSE65858,839,-0.016741944020040367,0.15384335532843574,-0.15384335532843574,0.09737074963003467,-0.09737074963003467
GSE65858,840,-0.01690913973023514,0.15520598828230558,-0.15520598828230558,0.07204121525346763,-0.07204121525346763
GSE65858,841,-0.012557759414482172,0.14145739295763227,-0.14145739295763227,0.07893569606722028,-0.07893569606722028
GSE65858,842,-0.018330197965587297,0.15492089601151493,-0.15492089601151493,0.028637626623196688,-0.028637626623196688
GSE65858,843,-0.015873752178325373,0.14907874529400877,-0.14907874529400877,0.05148090804339567,-0.05148090804339567
GSE65858,844,-0.0175917759765791,0.15472248151510315,-0.15472248151510315,0.04327038756077067,-0.04327038756077062
GSE65858,845,-0.01611702129348566,0.15122048291022372,-0.15122048291022372,0.05827198957704227,-0.05827198957704227
GSE65858,846,-0.017255961273930476,0.15093045806975858,-0.15093045806975858,0.05809178206220933,-0.05809178206220933
GSE65858,847,-0.016509968632560962,0.14854887943336026,-0.14854887943336026,0.06827672738359591,-0.06827672738359591
GSE65858,848,-0.01483010106867727,0.14700602691552933,-0.14700602691552933,0.058852833965210904,-0.058852833965210904
GSE65858,849,-0.017637200965616856,0.15835133600014983,-0.15835133600014983,0.08767790298118083,-0.08767790298118083
GSE65858,850,-0.019822108714322356,0.16177123510905855,-0.16177123510905855,0.030618491074581977,-0.03061849107458192
GSE65858,851,-0.014934319820871678,0.14613884444166803,-0.14613884444166803,0.040118535299160374,-0.04011853529916032
GSE65858,852,-0.01658412679862392,0.15528585077502832,-0.15528585077502832,0.04116876198968905,-0.041168761989688996
GSE65858,853,-0.014422391169150811,0.14409057702252737,-0.14409057702252737,0.045489664662924534,-0.04548966466292459
GSE65858,854,-0.014084318757933117,0.14324411638268697,-0.14324411638268697,0.041553422962544995,-0.04155342296254494
GSE65858,855,-0.01369699933515306,0.14395556897747064,-0.14395556897747064,0.028539796775819415,-0.028539796775819415
GSE65858,856,-0.01452240569805946,0.14758157998848875,-0.14758157998848875,0.09763986754569287,-0.09763986754569287
GSE65858,857,-0.015195822856922309,0.14514562916870521,-0.14514562916870521,0.0691803579523429,-0.0691803579523429
GSE65858,858,-0.015925523747798792,0.15052634825797773,-0.15052634825797773,0.0866956426626978,-0.0866956426626978
GSE65858,859,-0.015482478083504447,0.1447171741359774,-0.1447171741359774,0.03649371369281518,-0.03649371369281518
GSE65858,860,-0.014271349869126537,0.15294274030246346,-0.15294274030246346,0.07935382956773407,-0.07935382956773407
GSE65858,861,-0.016387433442502986,0.15338202352263552,-0.15338202352263552,0.036451204198147125,-0.03645120419814707
GSE65858,862,-0.015235564797350443,0.1562315737825839,-0.1562315737825839,0.12263110228821805,0.12263110228821805
GSE65858,863,-0.016732642158488215,0.14933271750599708,-0.14933271750599708,0.04174441625370612,-0.04174441625370606
GSE65858,864,-0.014557604941644292,0.1512813659918253,-0.1512813659918253,0.07341066041388045,-0.07341066041388045
GSE65858,865,-0.013917930303936121,0.14520889608322918,-0.14520889608322918,0.08811570376326083,-0.08811570376326083
GSE65858,866,-0.016281805603121813,0.15241027411726527,-0.15241027411726527,0.07613370364062799,-0.07613370364062799
GSE65858,867,-0.011904883942635058,0.1404775057431319,-0.1404775057431319,0.1005520458062592,-0.08951217281507384
GSE65858,868,-0.014127729234019532,0.14918679507638322,-0.14918679507638322,0.08964161771679113,-0.08964161771679113
GSE65858,869,-0.015557573231852362,0.15163566671755868,-0.15163566671755868,0.07906352025967178,-0.07906352025967178
GSE65858,870,-0.014138941971807956,0.14810410994810064,-0.14810410994810064,0.07239225307300656,-0.07239225307300656
GSE65858,871,-0.01585974621708866,0.154624717379497,-0.154624717379497,0.06399621564551727,-0.06399621564551727
GSE65858,872,-0.014284794469108547,0.13775541953060721,-0.13775541953060721,0.03527653155328969,-0.03527653155328969
GSE65858,873,-0.01893855821975346,0.16233417323966104,-0.16233417323966104,0.05193657500612486,-0.05193657500612481
GSE65858,874,-0.012356170296274172,0.14121182098391083,-0.14121182098391083,0.19282868614797488,0.19282868614797488
GSE65858,875,-0.015438888730709643,0.1566170300775811,-0.1566170300775811,0.10410338620474913,-0.022035851932020067
GSE65858,876,-0.015742950706415237,0.14564502461380346,-0.14564502461380346,0.1160259526069567,0.1160259526069567
GSE65858,877,-0.016487174548354938,0.15425506064525085,-0.15425506064525085,0.04475783594170002,-0.04475783594170002
GSE65858,878,-0.016629494859834976,0.15712782815428228,-0.15712782815428228,0.14890418076712786,0.14890418076712786
GSE65858,879,-0.015053189775562137,0.14207021230155759,-0.14207021230155759,0.022081750145669266,-0.022081750145669266
GSE65858,880,-0.017450367874175476,0.16025917163486247,-0.16025917163486247,,
GSE65858,881,-0.015058703365088244,0.14699959534907747,-0.14699959534907747,0.047548590183755346,-0.047548590183755346
GSE65858,882,-0.015977563092679836,0.15271130340858186,-0.15271130340858186,0.0676742469241779,-0.0676742469241779
GSE65858,883,-0.016958849605830745,0.156242566485836,-0.156242566485836,0.0713319761093385,-0.0713319761093385
GSE65858,884,-0.015643857826130897,0.1478277205569447,-0.1478277205569447,0.04464144970039585,-0.04464144970039585
GSE65858,885,-0.016054276225650616,0.1578878538760462,-0.1578878538760462,0.06835743350175427,-0.06835743350175427
GSE65858,886,-0.014740764576347737,0.14840384815813756,-0.14840384815813756,0.07000708657185395,-0.07000708657185395
GSE65858,887,-0.01624456671881347,0.14953372899997497,-0.14953372899997497,0.08283869820095024,-0.08283869820095024
GSE65858,888,-0.017737718359264937,0.15036567704745063,-0.15036567704745063,0.03325404045062419,-0.03325404045062419
GSE65858,889,-0.01617432599012439,0.15100758352558796,-0.15100758352558796,0.07091448529124222,-0.07091448529124222
GSE65858,890,-0.013282169986552017,0.13584892462261466,-0.13584892462261466,0.044053626921025435,-0.044053626921025435
GSE65858,891,-0.013915720531907011,0.1321725563759193,-0.1321725563759193,0.03092870206808601,-0.030928702068086067
GSE65858,892,-0.01678092321847033,0.1534240909619371,-0.1534240909619371,0.07674738165844575,-0.07674738165844575
GSE65858,893,-0.013730134329375088,0.14428187381988988,-0.14428187381988988,0.07655284020749176,-0.07655284020749176
GSE65858,894,-0.01499260637765848,0.1476299353065733,-0.1476299353065733,0.07110279631262617,-0.07110279631262617
GSE65858,895,-0.01606662435320741,0.1570687821108283,-0.1570687821108283,0.0775372971499162,-0.0775372971499162
GSE65858,896,-0.01492914439753315,0.14658308805365894,-0.14658308805365894,0.06451954605723198,-0.06451954605723198
GSE65858,897,-0.01292430969891864,0.1455906625421829,-0.1455906625421829,0.06969315205364979,-0.06969315205364979
GSE65858,898,-0.01741573961343834,0.1522970006406954,-0.1522970006406954,0.016241221844915138,-0.016241221844915166
GSE65858,899,-0.013545970423706838,0.1452531275662805,-0.1452531275662805,0.10406034985133483,-0.02285315665287313
GSE65858,900,-0.011310348373407941,0.1438915525040817,-0.1438915525040817,0.1401718216212191,0.1401718216212191
GSE65858,901,-0.016901727126482302,0.15097595545723208,-0.15097595545723208,0.07287627297545662,-0.07287627297545662
GSE65858,902,-0.014192954658774876,0.14720156512174332,-0.14720156512174332,0.05797228774158791,-0.05797228774158791
GSE65858,903,-0.013903794994788693,0.14574774188661532,-0.14574774188661532,0.0773465364882403,-0.0773465364882403
GSE65858,904,-0.018216200573846097,0.16729387351482106,-0.16729387351482106,0.06743199425783919,-0.06743199425783919
GSE65858,905,-0.016703989383928308,0.1524606068431611,-0.1524606068431611,0.0461311363253713,-0.04613113632537136
GSE65858,906,-0.01829705854748359,0.15871301131756788,-0.15871301131756788,0.06470176207687595,-0.06470176207687595
GSE65858,907,-0.01732728144059817,0.15996144800686474,-0.15996144800686474,0.08698809166983801,-0.08698809166983801
GSE65858,908,-0.017420299028851616,0.16638549444870154,-0.16638549444870154,0.06535238026200563,-0.06535238026200563
GSE65858,909,-0.012562934816818666,0.13916705896003112,-0.13916705896003112,0.1048359709218829,-0.00811593205945238
GSE65858,910,-0.014750079165951197,0.1545306576612615,-0.1545306576612615,0.058869096941108534,-0.058869096941108534
GSE65858,911,-0.015519247511564194,0.15255306880648023,-0.15255306880648023,0.07645790146113796,-0.07645790146113796
GSE65858,912,-0.017783029162934505,0.15721882448199898,-0.15721882448199898,0.040184064323299906,-0.04018406432330002
GSE65858,913,-0.015817773845728578,0.14309228624114656,-0.14309228624114656,0.030547866790960554,-0.030547866790960554
GSE65858,914,-0.015875975037269924,0.14715091863619145,-0.14715091863619145,0.06640435907527975,-0.06640435907527975
GSE65858,915,-0.017570656714436306,0.16279757468525347,-0.16279757468525347,0.0881645256868071,-0.0881645256868071
GSE65858,916,-0.018987596070776852,0.1590993456585732,-0.1590993456585732,0.058270317859178467,-0.058270317859178467
GSE65858,917,-0.014990367089492307,0.14432158666007444,-0.14432158666007444,0.08503777149152447,-0.08503777149152447
GSE65858,918,-0.013041828574520464,0.14310096361515967,-0.14310096361515967,0.1115630501335223,0.1115630501335223
GSE65858,919,-0.0166062887278996,0.14738768551317127,-0.14738768551317127,0.09176498605104133,-0.09176498605104133
GSE65858,920,-0.015999433213488068,0.14900477618154295,-0.14900477618154295,0.03951810461611116,-0.03951810461611127
GSE65858,921,-0.015455776997942816,0.15844827175032106,-0.15844827175032106,0.08462848302367443,-0.08462848302367443
GSE65858,922,-0.013183270790888463,0.13838131491818673,-0.13838131491818673,0.07775551873770437,-0.07775551873770437
GSE65858,923,-0.01685193096446691,0.15826762128486882,-0.15826762128486882,0.08624579080644168,-0.08624579080644168
GSE65858,924,-0.01520318778629301,0.14241359058324532,-0.14241359058324532,0.037210092249027105,-0.03721009224902716
GSE65858,925,-0.014743193120269144,0.15247787499699728,-0.15247787499699728,0.10190452955074869,-0.06381395862124506
GSE65858,926,-0.013824925507320146,0.13957194338326617,-0.13957194338326617,0.04219424098321245,-0.04219424098321245
GSE65858,927,-0.016824576149328807,0.15590904902248814,-0.15590904902248814,0.027509149691558987,-0.027509149691559043
GSE65858,928,-0.01404744584444148,0.15147724895023273,-0.15147724895023273,0.12885268396550664,0.12885268396550664
GSE65858,929,-0.015603999871044244,0.15595229268567534,-0.15595229268567534,0.12205591543565286,0.12205591543565286
GSE65858,930,-0.013917930356374342,0.14062617464105576,-0.14062617464105576,0.05636671053259801,-0.05636671053259801
GSE65858,931,-0.015483846990871325,0.14489543113101866,-0.14489543113101866,0.04946359936129907,-0.04946359936129907
GSE65858,932,-0.01567201639141147,0.14469007670837297,-0.14469007670837297,0.06219300667379879,-0.06219300667379879
GSE65858,933,-0.016522780673225768,0.15110068668974108,-0.15110068668974108,0.03622521160609665,-0.03622521160609671
GSE65858,934,-0.01669760416971372,0.14951241736265986,-0.14951241736265986,0.03291201246906611,-0.032912012469066054
GSE65858,935,-0.017862962772917185,0.16423095110745067,-0.16423095110745067,0.060417889926631,-0.060417889926631
GSE65858,936,-0.017841939752830965,0.15643429734188086,-0.15643429734188086,0.05296400942478352,-0.05296400942478352
GSE65858,937,-0.016342972937766237,0.15205340535750755,-0.15205340535750755,0.07302751164384358,-0.07302751164384358
GSE65858,938,-0.016337906605768587,0.15381999231852705,-0.15381999231852705,0.10899439728021088,0.07089365651215884
GSE65858,939,-0.01482194164496864,0.14446692183427134,-0.14446692183427134,0.09103354832517907,-0.09103354832517907
GSE65858,940,-0.015601507553382882,0.1577483098853396,-0.1577483098853396,0.07803874197581129,-0.07803874197581129
GSE65858,941,-0.01586739210729768,0.15249055293446134,-0.15249055293446134,0.05504753853999672,-0.055047538539996776
GSE65858,942,-0.016808286903193248,0.15851599844682118,-0.15851599844682118,0.0746848866147094,-0.0746848866147094
GSE65858,943,-0.01664232149967204,0.16120383991244802,-0.16120383991244802,0.0947452517219497,-0.0947452517219497
GSE65858,944,-0.016593865813088998,0.153164276653049,-0.153164276653049,0.028965276884440283,-0.028965276884440172
GSE65858,945,-0.013962784793437405,0.1561424559682565,-0.1561424559682565,0.11917103866376144,0.11917103866376144
GSE65858,946,-0.016499348586422186,0.15243626509339703,-0.15243626509339703,0.07532149091898566,-0.07532149091898566
GSE65858,947,-0.016742462460175273,0.16420667628629904,-0.16420667628629904,0.09625953344860594,-0.09625953344860594
GSE65858,948,-0.01920110867790431,0.16376754456878873,-0.16376754456878873,0.06476570795972225,-0.06476570795972225
GSE65858,949,-0.01724467587346093,0.15374245130814868,-0.15374245130814868,0.07688946573454813,-0.07688946573454813
GSE65858,950,-0.019665799096120734,0.1603768161909891,-0.1603768161909891,0.060254484791489094,-0.060254484791489094
GSE65858,951,-0.015191654019435535,0.15136211490933404,-0.15136211490933404,0.09978676359515504,-0.09978676359515504
GSE65858,952,-0.012795051593614326,0.14318129924614942,-0.14318129924614942,0.10601827984257572,0.014346824623621357
GSE65858,953,-0.017674617246781515,0.157110973282111,-0.157110973282111,0.04229306739550248,-0.04229306739550254
GSE65858,954,-0.017280462788654305,0.15771783569706543,-0.15771783569706543,0.11264303660492092,0.11264303660492092
GSE65858,955,-0.017637104455377445,0.15382563184875186,-0.15382563184875186,0.06396022616127695,-0.06396022616127695
GSE65858,956,-0.01960431571994406,0.1723545259926904,-0.1723545259926904,0.06078085691007984,-0.06078085691007984
GSE65858,957,-0.017112357225730124,0.14757453085177796,-0.14757453085177796,0.054528449113107946,-0.054528449113107946
GSE65858,958,-0.016682297571371157,0.1530193014160095,-0.1530193014160095,0.02598580042502155,-0.02598580042502152
GSE65858,959,-0.014389712069702215,0.14422630131316794,-0.14422630131316794,0.04686661688952776,-0.04686661688952776
GSE65858,960,-0.017071484655222013,0.16275688919165643,-0.16275688919165643,0.07406509481996348,-0.07406509481996348
GSE65858,961,-0.01737440117893957,0.15894602578860018,-0.15894602578860018,0.0741202723556379,-0.0741202723556379
GSE65858,962,-0.01684468460480676,0.1562566359902524,-0.1562566359902524,0.08250874111996598,-0.08250874111996598
GSE65858,963,-0.01266828951918303,0.13574876888277565,-0.13574876888277565,0.09353024759102668,-0.09353024759102668
GSE65858,964,-0.015655982163382653,0.1538881436279922,-0.1538881436279922,0.04670619108491164,-0.046706191084911586
GSE65858,965,-0.016188389022795513,0.15521356033528377,-0.15521356033528377,0.07009835519912211,-0.07009835519912211
GSE65858,966,-0.01686990322193943,0.15911694484596928,-0.15911694484596928,0.030110224793978513,-0.030110224793978513
GSE65858,967,-0.017540252950921625,0.16571648598935362,-0.16571648598935362,0.08792611611311774,-0.08792611611311774
GSE65858,968,-0.015409631303863747,0.14905940042959864,-0.14905940042959864,0.06586432380516061,-0.06586432380516061
GSE65858,969,-0.013043794272822706,0.14869128185559388,-0.14869128185559388,0.11748778402589277,0.11748778402589277
GSE65858,970,-0.016690609628143116,0.15503819784638684,-0.15503819784638684,0.027827974712102688,-0.027827974712102743
GSE65858,971,-0.01586648019585657,0.15449411095072785,-0.15449411095072785,0.06536806590593591,-0.06536806590593591
GSE65858,972,-0.015023203466330598,0.14689715310447005,-0.14689715310447005,0.08442274962232743,-0.08442274962232743
GSE65858,973,-0.01490826360371933,0.15103650426280701,-0.15103650426280701,0.03759021282336117,-0.03759021282336117
GSE65858,974,-0.015692113998821033,0.1431211242553292,-0.1431211242553292,0.05390215646266988,-0.05390215646266994
GSE65858,975,-0.01723164915380479,0.16818489686474813,-0.16818489686474813,0.09750745490548363,-0.09750745490548363
GSE65858,976,-0.013941129553755732,0.1444710014321886,-0.1444710014321886,0.07275837433941912,-0.07275837433941912
GSE65858,977,-0.018355583613921006,0.16400104432491913,-0.16400104432491913,0.07712245946807705,-0.07712245946807705
GSE65858,978,-0.012411990855498628,0.1370906514400423,-0.1370906514400423,0.09096922941472552,-0.09096922941472552
GSE65858,979,-0.01360197273679084,0.14297830141815648,-0.14297830141815648,0.07082317159708817,-0.07082317159708817
GSE65858,980,-0.017083745851346505,0.15408182574268192,-0.15408182574268192,0.04627152399732365,-0.046271523997323705
GSE65858,981,-0.015587842323279533,0.1525478185101874,-0.1525478185101874,0.08324330167900751,-0.08324330167900751
GSE65858,982,-0.016091226118865987,0.14897431365902802,-0.14897431365902802,0.07328286917593752,-0.07328286917593752
GSE65858,983,-0.017333209608609984,0.16038150093426617,-0.16038150093426617,0.0833141757029946,-0.0833141757029946
GSE65858,984,-0.01819574686968234,0.15554913199384002,-0.15554913199384002,0.038098434745805154,-0.03809843474580521
GSE65858,985,-0.01785413163627042,0.1616106542948239,-0.1616106542948239,0.0704433689191808,-0.0704433689191808
GSE65858,986,-0.017363265381697246,0.15838717136783997,-0.15838717136783997,0.0803300103591682,-0.0803300103591682
GSE65858,987,-0.01641329969342359,0.14623972156976373,-0.14623972156976373,0.06674261320210872,-0.06674261320210872
GSE65858,988,-0.018343453936111004,0.1710316368643341,-0.1710316368643341,0.06719515544415955,-0.06719515544415955
GSE65858,989,-0.014764645140705218,0.14820815374707275,-0.14820815374707275,0.0761494788243472,-0.0761494788243472
GSE65858,990,-0.014801971323487345,0.14950661499017692,-0.14950661499017692,0.11692210034328299,0.11692210034328299
GSE65858,991,-0.017954025779187838,0.1579562982951901,-0.1579562982951901,0.055832654371830714,-0.055832654371830714
GSE65858,992,-0.015434305264332593,0.1448455948644789,-0.1448455948644789,0.0613547040059127,-0.0613547040059127
GSE65858,993,-0.01489671483859134,0.1450796268631569,-0.1450796268631569,0.050785910650270716,-0.050785910650270716
GSE65858,994,-0.01435031287606292,0.15387188661252238,-0.15387188661252238,0.09566026756546453,-0.09566026756546453
GSE65858,995,-0.01729896117790289,0.15725329194636473,-0.15725329194636473,0.054380273154966574,-0.05438027315496652
GSE65858,996,-0.015431204788340203,0.1464205622623933,-0.1464205622623933,0.05910498506390771,-0.05910498506390771
GSE65858,997,-0.017252854477123575,0.15146219028950858,-0.15146219028950858,0.029272177369153163,-0.029272177369153107
GSE65858,998,-0.014801967396198268,0.1493994305578743,-0.1493994305578743,0.07175339194399821,-0.07175339194399821
GSE65858,999,-0.017262605348261073,0.15059562063158705,-0.15059562063158705,,
GSE65858,1000,-0.01728825097932085,0.15267858657944067,-0.15267858657944067,0.06389785150679583,-0.06389785150679583
GSE65858,1001,-0.014270819995951173,0.15157838218106656,-0.15157838218106656,0.10448524274862558,-0.014781301092219756
GSE65858,1002,-0.012315375324680078,0.14367056460478855,-0.14367056460478855,0.11534236097402362,0.11534236097402362
GSE65858,1003,-0.014604473551330321,0.1575279101780842,-0.1575279101780842,0.118950499766171,0.118950499766171
GSE65858,1004,-0.016272782506505157,0.15671743451273978,-0.15671743451273978,0.07729479774684778,-0.07729479774684778
GSE65858,1005,-0.01395413732987058,0.14197978737185157,-0.14197978737185157,0.07568813976346112,-0.07568813976346112
GSE65858,1006,-0.017288974612106572,0.1618195479510922,-0.1618195479510922,0.059421995718797915,-0.059421995718797915
GSE65858,1007,-0.015169356014134244,0.14474808361074287,-0.14474808361074287,0.09167047809696471,-0.09167047809696471
GSE65858,1008,-0.015132361692919427,0.15577226028206415,-0.15577226028206415,0.1007688821610726,-0.08539086538420726
GSE65858,1009,-0.016312238882187136,0.16070014034390723,-0.16070014034390723,0.049090228715926276,-0.049090228715926276
GSE65858,1010,-0.013822474233251919,0.14908255707339468,-0.14908255707339468,0.1295936538393423,0.1295936538393423
GSE65858,1011,-0.016927789234186086,0.15035538976112228,-0.15035538976112228,0.03118004371300387,-0.03118004371300387
GSE65858,1012,-0.01589312308636176,0.1584470947532688,-0.1584470947532688,0.09193396181947211,-0.09193396181947211
GSE65858,1013,-0.01770943112200285,0.16105737754692218,-0.16105737754692218,0.07646941199616153,-0.07646941199616153
GSE65858,1014,-0.015027506841828658,0.15227681619323796,-0.15227681619323796,0.09851386545061191,-0.09851386545061191
GSE65858,1015,-0.013590879224769453,0.13826841128904488,-0.13826841128904488,0.051145904278966536,-0.05114590427896648
GSE65858,1016,-0.015206616245246246,0.1437560179969033,-0.1437560179969033,0.06277361146711868,-0.06277361146711868
GSE65858,1017,-0.012755752803594866,0.1469973049486789,-0.1469973049486789,0.08781119560689477,-0.08781119560689477
GSE65858,1018,-0.016251013244293205,0.15338544646269514,-0.15338544646269514,0.06126529754982024,-0.06126529754982024
GSE65858,1019,-0.016538729843715627,0.15908222272593675,-0.15908222272593675,0.048041415260285936,-0.048041415260285936
GSE65858,1020,-0.013592384332757529,0.14670755765392052,-0.14670755765392052,0.10786354079012561,0.04940779374664439
GSE65858,1021,-0.0132407894331934,0.14340980800267378,-0.14340980800267378,0.11463177465695984,0.11463177465695984
GSE65858,1022,-0.014630034726392765,0.14218185502474823,-0.14218185502474823,0.06301830956306409,-0.06301830956306409
GSE65858,1023,-0.016201578927960758,0.15513014122779856,-0.15513014122779856,0.0691320488466396,-0.0691320488466396
GSE65858,1024,-0.01458424094179625,0.1537042695997357,-0.1537042695997357,0.10643540524222284,0.022273013345174397
GSE65858,1025,-0.012842864080120614,0.14334813332826912,-0.14334813332826912,0.11659784184483146,0.11659784184483146
GSE65858,1026,-0.016311431799887505,0.14895844734884345,-0.14895844734884345,0.05684398647376976,-0.05684398647376976
GSE65858,1027,-0.014507420721577652,0.1501124064553876,-0.1501124064553876,0.06474598442900725,-0.06474598442900725
GSE65858,1028,-0.012949497576997565,0.13823624747300922,-0.13823624747300922,0.10666090727411603,0.02655725911255402
GSE65858,1029,-0.013647778528740162,0.1353569611216181,-0.1353569611216181,0.07390743033529401,-0.07390743033529401
GSE65858,1030,-0.015313247604847147,0.14213473429582524,-0.14213473429582524,0.06793236474736197,-0.06793236474736197
GSE65858,1031,-0.018197142825176205,0.1626771732685337,-0.1626771732685337,0.0878524988480448,-0.0878524988480448
GSE65858,1032,-0.015517562359930293,0.15802611250578047,-0.15802611250578047,0.05912237438730028,-0.05912237438730028
GSE65858,1033,-0.012515343537502305,0.1432168664443334,-0.1432168664443334,0.09537138138294787,-0.09537138138294787
GSE65858,1034,-0.015335890089635124,0.15762393649198136,-0.15762393649198136,0.07536360896069105,-0.07536360896069105
GSE65858,1035,-0.017430931500429875,0.1641118028255717,-0.1641118028255717,0.08236381949735971,-0.08236381949735971
GSE65858,1036,-0.017231472087413907,0.15522916514744756,-0.15522916514744756,0.06384243996636763,-0.06384243996636763
GSE65858,1037,-0.013823092853129743,0.14694318148713892,-0.14694318148713892,0.10499548521582458,-0.005085544484222382
GSE65858,1038,-0.01379796767294228,0.14162153049757253,-0.14162153049757253,0.07085722314755816,-0.07085722314755816
GSE65858,1039,-0.015335689242767125,0.14777920862177707,-0.14777920862177707,0.07042833016774741,-0.07042833016774741
GSE65858,1040,-0.01653883891134142,0.1602743657409076,-0.1602743657409076,0.059629469168742566,-0.059629469168742566
GSE65858,1041,-0.01765571683348266,0.15574330534655711,-0.15574330534655711,0.06288478279876375,-0.06288478279876375
GSE65858,1042,-0.015604026257473536,0.14860728636863763,-0.14860728636863763,0.08297383282145399,-0.08297383282145399
GSE65858,1043,-0.013215138054288172,0.13787737002000555,-0.13787737002000555,0.07407489469762207,-0.07407489469762207
GSE65858,1044,-0.016945291785138566,0.15063774567379973,-0.15063774567379973,0.09952218268805024,-0.09952218268805024
GSE65858,1045,-0.01721291191150401,0.15171720531959587,-0.15171720531959587,0.053824836789893915,-0.053824836789893915
GSE65858,1046,-0.018236104329582892,0.1548632471291822,-0.1548632471291822,0.06303083723554248,-0.06303083723554248
GSE65858,1047,-0.01629253573208142,0.15153146971821685,-0.15153146971821685,0.06088083658166232,-0.06088083658166232
GSE65858,1048,-0.013794578500518295,0.150552367419589,-0.150552367419589,0.10374084817973062,-0.028924692098793336
GSE65858,1049,-0.015470613843602515,0.14931338631468027,-0.14931338631468027,0.05777638723207246,-0.05777638723207246
GSE65858,1050,-0.016951008150753927,0.15419726122005173,-0.15419726122005173,0.05810610214162648,-0.05810610214162648
GSE65858,1051,-0.016017145927822385,0.14747633817370365,-0.14747633817370365,0.019826547636839387,-0.01982654763683933
GSE65858,1052,-0.018744879073896326,0.1477612744796819,-0.1477612744796819,-0.0026047424952197543,0.002604742495219803
GSE65858,1053,-0.014044048968294781,0.15100546422491679,-0.15100546422491679,0.0819974974276998,-0.0819974974276998
GSE65858,1054,-0.015435855478037691,0.14289132585865616,-0.14289132585865616,0.062222468900366534,-0.062222468900366534
GSE65858,1055,-0.014529977474987882,0.15337984289162465,-0.15337984289162465,0.0895652058557469,-0.0895652058557469
GSE65858,1056,-0.018303990907874684,0.151224176471779,-0.151224176471779,0.057717950543874075,-0.057717950543874075
GSE65858,1057,-0.016706630423813484,0.1574720392004516,-0.1574720392004516,0.07982001764431501,-0.07982001764431501
GSE65858,1058,-0.013766456283401063,0.14339668807192285,-0.14339668807192285,0.08064735144994717,-0.08064735144994717
GSE65858,1059,-0.01707502245876541,0.14667516071764042,-0.14667516071764042,0.0682108110250671,-0.0682108110250671
GSE65858,1060,-0.013441418578127307,0.14673270364822577,-0.14673270364822577,0.09222485580309725,-0.09222485580309725
GSE65858,1061,-0.015330600389414445,0.15424856241190255,-0.15424856241190255,0.0914218700435564,-0.0914218700435564
GSE65858,1062,-0.016285717688038465,0.15190191829121114,-0.15190191829121114,0.0620997689114805,-0.0620997689114805
GSE65858,1063,-0.017613751193645028,0.15638275095710896,-0.15638275095710896,0.0582921311825596,-0.0582921311825596
GSE65858,1064,-0.013785995674791052,0.14927471547395088,-0.14927471547395088,0.08697657823606852,-0.08697657823606852
GSE65858,1065,-0.01578448558841733,0.1532050465042094,-0.1532050465042094,0.05137504401313253,-0.05137504401313253
GSE65858,1066,-0.015641028049749955,0.15124600486949347,-0.15124600486949347,0.07926752539308446,-0.07926752539308446
GSE65858,1067,-0.01757918567066899,0.1527945641697328,-0.1527945641697328,0.04907381243945008,-0.04907381243945008
GSE65858,1068,-0.016633491593274707,0.15744042295076222,-0.15744042295076222,0.0704722665458406,-0.0704722665458406
GSE65858,1069,-0.017338627961683672,0.15636988544137176,-0.15636988544137176,0.08550508129764367,-0.08550508129764367
GSE65858,1070,-0.01830415717370576,0.16169232504990827,-0.16169232504990827,0.06521000630951579,-0.06521000630951579
GSE65858,1071,-0.014215251077818819,0.14637024158126488,-0.14637024158126488,0.10720720858293753,0.03693588028696293
GSE65858,1072,-0.015448685349479574,0.14640007710165936,-0.14640007710165936,0.09751663036465519,-0.09751663036465519
GSE65858,1073,-0.017982488579745853,0.15535091499907416,-0.15535091499907416,0.051228647434165,-0.051228647434165
GSE65858,1074,-0.013490041939507591,0.1449082494039451,-0.1449082494039451,0.0971147777692084,-0.0971147777692084
GSE65858,1075,-0.014978580680889808,0.15079947718436948,-0.15079947718436948,0.058829826581004996,-0.058829826581004996
GSE65858,1076,-0.01581064286191916,0.15013461887968704,-0.15013461887968704,0.05654988538025418,-0.05654988538025418
GSE65858,1077,-0.019002416699736818,0.16307285095783342,-0.16307285095783342,0.06683728597152072,-0.06683728597152072
GSE65858,1078,-0.019500155084932497,0.16307323832485965,-0.16307323832485965,0.03588659170901004,-0.035886591709009985
GSE65858,1079,-0.01644670516406782,0.15593950461458794,-0.15593950461458794,0.07532621503577985,-0.07532621503577985
GSE65858,1080,-0.016012814520905,0.15659518380358395,-0.15659518380358395,0.08503088295181471,-0.08503088295181471
GSE65858,1081,-0.01315063728302765,0.14692537108986015,-0.14692537108986015,0.12544420859119243,0.12544420859119243
GSE65858,1082,-0.01728723651676886,0.16655944532620848,-0.16655944532620848,0.11344079212549074,0.11344079212549074
GSE65858,1083,-0.016036590998121575,0.15036821517579102,-0.15036821517579102,0.04804648098466008,-0.04804648098466002
GSE65858,1084,-0.015467424435891858,0.1453275858922638,-0.1453275858922638,0.06312204381097886,-0.06312204381097886
GSE65858,1085,-0.014749840272779674,0.1378692956043277,-0.1378692956043277,0.04642162468466643,-0.046421624684666374
GSE65858,1086,-0.01291755774266276,0.13995760855214456,-0.13995760855214456,0.07346776461014237,-0.07346776461014237
GSE65858,1087,-0.01614201017749356,0.1510394611417536,-0.1510394611417536,0.03862970265298282,-0.03862970265298271
GSE65858,1088,-0.014599600662554696,0.1405197709666175,-0.1405197709666175,0.079081617756804,-0.079081617756804
GSE65858,1089,-0.01573025507710496,0.14990779812199184,-0.14990779812199184,0.060182434481535485,-0.060182434481535485
GSE65858,1090,-0.01679220990135563,0.14505109761919988,-0.14505109761919988,0.04872018157734048,-0.04872018157734048
GSE65858,1091,-0.015808497921588616,0.16013332426502447,-0.16013332426502447,0.07995413540418361,-0.07995413540418361
GSE65858,1092,-0.01213473421815539,0.14565469009935028,-0.14565469009935028,0.14547202694431083,0.14547202694431083
GSE65858,1093,-0.01688899863600049,0.15321434568043846,-0.15321434568043846,0.04643569938126674,-0.04643569938126668
GSE65858,1094,-0.013317056087671836,0.14202419456754,-0.14202419456754,0.09253247418280075,-0.09253247418280075
GSE65858,1095,-0.012430100217322049,0.13921310306698365,-0.13921310306698365,0.0922998916884451,-0.0922998916884451
GSE65858,1096,-0.016888865083015042,0.15101188460319825,-0.15101188460319825,0.04554536368933232,-0.04554536368933226
GSE65858,1097,-0.016269298161832008,0.1478230289457867,-0.1478230289457867,0.031550059815946385,-0.031550059815946385
GSE65858,1098,-0.01841907545004079,0.16165941155923846,-0.16165941155923846,0.06054852981816339,-0.06054852981816339
GSE65858,1099,-0.014832251691216158,0.1504748283410724,-0.1504748283410724,0.08474506566802464,-0.08474506566802464
GSE65858,1100,-0.017773682599963703,0.15337636288430168,-0.15337636288430168,0.08636998284356301,-0.08636998284356301
GSE65858,1101,-0.016534482186655902,0.1513162856883945,-0.1513162856883945,0.03939265181576057,-0.03939265181576057
GSE65858,1102,-0.013220004470996222,0.13647591184332208,-0.13647591184332208,0.07804663645859222,-0.07804663645859222
GSE65858,1103,-0.016706491433340465,0.14649419586429335,-0.14649419586429335,0.004281712889837398,-0.0042817128898374746
GSE65858,1104,-0.013121072005865902,0.15113960570531648,-0.15113960570531648,0.10690310286049953,0.031155600855677812
GSE65858,1105,-0.016611458925884892,0.15633975676361533,-0.15633975676361533,0.0806793005166937,-0.0806793005166937
GSE65858,1106,-0.015592939340870887,0.15358074319613446,-0.15358074319613446,0.10492581279653224,-0.006409332698771086
GSE65858,1107,-0.013724486740693403,0.1404997150218672,-0.1404997150218672,0.08820251322199257,-0.08820251322199257
GSE65858,1108,-0.015304082432542165,0.14291324216720036,-0.14291324216720036,0.05868946362317273,-0.05868946362317273
GSE65858,1109,-0.012297882779141261,0.13865358839012987,-0.13865358839012987,0.06826634122705333,-0.06826634122705333
GSE65858,1110,-0.01401900324273958,0.1484930253555523,-0.1484930253555523,0.06286299358018632,-0.06286299358018632
GSE65858,1111,-0.01893550057609819,0.1617768125316641,-0.1617768125316641,0.06654733564023763,-0.06654733564023763
GSE65858,1112,-0.01464949108690844,0.14447613998250763,-0.14447613998250763,0.04579372947574978,-0.04579372947574978
GSE65858,1113,-0.015312893186960552,0.1456374431254086,-0.1456374431254086,0.06431389947470334,-0.06431389947470334
GSE65858,1114,-0.017965185338841783,0.1590782770806456,-0.1590782770806456,0.06684516653906802,-0.06684516653906802
GSE65858,1115,-0.016502609679872077,0.15315722590917713,-0.15315722590917713,0.06542156214621841,-0.06542156214621841
GSE65858,1116,-0.019827206200790676,0.16671170949453207,-0.16671170949453207,0.08154802348414014,-0.08154802348414014
GSE65858,1117,-0.016950236432883042,0.1512146521366935,-0.1512146521366935,0.06036580574873329,-0.06036580574873329
GSE65858,1118,-0.01619580768080009,0.15369840068885798,-0.15369840068885798,0.04303857926886684,-0.043038579268866894
GSE65858,1119,-0.017183195758779607,0.15408689632680184,-0.15408689632680184,,
GSE65858,1120,-0.01961802361492443,0.15778396291332064,-0.15778396291332064,0.053636508461927246,-0.053636508461927246
GSE65858,1121,-0.01750845213619215,0.14923371520364448,-0.14923371520364448,0.004739064583938357,-0.004739064583938468
GSE65858,1122,-0.015235776338563989,0.15585633648093933,-0.15585633648093933,0.11702807569373919,0.11702807569373919
GSE65858,1123,-0.01655564477783561,0.15566839964059342,-0.15566839964059342,0.09616938896329619,-0.09616938896329619
GSE65858,1124,-0.013649541611395671,0.14264095597975857,-0.14264095597975857,0.07305328846031833,-0.07305328846031833
GSE65858,1125,-0.017854754642782716,0.1518110964713666,-0.1518110964713666,0.030273303529677553,-0.030273303529677498
GSE65858,1126,-0.01618717720390392,0.15688204275628292,-0.15688204275628292,0.06974755673097222,-0.06974755673097222
GSE65858,1127,-0.013247336290994421,0.1498585044121823,-0.1498585044121823,0.07428767589679441,-0.07428767589679441
GSE65858,1128,-0.015568362229134658,0.15774406591199375,-0.15774406591199375,0.06501673031402777,-0.06501673031402777
GSE65858,1129,-0.0151650677437421,0.14872582125078204,-0.14872582125078204,0.07375401201716736,-0.07375401201716736
GSE65858,1130,-0.017734110818077548,0.15979729418448962,-0.15979729418448962,0.048498401676720815,-0.048498401676720704
GSE65858,1131,-0.014913326889103184,0.14334273759876104,-0.14334273759876104,0.09686732164892253,-0.09686732164892253
GSE65858,1132,-0.013682051690244196,0.1442975111028204,-0.1442975111028204,0.054045448467324564,-0.05404544846732451
GSE65858,1133,-0.015003377595498413,0.15239633484752346,-0.15239633484752346,0.09166097465182643,-0.09166097465182643
GSE65858,1134,-0.014071980643451443,0.14525069263203938,-0.14525069263203938,0.05376435271952945,-0.053764352719529396
GSE65858,1135,-0.01513056164959542,0.14280771105953494,-0.14280771105953494,0.07729873993515723,-0.07729873993515723
GSE65858,1136,-0.01786193319573537,0.16081507134723738,-0.16081507134723738,0.06698301187314326,-0.06698301187314326
GSE65858,1137,-0.01834712360739016,0.15714241441846966,-0.15714241441846966,0.01697772673385803,-0.016977726733858
GSE65858,1138,-0.014392920663573422,0.1468684086897718,-0.1468684086897718,0.09480026571293021,-0.09480026571293021
GSE65858,1139,-0.016927681920814536,0.14695776022939877,-0.14695776022939877,0.07893157332331802,-0.07893157332331802
GSE65858,1140,-0.015823434593005198,0.15890781118830288,-0.15890781118830288,0.10885901942129117,0.06832175888046377
GSE65858,1141,-0.015516074280666536,0.15162026932286143,-0.15162026932286143,0.04661164632901965,-0.046611646329019596
GSE65858,1142,-0.016366565367155472,0.15666803585448208,-0.15666803585448208,0.06599903219400882,-0.06599903219400882
GSE65858,1143,-0.014343959664324918,0.14872380274822583,-0.14872380274822583,0.09613882694664488,-0.09613882694664488
GSE65858,1144,-0.014052535167769303,0.14753460803660046,-0.14753460803660046,0.08430538883302563,-0.08430538883302563
GSE65858,1145,-0.013056297329881061,0.14396425747074448,-0.14396425747074448,0.09414552492382822,-0.09414552492382822
GSE65858,1146,-0.013268472700164485,0.14791290070091856,-0.14791290070091856,0.0980301890157137,-0.0980301890157137
GSE65858,1147,-0.014436829740805679,0.13153038107964887,-0.13153038107964887,0.0025900338678645184,-0.002590033867864605
GSE65858,1148,-0.018359231487331013,0.15155947025642624,-0.15155947025642624,0.02478244750453129,-0.02478244750453129
GSE65858,1149,-0.01691461405564157,0.15291914267553186,-0.15291914267553186,0.07544678690150608,-0.07544678690150608
GSE65858,1150,-0.014784301264798794,0.14817821976896317,-0.14817821976896317,0.05811408899467019,-0.05811408899467019
GSE65858,1151,-0.01773546887945504,0.1542220320264871,-0.1542220320264871,0.048056508106552154,-0.04805650810655204
GSE65858,1152,-0.015433784724630056,0.14306650742830107,-0.14306650742830107,0.04308897532432482,-0.043088975324324874
GSE65858,1153,-0.012778445761816831,0.13193906022003432,-0.13193906022003432,0.04789859621477838,-0.04789859621477843
GSE65858,1154,-0.01750779007272127,0.14919570393894444,-0.14919570393894444,0.03548923482246269,-0.03548923482246269
GSE65858,1155,-0.016315965925822323,0.14525884337722417,-0.14525884337722417,0.0400058881608944,-0.04000588816089434
GSE65858,1156,-0.016315877817136004,0.15693852882839798,-0.15693852882839798,0.05971894116023446,-0.05971894116023446
GSE65858,1157,-0.015391670813779623,0.14240133115358966,-0.14240133115358966,0.02258037565437221,-0.02258037565437232
GSE65858,1158,-0.016040644360134138,0.13976156759865965,-0.13976156759865965,0.022119587430877802,-0.02211958743087783
GSE65858,1159,-0.01951119017632899,0.15870080596145675,-0.15870080596145675,0.0037566746781284577,-0.0037566746781284577
GSE65858,1160,-0.014553433679745348,0.14528222861369033,-0.14528222861369033,0.1122226995736264,0.1122226995736264
GSE65858,1161,-0.014113987319326698,0.1403260242312061,-0.1403260242312061,0.03441945760534448,-0.03441945760534448
GSE65858,1162,-0.018658035683053714,0.15764053859425076,-0.15764053859425076,0.07564934270778445,-0.07564934270778445
GSE65858,1163,-0.014232435377488944,0.1513040374800203,-0.1513040374800203,0.10567261719718912,0.007779181694164361
GSE65858,1164,-0.014150334202281928,0.14484626046750493,-0.14484626046750493,0.09765103916939966,-0.09765103916939966
GSE65858,1165,-0.016789827095539445,0.15273958597684567,-0.15273958597684567,0.05624486917900973,-0.05624486917900973
GSE65858,1166,-0.01591317435539419,0.15548676317209287,-0.15548676317209287,0.11172561474357012,0.11172561474357012
GSE65858,1167,-0.015265653614037672,0.15196935362617436,-0.15196935362617436,0.08563905070662681,-0.08563905070662681
GSE65858,1168,-0.0165762351211321,0.1471434801293865,-0.1471434801293865,0.056763671622359735,-0.056763671622359735
GSE65858,1169,-0.014711902355133977,0.1470872068006015,-0.1470872068006015,0.11494928708924834,0.11494928708924834
GSE65858,1170,-0.016622882965658642,0.14763255426994415,-0.14763255426994415,0.03556206735992523,-0.03556206735992529
GSE65858,1171,-0.01184745536262996,0.14159611913188908,-0.14159611913188908,0.09934215122370571,-0.09934215122370571
GSE65858,1172,-0.018080757779484313,0.15316820050180535,-0.15316820050180535,0.03454110258991111,-0.034541102589911166
GSE65858,1173,-0.014681661673706325,0.14193549712956388,-0.14193549712956388,0.1214230864147634,0.1214230864147634
GSE65858,1174,-0.016519113485027687,0.15021815814563144,-0.15021815814563144,0.08478262795948466,-0.08478262795948466
GSE65858,1175,-0.015893270603042742,0.15131320533523418,-0.15131320533523418,0.04005744863410171,-0.04005744863410177
GSE65858,1176,-0.01404209482766322,0.14726771745559342,-0.14726771745559342,0.09469610682067642,-0.09469610682067642
GSE65858,1177,-0.014201671593661952,0.14547557226735264,-0.14547557226735264,0.07738906700263437,-0.07738906700263437
GSE65858,1178,-0.015962276945780368,0.15085360894530075,-0.15085360894530075,0.07926614085613226,-0.07926614085613226
GSE65858,1179,-0.015207645895002314,0.14351215516461835,-0.14351215516461835,0.07431996181466516,-0.07431996181466516
GSE65858,1180,-0.014749995815877215,0.15646722413454572,-0.15646722413454572,0.08900249113939995,-0.08900249113939995
GSE65858,1181,-0.017651278151647326,0.15991719205704436,-0.15991719205704436,0.05937371765022392,-0.05937371765022392
GSE65858,1182,-0.016258347670410705,0.1548944305388682,-0.1548944305388682,0.06527173125480157,-0.06527173125480157
GSE65858,1183,-0.0168223331266259,0.1549598679325228,-0.1549598679325228,0.07063839323340837,-0.07063839323340837
GSE65858,1184,-0.015339237406006928,0.13834748962999743,-0.13834748962999743,0.056333614671864374,-0.056333614671864374
GSE65858,1185,-0.016888059928273358,0.14791093276006917,-0.14791093276006917,0.06664625901721533,-0.06664625901721533
GSE65858,1186,-0.015019561259238978,0.1444031611620633,-0.1444031611620633,0.08285947629678503,-0.08285947629678503
GSE65858,1187,-0.01543976465624708,0.14468533725782895,-0.14468533725782895,0.041325229243556805,-0.04132522924355675
GSE65858,1188,-0.01854719607570271,0.1550960155830574,-0.1550960155830574,0.05184270044654049,-0.05184270044654049
GSE65858,1189,-0.01642520598531047,0.14884942529037293,-0.14884942529037293,0.10077321393243843,-0.08530665735135812
GSE65858,1190,-0.018036428963184498,0.15233876936403057,-0.15233876936403057,0.02261467048019747,-0.022614670480197496
GSE65858,1191,-0.018308894540044585,0.16286565793450336,-0.16286565793450336,0.057110794169253354,-0.057110794169253354
GSE65858,1192,-0.01474234404060723,0.13958916433152613,-0.13958916433152613,0.06255417254108553,-0.06255417254108553
GSE65858,1193,-0.01502148449468857,0.14880053475708865,-0.14880053475708865,0.06554445156142552,-0.06554445156142552
GSE65858,1194,-0.013554613697823237,0.14232934072224857,-0.14232934072224857,0.09024043891791478,-0.09024043891791478
GSE65858,1195,-0.015251365155354024,0.15196627007999708,-0.15196627007999708,0.05396676238219289,-0.05396676238219289
GSE65858,1196,-0.01599670973895223,0.1561712193070779,-0.1561712193070779,0.09510627260268867,-0.09510627260268867
GSE65858,1197,-0.01687237091665933,0.14922345928419567,-0.14922345928419567,0.05353402702994625,-0.05353402702994625
GSE65858,1198,-0.016624296199272748,0.15672647139430085,-0.15672647139430085,0.09370203991162962,-0.09370203991162962
GSE65858,1199,-0.016113548625569907,0.1537928298473945,-0.1537928298473945,0.06430336627968458,-0.06430336627968458
GSE65858,1200,-0.017860536192515458,0.15387827995960435,-0.15387827995960435,0.06423396916476443,-0.06423396916476443
GSE65858,1201,-0.017587408542064142,0.14937090917687268,-0.14937090917687268,0.060916703828803986,-0.060916703828803986
GSE65858,1202,-0.01895448275200698,0.16229173058616997,-0.16229173058616997,0.07307651275177163,-0.07307651275177163
GSE65858,1203,-0.017256223261662623,0.14974845353640376,-0.14974845353640376,0.04680755709518902,-0.04680755709518902
GSE65858,1204,-0.01602060028408553,0.14934565713391845,-0.14934565713391845,0.07752275639594408,-0.07752275639594408
GSE65858,1205,-0.017001854596329607,0.15322411023630433,-0.15322411023630433,0.08830556428830894,-0.08830556428830894
GSE65858,1206,-0.01610817365819875,0.15368839986056737,-0.15368839986056737,0.12142652217520888,0.12142652217520888
GSE65858,1207,-0.013195890816976003,0.14087355381184652,-0.14087355381184652,0.07062540537155493,-0.07062540537155493
GSE65858,1208,-0.013378808490375982,0.1438143215299862,-0.1438143215299862,0.060421435932214385,-0.060421435932214385
GSE65858,1209,-0.018050602273118693,0.15009422404509887,-0.15009422404509887,0.050193568495390806,-0.050193568495390806
GSE65858,1210,-0.01599289454899927,0.15382851026895783,-0.15382851026895783,0.07213052653651286,-0.07213052653651286
GSE65858,1211,-0.015334507800143116,0.1583796150747081,-0.1583796150747081,0.08299640177035006,-0.08299640177035006
GSE65858,1212,-0.016227813339182495,0.1506078682665266,-0.1506078682665266,0.07614005538910329,-0.07614005538910329
GSE65858,1213,-0.012530172434142811,0.1492793185074287,-0.1492793185074287,0.11358390595264245,0.11358390595264245
GSE65858,1214,-0.014891960872574106,0.14134821331283143,-0.14134821331283143,0.04228078391955936,-0.04228078391955936
GSE65858,1215,-0.018307990287410564,0.1516630842525175,-0.1516630842525175,0.040644038014720274,-0.040644038014720385
GSE65858,1216,-0.019774624759957726,0.15923544431579306,-0.15923544431579306,0.0014976011139155813,-0.0014976011139156142
GSE65858,1217,-0.020196984620621583,0.15834277748217995,-0.15834277748217995,0.017943803430857108,-0.01794380343085722
GSE65858,1218,-0.018305344340300955,0.1655716673248857,-0.1655716673248857,0.06467288344447875,-0.06467288344447875
GSE65858,1219,-0.017901672335169816,0.15927630538965332,-0.15927630538965332,0.07846235357078168,-0.07846235357078168
GSE65858,1220,-0.016651384814988096,0.1555711571188101,-0.1555711571188101,0.08891333382439348,-0.08891333382439348
GSE65858,1221,-0.013806991720973966,0.1512086273868143,-0.1512086273868143,0.08502717053020326,-0.08502717053020326
GSE65858,1222,-0.015780713911689226,0.14348863736664974,-0.14348863736664974,0.0484272374801904,-0.0484272374801904
GSE65858,1223,-0.013617916279323045,0.1433317751867571,-0.1433317751867571,0.08341104499466623,-0.08341104499466623
GSE65858,1224,-0.01592322055290879,0.1449035377694805,-0.1449035377694805,0.06416819762758474,-0.06416819762758474
GSE65858,1225,-0.01861820512864229,0.16321166288987188,-0.16321166288987188,0.05942664899277306,-0.05942664899277306
GSE65858,1226,-0.013411658835389778,0.14002051208391952,-0.14002051208391952,0.0711188144190682,-0.0711188144190682
GSE65858,1227,-0.015728481775128672,0.14933166703057554,-0.14933166703057554,0.0720925358455311,-0.0720925358455311
GSE65858,1228,-0.016241110733859393,0.15590622085962713,-0.15590622085962713,0.05875552969386044,-0.05875552969386044
GSE65858,1229,-0.015408364758825899,0.1432968012955198,-0.1432968012955198,0.058728182145537655,-0.058728182145537655
GSE65858,1230,-0.01323616514892173,0.13882981038865772,-0.13882981038865772,0.039443659420002886,-0.03944365942000294
GSE65858,1231,-0.014240335706366264,0.14034762119817845,-0.14034762119817845,0.05106370381943065,-0.051063703819430595
GSE65858,1232,-0.01685482706737368,0.1557689726042064,-0.1557689726042064,0.06889311537392817,-0.06889311537392817
GSE65858,1233,-0.018923917465405005,0.15899886632034432,-0.15899886632034432,0.04900271452885602,-0.04900271452885596
GSE65858,1234,-0.015178331560662617,0.1488505715795967,-0.1488505715795967,0.06359550078408749,-0.06359550078408749
GSE65858,1235,-0.01794749930808512,0.16465883805772363,-0.16465883805772363,0.06883262331232698,-0.06883262331232698
GSE65858,1236,-0.015156796310289267,0.15034922136070428,-0.15034922136070428,0.0526861954925546,-0.0526861954925546
GSE65858,1237,-0.01554596672164249,0.14901377927401294,-0.14901377927401294,0.08078994525163896,-0.08078994525163896
GSE65858,1238,-0.014394856173401943,0.1488850225131786,-0.1488850225131786,0.07492134488727409,-0.07492134488727409
GSE65858,1239,-0.01485076413550071,0.14099163782666801,-0.14099163782666801,0.050382625965709915,-0.05038262596570997
GSE65858,1240,-0.01469153525022171,0.14185371590615636,-0.14185371590615636,0.02792455151912554,-0.02792455151912554
GSE65858,1241,-0.014324251506190877,0.1574206727026799,-0.1574206727026799,0.0870664784226346,-0.0870664784226346
GSE65858,1242,-0.014804905610846936,0.14942086769090945,-0.14942086769090945,0.09657167062605176,-0.09657167062605176
GSE65858,1243,-0.018427179490545453,0.15269372704555662,-0.15269372704555662,0.054314487328519456,-0.0543144873285194
GSE65858,1244,-0.01691645563385008,0.1524580669749518,-0.1524580669749518,0.04834053669145044,-0.04834053669145044
GSE65858,1245,-0.011760788592235755,0.1411945409094928,-0.1411945409094928,0.12012060074491515,0.12012060074491515
GSE65858,1246,-0.014919763087092752,0.15063483462413862,-0.15063483462413862,0.06561267024231743,-0.06561267024231743
GSE65858,1247,-0.01750841577570575,0.15126804919183212,-0.15126804919183212,0.06732271424362812,-0.06732271424362812
GSE65858,1248,-0.016619613644588332,0.1558512354392001,-0.1558512354392001,0.040768291812796176,-0.040768291812796176
GSE65858,1249,-0.015513976768979448,0.14841186307805576,-0.14841186307805576,0.0838381642390007,-0.0838381642390007
GSE65858,1250,-0.016285047230380628,0.15108762166212797,-0.15108762166212797,0.04093424943972784,-0.0409342494397279
GSE65858,1251,-0.01736034993515395,0.14710443715749477,-0.14710443715749477,0.022664030457393514,-0.022664030457393514
GSE65858,1252,-0.016654020740303976,0.1556870367514347,-0.1556870367514347,0.092386132424501,-0.092386132424501
GSE65858,1253,-0.017189541063803465,0.14710634541694434,-0.14710634541694434,0.017147994511173964,-0.017147994511173992
GSE65858,1254,-0.01799682011987902,0.1481831259004227,-0.1481831259004227,0.003647889328952346,-0.003647889328952325
GSE65858,1255,-0.01643882513004863,0.15111428969219598,-0.15111428969219598,0.0482457937072821,-0.0482457937072821
GSE65858,1256,-0.017861614931553527,0.166025297314762,-0.166025297314762,0.045723212425186566,-0.04572321242518662
GSE65858,1257,-0.015303679254834612,0.14305383802785354,-0.14305383802785354,0.029214849510588614,-0.029214849510588614
GSE65858,1258,-0.014581246411509652,0.14216825822084367,-0.14216825822084367,0.05870844794843699,-0.05870844794843699
GSE65858,1259,-0.016037125495348747,0.15981287247270415,-0.15981287247270415,0.08018894251797204,-0.08018894251797204
GSE65858,1260,-0.016756801241505442,0.1573470506595529,-0.1573470506595529,0.0711995151711462,-0.0711995151711462
GSE65858,1261,-0.013336189761385647,0.14117703567130113,-0.14117703567130113,0.08401868455776729,-0.08401868455776729
GSE65858,1262,-0.014800107520382272,0.14646469479797575,-0.14646469479797575,0.08386691633541232,-0.08386691633541232
GSE65858,1263,-0.015072946499224332,0.1405722063292809,-0.1405722063292809,0.03341206979482897,-0.033412069794829025
GSE65858,1264,-0.012058360583975247,0.13830101009453777,-0.13830101009453777,0.08284057119145216,-0.08284057119145216
GSE65858,1265,-0.01862450324749268,0.16132069920366976,-0.16132069920366976,0.05066569908223695,-0.05066569908223695
GSE65858,1266,-0.016277171127079992,0.1512727578052202,-0.1512727578052202,0.07911841129401875,-0.07911841129401875
GSE65858,1267,-0.014906449727005111,0.1510543118403267,-0.1510543118403267,0.0811230799884215,-0.0811230799884215
GSE65858,1268,-0.01641048491017491,0.147186335582552,-0.147186335582552,0.05085693891283477,-0.050856938912834826
GSE65858,1269,-0.015764321515670893,0.15156123414705003,-0.15156123414705003,0.08180052408767824,-0.08180052408767824
GSE65858,1270,-0.01529413647683009,0.1533513820575474,-0.1533513820575474,0.0924574926362427,-0.0924574926362427
GSE65858,1271,-0.01600592199678874,0.15042364106111528,-0.15042364106111528,0.050698780896945406,-0.05069878089694546
GSE65858,1272,-0.014811701589099308,0.14359132013687237,-0.14359132013687237,0.052891666347715804,-0.052891666347715804
GSE65858,1273,-0.018001084795708083,0.1503910873060479,-0.1503910873060479,0.013319880001658041,-0.013319880001657958
GSE65858,1274,-0.014978211983844275,0.14865227754896693,-0.14865227754896693,0.053925391574751846,-0.053925391574751846
GSE65858,1275,-0.018712095851715793,0.16094709984230549,-0.16094709984230549,0.010055525897025797,-0.010055525897025741
GSE65858,1276,-0.019566561263029775,0.15592739974346226,-0.15592739974346226,0.005290521509567152,-0.005290521509567214
GSE65858,1277,-0.014861112803347426,0.1448596940039022,-0.1448596940039022,0.09216080561354634,-0.09216080561354634
GSE65858,1278,-0.015339283120278269,0.1439825756555464,-0.1439825756555464,0.04359388203750458,-0.04359388203750458
GSE65858,1279,-0.016647909902466618,0.1512940461516299,-0.1512940461516299,0.09567182520142681,-0.09567182520142681
GSE65858,1280,-0.013945112346688188,0.14341281568143804,-0.14341281568143804,0.07870225720943247,-0.07870225720943247
GSE65858,1281,-0.014246928180464496,0.15265351963621177,-0.15265351963621177,0.06261635000713195,-0.06261635000713195
GSE65858,1282,-0.015870690794360792,0.16095825839917555,-0.16095825839917555,0.05002316740297447,-0.05002316740297452
GSE65858,1283,-0.01678989979937251,0.1517243832206463,-0.1517243832206463,0.04958997189523251,-0.04958997189523262
GSE65858,1284,-0.015098925773886968,0.15161271488835126,-0.15161271488835126,0.12007650730242969,0.12007650730242969
GSE65858,1285,-0.013839823686072894,0.14142691905793203,-0.14142691905793203,0.1195324547504224,0.1195324547504224
GSE65858,1286,-0.014066243525898553,0.13926358991279486,-0.13926358991279486,0.06874166770619894,-0.06874166770619894
GSE65858,1287,-0.012967005409829507,0.13987314976191356,-0.13987314976191356,0.05823115212074226,-0.05823115212074226
GSE65858,1288,-0.01321851530958043,0.13330809021025658,-0.13330809021025658,0.042517661794894135,-0.042517661794894135
GSE65858,1289,-0.016399244607903346,0.15450673173970886,-0.15450673173970886,0.05419959917852735,-0.05419959917852735
GSE65858,1290,-0.01627888109432546,0.14948983808831695,-0.14948983808831695,0.0917630938386298,-0.0917630938386298
GSE65858,1291,-0.019179675694836973,0.16913547552070018,-0.16913547552070018,0.07928961233063092,-0.07928961233063092
GSE65858,1292,-0.015296467112713041,0.14680896860130455,-0.14680896860130455,0.027715053535911194,-0.027715053535911194
GSE65858,1293,-0.016047033795587556,0.15231467609678973,-0.15231467609678973,0.09164253624236107,-0.09164253624236107
GSE65858,1294,-0.01328786015229158,0.1467260934918283,-0.1467260934918283,0.05802460870562132,-0.05802460870562132
GSE65858,1295,-0.014051707101418592,0.13777391940467587,-0.13777391940467587,0.06368595090862406,-0.06368595090862406
GSE65858,1296,-0.016815159711024485,0.15466046282904955,-0.15466046282904955,0.07872702995989822,-0.07872702995989822
GSE65858,1297,-0.017763034111531628,0.1596159313236456,-0.1596159313236456,0.051195434514642646,-0.0511954345146427
GSE65858,1298,-0.016371126979239425,0.14790274913276602,-0.14790274913276602,0.067394487607918,-0.067394487607918
GSE65858,1299,-0.015822802342498915,0.15229753298100834,-0.15229753298100834,0.06077255600735487,-0.06077255600735487
GSE65858,1300,-0.014434095236241312,0.140179387649625,-0.140179387649625,0.03167383079717334,-0.03167383079717334
GSE65858,1301,-0.01486820299851746,0.14529193686243924,-0.14529193686243924,0.04735722826915906,-0.04735722826915911
GSE65858,1302,-0.0150056370898079,0.15444839371962438,-0.15444839371962438,0.08012023129152546,-0.08012023129152546
GSE65858,1303,-0.016124598022715153,0.15193927045430966,-0.15193927045430966,0.10901620653237676,0.07130654362510591
GSE65858,1304,-0.014677490211347649,0.15054736500573673,-0.15054736500573673,0.05870379494647071,-0.05870379494647071
GSE65858,1305,-0.018595578755062875,0.15889828845307896,-0.15889828845307896,0.04552362272870547,-0.04552362272870547
GSE65858,1306,-0.015178457016508995,0.15542892614041448,-0.15542892614041448,0.08242094960476976,-0.08242094960476976
GSE65858,1307,-0.01614653606309685,0.1499243154011043,-0.1499243154011043,0.05707349081697721,-0.05707349081697721
GSE65858,1308,-0.01662805099729256,0.1477028809789276,-0.1477028809789276,0.08763817362566884,-0.08763817362566884
GSE65858,1309,-0.016647045493469598,0.15389694368342677,-0.15389694368342677,0.07559953125980123,-0.07559953125980123
GSE65858,1310,-0.017200302892889735,0.1532971999446162,-0.1532971999446162,0.05496696039205756,-0.05496696039205751
GSE65858,1311,-0.01360044919378356,0.1403012740917855,-0.1403012740917855,0.0650315006699852,-0.0650315006699852
GSE65858,1312,-0.014981655166780516,0.14824231154087641,-0.14824231154087641,0.06747036956569452,-0.06747036956569452
GSE65858,1313,-0.015039804184686395,0.14937104654625522,-0.14937104654625522,0.07506418124863223,-0.07506418124863223
GSE65858,1314,-0.01438426486223926,0.14112024808628076,-0.14112024808628076,0.08494241470626696,-0.08494241470626696
GSE65858,1315,-0.015688000395105595,0.15995941717176887,-0.15995941717176887,0.12635662524652114,0.12635662524652114
GSE65858,1316,-0.01645179148274703,0.14486798820276547,-0.14486798820276547,0.03739925269342703,-0.03739925269342703
GSE65858,1317,-0.016467616853194617,0.14205039646099538,-0.14205039646099538,0.016881581295143028,-0.016881581295143055
GSE65858,1318,-0.01575683633869643,0.15748690164419332,-0.15748690164419332,0.07061979677067642,-0.07061979677067642
GSE65858,1319,-0.013459952071179643,0.14367190177382794,-0.14367190177382794,0.08121561307503922,-0.08121561307503922
GSE65858,1320,-0.01521993915072603,0.14739326227583538,-0.14739326227583538,0.06225727964745231,-0.06225727964745231
GSE65858,1321,-0.013833513753540888,0.15241254863630882,-0.15241254863630882,0.11750782635960588,0.11750782635960588
GSE65858,1322,-0.019523661671406067,0.15269328449880204,-0.15269328449880204,-0.0017794920164018527,0.001779492016401818
GSE65858,1323,-0.01780423414167351,0.1704226489338645,-0.1704226489338645,0.07324517198556912,-0.07324517198556912
GSE65858,1324,-0.014530788471479539,0.1444908537190589,-0.1444908537190589,0.027549608487128868,-0.02754960848712884
GSE65858,1325,-0.016672264545564697,0.15277478770992103,-0.15277478770992103,0.07268070594645148,-0.07268070594645148
GSE65858,1326,-0.016182844394181828,0.14575583036880668,-0.14575583036880668,0.019279082710491918,-0.019279082710491835
GSE65858,1327,-0.017520051716995777,0.15277295612304087,-0.15277295612304087,0.05353882156205275,-0.05353882156205281
GSE65858,1328,-0.016192820348944315,0.16087503960211236,-0.16087503960211236,0.11498626401449785,0.11498626401449785
GSE65858,1329,-0.016621463655442176,0.153425940761158,-0.153425940761158,0.08064821563427949,-0.08064821563427949
GSE65858,1330,-0.012881298261331109,0.1427425728143461,-0.1427425728143461,0.10836180308531362,0.05887626204176677
GSE65858,1331,-0.016973668427875066,0.1514885981475298,-0.1514885981475298,0.07164634561096805,-0.07164634561096805
GSE65858,1332,-0.015583106842703781,0.15333401099140387,-0.15333401099140387,0.06942335706831548,-0.06942335706831548
GSE65858,1333,-0.0196737042231582,0.16450239985142168,-0.16450239985142168,0.05216443405453147,-0.05216443405453153
GSE65858,1334,-0.015215365390751606,0.14788551167209474,-0.14788551167209474,0.07964526293092211,-0.07964526293092211
GSE65858,1335,-0.015627042234912347,0.1474767027809516,-0.1474767027809516,0.027494028322433084,-0.027494028322433084
GSE65858,1336,-0.015021722403445986,0.14859414545063543,-0.14859414545063543,0.08958276288611722,-0.08958276288611722
GSE65858,1337,-0.011098589630923916,0.13635766886233258,-0.13635766886233258,0.0935979827766723,-0.0935979827766723
GSE65858,1338,-0.013685551668484702,0.13749909707087893,-0.13749909707087893,0.0239983286524737,-0.023998328652473755
GSE65858,1339,-0.015101351641913285,0.14799304865484264,-0.14799304865484264,0.062059131894787956,-0.062059131894787956
GSE65858,1340,-0.016063953393008368,0.15950503181567033,-0.15950503181567033,0.12516637560870114,0.12516637560870114
GSE65858,1341,-0.017108987823418936,0.1480990938373079,-0.1480990938373079,0.01811683412289372,-0.018116834122893777
GSE65858,1342,-0.015675365706934258,0.1412006661628531,-0.1412006661628531,0.011629973727274617,-0.01162997372727459
GSE65858,1343,-0.015349676550336505,0.1561073086867646,-0.1561073086867646,0.08346860546958956,-0.08346860546958956
GSE65858,1344,-0.01556564304037042,0.15262230467554994,-0.15262230467554994,0.05555288353964544,-0.05555288353964538
GSE65858,1345,-0.016613216605297743,0.15169678304958456,-0.15169678304958456,0.034285224868006337,-0.034285224868006337
GSE65858,1346,-0.015580619700691162,0.14832316561541825,-0.14832316561541825,0.07505741730703952,-0.07505741730703952
GSE65858,1347,-0.014594836416840562,0.14933175006920885,-0.14933175006920885,0.07814937904279773,-0.07814937904279773
GSE65858,1348,-0.014486147390117665,0.1414397346681855,-0.1414397346681855,0.041098831726138374,-0.041098831726138374
GSE65858,1349,-0.013577391445336012,0.13962922244599563,-0.13962922244599563,0.06774606493517588,-0.06774606493517588
GSE65858,1350,-0.018014008982408236,0.1513331086928067,-0.1513331086928067,0.06536411569991762,-0.06536411569991762
GSE65858,1351,-0.017767837807380116,0.1591416105784298,-0.1591416105784298,0.07645134600009196,-0.07645134600009196
GSE65858,1352,-0.014470431824550267,0.13840107310394767,-0.13840107310394767,0.04281976180320124,-0.04281976180320124
GSE65858,1353,-0.015638894282767962,0.15585372526731223,-0.15585372526731223,0.0680609856814618,-0.0680609856814618
GSE65858,1354,-0.014189419177757762,0.1480001013532286,-0.1480001013532286,0.08641995157689675,-0.08641995157689675
GSE65858,1355,-0.01483398967289154,0.14267679543571954,-0.14267679543571954,0.05488279477722047,-0.05488279477722047
GSE65858,1356,-0.015496885498096608,0.1502055021124451,-0.1502055021124451,0.0708830824856127,-0.0708830824856127
GSE65858,1357,-0.014931190978741599,0.14531283810373252,-0.14531283810373252,0.06132800630834745,-0.06132800630834745
GSE65858,1358,-0.014935898416943538,0.15053053022590412,-0.15053053022590412,0.10708221023423592,0.03456207378548726
GSE65858,1359,-0.014386559039809343,0.1426122743515248,-0.1426122743515248,0.06660990058172711,-0.06660990058172711
GSE65858,1360,-0.0163197192482345,0.15844185240928899,-0.15844185240928899,0.09644513141942657,-0.09644513141942657
GSE65858,1361,-0.014480061860370486,0.14311614435119346,-0.14311614435119346,0.022215033162333864,-0.022215033162333864
GSE65858,1362,-0.016340210528378862,0.1476412345731717,-0.1476412345731717,0.04442014163766295,-0.04442014163766306
GSE65858,1363,-0.013863525835879131,0.1455624676262398,-0.1455624676262398,0.0633021931922455,-0.0633021931922455
GSE65858,1364,-0.014944956682240884,0.13812382010101754,-0.13812382010101754,0.015006282785354652,-0.015006282785354652
GSE65858,1365,-0.016995649544905123,0.1627394580847643,-0.1627394580847643,0.06810108715503627,-0.06810108715503627
GSE65858,1366,-0.015122952174562415,0.15280036133580555,-0.15280036133580555,0.09106255147455489,-0.09106255147455489
GSE65858,1367,-0.015173837468229229,0.14553109421311183,-0.14553109421311183,0.055078042855089826,-0.05507804285508977
GSE65858,1368,-0.01417150286942323,0.14592015010406634,-0.14592015010406634,0.09229185748630142,-0.09229185748630142
GSE65858,1369,-0.014675608172673354,0.14272294670431385,-0.14272294670431385,0.07137032687279565,-0.07137032687279565
GSE65858,1370,-0.014353852308280679,0.136084950590597,-0.136084950590597,0.04309110447327763,-0.043091104473277686
GSE65858,1371,-0.017632176359144797,0.15254732976791652,-0.15254732976791652,0.0319595690999539,-0.0319595690999539
GSE65858,1372,-0.014262314083581973,0.14503607053640466,-0.14503607053640466,0.06004627129868778,-0.06004627129868778
GSE65858,1373,-0.01465955286503337,0.14671114583903266,-0.14671114583903266,0.05536522625070128,-0.05536522625070128
GSE65858,1374,-0.017206487205014304,0.15929592486234267,-0.15929592486234267,0.0702787656051409,-0.0702787656051409
GSE65858,1375,-0.013958543310627236,0.14487760853347864,-0.14487760853347864,0.0804278871300248,-0.0804278871300248
GSE65858,1376,-0.01374252205928106,0.13933631965092064,-0.13933631965092064,0.07612333736961752,-0.07612333736961752
GSE65858,1377,-0.016751334334038553,0.1547374677807869,-0.1547374677807869,0.07686387432357644,-0.07686387432357644
GSE65858,1378,-0.016415745936754322,0.1456897980278633,-0.1456897980278633,0.028955109835791193,-0.028955109835791193
GSE65858,1379,-0.012401007078921639,0.13643710989467905,-0.13643710989467905,,
GSE65858,1380,-0.01712720060905018,0.15135706514256642,-0.15135706514256642,0.03112398228772234,-0.031123982287722285
GSE65858,1381,-0.01412085628769355,0.14444250910185574,-0.14444250910185574,0.04034585201159929,-0.04034585201159924
GSE65858,1382,-0.01653615943473835,0.15525317886527756,-0.15525317886527756,0.07480638058018096,-0.07480638058018096
GSE65858,1383,-0.015660318001096435,0.1522351682561509,-0.1522351682561509,0.04991000758088188,-0.04991000758088182
GSE65858,1384,-0.017046309750688465,0.15545915803832222,-0.15545915803832222,0.07762450081275063,-0.07762450081275063
GSE65858,1385,-0.014133879357792145,0.14059006865266355,-0.14059006865266355,0.06340396569275375,-0.06340396569275375
GSE65858,1386,-0.01448497504748622,0.1433425141730036,-0.1433425141730036,0.0898821438773334,-0.0898821438773334
GSE65858,1387,-0.015695847263145296,0.158616804793964,-0.158616804793964,0.07268983247778438,-0.07268983247778438
GSE65858,1388,-0.013725699030991662,0.14687273945729684,-0.14687273945729684,0.09135161278613368,-0.09135161278613368
GSE65858,1389,-0.015533032438446642,0.14546532154714575,-0.14546532154714575,0.07309244353131816,-0.07309244353131816
GSE65858,1390,-0.01606084963685467,0.14961259076531053,-0.14961259076531053,0.06204853491337736,-0.06204853491337736
GSE65858,1391,-0.014597478653804619,0.15088576482270444,-0.15088576482270444,0.10017804351138404,-0.09661630109779085
GSE65858,1392,-0.018213890666170934,0.1607259102687557,-0.1607259102687557,0.05898455272389602,-0.05898455272389602
GSE65858,1393,-0.01668238316908796,0.15632103414244836,-0.15632103414244836,0.107912932377077,0.05034615534514553
GSE65858,1394,-0.01619941657871171,0.13729515839493245,-0.13729515839493245,0.02534792221462112,-0.02534792221462112
GSE65858,1395,-0.013333463321308331,0.14877749470319057,-0.14877749470319057,0.10018754872004121,-0.09643728315634781
GSE65858,1396,-0.016105460244127096,0.14616255767754915,-0.14616255767754915,0.05881452460285852,-0.05881452460285852
GSE65858,1397,-0.0171562055210564,0.15689349196543323,-0.15689349196543323,0.05668671171020234,-0.05668671171020234
GSE65858,1398,-0.01824043740176548,0.1617052282511271,-0.1617052282511271,0.06401306101439808,-0.06401306101439808
GSE65858,1399,-0.01897909710106571,0.16515389405080683,-0.16515389405080683,0.08299889027828355,-0.08299889027828355
GSE65858,1400,-0.015540959887875655,0.14759599563909997,-0.14759599563909997,0.07922793377092241,-0.07922793377092241
GSE65858,1401,-0.015791186945335656,0.14863326146627753,-0.14863326146627753,0.0454573605513558,-0.04545736055135585
GSE65858,1402,-0.018251067818135347,0.16058214638529944,-0.16058214638529944,0.06259577055340182,-0.06259577055340182
GSE65858,1403,-0.01699872314899878,0.14821662412700531,-0.14821662412700531,0.07501051377042711,-0.07501051377042711
GSE65858,1404,-0.015389060201559335,0.14671543968917278,-0.14671543968917278,0.07024498716357475,-0.07024498716357475
GSE65858,1405,-0.014686792821487604,0.1473456983890853,-0.1473456983890853,0.09536664418828222,-0.09536664418828222
GSE65858,1406,-0.014569486849029145,0.1437508526348914,-0.1437508526348914,0.047371810494686695,-0.04737181049468664
GSE65858,1407,-0.015262294588805514,0.15286889136573678,-0.15286889136573678,0.058714333459923274,-0.058714333459923274
GSE65858,1408,-0.014402965998389111,0.15030701369573207,-0.15030701369573207,0.07606224291860353,-0.07606224291860353
GSE65858,1409,-0.01668203416033015,0.1518665130466792,-0.1518665130466792,0.07843405251532454,-0.07843405251532454
GSE65858,1410,-0.01682523297743657,0.15783000456349572,-0.15783000456349572,0.08532175671253162,-0.08532175671253162
GSE65858,1411,-0.014951899277510644,0.14590493270452787,-0.14590493270452787,0.04602112482451515,-0.04602112482451515
GSE65858,1412,-0.015086640821363878,0.15231918337867567,-0.15231918337867567,0.11850062608962175,0.11850062608962175
GSE65858,1413,-0.014960522915131308,0.1481621380614646,-0.1481621380614646,0.10841460489229282,0.059877108781021815
GSE65858,1414,-0.016915839465103805,0.15711002476688152,-0.15711002476688152,0.05190030036839216,-0.051900300368392216
GSE65858,1415,-0.01841900889727821,0.16336467548055866,-0.16336467548055866,0.09134775764566871,-0.09134775764566871
GSE65858,1416,-0.016668499860304997,0.15392987267885694,-0.15392987267885694,0.07044468160357531,-0.07044468160357531
GSE65858,1417,-0.015413237318733952,0.14917388469681891,-0.14917388469681891,0.0860394960320322,-0.0860394960320322
GSE65858,1418,-0.01650587997025832,0.15069688345426724,-0.15069688345426724,0.06507810363510191,-0.06507810363510191
GSE65858,1419,-0.018772152744702647,0.16462130422510235,-0.16462130422510235,0.057335874015366106,-0.057335874015366106
GSE65858,1420,-0.017157632100887527,0.16045438398562384,-0.16045438398562384,0.08163572956538534,-0.08163572956538534
GSE65858,1421,-0.013681534870533946,0.14777443507683063,-0.14777443507683063,0.07984486308580863,-0.07984486308580863
GSE65858,1422,-0.015753098512239827,0.15686056633625878,-0.15686056633625878,0.10016316607901121,-0.09690010426638285
GSE65858,1423,-0.01552973814182984,0.15172092572580098,-0.15172092572580098,0.08962969354268646,-0.08962969354268646
GSE65858,1424,-0.016830568768414877,0.15763554584601414,-0.15763554584601414,0.0675691204351141,-0.0675691204351141
GSE65858,1425,-0.01290545195672041,0.13434054950530272,-0.13434054950530272,0.05777345370685083,-0.05777345370685083
GSE65858,1426,-0.017283740829462296,0.15619843694478464,-0.15619843694478464,0.06214216996909627,-0.06214216996909627
GSE65858,1427,-0.016087978827548033,0.15218550037775702,-0.15218550037775702,0.05417183993355412,-0.05417183993355412
GSE65858,1428,-0.016209886303806764,0.1583527857548066,-0.1583527857548066,0.07627778821353215,-0.07627778821353215
GSE65858,1429,-0.017490238772388172,0.15960526316224666,-0.15960526316224666,0.05794838711720396,-0.05794838711720396
GSE65858,1430,-0.014138090200542686,0.14506775411596617,-0.14506775411596617,0.07744955111289786,-0.07744955111289786
GSE65858,1431,-0.013936814440607792,0.14942885256086313,-0.14942885256086313,0.06571882175809995,-0.06571882175809995
GSE65858,1432,-0.015121648725405445,0.14727405875007427,-0.14727405875007427,0.04810271158245649,-0.04810271158245649
GSE65858,1433,-0.01964391921183442,0.1593640249476478,-0.1593640249476478,0.05084554554591514,-0.05084554554591514
GSE65858,1434,-0.014567424930582579,0.14363816424739073,-0.14363816424739073,0.045860939068153805,-0.045860939068153805
GSE65858,1435,-0.01696688863040316,0.1515465403035794,-0.1515465403035794,0.059073256259940754,-0.059073256259940754
GSE65858,1436,-0.01700610109804737,0.1492023055563405,-0.1492023055563405,0.05096725897031218,-0.05096725897031218
GSE65858,1437,-0.01801358762986921,0.15894092223858158,-0.15894092223858158,0.07169307384852719,-0.07169307384852719
GSE65858,1438,-0.01684290665432822,0.1558068861070323,-0.1558068861070323,0.06947998349948592,-0.06947998349948592
GSE65858,1439,-0.016068175883196645,0.14620597322893492,-0.14620597322893492,0.07030360180721651,-0.07030360180721651
GSE65858,1440,-0.012996486767874377,0.13987474901649066,-0.13987474901649066,0.07181198895966545,-0.07181198895966545
GSE65858,1441,-0.01390468481287796,0.13889078201723892,-0.13889078201723892,0.06794747065530116,-0.06794747065530116
GSE65858,1442,-0.015841945223592502,0.14558111000248486,-0.14558111000248486,0.07410686878306805,-0.07410686878306805
GSE65858,1443,-0.017595485083833934,0.1502418436012396,-0.1502418436012396,0.03663447385155311,-0.03663447385155305
GSE65858,1444,-0.013716246355730571,0.15309608200553781,-0.15309608200553781,0.09900951755752752,-0.09900951755752752
GSE65858,1445,-0.015981913617693827,0.14242525551405394,-0.14242525551405394,0.08561182378773302,-0.08561182378773302
GSE65858,1446,-0.01715708838491531,0.1482314148154391,-0.1482314148154391,0.07414603084433558,-0.07414603084433558
GSE65858,1447,-0.014856274754422139,0.15090470499478004,-0.15090470499478004,0.07976876770952546,-0.07976876770952546
GSE65858,1448,-0.014996989935812277,0.14584626413876745,-0.14584626413876745,0.04913391928664351,-0.04913391928664357
GSE65858,1449,-0.016316408463562165,0.14815508143329104,-0.14815508143329104,0.040551358670061544,-0.040551358670061544
GSE65858,1450,-0.016116067005752632,0.15498632107271137,-0.15498632107271137,0.07138874513310045,-0.07138874513310045
GSE65858,1451,-0.013066200190501726,0.13729306446724032,-0.13729306446724032,0.08095227579773723,-0.08095227579773723
GSE65858,1452,-0.014520331674779091,0.1520114387114797,-0.1520114387114797,0.08031635697385187,-0.08031635697385187
GSE65858,1453,-0.016640356272415252,0.144636379108245,-0.144636379108245,0.018270182720910688,-0.018270182720910633
GSE65858,1454,-0.01641693794612853,0.1490296297406355,-0.1490296297406355,0.0857441977354102,-0.0857441977354102
GSE65858,1455,-0.016557437419989662,0.15113943452673495,-0.15113943452673495,0.06200340559303341,-0.06200340559303341
GSE65858,1456,-0.014236298565969252,0.145728897637303,-0.145728897637303,0.11044420346656736,0.09844031819893884
GSE65858,1457,-0.01590570225040358,0.1534672242979087,-0.1534672242979087,0.09578462386080622,-0.09578462386080622
GSE65858,1458,-0.015298486729526883,0.15750496647173207,-0.15750496647173207,0.10377467479744407,-0.0282805468063273
GSE65858,1459,-0.016971409956942796,0.1522902926484404,-0.1522902926484404,0.05822542494727734,-0.05822542494727734
GSE65858,1460,-0.0160433012626523,0.1629613233905829,-0.1629613233905829,0.0528744234929594,-0.052874423492959455
GSE65858,1461,-0.014288762707675345,0.1412118986868447,-0.1412118986868447,0.0662556875634609,-0.0662556875634609
GSE65858,1462,-0.014324334474313444,0.1456953219144832,-0.1456953219144832,0.10887900539146833,0.06870377163689256
GSE65858,1463,-0.016374060367228216,0.15575988775259964,-0.15575988775259964,0.07274665831874938,-0.07274665831874938
GSE65858,1464,-0.018564881754580626,0.15611879452481503,-0.15611879452481503,0.01988532256202527,-0.019885322562025243
GSE65858,1465,-0.015433325886507587,0.14933835298482134,-0.14933835298482134,0.06501872504592443,-0.06501872504592443
GSE65858,1466,-0.01410580053807653,0.14820064039376812,-0.14820064039376812,0.0751570734924979,-0.0751570734924979
GSE65858,1467,-0.014048991546799422,0.1433379757785176,-0.1433379757785176,0.04623742841653944,-0.04623742841653944
GSE65858,1468,-0.017422419827961028,0.15869241420079172,-0.15869241420079172,0.06005150227374545,-0.06005150227374545
GSE65858,1469,-0.016251098942509146,0.1480004800185195,-0.1480004800185195,0.053694355160079144,-0.053694355160079144
GSE65858,1470,-0.01377994483268502,0.13983490504008955,-0.13983490504008955,0.07386160769794636,-0.07386160769794636
GSE65858,1471,-0.016258508921052156,0.14633311879929645,-0.14633311879929645,0.04770830320826308,-0.047708303208263136
GSE65858,1472,-0.014471578782999567,0.14304527074163453,-0.14304527074163453,0.04682850878695516,-0.0468285087869551
GSE65858,1473,-0.01759408708661586,0.1480064638049139,-0.1480064638049139,0.01582615774651433,-0.015826157746514302
GSE65858,1474,-0.016719224588299914,0.1528086388718377,-0.1528086388718377,0.0628821917835718,-0.0628821917835718
GSE65858,1475,-0.012560555853801031,0.14013737197908893,-0.14013737197908893,0.08411112793310449,-0.08411112793310449
GSE65858,1476,-0.018876809466873173,0.16139528815977755,-0.16139528815977755,0.033378764181404674,-0.03337876418140473
GSE65858,1477,-0.01397825856900664,0.14092476689036348,-0.14092476689036348,0.08458311563410947,-0.08458311563410947
GSE65858,1478,-0.014143293583279232,0.1507772125382132,-0.1507772125382132,0.0966934524462435,-0.0966934524462435
GSE65858,1479,-0.015042880851169976,0.14302308749190518,-0.14302308749190518,0.0515080600113384,-0.05150806001133834
GSE65858,1480,-0.014726741775203445,0.1451965172064016,-0.1451965172064016,0.09745067819858322,-0.09745067819858322
GSE65858,1481,-0.014235871341650358,0.14734077426356673,-0.14734077426356673,0.04819970014924213,-0.04819970014924213
GSE65858,1482,-0.014706445956863157,0.1632028447239966,-0.1632028447239966,0.09870334418623006,-0.09870334418623006
GSE65858,1483,-0.01627158033463111,0.15586275981832687,-0.15586275981832687,0.0708298188473081,-0.0708298188473081
GSE65858,1484,-0.015396430377813713,0.14059357911288295,-0.14059357911288295,0.026752951796249008,-0.026752951796249036
GSE65858,1485,-0.01651722534988745,0.16112354673569773,-0.16112354673569773,0.04217885100206947,-0.04217885100206942
GSE65858,1486,-0.014102134489637597,0.15191086660315234,-0.15191086660315234,0.09630160484034189,-0.09630160484034189
GSE65858,1487,-0.016842229552426285,0.15607871845923582,-0.15607871845923582,0.06468386140006577,-0.06468386140006577
GSE65858,1488,-0.01635672508830624,0.15323036861835093,-0.15323036861835093,0.05318220619644137,-0.05318220619644143
GSE65858,1489,-0.014961037031762658,0.1493788898820545,-0.1493788898820545,0.05149582042245737,-0.05149582042245737
GSE65858,1490,-0.01847672669100464,0.16421242906041233,-0.16421242906041233,0.08125586686562936,-0.08125586686562936
GSE65858,1491,-0.014441618563500042,0.15109681452566126,-0.15109681452566126,0.07926436180915386,-0.07926436180915386
GSE65858,1492,-0.015200177395060105,0.14573839071586225,-0.14573839071586225,0.045920947579966065,-0.04592094757996612
GSE65858,1493,-0.012766105796296862,0.1463394650926726,-0.1463394650926726,0.10627382281352593,0.019203686585036128
GSE65858,1494,-0.017368150319383657,0.15874420268899136,-0.15874420268899136,0.09008443149542711,-0.09008443149542711
GSE65858,1495,-0.012168786925971758,0.13386822807584742,-0.13386822807584742,0.08506467193727762,-0.08506467193727762
GSE65858,1496,-0.015856223404183634,0.14535783108939127,-0.14535783108939127,0.0704486869441383,-0.0704486869441383
GSE65858,1497,-0.016121172477768286,0.1519641235392517,-0.1519641235392517,0.09040457887703002,-0.09040457887703002
GSE65858,1498,-0.018043300954900504,0.16249697824020437,-0.16249697824020437,0.055437546629605094,-0.055437546629605094
GSE65858,1499,-0.015102529392430897,0.14029951130486729,-0.14029951130486729,0.02933699939207618,-0.029336999392076124
GSE65858,1500,-0.013261015453201824,0.14558103256854937,-0.14558103256854937,0.09388512349200406,-0.09388512349200406
GSE65858,1501,-0.012021311186597938,0.13660722290246619,-0.13660722290246619,0.10299638255696697,-0.04306795681388598
GSE65858,1502,-0.016407368252478544,0.14563419052681725,-0.14563419052681725,0.03958741728724097,-0.03958741728724091
GSE65858,1503,-0.014689559423860382,0.14622876661001794,-0.14622876661001794,0.08335369221755629,-0.08335369221755629
GSE65858,1504,-0.016617695974714575,0.152631852850184,-0.152631852850184,0.055162495145799684,-0.05516249514579974
GSE65858,1505,-0.017119965508714835,0.15260653079368103,-0.15260653079368103,0.04794812193176973,-0.04794812193176967
GSE65858,1506,-0.013504071511747123,0.14367243810639374,-0.14367243810639374,0.07309665985582703,-0.07309665985582703
GSE65858,1507,-0.01829905763727227,0.15637440156371984,-0.15637440156371984,0.029230658854775937,-0.029230658854775937
GSE65858,1508,-0.017604721075321322,0.15860925328549258,-0.15860925328549258,0.02554349074390383,-0.02554349074390383
GSE65858,1509,-0.01762290107008127,0.15355016943177047,-0.15355016943177047,0.07189974207654604,-0.07189974207654604
GSE65858,1510,-0.016447115187517486,0.1562920715384486,-0.1562920715384486,0.06333640997503875,-0.06333640997503875
GSE65858,1511,-0.01527663185801259,0.14284487237033927,-0.14284487237033927,0.07491578977349811,-0.07491578977349811
GSE65858,1512,-0.014552449454537958,0.15508813987802905,-0.15508813987802905,0.09944552514196414,-0.09944552514196414
GSE65858,1513,-0.015083642146177995,0.138806260952419,-0.138806260952419,0.02860254142627977,-0.028602541426279715
GSE65858,1514,-0.016146589287041685,0.15565574343726407,-0.15565574343726407,0.05789755504622507,-0.05789755504622507
GSE65858,1515,-0.01533641163758176,0.15070891117003415,-0.15070891117003415,0.07791203537227864,-0.07791203537227864
GSE65858,1516,-0.016802655844330827,0.14707630997930332,-0.14707630997930332,0.046972914156493684,-0.04697291415649363
GSE65858,1517,-0.01511199376365524,0.14850624083659247,-0.14850624083659247,0.05841269378518388,-0.05841269378518388
GSE65858,1518,-0.015805251960973044,0.14576124534690016,-0.14576124534690016,0.08405188871620839,-0.08405188871620839
GSE65858,1519,-0.015122861632759999,0.1455395525976284,-0.1455395525976284,0.06099946876693341,-0.06099946876693341
GSE65858,1520,-0.014638115341780028,0.14410030764499915,-0.14410030764499915,0.08117008040859941,-0.08117008040859941
GSE65858,1521,-0.016713084632915043,0.15783093940466064,-0.15783093940466064,0.05447786372733249,-0.05447786372733243
GSE65858,1522,-0.014362300442516795,0.141672495277666,-0.141672495277666,0.020757073096598494,-0.020757073096598466
GSE65858,1523,-0.014508678529561836,0.14573380351260234,-0.14573380351260234,0.06490506684969366,-0.06490506684969366
GSE65858,1524,-0.013400157722209344,0.1419113878597793,-0.1419113878597793,0.0992155053801429,-0.0992155053801429
GSE65858,1525,-0.014710847500900487,0.14529294568592843,-0.14529294568592843,0.057764282430508795,-0.057764282430508795
GSE65858,1526,-0.01640987955244702,0.16050758218485184,-0.16050758218485184,0.08412626026322156,-0.08412626026322156
GSE65858,1527,-0.015281457727799735,0.14686482877348905,-0.14686482877348905,0.0465822409615268,-0.046582240961526744
GSE65858,1528,-0.015948693891445542,0.14328146689942,-0.14328146689942,0.05715116811109633,-0.05715116811109633
GSE65858,1529,-0.016082509308303794,0.15487834328321992,-0.15487834328321992,0.13447615770831667,0.13447615770831667
GSE65858,1530,-0.018079828247284546,0.15735711780531325,-0.15735711780531325,0.05511769459425142,-0.05511769459425142
GSE65858,1531,-0.012714160765990995,0.14268721302593135,-0.14268721302593135,0.09262673724497328,-0.09262673724497328
GSE65858,1532,-0.016459476639704984,0.15200956640119934,-0.15200956640119934,0.05149140760637766,-0.051491407606377604
GSE65858,1533,-0.012156737316415145,0.1386853481481659,-0.1386853481481659,0.10334474103755453,-0.036449133680216184
GSE65858,1534,-0.01478656859632746,0.13993184259466762,-0.13993184259466762,0.03997198226221155,-0.03997198226221155
GSE65858,1535,-0.014642660316350115,0.14538568755788095,-0.14538568755788095,0.07643637989199892,-0.07643637989199892
GSE65858,1536,-0.015428340195216272,0.15180721678067655,-0.15180721678067655,0.08531888634591911,-0.08531888634591911
GSE65858,1537,-0.013792209553357415,0.14554285840720604,-0.14554285840720604,0.09719435529635423,-0.09719435529635423
GSE65858,1538,-0.018227355093203834,0.14982972878983025,-0.14982972878983025,0.0205358414473438,-0.020535841447343772
GSE65858,1539,-0.015353769075009488,0.14203326221084622,-0.14203326221084622,0.04891350114323806,-0.048913501143238
GSE65858,1540,-0.01788394326639378,0.15332143876267534,-0.15332143876267534,0.04077467278934138,-0.04077467278934144
GSE65858,1541,-0.016506472412120332,0.15752125830983332,-0.15752125830983332,0.08195769308932854,-0.08195769308932854
GSE65858,1542,-0.016715420915068835,0.1455040478411569,-0.1455040478411569,0.017831286586199785,-0.0178312865861997
GSE65858,1543,-0.015774245931082675,0.15164466035802548,-0.15164466035802548,0.05600588748024071,-0.05600588748024071
GSE65858,1544,-0.015549484182765055,0.15222192381372168,-0.15222192381372168,0.09605378819662902,-0.09605378819662902
GSE65858,1545,-0.015261827716958137,0.14430593199205188,-0.14430593199205188,0.07322287917339265,-0.07322287917339265
GSE65858,1546,-0.014973174893522817,0.14856833806363268,-0.14856833806363268,0.054134840150400265,-0.054134840150400265
GSE65858,1547,-0.015293251599915486,0.1457820644052492,-0.1457820644052492,0.03836188459932094,-0.038361884599320994
GSE65858,1548,-0.01525764710081881,0.15183251200706915,-0.15183251200706915,0.1028148836807451,-0.04651696973096453
GSE65858,1549,-0.016605847765663456,0.1442791389596263,-0.1442791389596263,0.010945198630841854,-0.010945198630841868
GSE65858,1550,-0.014590825864819662,0.14501196997241084,-0.14501196997241084,0.06393208482586299,-0.06393208482586299
GSE65858,1551,-0.014422233310709048,0.14646179412105242,-0.14646179412105242,0.08832986637586093,-0.08832986637586093
GSE65858,1552,-0.01711736851553186,0.16025160264186566,-0.16025160264186566,0.07137388098155562,-0.07137388098155562
GSE65858,1553,-0.01781239355449213,0.1656045248750484,-0.1656045248750484,0.0766196715793217,-0.0766196715793217
GSE65858,1554,-0.01743859241380291,0.15057375041450838,-0.15057375041450838,0.001194311423056713,-0.0011943114230567042
GSE65858,1555,-0.016562774657320062,0.15332742012567047,-0.15332742012567047,0.04065332973885749,-0.04065332973885738
GSE65858,1556,-0.017360972653921586,0.15597454028430535,-0.15597454028430535,0.03873061999248867,-0.03873061999248861
GSE65858,1557,-0.015481195555156785,0.14921444244291004,-0.14921444244291004,0.03498787499333922,-0.03498787499333922
GSE65858,1558,-0.01674308194074206,0.14889789901693895,-0.14889789901693895,0.03476899825866758,-0.03476899825866753
GSE65858,1559,-0.01649453378278795,0.15531969353228048,-0.15531969353228048,0.05880993419763514,-0.05880993419763514
GSE65858,1560,-0.01614192214801291,0.1505293688190268,-0.1505293688190268,0.0668485103160793,-0.0668485103160793
GSE65858,1561,-0.01587667165650919,0.1495893884247823,-0.1495893884247823,0.07854229223306708,-0.07854229223306708
GSE65858,1562,-0.01511234830892641,0.1421029056120635,-0.1421029056120635,0.05319605587759013,-0.05319605587759013
GSE65858,1563,-0.014916714329797992,0.149466921421598,-0.149466921421598,0.07642772184396607,-0.07642772184396607
GSE65858,1564,-0.015932656382524196,0.16086885333783174,-0.16086885333783174,0.09306711061719075,-0.09306711061719075
GSE65858,1565,-0.014861882303643381,0.14587550335993216,-0.14587550335993216,0.07412640741592447,-0.07412640741592447
GSE65858,1566,-0.01521477184322309,0.15461813944218838,-0.15461813944218838,0.04561523235315207,-0.04561523235315201
GSE65858,1567,-0.015326255532703337,0.14465659258827157,-0.14465659258827157,0.03298288302668151,-0.03298288302668151
GSE65858,1568,-0.01617641020633004,0.15276903517076024,-0.15276903517076024,0.06868897298948062,-0.06868897298948062
GSE65858,1569,-0.016608666844427328,0.16048127077562002,-0.16048127077562002,0.08739127482631037,-0.08739127482631037
GSE65858,1570,-0.01203119113521281,0.13885859301696268,-0.13885859301696268,0.07965939126875698,-0.07965939126875698
GSE65858,1571,-0.015061002303457888,0.15695045092265647,-0.15695045092265647,0.07353056222297027,-0.07353056222297027
GSE65858,1572,-0.013167012882318446,0.14930931473899944,-0.14930931473899944,0.06770205923937223,-0.06770205923937223
GSE65858,1573,-0.01770332189791618,0.16759018141530868,-0.16759018141530868,0.11393756400359045,0.11393756400359045
GSE65858,1574,-0.017924188205263453,0.15527506349712628,-0.15527506349712628,0.04638016101516318,-0.04638016101516307
GSE65858,1575,-0.01674333989914828,0.15128004642531767,-0.15128004642531767,0.04356779003880973,-0.04356779003880973
GSE65858,1576,-0.016405280922511256,0.16001936141672424,-0.16001936141672424,0.09535547873299555,-0.09535547873299555
GSE65858,1577,-0.015024894699821378,0.1464165389327825,-0.1464165389327825,,
GSE65858,1578,-0.01370008749022042,0.13885126200462827,-0.13885126200462827,0.07231619598579786,-0.07231619598579786
GSE65858,1579,-0.013829844554067938,0.1457602052502045,-0.1457602052502045,0.10428906130710547,-0.01850780238019456
GSE65858,1580,-0.01696683983112704,0.15755941164977094,-0.15755941164977094,0.11684168025799879,0.11684168025799879
GSE65858,1581,-0.015615573077836092,0.14917425074921087,-0.14917425074921087,0.049363976786146346,-0.049363976786146235
GSE65858,1582,-0.01596486901893243,0.15762502971763648,-0.15762502971763648,0.07928203421384616,-0.07928203421384616
GSE65858,1583,-0.015578529196077995,0.1583580864666425,-0.1583580864666425,0.08332657429724988,-0.08332657429724988
GSE65858,1584,-0.016023185820661673,0.13634020354222254,-0.13634020354222254,0.03848006362375084,-0.03848006362375089
GSE65858,1585,-0.015320991166457854,0.15159199612286733,-0.15159199612286733,0.10768763099704981,0.04606470214552805
GSE65858,1586,-0.016859155012242916,0.15238779570308236,-0.15238779570308236,0.058665698640446906,-0.058665698640446906
GSE65858,1587,-0.017057054087605966,0.15030747089706598,-0.15030747089706598,0.051572292232682726,-0.05157229223268278
GSE65858,1588,-0.018547849693944546,0.1571395168897305,-0.1571395168897305,0.04150614291215504,-0.04150614291215504
GSE65858,1589,-0.01488009161863052,0.1477884577470645,-0.1477884577470645,0.051032249574014754,-0.051032249574014754
GSE65858,1590,-0.01542949753707415,0.14772921435026132,-0.14772921435026132,0.045804488264017396,-0.045804488264017396
GSE65858,1591,-0.01627938732959608,0.1583680788037085,-0.1583680788037085,0.06634796284640598,-0.06634796284640598
GSE65858,1592,-0.013949009177685406,0.14642881330726176,-0.14642881330726176,0.11394246764049387,0.11394246764049387
GSE65858,1593,-0.015227176731675784,0.13825231170128438,-0.13825231170128438,0.049365966041813536,-0.049365966041813536
GSE65858,1594,-0.016133748873672554,0.1500091812277775,-0.1500091812277775,0.040204884864339485,-0.040204884864339485
GSE65858,1595,-0.014658595856365003,0.15679941704607492,-0.15679941704607492,0.16279886246468478,0.16279886246468478
GSE65858,1596,-0.015874227308210448,0.153714582922031,-0.153714582922031,0.05539717430705987,-0.055397174307059927
GSE65858,1597,-0.017655424429105337,0.15282530678463502,-0.15282530678463502,0.03026318491306107,-0.030263184913061014
GSE65858,1598,-0.015100768277390708,0.14319159854221852,-0.14319159854221852,0.09505963127179262,-0.09505963127179262
GSE65858,1599,-0.016721041238723866,0.14950726919855484,-0.14950726919855484,0.056325603172407535,-0.056325603172407535
GSE65858,1600,-0.01610133394613389,0.15219885851910075,-0.15219885851910075,0.08864170025928686,-0.08864170025928686
GSE65858,1601,-0.01594026093914855,0.15419090306521177,-0.15419090306521177,0.10146863361684366,-0.07209591390028536
GSE65858,1602,-0.015591765545958564,0.1544757996919961,-0.1544757996919961,0.06278129643633579,-0.06278129643633579
GSE65858,1603,-0.018029167775283628,0.15203287626482376,-0.15203287626482376,0.07899034370125602,-0.07899034370125602
GSE65858,1604,-0.012807022001008889,0.14359425352944477,-0.14359425352944477,0.09099967868432701,-0.09099967868432701
GSE65858,1605,-0.014384476797153267,0.1446609570083044,-0.1446609570083044,0.06166782974052765,-0.06166782974052765
GSE65858,1606,-0.012909929862645747,0.1474463542887381,-0.1474463542887381,0.08131185578459721,-0.08131185578459721
GSE65858,1607,-0.014933300220571405,0.13983080533192083,-0.13983080533192083,0.036808860597891346,-0.036808860597891346
GSE65858,1608,-0.016785745840772637,0.15038694345012193,-0.15038694345012193,0.09489225868468876,-0.09489225868468876
GSE65858,1609,-0.018155795411808034,0.15720056310083197,-0.15720056310083197,0.04163721733143727,-0.041637217331437326
GSE65858,1610,-0.014294677482413531,0.1525956903764758,-0.1525956903764758,0.0835073323551897,-0.0835073323551897
GSE65858,1611,-0.01644177467118063,0.14082307391528537,-0.14082307391528537,0.07060764966363753,-0.07060764966363753
GSE65858,1612,-0.014984259018904406,0.14179822873556502,-0.14179822873556502,0.05610591003536913,-0.05610591003536913
GSE65858,1613,-0.018303271553197636,0.1631645322617088,-0.1631645322617088,0.07012509491110319,-0.07012509491110319
GSE65858,1614,-0.018922644925969873,0.15831184244001006,-0.15831184244001006,0.02730348351755113,-0.027303483517551075
GSE65858,1615,-0.015991512676874403,0.14692642365261888,-0.14692642365261888,0.07883702973598627,-0.07883702973598627
GSE65858,1616,-0.014482617886651783,0.1545541324012092,-0.1545541324012092,0.0642295874765969,-0.0642295874765969
GSE65858,1617,-0.015934862774332842,0.14871192220926166,-0.14871192220926166,0.06963096989666173,-0.06963096989666173
GSE65858,1618,-0.016900674790486292,0.15833456053909511,-0.15833456053909511,0.024632021528768006,-0.024632021528767978
GSE65858,1619,-0.014205207333009645,0.15189156488781896,-0.15189156488781896,0.11471279212426899,0.11471279212426899
GSE65858,1620,-0.01816465103172038,0.14566122511088264,-0.14566122511088264,-0.027667413294148818,0.02766741329414879
GSE65858,1621,-0.01642875259437024,0.15514759105453368,-0.15514759105453368,0.07288356343353797,-0.07288356343353797
GSE65858,1622,-0.017326173874337963,0.16335408523401163,-0.16335408523401163,0.06489801328196754,-0.06489801328196754
GSE65858,1623,-0.01636804136437553,0.1501860382184259,-0.1501860382184259,0.056243484317422876,-0.056243484317422876
GSE65858,1624,-0.01601988901187873,0.1398048352726835,-0.1398048352726835,0.01663679095561546,-0.016636790955615544
GSE65858,1625,-0.01471089754545038,0.14818381624276755,-0.14818381624276755,0.07813404191399098,-0.07813404191399098
GSE65858,1626,-0.014703889675362847,0.1464568849504011,-0.1464568849504011,0.05023798653269784,-0.05023798653269784
GSE65858,1627,-0.015923808723747074,0.14403338851691228,-0.14403338851691228,0.045399882345029396,-0.04539988234502945
GSE65858,1628,-0.014293902961463711,0.15234820292173135,-0.15234820292173135,0.0958182346782287,-0.0958182346782287
GSE65858,1629,-0.01458397591200744,0.14415044933239463,-0.14415044933239463,0.03354104093363042,-0.03354104093363042
GSE65858,1630,-0.014966452663905255,0.1496036350771215,-0.1496036350771215,0.11893703205042772,0.11893703205042772
GSE65858,1631,-0.017591482605358533,0.15905842192152964,-0.15905842192152964,0.13768840407171656,0.13768840407171656
GSE65858,1632,-0.015618050182499954,0.13643229523537093,-0.13643229523537093,0.014232238408645875,-0.014232238408645959
GSE65858,1633,-0.014071676301476765,0.1473858927590248,-0.1473858927590248,0.09805219839773649,-0.09805219839773649
GSE65858,1634,-0.015561885530810282,0.14995735825884893,-0.14995735825884893,0.07699220008469698,-0.07699220008469698
GSE65858,1635,-0.01644095938494275,0.1490925509775325,-0.1490925509775325,0.05750614292409062,-0.05750614292409062
GSE65858,1636,-0.015880847990098895,0.15702976393714363,-0.15702976393714363,0.09354253961427295,-0.09354253961427295
GSE65858,1637,-0.012294669657749946,0.13569825338483976,-0.13569825338483976,0.07729341487463759,-0.07729341487463759
GSE65858,1638,-0.015474055914483309,0.1532950681705767,-0.1532950681705767,0.08082116020356434,-0.08082116020356434
GSE65858,1639,-0.014335923442656495,0.14729760947416093,-0.14729760947416093,0.06791170242007971,-0.06791170242007971
GSE65858,1640,-0.016469917398431455,0.15798861976708345,-0.15798861976708345,0.07491494307430746,-0.07491494307430746
GSE65858,1641,-0.016135648407435366,0.14618037286135266,-0.14618037286135266,0.03278358734497511,-0.03278358734497511
GSE65858,1642,-0.016774380616135065,0.15597263018402452,-0.15597263018402452,0.05290205856425051,-0.052902058564250565
GSE65858,1643,-0.014466306539604762,0.15202614945538673,-0.15202614945538673,0.07639321557941958,-0.07639321557941958
GSE65858,1644,-0.018107854704985937,0.1566955791670197,-0.1566955791670197,0.08493443357260078,-0.08493443357260078
GSE65858,1645,-0.017127307319081853,0.15681829396520874,-0.15681829396520874,0.060728661114849536,-0.060728661114849536
GSE65858,1646,-0.01617682957843633,0.1493681585508544,-0.1493681585508544,0.04928717029297547,-0.04928717029297558
GSE65858,1647,-0.012618034561614422,0.14302482061801125,-0.14302482061801125,0.11169602686766678,0.11169602686766678
GSE65858,1648,-0.013722016876145937,0.14685172388259837,-0.14685172388259837,0.1506309657235143,0.1506309657235143
GSE65858,1649,-0.014895297257894263,0.15137687280455414,-0.15137687280455414,0.0820260655488314,-0.0820260655488314
GSE65858,1650,-0.014808131120575885,0.14524030208743344,-0.14524030208743344,0.0263709661536434,-0.026370966153643427
GSE65858,1651,-0.016075118655513976,0.15076913421063254,-0.15076913421063254,0.02956327675541809,-0.029563276755418033
GSE65858,1652,-0.016554932256930943,0.15816720003298967,-0.15816720003298967,0.070626071286227,-0.070626071286227
GSE65858,1653,-0.01479002117224909,0.14745939544242237,-0.14745939544242237,0.09057799557750124,-0.09057799557750124
GSE65858,1654,-0.01607092717622985,0.15086381257412373,-0.15086381257412373,0.0771308879606365,-0.0771308879606365
GSE65858,1655,-0.012001899644205088,0.14289541804302774,-0.14289541804302774,0.09473317767172229,-0.09473317767172229
GSE65858,1656,-0.014089201494153353,0.14352755642778559,-0.14352755642778559,0.09429262954796858,-0.09429262954796858
GSE65858,1657,-0.014860219549606618,0.1468580231865948,-0.1468580231865948,0.04886718108501398,-0.04886718108501398
GSE65858,1658,-0.017201305193975447,0.1536132496719489,-0.1536132496719489,0.0695303151689165,-0.0695303151689165
GSE65858,1659,-0.015809096444880155,0.14844575532854476,-0.14844575532854476,0.07165623562603607,-0.07165623562603607
GSE65858,1660,-0.01596912478746343,0.15115040929798762,-0.15115040929798762,0.04501481580062955,-0.045014815800629604
GSE65858,1661,-0.013413016003554434,0.156012104119722,-0.156012104119722,0.08608745735176604,-0.08608745735176604
GSE65858,1662,-0.016234408648231335,0.1520860299935951,-0.1520860299935951,0.0432045736117837,-0.04320457361178376
GSE65858,1663,-0.01408002038708736,0.1464672981645294,-0.1464672981645294,0.10446684596558053,-0.015129291474186846
GSE65858,1664,-0.015405906236540257,0.15132334412273707,-0.15132334412273707,0.06679756392526282,-0.06679756392526282
GSE65858,1665,-0.015160624679865564,0.1521337022474687,-0.1521337022474687,0.06827848281775695,-0.06827848281775695
GSE65858,1666,-0.014882047621950195,0.14395210457901508,-0.14395210457901508,0.09077084631681376,-0.09077084631681376
GSE65858,1667,-0.016430555566670196,0.14989355514435898,-0.14989355514435898,0.04633801744487687,-0.04633801744487687
GSE65858,1668,-0.014446362310818334,0.14243334080904413,-0.14243334080904413,0.049348759908298234,-0.049348759908298234
GSE65858,1669,-0.012741359370712801,0.14073590515125645,-0.14073590515125645,0.11666903623320524,0.11666903623320524
GSE65858,1670,-0.01621237758211852,0.152411567970008,-0.152411567970008,0.07901931741326751,-0.07901931741326751
GSE65858,1671,-0.012995864618637415,0.1425006159909481,-0.1425006159909481,0.10089352935326423,-0.08302256574247768
GSE65858,1672,-0.01461443959796535,0.15079146610945293,-0.15079146610945293,0.09677436550625773,-0.09677436550625773
GSE65858,1673,-0.01794731110902001,0.1486099667316374,-0.1486099667316374,0.013347831067717725,-0.013347831067717753
GSE65858,1674,-0.015944051696256067,0.15746259810135999,-0.15746259810135999,0.06308907502832417,-0.06308907502832417
GSE65858,1675,-0.015234926196983106,0.1489016289457088,-0.1489016289457088,0.08172663570152494,-0.08172663570152494
GSE65858,1676,-0.015045519438101618,0.1408794046985289,-0.1408794046985289,0.037441192379189026,-0.03744119237918908
GSE65858,1677,-0.015321865966949427,0.1463809633229487,-0.1463809633229487,0.08930820259428451,-0.08930820259428451
GSE65858,1678,-0.013808092883236589,0.14661972230729647,-0.14661972230729647,0.09013428915503541,-0.09013428915503541
GSE65858,1679,-0.015236577921367706,0.16286950250198218,-0.16286950250198218,0.11271082441274682,0.11271082441274682
GSE65858,1680,-0.012569732802860195,0.14626719812724542,-0.14626719812724542,0.06601629244705831,-0.06601629244705831
GSE65858,1681,-0.01393613778260272,0.14200726541834396,-0.14200726541834396,0.08421285361866859,-0.08421285361866859
GSE65858,1682,-0.017191543525457376,0.1538823802198046,-0.1538823802198046,0.08231204072592124,-0.08231204072592124
GSE65858,1683,-0.015801732097428273,0.15458689625878153,-0.15458689625878153,0.049068245799375465,-0.04906824579937552
GSE65858,1684,-0.014582344379768186,0.1517616848231984,-0.1517616848231984,0.08694001684381447,-0.08694001684381447
GSE65858,1685,-0.015892265482136264,0.1450492235686205,-0.1450492235686205,0.045852277037525424,-0.04585227703752537
GSE65858,1686,-0.01628554385196382,0.14818689467075385,-0.14818689467075385,0.07504327122278187,-0.07504327122278187
GSE65858,1687,-0.015563550279832666,0.1446956426419097,-0.1446956426419097,0.08418366232428987,-0.08418366232428987
GSE65858,1688,-0.014250374119827436,0.14782791287705566,-0.14782791287705566,0.07221539194410265,-0.07221539194410265
GSE65858,1689,-0.014994435220520796,0.14831571709704172,-0.14831571709704172,0.08618078342664548,-0.08618078342664548
GSE65858,1690,-0.015868791451876613,0.1422465219336777,-0.1422465219336777,0.06623926024786575,-0.06623926024786575
GSE65858,1691,-0.016669795162696732,0.1537682642448981,-0.1537682642448981,0.04205487146385223,-0.04205487146385223
GSE65858,1692,-0.014721437936036863,0.14352072664624482,-0.14352072664624482,0.06014708670790414,-0.06014708670790414
GSE65858,1693,-0.016446084723163612,0.15686026347160364,-0.15686026347160364,0.07088508633844104,-0.07088508633844104
GSE65858,1694,-0.017165077418633018,0.15644085167712718,-0.15644085167712718,0.02861562792037048,-0.028615627920370423
GSE65858,1695,-0.012834452969565147,0.14211341393226196,-0.14211341393226196,0.12703299753989739,0.12703299753989739
GSE65858,1696,-0.014673775469032896,0.15358997645932204,-0.15358997645932204,0.10148418079897925,-0.0718014276229837
GSE65858,1697,-0.014807102393222443,0.14940773507383676,-0.14940773507383676,0.0848986321126427,-0.0848986321126427
GSE65858,1698,-0.013502412682437015,0.14251362145741742,-0.14251362145741742,0.06909263248121422,-0.06909263248121422
GSE65858,1699,-0.016122234186678353,0.15169665639059993,-0.15169665639059993,0.05071043696912669,-0.05071043696912669
GSE65858,1700,-0.015192395834852573,0.14865787086137505,-0.14865787086137505,0.0693982991572496,-0.0693982991572496
GSE65858,1701,-0.016149273127284425,0.15349736060568753,-0.15349736060568753,0.09719590080572416,-0.09719590080572416
GSE65858,1702,-0.018759551171249805,0.16499391462261936,-0.16499391462261936,0.10098681698941692,-0.08125125287073509
GSE65858,1703,-0.012124704035519351,0.14008328297288586,-0.14008328297288586,0.08315738541112949,-0.08315738541112949
GSE65858,1704,-0.016624650364544052,0.1542293952818865,-0.1542293952818865,0.07380417948269069,-0.07380417948269069
GSE65858,1705,-0.016367598017023782,0.1476224046000968,-0.1476224046000968,0.01779897519167803,-0.017798975191678057
GSE65858,1706,-0.015205436785521442,0.14567503509781332,-0.14567503509781332,0.07986167116954923,-0.07986167116954923
GSE65858,1707,-0.016650893919394005,0.15596217898224474,-0.15596217898224474,0.06649167470545003,-0.06649167470545003
GSE65858,1708,-0.0168766360350468,0.16154724709347135,-0.16154724709347135,0.10386796119551667,-0.026508190797308817
GSE65858,1709,-0.014748322478881803,0.14712396587712684,-0.14712396587712684,0.06970414550968418,-0.06970414550968418
GSE65858,1710,-0.016610202459110934,0.15088713924747799,-0.15088713924747799,0.10523482145203156,-0.0005385014835863622
GSE65858,1711,-0.012886490755779495,0.1418961577038842,-0.1418961577038842,0.09285999534406064,-0.09285999534406064
GSE65858,1712,-0.01652823418767821,0.1680623233715628,-0.1680623233715628,0.09557962014454102,-0.09557962014454102
GSE65858,1713,-0.011210789574282481,0.134370601301108,-0.134370601301108,0.0557893703611142,-0.0557893703611142
GSE65858,1714,-0.01816890434480148,0.15347279643747314,-0.15347279643747314,0.03227956894357337,-0.03227956894357331
GSE65858,1715,-0.01486053411505489,0.14711085209733055,-0.14711085209733055,0.07425310008202479,-0.07425310008202479
GSE65858,1716,-0.013206447609647037,0.14604838135672438,-0.14604838135672438,0.08301665802497504,-0.08301665802497504
GSE65858,1717,-0.01439897403047799,0.14511604082895446,-0.14511604082895446,0.05869851186994246,-0.05869851186994246
GSE65858,1718,-0.016421185037728686,0.147287735322287,-0.147287735322287,0.028465653686156722,-0.028465653686156722
GSE65858,1719,-0.015539768676061688,0.15117716867774234,-0.15117716867774234,0.07487593901655598,-0.07487593901655598
GSE65858,1720,-0.016103168703295895,0.15338912442799613,-0.15338912442799613,0.06019529264701018,-0.06019529264701018
GSE65858,1721,-0.01836976626568823,0.1562442899115999,-0.1562442899115999,0.05960551188108443,-0.05960551188108443
GSE65858,1722,-0.014975102507074928,0.148297114371992,-0.148297114371992,0.059582293931398245,-0.059582293931398245
GSE65858,1723,-0.015213642219500334,0.14993615512854097,-0.14993615512854097,0.05557421283642816,-0.05557421283642816
GSE65858,1724,-0.01761190822339334,0.16423160967111405,-0.16423160967111405,0.09752040740167356,-0.09752040740167356
GSE65858,1725,-0.016914881939577575,0.15519713160114512,-0.15519713160114512,0.06854058679560227,-0.06854058679560227
GSE65858,1726,-0.01626514723168765,0.1531757050545024,-0.1531757050545024,0.06626876319585528,-0.06626876319585528
GSE65858,1727,-0.014881895627113784,0.1450761917189105,-0.1450761917189105,0.09913073180254961,-0.09913073180254961
GSE65858,1728,-0.01566988919479395,0.15182170750798196,-0.15182170750798196,0.09636394930756942,-0.09636394930756942
GSE65858,1729,-0.0157533430858455,0.14684378236318651,-0.14684378236318651,0.08113916324909298,-0.08113916324909298
GSE65858,1730,-0.014555026648834929,0.14778199086143728,-0.14778199086143728,0.07925377410180912,-0.07925377410180912
GSE65858,1731,-0.014529904396054172,0.1491711472745323,-0.1491711472745323,0.10245855699739137,-0.053285440993922184
GSE65858,1732,-0.015539437802999212,0.14956430818868216,-0.14956430818868216,0.08255627239214547,-0.08255627239214547
GSE65858,1733,-0.014805702293563344,0.14153534918815902,-0.14153534918815902,0.04511813727395281,-0.04511813727395275
GSE65858,1734,-0.01704224996567741,0.15024734389536332,-0.15024734389536332,0.009670160801220531,-0.009670160801220518
GSE65858,1735,-0.015411893859547776,0.153242612927744,-0.153242612927744,0.06792120612540309,-0.06792120612540309
GSE65858,1736,-0.016402827708233814,0.1515795670584823,-0.1515795670584823,0.054947972283701185,-0.054947972283701185
GSE65858,1737,-0.019594114505786048,0.15957816816202208,-0.15957816816202208,0.07697543263709761,-0.07697543263709761
GSE65858,1738,-0.014187584748935972,0.14788931567856944,-0.14788931567856944,0.12059461185768283,0.12059461185768283
GSE65858,1739,-0.017251996856246565,0.14612702211026618,-0.14612702211026618,0.038021479656397905,-0.038021479656397905
GSE65858,1740,-0.01472060179891857,0.15974762685359734,-0.15974762685359734,0.0903383961941936,-0.0903383961941936
GSE65858,1741,-0.014580775882347519,0.13953297322929914,-0.13953297322929914,0.07420313903512721,-0.07420313903512721
GSE65858,1742,-0.017601941445917618,0.15904691264610427,-0.15904691264610427,0.06719017893760937,-0.06719017893760937
GSE65858,1743,-0.014739311942968597,0.151106242240183,-0.151106242240183,0.09767468368037946,-0.09767468368037946
GSE65858,1744,-0.016954901419191787,0.15067313838721286,-0.15067313838721286,0.06982504674120449,-0.06982504674120449
GSE65858,1745,-0.01288906537798662,0.14419086516637902,-0.14419086516637902,0.06935100521424187,-0.06935100521424187
GSE65858,1746,-0.015001904566963459,0.1482094017095199,-0.1482094017095199,0.0882197232752363,-0.0882197232752363
GSE65858,1747,-0.012906760187277766,0.1399665408437356,-0.1399665408437356,0.08851194845815691,-0.08851194845815691
GSE65858,1748,-0.01717457109568113,0.15446163463190077,-0.15446163463190077,0.050321746928271016,-0.05032174692827096
GSE65858,1749,-0.017794887084408573,0.16025713063756442,-0.16025713063756442,0.0746248984391763,-0.0746248984391763
GSE65858,1750,-0.0190505487175662,0.16368797824068615,-0.16368797824068615,0.05328806004394643,-0.053288060043946484
GSE65858,1751,-0.016991114602157575,0.1505135709882761,-0.1505135709882761,0.035871654458379476,-0.035871654458379476
GSE65858,1752,-0.017485940107103748,0.14998369272391865,-0.14998369272391865,0.04009226343874467,-0.04009226343874461
GSE65858,1753,-0.018115465668852193,0.1625062611699999,-0.1625062611699999,0.05603523091259088,-0.05603523091259088
GSE65858,1754,-0.014953582293862316,0.14536015964055782,-0.14536015964055782,0.07471082294816878,-0.07471082294816878
GSE65858,1755,-0.01719391074618823,0.15862941961243227,-0.15862941961243227,0.055799305976139024,-0.055799305976139024
GSE65858,1756,-0.014941347479757922,0.14337996002465703,-0.14337996002465703,0.0996612838431441,-0.0996612838431441
GSE65858,1757,-0.01598010956453738,0.14980244236382756,-0.14980244236382756,0.08167941878703,-0.08167941878703
GSE65858,1758,-0.015443940216277263,0.15436362481273802,-0.15436362481273802,0.06704866190140213,-0.06704866190140213
GSE65858,1759,-0.016109082203477787,0.15395827024797182,-0.15395827024797182,0.12547167969877626,0.12547167969877626
GSE65858,1760,-0.015689210772538348,0.15139153980305275,-0.15139153980305275,0.038767757767892874,-0.038767757767892874
GSE65858,1761,-0.015452955233244803,0.15471631633875726,-0.15471631633875726,0.12891250587831937,0.12891250587831937
GSE65858,1762,-0.017547493026048827,0.16064168018547953,-0.16064168018547953,0.08449652468288116,-0.08449652468288116
GSE65858,1763,-0.014671999573644984,0.15034195399962547,-0.15034195399962547,0.04066412906068817,-0.04066412906068817
GSE65858,1764,-0.015405087653906996,0.1450434626543775,-0.1450434626543775,0.05675841583108732,-0.05675841583108732
GSE65858,1765,-0.01587720334256379,0.15551936262942156,-0.15551936262942156,0.08458164069539531,-0.08458164069539531
GSE65858,1766,-0.013814876446463564,0.1541062805201494,-0.1541062805201494,0.07920895235852721,-0.07920895235852721
GSE65858,1767,-0.016117000903975137,0.14633162444181202,-0.14633162444181202,0.04582582414399611,-0.04582582414399605
GSE65858,1768,-0.012122361838707851,0.1450928572320601,-0.1450928572320601,0.08221215340727128,-0.08221215340727128
GSE65858,1769,-0.01649585980585208,0.14460360068108935,-0.14460360068108935,0.02442676193406476,-0.024426761934064678
GSE65858,1770,-0.016554545371107038,0.14595251014172517,-0.14595251014172517,0.04474578424243897,-0.04474578424243891
GSE65858,1771,-0.0156883272428964,0.14961286228687465,-0.14961286228687465,0.09739903120566007,-0.09739903120566007
GSE65858,1772,-0.01553805215853385,0.14966074751137448,-0.14966074751137448,0.05525842770770617,-0.05525842770770617
GSE65858,1773,-0.01684856025180323,0.14719128391371794,-0.14719128391371794,0.020985323961133284,-0.020985323961133284
GSE65858,1774,-0.013870676549654154,0.15003609519176564,-0.15003609519176564,0.07094614964675161,-0.07094614964675161
GSE65858,1775,-0.013674223540262154,0.13969502982772064,-0.13969502982772064,0.09377654514039324,-0.09377654514039324
GSE65858,1776,-0.015780747082866975,0.15477215777168563,-0.15477215777168563,0.10390259451762851,-0.025851143179894343
GSE65858,1777,-0.01645603930034298,0.15271864762721976,-0.15271864762721976,0.07791352295878606,-0.07791352295878606
GSE65858,1778,-0.014547520943991005,0.14594397253894376,-0.14594397253894376,0.10735416899189132,0.039730865946817184
GSE65858,1779,-0.01870638928995738,0.15627127937886964,-0.15627127937886964,0.049238267723862694,-0.04923826772386275
GSE65858,1780,-0.016063519509008306,0.15139357440553391,-0.15139357440553391,0.07004340669073095,-0.07004340669073095
GSE65858,1781,-0.014160393270464144,0.1417706037786559,-0.1417706037786559,0.049416295480181505,-0.04941629548018145
GSE65858,1782,-0.013511136782414501,0.1458561975190953,-0.1458561975190953,0.06934521935591187,-0.06934521935591187
GSE65858,1783,-0.016837464634103877,0.1586907647530975,-0.1586907647530975,0.08657045670921382,-0.08657045670921382
GSE65858,1784,-0.01318450423997819,0.14462694819335553,-0.14462694819335553,0.0708217551220699,-0.0708217551220699
GSE65858,1785,-0.015112052699827183,0.1504498219866861,-0.1504498219866861,0.08146631789692016,-0.08146631789692016
GSE65858,1786,-0.01684045971006065,0.15230776951165015,-0.15230776951165015,0.0752082206398571,-0.0752082206398571
GSE65858,1787,-0.017290507090936463,0.16034415068181485,-0.16034415068181485,0.04243227175544606,-0.04243227175544617
GSE65858,1788,-0.014986315712138903,0.14710770994080669,-0.14710770994080669,0.06075529603509311,-0.06075529603509311
GSE65858,1789,-0.016217119167522304,0.1446779338786781,-0.1446779338786781,0.06276294704053964,-0.06276294704053964
GSE65858,1790,-0.01430626737702731,0.14679006144739426,-0.14679006144739426,0.08296314909618197,-0.08296314909618197
GSE65858,1791,-0.01497237891221409,0.14301060556474865,-0.14301060556474865,0.07735354440219011,-0.07735354440219011
GSE65858,1792,-0.01667350354999722,0.157621139867395,-0.157621139867395,0.0625619404081279,-0.0625619404081279
GSE65858,1793,-0.01324664536924508,0.1494458111104333,-0.1494458111104333,0.08618953250773209,-0.08618953250773209
GSE65858,1794,-0.014736465891467071,0.14350685032463129,-0.14350685032463129,0.0722609049689018,-0.0722609049689018
GSE65858,1795,-0.01614261590151536,0.14300979949735515,-0.14300979949735515,0.04327369295443717,-0.04327369295443706
GSE65858,1796,-0.01454704703798168,0.14720138016175266,-0.14720138016175266,0.09315680962247896,-0.09315680962247896
GSE65858,1797,-0.01725381356109576,0.15481726196783385,-0.15481726196783385,0.044519562839800464,-0.04451956283980052
GSE65858,1798,-0.013133090597849256,0.14960980776439792,-0.14960980776439792,0.09888186522075582,-0.09888186522075582
GSE65858,1799,-0.015984268014263975,0.15150478435824022,-0.15150478435824022,0.08378767272699128,-0.08378767272699128
GSE65858,1800,-0.016367740273498466,0.15007699832174626,-0.15007699832174626,0.04031776573432666,-0.04031776573432655
GSE65858,1801,-0.014805794433080527,0.1474421883827186,-0.1474421883827186,0.06726107080463872,-0.06726107080463872
GSE65858,1802,-0.01462800191506608,0.1445816699195983,-0.1445816699195983,0.07615715872798934,-0.07615715872798934
GSE65858,1803,-0.015613727435993652,0.1536287498882043,-0.1536287498882043,0.0600776363502975,-0.0600776363502975
GSE65858,1804,-0.01675014605094738,0.15715955023047812,-0.15715955023047812,0.047817422102868545,-0.047817422102868545
GSE65858,1805,-0.015136426242673057,0.15036580656180143,-0.15036580656180143,0.0931048732099291,-0.0931048732099291
GSE65858,1806,-0.015207935651192828,0.1435165067326889,-0.1435165067326889,0.04758330000537736,-0.04758330000537736
GSE65858,1807,-0.015788627338167965,0.1583296520570645,-0.1583296520570645,0.08772795603734596,-0.08772795603734596
GSE65858,1808,-0.01580567255935475,0.14624477418501636,-0.14624477418501636,0.06227341927517571,-0.06227341927517571
GSE65858,1809,-0.01562973945175672,0.14195024340433116,-0.14195024340433116,0.025933158486813157,-0.025933158486813213
GSE65858,1810,-0.015206700079626406,0.14941028813524326,-0.14941028813524326,0.05203295947287134,-0.05203295947287134
GSE65858,1811,-0.016027370764554405,0.15751093704649755,-0.15751093704649755,0.08083122861589087,-0.08083122861589087
GSE65858,1812,-0.017904340903075994,0.15876750354343927,-0.15876750354343927,0.05579339038747699,-0.05579339038747699
GSE65858,1813,-0.018636919477626246,0.15869646070566068,-0.15869646070566068,0.041314387137865116,-0.04131438713786506
GSE65858,1814,-0.016512342277518494,0.15514905387748046,-0.15514905387748046,0.07740107376203009,-0.07740107376203009
GSE65858,1815,-0.016094550198483604,0.15354039384707563,-0.15354039384707563,0.043682941189118696,-0.04368294118911875
GSE65858,1816,-0.015535919084701755,0.1492727784562522,-0.1492727784562522,0.06802743648676324,-0.06802743648676324
GSE65858,1817,-0.018366302601826895,0.1571215114997242,-0.1571215114997242,0.042634138542462174,-0.04263413854246223
GSE65858,1818,-0.018230482828784672,0.16294016870863492,-0.16294016870863492,0.06677550816242639,-0.06677550816242639
GSE65858,1819,-0.01670161857458924,0.14188856014345252,-0.14188856014345252,0.0577342640013766,-0.0577342640013766
GSE65858,1820,-0.014770620951826435,0.15013193186967366,-0.15013193186967366,0.09101996240783328,-0.09101996240783328
GSE65858,1821,-0.013925909436756284,0.13188820945197355,-0.13188820945197355,0.05406174282147175,-0.0540617428214718
GSE65858,1822,-0.013124575285858281,0.138054466006862,-0.138054466006862,0.06620354455913158,-0.06620354455913158
GSE65858,1823,-0.015345567764681711,0.15155144525651454,-0.15155144525651454,0.06914160842571915,-0.06914160842571915
GSE65858,1824,-0.01871686966412714,0.1494841044797388,-0.1494841044797388,0.027017423531347506,-0.027017423531347617
GSE65858,1825,-0.015199695587907708,0.14974880716313432,-0.14974880716313432,0.07627238477092357,-0.07627238477092357
GSE65858,1826,-0.01665196905237007,0.15171627913688845,-0.15171627913688845,0.06821087499819156,-0.06821087499819156
GSE65858,1827,-0.014973887674267966,0.1453023792004715,-0.1453023792004715,0.06475792977735695,-0.06475792977735695
GSE65858,1828,-0.014633987138030935,0.14644045494851254,-0.14644045494851254,0.07685325591663561,-0.07685325591663561
GSE65858,1829,-0.01469769259949899,0.1486374924027647,-0.1486374924027647,,
GSE65858,1830,-0.015528817905174241,0.14563920931368446,-0.14563920931368446,0.08763976063716516,-0.08763976063716516
GSE65858,1831,-0.015179396312059001,0.14727048296450485,-0.14727048296450485,0.06802174940764272,-0.06802174940764272
GSE65858,1832,-0.016399439279564026,0.15325594227968065,-0.15325594227968065,0.05295118329385268,-0.05295118329385262
GSE65858,1833,-0.014834189222510813,0.14753346577196758,-0.14753346577196758,0.09602262600808509,-0.09602262600808509
GSE65858,1834,-0.016600595782652855,0.15064856298020346,-0.15064856298020346,0.04769079301209789,-0.047690793012097776
GSE65858,1835,-0.016521247007950768,0.14730795710500355,-0.14730795710500355,0.03168596241633542,-0.03168596241633537
GSE65858,1836,-0.014565400741567647,0.1494998825968663,-0.1494998825968663,0.05517249474014563,-0.05517249474014563
GSE65858,1837,-0.015704345934376668,0.1599387908120533,-0.1599387908120533,0.07113109359404424,-0.07113109359404424
GSE65858,1838,-0.01379627261360794,0.14362969025557382,-0.14362969025557382,0.04641897470387779,-0.04641897470387768
GSE65858,1839,-0.015846237962606452,0.15391868327458536,-0.15391868327458536,0.052107615091396386,-0.052107615091396386
GSE65858,1840,-0.01616475469055592,0.15970691311562968,-0.15970691311562968,0.10080824341507055,-0.08464262942723666
GSE65858,1841,-0.014924544971405301,0.14389363337100058,-0.14389363337100058,0.09134534823334561,-0.09134534823334561
GSE65858,1842,-0.017019721610769284,0.15244834313993905,-0.15244834313993905,0.04185836736017173,-0.04185836736017179
GSE65858,1843,-0.013854478587194297,0.1469410404389312,-0.1469410404389312,0.052406043429608584,-0.05240604342960864
GSE65858,1844,-0.014106371566001086,0.15174742824084864,-0.15174742824084864,0.08330790563587787,-0.08330790563587787
GSE65858,1845,-0.016874356128505325,0.1512148467695975,-0.1512148467695975,0.05628704794017869,-0.05628704794017869
GSE65858,1846,-0.01628395943234376,0.15315114885060654,-0.15315114885060654,0.04972957737730993,-0.049729577377309875
GSE65858,1847,-0.016789158881794664,0.15487618032124417,-0.15487618032124417,0.026970038212673242,-0.026970038212673297
GSE65858,1848,-0.015202870998432705,0.1473696056951317,-0.1473696056951317,0.05777928529687981,-0.05777928529687981
GSE65858,1849,-0.01638049014350626,0.15756774773138882,-0.15756774773138882,0.06642760589363228,-0.06642760589363228
GSE65858,1850,-0.013602773297970383,0.1497706204528797,-0.1497706204528797,0.07120057747716924,-0.07120057747716924
GSE65858,1851,-0.013123198765853411,0.14890429470315603,-0.14890429470315603,0.11049288304269356,0.09936205556821409
GSE65858,1852,-0.018094023380319096,0.14846489792161743,-0.14846489792161743,-0.013970616333848607,0.013970616333848662
GSE65858,1853,-0.011769843250830136,0.1350758206907895,-0.1350758206907895,0.10322418599074346,-0.03873973604711334
GSE65858,1854,-0.015754739539912077,0.14971276537958333,-0.14971276537958333,0.06603700745995966,-0.06603700745995966
GSE65858,1855,-0.016534838148001274,0.14943552970886964,-0.14943552970886964,0.0586640105117513,-0.0586640105117513
GSE65858,1856,-0.014133022356670605,0.14647200687045525,-0.14647200687045525,0.09007637177482652,-0.09007637177482652
GSE65858,1857,-0.01662071180451208,0.14792364240281008,-0.14792364240281008,0.07298021830500401,-0.07298021830500401
GSE65858,1858,-0.01839230582637283,0.15725156792647277,-0.15725156792647277,0.017293283423506223,-0.017293283423506223
GSE65858,1859,-0.014230313563810104,0.15109968723563916,-0.15109968723563916,0.08616996691929824,-0.08616996691929824
GSE65858,1860,-0.014165274227345731,0.14978847879935175,-0.14978847879935175,0.06988145125972789,-0.06988145125972789
GSE65858,1861,-0.016778822893159434,0.14704963368171353,-0.14704963368171353,0.03564036495010403,-0.03564036495010403
GSE65858,1862,-0.0153415950351585,0.1389090118180496,-0.1389090118180496,0.015870423969906206,-0.015870423969906122
GSE65858,1863,-0.015192953596351949,0.14435312286739732,-0.14435312286739732,0.08035157509313884,-0.08035157509313884
GSE65858,1864,-0.014502302616925283,0.1482373775701763,-0.1482373775701763,0.06603583723124373,-0.06603583723124373
GSE65858,1865,-0.014470359773645358,0.14694428392090653,-0.14694428392090653,0.11306958191667249,0.11306958191667249
GSE65858,1866,-0.01459998183821204,0.15570341450994873,-0.15570341450994873,0.08910853716175882,-0.08910853716175882
GSE65858,1867,-0.014239723149031991,0.14425777508898596,-0.14425777508898596,0.06558530616271807,-0.06558530616271807
GSE65858,1868,-0.011994387700163117,0.1414506744609062,-0.1414506744609062,0.08043160608476863,-0.08043160608476863
GSE65858,1869,-0.013360297159647344,0.13715360823767364,-0.13715360823767364,0.07248971064861498,-0.07248971064861498
GSE65858,1870,-0.013529671255239295,0.14674194093363213,-0.14674194093363213,0.09259760755255708,-0.09259760755255708
GSE65858,1871,-0.013879837850713395,0.1450870831060076,-0.1450870831060076,,
GSE65858,1872,-0.0110404178930604,0.13994136237626975,-0.13994136237626975,0.08405876854441241,-0.08405876854441241
GSE65858,1873,-0.01642284382857967,0.15066236395030486,-0.15066236395030486,0.07537670752418557,-0.07537670752418557
GSE65858,1874,-0.013452623318301105,0.13886962886595633,-0.13886962886595633,0.0682066435621902,-0.0682066435621902
GSE65858,1875,-0.020195396657282705,0.1591747875663947,-0.1591747875663947,0.011279844549614101,-0.01127984454961406
GSE65858,1876,-0.016319021518657578,0.15471521832242408,-0.15471521832242408,0.07759559184761988,-0.07759559184761988
GSE65858,1877,-0.01921378756491615,0.1672075896536136,-0.1672075896536136,0.05968724169896,-0.05968724169896
GSE65858,1878,-0.017735950212553336,0.15610680814674893,-0.15610680814674893,0.03772661232127417,-0.03772661232127417
GSE65858,1879,-0.017495411060051286,0.15249667946488943,-0.15249667946488943,0.04327417767070402,-0.04327417767070407
GSE65858,1880,-0.015340323890052937,0.14767855435432908,-0.14767855435432908,0.0751064504649619,-0.0751064504649619
GSE65858,1881,-0.01723756411419225,0.15989083603877918,-0.15989083603877918,0.08964308115473196,-0.08964308115473196
GSE65858,1882,-0.01588119298247123,0.15202565652245648,-0.15202565652245648,0.04065285742362468,-0.04065285742362468
GSE65858,1883,-0.019927390669061268,0.16714294056262924,-0.16714294056262924,0.03739444665175373,-0.03739444665175373
GSE65858,1884,-0.017483876482826066,0.16504689898075342,-0.16504689898075342,0.04102927915749349,-0.04102927915749355
GSE65858,1885,-0.014404397887892856,0.14749640036902423,-0.14749640036902423,0.08582104385451206,-0.08582104385451206
GSE65858,1886,-0.012154749782289781,0.14834558997553282,-0.14834558997553282,0.11589253177911996,0.11589253177911996
GSE65858,1887,-0.01499575718259527,0.1465606006562159,-0.1465606006562159,0.03893270235026092,-0.03893270235026103
GSE65858,1888,-0.013425770044489471,0.14727328697556108,-0.14727328697556108,0.10427121174279386,-0.01884749897683824
GSE65858,1889,-0.01527693240632394,0.1478629189538807,-0.1478629189538807,0.06877523287087828,-0.06877523287087828
GSE65858,1890,-0.016921554414648737,0.15759333694052358,-0.15759333694052358,0.04987437008115253,-0.049874370081152475
GSE65858,1891,-0.013753530525228347,0.14065044357233913,-0.14065044357233913,0.01660326857538802,-0.016603268575388075
GSE65858,1892,-0.017991718255933903,0.1509669708910537,-0.1509669708910537,0.07457903221959583,-0.07457903221959583
GSE65858,1893,-0.01681509653154578,0.15468066027273752,-0.15468066027273752,0.06585272306353007,-0.06585272306353007
GSE65858,1894,-0.016822277937191293,0.15617241408961924,-0.15617241408961924,0.050502935927544346,-0.05050293592754429
GSE65858,1895,-0.015839149634178318,0.15283090363348006,-0.15283090363348006,0.10169882587990597,-0.06772142012472127
GSE65858,1896,-0.016339183755520292,0.1588343742411482,-0.1588343742411482,0.0996152052331154,-0.0996152052331154
GSE65858,1897,-0.01239058920781877,0.14855647250030457,-0.14855647250030457,0.1281694505550499,0.1281694505550499
GSE65858,1898,-0.016495645359867667,0.14775962496406514,-0.14775962496406514,0.03359765761066463,-0.03359765761066469
GSE65858,1899,-0.014227048760870359,0.14110446008449307,-0.14110446008449307,0.045118287817353664,-0.04511828781735372
GSE65858,1900,-0.014942192311180297,0.14715751350674466,-0.14715751350674466,0.07351104583707802,-0.07351104583707802
GSE65858,1901,-0.01528398664192232,0.15765994165568253,-0.15765994165568253,0.09279878119247875,-0.09279878119247875
GSE65858,1902,-0.01533051345807701,0.14875943370827693,-0.14875943370827693,0.04034511957673864,-0.0403451195767387
GSE65858,1903,-0.013738264103614728,0.14616987941831483,-0.14616987941831483,0.07295681005655097,-0.07295681005655097
GSE65858,1904,-0.015199355462010011,0.15769733941771835,-0.15769733941771835,,
GSE65858,1905,-0.011879351999180193,0.141154990988265,-0.141154990988265,0.11398158837623562,0.11398158837623562
GSE65858,1906,-0.01559741912072024,0.15207166225127988,-0.15207166225127988,0.07020356055242916,-0.07020356055242916
GSE65858,1907,-0.015371042086771314,0.14302802198730813,-0.14302802198730813,0.04425993599388056,-0.04425993599388045
GSE65858,1908,-0.019106707621857455,0.16725289018319778,-0.16725289018319778,0.06863654859385615,-0.06863654859385615
GSE65858,1909,-0.016049437231506064,0.14895983573090654,-0.14895983573090654,0.07741447146899283,-0.07741447146899283
GSE65858,1910,-0.015004896470608459,0.1529025242023836,-0.1529025242023836,0.08895784139391982,-0.08895784139391982
GSE65858,1911,-0.019642196570136328,0.17092638588523124,-0.17092638588523124,0.021968260493776787,-0.02196826049377676
GSE65858,1912,-0.014160903241430184,0.14690372212982106,-0.14690372212982106,0.09884193968198385,-0.09884193968198385
GSE65858,1913,-0.014200319556234908,0.1437788199220107,-0.1437788199220107,0.09711664310961876,-0.09711664310961876
GSE65858,1914,-0.01423310807723574,0.14886714634555376,-0.14886714634555376,0.10205602127486291,-0.06093443259535958
GSE65858,1915,-0.011239801487317458,0.14248320891080435,-0.14248320891080435,0.1070630873105528,0.0341955186323849
GSE65858,1916,-0.016105501041495635,0.15868836697561317,-0.15868836697561317,0.06779451397248493,-0.06779451397248493
GSE65858,1917,-0.016336265374578524,0.14251549897402582,-0.14251549897402582,0.04195617875869889,-0.04195617875869884
GSE65858,1918,-0.01687768939572784,0.1492951267043301,-0.1492951267043301,0.02451658179252897,-0.024516581792529024
GSE65858,1919,-0.013612940909099203,0.14142452748937262,-0.14142452748937262,0.05280718441702387,-0.05280718441702381
GSE65858,1920,-0.018520571834591937,0.1533751579638234,-0.1533751579638234,0.05705738212013589,-0.05705738212013589
GSE65858,1921,-0.016611181614591103,0.15817059264962152,-0.15817059264962152,0.09705241462441017,-0.09705241462441017
GSE65858,1922,-0.01469178417679698,0.1448149431318615,-0.1448149431318615,0.08649333784493685,-0.08649333784493685
GSE65858,1923,-0.01698896864413202,0.15989126405678777,-0.15989126405678777,0.06495334445617418,-0.06495334445617418
GSE65858,1924,-0.01673749105139888,0.1627702300296705,-0.1627702300296705,0.07325653814767286,-0.07325653814767286
GSE65858,1925,-0.013667705763619226,0.14262779293391392,-0.14262779293391392,0.11802586927937275,0.11802586927937275
GSE65858,1926,-0.018683037653247997,0.1600238650794703,-0.1600238650794703,0.040092352740325354,-0.0400923527403253
GSE65858,1927,-0.0159287357967611,0.15008298261983044,-0.15008298261983044,0.05257481871087566,-0.05257481871087566
GSE65858,1928,-0.017299601375290657,0.1604032080776261,-0.1604032080776261,0.06356658410731786,-0.06356658410731786
GSE65858,1929,-0.01245404997929983,0.14757591555303184,-0.14757591555303184,0.0933628159025427,-0.0933628159025427
GSE65858,1930,-0.017768672010557734,0.16293309777068266,-0.16293309777068266,0.049724336035660455,-0.04972433603566051
GSE65858,1931,-0.013801264524099133,0.14869431117085785,-0.14869431117085785,0.0865441536773136,-0.0865441536773136
GSE65858,1932,-0.015866267984952248,0.15709920809764588,-0.15709920809764588,0.0945886367748443,-0.0945886367748443
GSE65858,1933,-0.016010776897959073,0.1579364073581715,-0.1579364073581715,0.08255538042590205,-0.08255538042590205
GSE65858,1934,-0.015686505407932955,0.152759689720114,-0.152759689720114,0.08878727181127044,-0.08878727181127044
GSE65858,1935,-0.014406303026159667,0.13399535229385995,-0.13399535229385995,0.03680607765992305,-0.03680607765992305
GSE65858,1936,-0.01862322930307922,0.1629111388758382,-0.1629111388758382,0.07125253562942979,-0.07125253562942979
GSE65858,1937,-0.015199522151938344,0.15071489748153888,-0.15071489748153888,0.06523886675781221,-0.06523886675781221
GSE65858,1938,-0.016091743000102438,0.139497506115563,-0.139497506115563,0.03387803623520669,-0.03387803623520669
GSE65858,1939,-0.014977208505967982,0.14767539619996994,-0.14767539619996994,0.07720736030878195,-0.07720736030878195
GSE65858,1940,-0.015116769923757684,0.14508084552437506,-0.14508084552437506,0.03997680581923535,-0.03997680581923535
GSE65858,1941,-0.014218144932229032,0.14971767733155494,-0.14971767733155494,0.0893821450650456,-0.0893821450650456
GSE65858,1942,-0.016916111903326397,0.1524831376267457,-0.1524831376267457,0.021451176375005793,-0.02145117637500571
GSE65858,1943,-0.01458697737567638,0.14974865635820223,-0.14974865635820223,,
GSE65858,1944,-0.01466895814945196,0.14139784804220978,-0.14139784804220978,0.04740037999117719,-0.04740037999117708
GSE65858,1945,-0.011976224668743846,0.14872115295317667,-0.14872115295317667,0.1348044333439793,0.1348044333439793
GSE65858,1946,-0.01733182706487113,0.15574958918231663,-0.15574958918231663,0.05583457023026872,-0.05583457023026872
GSE65858,1947,-0.016750983109990986,0.15982648121436238,-0.15982648121436238,0.06606011985590587,-0.06606011985590587
GSE65858,1948,-0.015301224396383567,0.16087859625997658,-0.16087859625997658,0.08451362582261124,-0.08451362582261124
GSE65858,1949,-0.012972316407613843,0.14106790838271555,-0.14106790838271555,0.06570445465674513,-0.06570445465674513
GSE65858,1950,-0.014599498101912911,0.15393835359403685,-0.15393835359403685,0.09209985876459448,-0.09209985876459448
GSE65858,1951,-0.015305372319421334,0.15328417220044366,-0.15328417220044366,0.1000350108017225,-0.09933529147403664
GSE65858,1952,-0.015916610651084295,0.1562193916013812,-0.1562193916013812,0.07714772449691942,-0.07714772449691942
GSE65858,1953,-0.018403479962431413,0.17124856850052028,-0.17124856850052028,0.1144407756031427,0.1144407756031427
GSE65858,1954,-0.018299230314178516,0.15459881036420975,-0.15459881036420975,0.06568152452088749,-0.06568152452088749
GSE65858,1955,-0.017505705827318113,0.15162704655064818,-0.15162704655064818,0.034418075174939944,-0.03441807517494
GSE65858,1956,-0.0150654043154341,0.14482401334192385,-0.14482401334192385,0.027318660476645024,-0.027318660476644996
GSE65858,1957,-0.014917691911261743,0.14589274455883827,-0.14589274455883827,0.056234899083837164,-0.056234899083837164
GSE65858,1958,-0.014598309992214453,0.14618293926234394,-0.14618293926234394,0.06534909407611578,-0.06534909407611578
GSE65858,1959,-0.01305508155291793,0.13926080198826662,-0.13926080198826662,0.06539793414185668,-0.06539793414185668
GSE65858,1960,-0.01589253556914852,0.14670168221051538,-0.14670168221051538,0.08630863640856679,-0.08630863640856679
GSE65858,1961,-0.01607759018376151,0.15212288622346226,-0.15212288622346226,0.09200296287553889,-0.09200296287553889
GSE65858,1962,-0.014263169259100122,0.14767177826072864,-0.14767177826072864,0.09002442401258315,-0.09002442401258315
GSE65858,1963,-0.015024612254490033,0.14537270522087398,-0.14537270522087398,0.06945857534213817,-0.06945857534213817
GSE65858,1964,-0.016981545655104596,0.15266174178352432,-0.15266174178352432,0.09779704286541446,-0.09779704286541446
GSE65858,1965,-0.017904884436866664,0.16657221307341286,-0.16657221307341286,0.04727903744905443,-0.047279037449054484
GSE65858,1966,-0.016151530817231335,0.14965137833849873,-0.14965137833849873,0.06292229276676731,-0.06292229276676731
GSE65858,1967,-0.015851288840446592,0.15094631607578357,-0.15094631607578357,0.06224408616579091,-0.06224408616579091
GSE65858,1968,-0.015959522875959004,0.1611701513526751,-0.1611701513526751,0.09832615912317222,-0.09832615912317222
GSE65858,1969,-0.014605651699148736,0.14737374883903498,-0.14737374883903498,0.053304076185310745,-0.053304076185310745
GSE65858,1970,-0.015555125669130032,0.15494783033908677,-0.15494783033908677,0.06189299888649402,-0.06189299888649402
GSE65858,1971,-0.01722738106998664,0.1578774942850969,-0.1578774942850969,0.08401379789840013,-0.08401379789840013
GSE65858,1972,-0.016355577828791795,0.14632933017511318,-0.14632933017511318,0.02285718491705438,-0.022857184917054463
GSE65858,1973,-0.017337979526529573,0.14837902606577735,-0.14837902606577735,0.07477645968429258,-0.07477645968429258
GSE65858,1974,-0.013319477182419354,0.14090030059479997,-0.14090030059479997,0.08480947085053192,-0.08480947085053192
GSE65858,1975,-0.014974511887510367,0.1442030200796678,-0.1442030200796678,0.07107391432855203,-0.07107391432855203
GSE65858,1976,-0.017448076016633368,0.15269891960982607,-0.15269891960982607,0.03874736009802665,-0.038747360098026595
GSE65858,1977,-0.014426004420408561,0.14729043852724555,-0.14729043852724555,0.07570410108795145,-0.07570410108795145
GSE65858,1978,-0.01365502540618227,0.13914570464179787,-0.13914570464179787,0.06780264454413931,-0.06780264454413931
GSE65858,1979,-0.01716613686963933,0.16355045546420421,-0.16355045546420421,0.06347665451161821,-0.06347665451161821
GSE65858,1980,-0.014593843667688733,0.15028967724630382,-0.15028967724630382,0.11308139311896537,0.11308139311896537
GSE65858,1981,-0.0143848137399471,0.14118554455243215,-0.14118554455243215,0.06962231856087142,-0.06962231856087142
GSE65858,1982,-0.015130894928188338,0.1487951590243044,-0.1487951590243044,0.07246335468189968,-0.07246335468189968
GSE65858,1983,-0.012938928765052399,0.14023878200794138,-0.14023878200794138,0.1042988210593887,-0.018322614872029908
GSE65858,1984,-0.0165437979022251,0.15819708775713393,-0.15819708775713393,0.07748852686434415,-0.07748852686434415
GSE65858,1985,-0.015915436122849347,0.1524747085724456,-0.1524747085724456,0.0802748568393431,-0.0802748568393431
GSE65858,1986,-0.015022364594384857,0.14451255640362426,-0.14451255640362426,0.0470554855026864,-0.047055485502686456
GSE65858,1987,-0.01524043959303173,0.1469169699890145,-0.1469169699890145,0.046152902888562664,-0.046152902888562775
GSE65858,1988,-0.01737310856878846,0.15924441068859863,-0.15924441068859863,0.059479393239085354,-0.059479393239085354
GSE65858,1989,-0.013542031853333025,0.14197602906720364,-0.14197602906720364,0.07593997012606446,-0.07593997012606446
GSE65858,1990,-0.01348809369822046,0.15072495724454993,-0.15072495724454993,0.07261039739878006,-0.07261039739878006
GSE65858,1991,-0.017330677282751505,0.15584989704932495,-0.15584989704932495,0.036151541640566165,-0.03615154164056622
GSE65858,1992,-0.013254831534848854,0.1339508639802336,-0.1339508639802336,0.0750911556860574,-0.0750911556860574
GSE65858,1993,-0.013427235039779079,0.1431939415223955,-0.1431939415223955,0.12865820691497287,0.12865820691497287
GSE65858,1994,-0.015868331399227026,0.15193454304753495,-0.15193454304753495,0.06954581038744723,-0.06954581038744723
GSE65858,1995,-0.015673055349729847,0.15000758283723403,-0.15000758283723403,0.03972750279722986,-0.03972750279722992
GSE65858,1996,-0.017775713070221605,0.16081119922267506,-0.16081119922267506,0.06258923521749804,-0.06258923521749804
GSE65858,1997,-0.015433522708970054,0.15547779968618025,-0.15547779968618025,0.06842990343049182,-0.06842990343049182
GSE65858,1998,-0.01700912990357098,0.1545569879949451,-0.1545569879949451,0.05689736273080093,-0.05689736273080093
GSE65858,1999,-0.01691508724076682,0.14455715962010118,-0.14455715962010118,0.03762204198381741,-0.03762204198381747
GSE65858,2000,-0.018796844329798446,0.15541023767023288,-0.15541023767023288,0.05920581742783049,-0.05920581742783049
GSE41613,1,-0.006948118512132118,0.11976800982408864,-0.11976800982408864,0.060709326752892645,-0.060709326752892645
GSE41613,2,-0.007310137357666613,0.12009511292860575,-0.12009511292860575,0.06388292962875008,-0.06388292962875008
GSE41613,3,-0.0019705150767358737,0.1139952338744471,-0.1139952338744471,0.1767148310375739,0.1767148310375739
GSE41613,4,-0.007075329630739258,0.11837453410099025,-0.11837453410099025,0.0754697935820513,-0.0754697935820513
GSE41613,5,-0.004801302862800644,0.11412449328980323,-0.11412449328980323,0.12048609918407704,0.12048609918407704
GSE41613,6,-0.0047231714316177675,0.125170905853297,-0.125170905853297,0.10942961974720644,0.07916265600580763
GSE41613,7,-0.00881056225898691,0.1230060307167099,-0.1230060307167099,0.07111306773529291,-0.07111306773529291
GSE41613,8,-0.006015295564220952,0.11742041613893084,-0.11742041613893084,0.09771785640318875,-0.09771785640318875
GSE41613,9,-0.0038987883536706347,0.09275808388613965,-0.09275808388613965,0.08053092759563552,-0.08053092759563552
GSE41613,10,-0.004059729700731485,0.10294362103630417,-0.10294362103630417,0.12127717785223835,0.12127717785223835
GSE41613,11,-0.008533163152956907,0.11791251572993561,-0.11791251572993561,0.047004558426379905,-0.04700455842637985
GSE41613,12,-0.004044534230556118,0.11059992454299922,-0.11059992454299922,0.11156172868939884,0.11156172868939884
GSE41613,13,-0.00892415302539007,0.12128768248949517,-0.12128768248949517,0.09026158980702492,-0.09026158980702492
GSE41613,14,-0.007755236542033278,0.11919594032872671,-0.11919594032872671,0.08019390684796357,-0.08019390684796357
GSE41613,15,-0.004464371925912897,0.11069864569323623,-0.11069864569323623,0.09121517939684376,-0.09121517939684376
GSE41613,16,-0.009739765435878872,0.12006139907133373,-0.12006139907133373,0.030711783625007594,-0.030711783625007483
GSE41613,17,-0.004318835412865152,0.11661834694803508,-0.11661834694803508,0.15721951928340339,0.15721951928340339
GSE41613,18,-0.006901582530610045,0.10812917533237365,-0.10812917533237365,0.07828174270626775,-0.07828174270626775
GSE41613,19,-0.005196040205604491,0.12013035494366842,-0.12013035494366842,0.12244715786862481,0.12244715786862481
GSE41613,20,-0.008778081213465683,0.12319541557252417,-0.12319541557252417,0.058287895414247726,-0.058287895414247726
GSE41613,21,-0.004673312981500172,0.11519530997253863,-0.11519530997253863,0.10799310411232854,0.05186936028448086
GSE41613,22,-0.0043390822406609575,0.1122513274949436,-0.1122513274949436,0.1338059359216337,0.1338059359216337
GSE41613,23,-0.004043728972710298,0.11001599591283712,-0.11001599591283712,0.1019256897244386,-0.0634121698297131
GSE41613,24,-0.008018191826149379,0.11731167430222067,-0.11731167430222067,0.055329544745414905,-0.05532954474541485
GSE41613,25,-0.006158534659934239,0.10574751448082453,-0.10574751448082453,0.066110908580996,-0.066110908580996
GSE41613,26,-0.0031324181855439392,0.10742482137930098,-0.10742482137930098,,
GSE41613,27,-0.010020422375400545,0.1276976920159072,-0.1276976920159072,0.08294521594991977,-0.08294521594991977
GSE41613,28,-0.009899812764312815,0.12274628948546573,-0.12274628948546573,0.07427273589716998,-0.07427273589716998
GSE41613,29,-0.005952152509428571,0.1263799402491934,-0.1263799402491934,0.16663889290038658,0.16663889290038658
GSE41613,30,-0.006937129585109836,0.12078020159918768,-0.12078020159918768,0.1375541885928735,0.1375541885928735
GSE41613,31,-0.006475676650229745,0.119700084057634,-0.119700084057634,0.1143339289650771,0.1143339289650771
GSE41613,32,-0.0036580573273775063,0.10267390444310304,-0.10267390444310304,0.13585097741035113,0.13585097741035113
GSE41613,33,-0.008562129322313011,0.11294075049109631,-0.11294075049109631,0.04135684717177979,-0.04135684717177979
GSE41613,34,-0.00584645453921237,0.10103585208255295,-0.10103585208255295,0.051857206887420404,-0.05185720688742046
GSE41613,35,-0.005365281406986805,0.11638529571698991,-0.11638529571698991,0.11119846566888136,0.11119846566888136
GSE41613,36,-0.005237001609932956,0.09958820304590893,-0.09958820304590893,0.05355737696043933,-0.053557376960439274
GSE41613,37,-0.006699484669198008,0.12916757632060505,-0.12916757632060505,0.1519709851727975,0.1519709851727975
GSE41613,38,-0.009439073170045886,0.12189208079815272,-0.12189208079815272,0.03187574761665113,-0.03187574761665113
GSE41613,39,-0.008422617720121484,0.1197118225012665,-0.1197118225012665,0.05064111115849901,-0.05064111115849901
GSE41613,40,-0.004719658562341661,0.10467578068933653,-0.10467578068933653,0.10086179799138806,-0.0836260316859393
GSE41613,41,-0.0058389504314037,0.11255754998758766,-0.11255754998758766,0.07233651285805731,-0.07233651285805731
GSE41613,42,-0.0029665059970659102,0.09627102180461994,-0.09627102180461994,0.0760550725079091,-0.0760550725079091
GSE41613,43,-0.003977201274406511,0.11431553447974557,-0.11431553447974557,0.14626085495877583,0.14626085495877583
GSE41613,44,-0.005502822643234484,0.1108241410582444,-0.1108241410582444,0.0846267461244633,-0.0846267461244633
GSE41613,45,-0.001663322196189726,0.09858832653136018,-0.09858832653136018,0.09969367521465289,-0.09969367521465289
GSE41613,46,-0.007167995598459986,0.11288746401773575,-0.11288746401773575,0.09022618464073628,-0.09022618464073628
GSE41613,47,-0.004418868822231775,0.11080389637876564,-0.11080389637876564,0.14444813978443882,0.14444813978443882
GSE41613,48,-0.0037048032515482887,0.12112528933743408,-0.12112528933743408,0.10733997568850662,0.03945934634885029
GSE41613,49,-0.0074219285865856355,0.11558102417517502,-0.11558102417517502,0.07556945947248983,-0.07556945947248983
GSE41613,50,-0.00810842102680126,0.099606849290924,-0.099606849290924,0.009770338126189979,-0.009770338126189992
GSE41613,51,-0.008896228864171768,0.12502875255976797,-0.12502875255976797,0.04057543800831276,-0.04057543800831276
GSE41613,52,-0.0071284982353170545,0.12226206467493916,-0.12226206467493916,0.13426492855043692,0.13426492855043692
GSE41613,53,-0.0038961964548701877,0.11011049929694244,-0.11011049929694244,0.10731812552988973,0.039048065684376465
GSE41613,54,-0.006833724111426798,0.12147853225520788,-0.12147853225520788,0.12662581637150616,0.12662581637150616
GSE41613,55,-0.0031514091895442076,0.10980528757520513,-0.10980528757520513,0.15442863537334595,0.15442863537334595
GSE41613,56,-0.006413035196799283,0.11963439597176623,-0.11963439597176623,0.08833772859426947,-0.08833772859426947
GSE41613,57,-0.0034601701569387244,0.10348953357891963,-0.10348953357891963,0.0899559311385475,-0.0899559311385475
GSE41613,58,-0.007099170461545262,0.11530820393541419,-0.11530820393541419,0.07378855194241185,-0.07378855194241185
GSE41613,59,-0.002079395517360527,0.10204607141011279,-0.10204607141011279,0.13258719462462998,0.13258719462462998
GSE41613,60,-0.0047297004199345904,0.11841684214173176,-0.11841684214173176,0.11623308743253924,0.11623308743253924
GSE41613,61,-0.008800587087115092,0.12348029828534834,-0.12348029828534834,0.0677545268038654,-0.0677545268038654
GSE41613,62,-0.01043853794523894,0.11821721821414288,-0.11821721821414288,0.027148611747145807,-0.02714861174714578
GSE41613,63,-0.0045814855096084905,0.11111264604499527,-0.11111264604499527,0.15239453259920266,0.15239453259920266
GSE41613,64,-0.0060086260516998,0.12581014923941636,-0.12581014923941636,0.1368428922242071,0.1368428922242071
GSE41613,65,-0.004600947492969132,0.10917376933187145,-0.10917376933187145,0.10826422057783058,0.05702221001037944
GSE41613,66,-0.006841138579577327,0.11813022978587806,-0.11813022978587806,0.07445010813503461,-0.07445010813503461
GSE41613,67,-0.0059299144331455556,0.11467668902887918,-0.11467668902887918,0.04597462650015027,-0.04597462650015027
GSE41613,68,-0.005866352001023617,0.12255081031909332,-0.12255081031909332,0.143171677258759,0.143171677258759
GSE41613,69,-0.00343139561904926,0.11386307319807057,-0.11386307319807057,0.11449067672489655,0.11449067672489655
GSE41613,70,-0.007064362946041569,0.12667408552541026,-0.12667408552541026,0.10428217357670044,-0.0186385264412684
GSE41613,71,-0.005388952017446325,0.11222401576634544,-0.11222401576634544,0.08977273517029205,-0.08977273517029205
GSE41613,72,-0.005434739274461281,0.12155158622843587,-0.12155158622843587,0.09987206449301678,-0.09987206449301678
GSE41613,73,-0.008293067953351801,0.12161842338983447,-0.12161842338983447,0.06398333066667938,-0.06398333066667938
GSE41613,74,-0.006166439085859926,0.11175857348733015,-0.11175857348733015,0.065228421678454,-0.065228421678454
GSE41613,75,-0.007514380544546867,0.13445591001566248,-0.13445591001566248,0.11668030328404555,0.11668030328404555
GSE41613,76,-0.0058005516598444995,0.1108899355676754,-0.1108899355676754,0.0823278587716092,-0.0823278587716092
GSE41613,77,-0.013376259522283551,0.13204997474811597,-0.13204997474811597,0.033774164078734625,-0.03377416407873457
GSE41613,78,-0.0058068721683371405,0.11163589103565397,-0.11163589103565397,0.10587475939690272,0.01161965350318761
GSE41613,79,-0.0021028110203350214,0.10296949375054865,-0.10296949375054865,0.07782224410642702,-0.07782224410642702
GSE41613,80,-0.011713658761156293,0.1299171077987189,-0.1299171077987189,0.05455781204901394,-0.05455781204901389
GSE41613,81,-0.005911455996869985,0.12177069218311054,-0.12177069218311054,0.11899468363528376,0.11899468363528376
GSE41613,82,-0.005940240015519238,0.1088232852038411,-0.1088232852038411,0.07392125594068788,-0.07392125594068788
GSE41613,83,-0.008319468029285515,0.1275567359499289,-0.1275567359499289,0.09815245523732052,-0.09815245523732052
GSE41613,84,-0.009925507752818141,0.13016652315897714,-0.13016652315897714,0.0912331169975179,-0.0912331169975179
GSE41613,85,-0.007049541108222174,0.11653932032326697,-0.11653932032326697,0.08208174837506343,-0.08208174837506343
GSE41613,86,-0.0051587601757621115,0.10641755958156296,-0.10641755958156296,0.08733121355866136,-0.08733121355866136
GSE41613,87,-0.0024490660636681816,0.10631127344810662,-0.10631127344810662,0.12415400753126216,0.12415400753126216
GSE41613,88,-0.005053853629113009,0.10998234320143158,-0.10998234320143158,0.06436572684375641,-0.06436572684375641
GSE41613,89,-0.008284249229592283,0.11657121882090365,-0.11657121882090365,0.05106536962148667,-0.05106536962148667
GSE41613,90,-0.008282789322609313,0.11135109807346333,-0.11135109807346333,0.07794951306000442,-0.07794951306000442
GSE41613,91,-0.007232925662143619,0.12115901788805472,-0.12115901788805472,0.09529724264487371,-0.09529724264487371
GSE41613,92,-0.006445069328521513,0.11699870888865121,-0.11699870888865121,0.09501175407628515,-0.09501175407628515
GSE41613,93,-0.006029769926138684,0.12015808291039853,-0.12015808291039853,0.08399859160834566,-0.08399859160834566
GSE41613,94,-0.008791978336241874,0.12016635847046098,-0.12016635847046098,0.0740634499162025,-0.0740634499162025
GSE41613,95,-0.010654562840426679,0.12255344989711547,-0.12255344989711547,0.030473525165160387,-0.03047352516516033
GSE41613,96,-0.006779406770487717,0.12029972841607617,-0.12029972841607617,0.12585140265615613,0.12585140265615613
GSE41613,97,-0.006513697073281088,0.12184013713446501,-0.12184013713446501,0.1060355269345703,0.014673201073315267
GSE41613,98,-0.007910796494708966,0.128788488988671,-0.128788488988671,0.08274521889654518,-0.08274521889654518
GSE41613,99,-0.00644945032757413,0.1214508107189114,-0.1214508107189114,0.13034912247845498,0.13034912247845498
GSE41613,100,-0.005821356591402677,0.11502618614543869,-0.11502618614543869,0.152208057202172,0.152208057202172
GSE41613,101,-0.006619442160775424,0.11138828773644938,-0.11138828773644938,0.0428343736535417,-0.0428343736535417
GSE41613,102,-0.008348324845222438,0.11188899388763318,-0.11188899388763318,0.051792642849794124,-0.051792642849794124
GSE41613,103,-0.005491590332304425,0.11567626340821857,-0.11567626340821857,0.10031769966756765,-0.09396117373102064
GSE41613,104,-0.010780581444048115,0.1211284678592105,-0.1211284678592105,0.0066268046812529915,-0.006626804681252985
GSE41613,105,-0.002293284379066729,0.10877948744206042,-0.10877948744206042,0.13070185437022186,0.13070185437022186
GSE41613,106,-0.005265212527845731,0.1100726055603497,-0.1100726055603497,0.09280245380105634,-0.09280245380105634
GSE41613,107,-0.00567942711575789,0.11637865302686867,-0.11637865302686867,0.13347846247488748,0.13347846247488748
GSE41613,108,-0.006012380232569586,0.11379242732482864,-0.11379242732482864,,
GSE41613,109,-0.006725284894837091,0.10692568349414289,-0.10692568349414289,0.07369007091728375,-0.07369007091728375
GSE41613,110,-0.006181933557842384,0.1136730369873516,-0.1136730369873516,0.08627355505928402,-0.08627355505928402
GSE41613,111,-0.0086609001198443,0.12232548797208243,-0.12232548797208243,0.08691312343611957,-0.08691312343611957
GSE41613,112,-0.009003118435462532,0.12822925978426913,-0.12822925978426913,0.12339796752602306,0.12339796752602306
GSE41613,113,-0.0052349228700389605,0.1102130967724056,-0.1102130967724056,0.10252889756739758,-0.05195381497695262
GSE41613,114,-0.005353526229313593,0.10322436101036986,-0.10322436101036986,0.06186506053279306,-0.06186506053279306
GSE41613,115,-0.007578303757244748,0.11404676875344716,-0.11404676875344716,0.043932488351584364,-0.043932488351584364
GSE41613,116,-0.006237949839323187,0.11071744370781428,-0.11071744370781428,0.08989732324150024,-0.08989732324150024
GSE41613,117,-0.009558785830169614,0.126819219815691,-0.126819219815691,0.05834856523971477,-0.05834856523971477
GSE41613,118,-0.0072863315189568845,0.11431946115757735,-0.11431946115757735,0.043315075677925474,-0.043315075677925474
GSE41613,119,-0.0031427874761132124,0.10564047212611224,-0.10564047212611224,0.09120382925093085,-0.09120382925093085
GSE41613,120,-0.009087586283966054,0.13384445700084813,-0.13384445700084813,0.09938184574667652,-0.09938184574667652
GSE41613,121,-0.010201257663484925,0.12676623047069158,-0.12676623047069158,0.11456697683375339,0.11456697683375339
GSE41613,122,-0.008035181930695967,0.10987819411861888,-0.10987819411861888,0.048209199764745414,-0.04820919976474547
GSE41613,123,-0.00816350573319613,0.11346767452668449,-0.11346767452668449,0.07613008190467818,-0.07613008190467818
GSE41613,124,-0.005305476627838951,0.10556362642744122,-0.10556362642744122,0.06805528289883611,-0.06805528289883611
GSE41613,125,-0.007282461629984166,0.12186689811024254,-0.12186689811024254,0.06560249008217123,-0.06560249008217123
GSE41613,126,-0.004140387851442134,0.10607267579739094,-0.10607267579739094,0.075166104647857,-0.075166104647857
GSE41613,127,-0.004453704992093438,0.11078356929478,-0.11078356929478,0.12534700493394357,0.12534700493394357
GSE41613,128,-0.005676916740536442,0.11070932022119365,-0.11070932022119365,0.05614825610966856,-0.05614825610966856
GSE41613,129,-0.01053478699548735,0.11964131538370515,-0.11964131538370515,0.04586998379188828,-0.045869983791888225
GSE41613,130,-0.00816980977172091,0.12093196295647879,-0.12093196295647879,0.07402849934935607,-0.07402849934935607
GSE41613,131,-0.003974185536409297,0.11040613573560554,-0.11040613573560554,0.1440822669030255,0.1440822669030255
GSE41613,132,-0.005981631264817017,0.11548043044932604,-0.11548043044932604,0.09201774741283775,-0.09201774741283775
GSE41613,133,-0.010141003961719075,0.12993998599625434,-0.12993998599625434,0.06516688251025948,-0.06516688251025948
GSE41613,134,-0.011128126880280642,0.12938066843681084,-0.12938066843681084,0.0445880965058737,-0.04458809650587359
GSE41613,135,-0.0069192054756698484,0.11680056419485851,-0.11680056419485851,0.1116506382808593,0.1116506382808593
GSE41613,136,-0.004520479507099745,0.10390229465061196,-0.10390229465061196,0.10333962266111196,-0.0365475924456472
GSE41613,137,-0.007308723591643501,0.11971316748611593,-0.11971316748611593,0.08568784250909056,-0.08568784250909056
GSE41613,138,-0.00961722209376073,0.12213492352436739,-0.12213492352436739,0.07285818594183535,-0.07285818594183535
GSE41613,139,-0.004521113654729264,0.10924444097632541,-0.10924444097632541,0.1398786578127622,0.1398786578127622
GSE41613,140,-0.0031097802196855817,0.11948909581554606,-0.11948909581554606,,
GSE41613,141,-0.005993014540162045,0.10872520806911734,-0.10872520806911734,0.09055328398823381,-0.09055328398823381
GSE41613,142,-0.004885521509540913,0.10706494600463945,-0.10706494600463945,0.09742746663314394,-0.09742746663314394
GSE41613,143,-0.007385293174779373,0.11696230407366753,-0.11696230407366753,0.06556833389514771,-0.06556833389514771
GSE41613,144,-0.0050727556790694794,0.10944275417461108,-0.10944275417461108,0.07192543989084277,-0.07192543989084277
GSE41613,145,-0.0035445906421627815,0.10314649959321187,-0.10314649959321187,0.12142499886970093,0.12142499886970093
GSE41613,146,-0.00967710909998909,0.1252448452856636,-0.1252448452856636,0.0801941178921649,-0.0801941178921649
GSE41613,147,-0.006568048167751167,0.11358292698512595,-0.11358292698512595,0.13121399728987493,0.13121399728987493
GSE41613,148,-0.0051408273108221325,0.10756839538745966,-0.10756839538745966,0.0891002765566753,-0.0891002765566753
GSE41613,149,-0.003375309562309442,0.10881108583739058,-0.10881108583739058,0.16473742207102537,0.16473742207102537
GSE41613,150,-0.004500098665033259,0.11283158606181998,-0.11283158606181998,0.15216296438455656,0.15216296438455656
GSE41613,151,-0.004839528207991439,0.10245906233582797,-0.10245906233582797,0.08548356106685662,-0.08548356106685662
GSE41613,152,-0.002736756299075993,0.10729519788217995,-0.10729519788217995,0.17103104203481667,0.17103104203481667
GSE41613,153,-0.008031718436379148,0.12927046841986234,-0.12927046841986234,0.12166863737978706,0.12166863737978706
GSE41613,154,-0.005150581935972676,0.10223021014533135,-0.10223021014533135,0.09265400157829129,-0.09265400157829129
GSE41613,155,-0.006406853355333725,0.10910419868738469,-0.10910419868738469,0.07249947941075563,-0.07249947941075563
GSE41613,156,-0.004531331495432861,0.11150594609469366,-0.11150594609469366,0.10013550069219068,-0.09742769375286997
GSE41613,157,-0.0057525992603116305,0.1057628567557996,-0.1057628567557996,0.06721587610909563,-0.06721587610909563
GSE41613,158,-0.007351328080905023,0.11424594992914994,-0.11424594992914994,0.08314678315787338,-0.08314678315787338
GSE41613,159,-0.005273922895408928,0.11180981880600188,-0.11180981880600188,0.08290543326183852,-0.08290543326183852
GSE41613,160,-0.0039061067295103336,0.10827865303642115,-0.10827865303642115,0.15823252283726297,0.15823252283726297
GSE41613,161,-0.0035720763978638603,0.10937633026574073,-0.10937633026574073,0.13769322463833622,0.13769322463833622
GSE41613,162,-0.006004297141490839,0.11079259626368243,-0.11079259626368243,0.07826478127317793,-0.07826478127317793
GSE41613,163,-0.005954164225443176,0.11108023787584398,-0.11108023787584398,0.08703131685649801,-0.08703131685649801
GSE41613,164,-0.0014140726398784997,0.11470752474124124,-0.11470752474124124,0.18428644598434718,0.18428644598434718
GSE41613,165,-0.005951161711500952,0.11564400781916562,-0.11564400781916562,0.07739060879435267,-0.07739060879435267
GSE41613,166,-0.008348506354291962,0.1258001509290536,-0.1258001509290536,0.08152503010852319,-0.08152503010852319
GSE41613,167,-0.0047096120408100794,0.09431737460834605,-0.09431737460834605,0.07183564990794844,-0.07183564990794844
GSE41613,168,-0.008426743910783074,0.1181471645529899,-0.1181471645529899,0.06930541896304077,-0.06930541896304077
GSE41613,169,-0.005450660500070953,0.11012294239280107,-0.11012294239280107,0.1353432082086139,0.1353432082086139
GSE41613,170,-0.0086024820987059,0.1132131408943371,-0.1132131408943371,0.044631759574952856,-0.04463175957495291
GSE41613,171,-0.004447340289416429,0.10557903829550336,-0.10557903829550336,0.058552164442568944,-0.058552164442568944
GSE41613,172,-0.005572043649782643,0.10659152840251995,-0.10659152840251995,0.07172555606196018,-0.07172555606196018
GSE41613,173,-0.003949142234311032,0.10653219199952085,-0.10653219199952085,0.10194662168312907,-0.06301156551750409
GSE41613,174,-0.006722773984977809,0.12101913438607342,-0.12101913438607342,0.09181644525386368,-0.09181644525386368
GSE41613,175,-0.009823409956289247,0.12621548135373317,-0.12621548135373317,0.10401341633014416,-0.023744158069434085
GSE41613,176,-0.005336249159982764,0.11389899179417973,-0.11389899179417973,0.07691318994476914,-0.07691318994476914
GSE41613,177,-0.007409296252201769,0.12244325183011762,-0.12244325183011762,0.09577602223039594,-0.09577602223039594
GSE41613,178,-0.005802192632459013,0.1186450964512939,-0.1186450964512939,0.08189638771549546,-0.08189638771549546
GSE41613,179,-0.007042350903373157,0.11269383861727855,-0.11269383861727855,0.056864024420436476,-0.056864024420436476
GSE41613,180,-0.010249568744079951,0.1299241793289111,-0.1299241793289111,0.09134317494945055,-0.09134317494945055
GSE41613,181,-0.007552277636804966,0.12263330170152431,-0.12263330170152431,0.10110775898281721,-0.07895202289593228
GSE41613,182,-0.0039026342579795426,0.10907117166101804,-0.10907117166101804,0.14469922805260582,0.14469922805260582
GSE41613,183,-0.009531773878636657,0.11620241259013969,-0.11620241259013969,0.013433465303197695,-0.013433465303197667
GSE41613,184,-0.009178105797551711,0.11355671891966779,-0.11355671891966779,0.03532947575003559,-0.03532947575003553
GSE41613,185,-0.0038196557981405033,0.1035656312790206,-0.1035656312790206,0.07895954424037821,-0.07895954424037821
GSE41613,186,-0.010217255710128659,0.1307035169171742,-0.1307035169171742,0.07276920380685059,-0.07276920380685059
GSE41613,187,-0.006031373338788393,0.11325193960791408,-0.11325193960791408,,
GSE41613,188,-0.005679525072843417,0.11229226018897204,-0.11229226018897204,0.07632295275990042,-0.07632295275990042
GSE41613,189,-0.0071619835684154365,0.1074432761000948,-0.1074432761000948,0.05521189829362999,-0.055211898293630046
GSE41613,190,-0.005885130069520655,0.11078463175720449,-0.11078463175720449,0.08003802333689214,-0.08003802333689214
GSE41613,191,-0.0064816488653344495,0.10510324082400618,-0.10510324082400618,0.02565418615697901,-0.02565418615697901
GSE41613,192,-0.0036132270708280068,0.1182752799657471,-0.1182752799657471,0.12422431047835514,0.12422431047835514
GSE41613,193,-0.006416242459491767,0.11330643863847367,-0.11330643863847367,0.06627805280429022,-0.06627805280429022
GSE41613,194,-0.011056266548112037,0.12301859000940374,-0.12301859000940374,0.0049581488288943446,-0.004958148828894338
GSE41613,195,-0.00857078856206861,0.13582483181974414,-0.13582483181974414,0.13332838288698756,0.13332838288698756
GSE41613,196,-0.0033127149034469783,0.10667023594216068,-0.10667023594216068,0.10383525566119145,-0.027130467646915957
GSE41613,197,-0.005133117508097168,0.10422348392685149,-0.10422348392685149,0.06926945126116457,-0.06926945126116457
GSE41613,198,-0.003099838492495177,0.10069776482884131,-0.10069776482884131,0.07893586018034737,-0.07893586018034737
GSE41613,199,-0.008200591067607899,0.1091061341679685,-0.1091061341679685,0.012882683606767864,-0.012882683606767809
GSE41613,200,-0.00672464985071089,0.11219293795917862,-0.11219293795917862,0.10068002295422374,-0.08708003613987203
GSE41613,201,-0.010338027309680031,0.11632374592782613,-0.11632374592782613,0.045119531935824186,-0.045119531935824186
GSE41613,202,-0.006263035788424409,0.11517834222887169,-0.11517834222887169,0.108071579889918,0.053360053999343404
GSE41613,203,-0.00988026450801674,0.11732417679998663,-0.11732417679998663,0.04408165727425806,-0.04408165727425806
GSE41613,204,-0.0030711063038768305,0.11338626798364415,-0.11338626798364415,0.1432811957660527,0.1432811957660527
GSE41613,205,-0.006651346603396668,0.1159820822984805,-0.1159820822984805,0.046593950764767966,-0.04659395076476791
GSE41613,206,-0.006284785758614214,0.11135855566632719,-0.11135855566632719,0.03348506601396056,-0.03348506601396062
GSE41613,207,-0.004912257570482831,0.11366894378378128,-0.11366894378378128,0.1001584929794741,-0.09698805195694149
GSE41613,208,-0.009891528699719182,0.13040000112685046,-0.13040000112685046,0.11971320967536592,0.11971320967536592
GSE41613,209,-0.009899164686237916,0.12472081314632155,-0.12472081314632155,0.060346307794910126,-0.060346307794910126
GSE41613,210,-0.0038949526927785083,0.10559677884859825,-0.10559677884859825,0.059389588746868505,-0.059389588746868505
GSE41613,211,-0.0033391394737239677,0.11325046612179795,-0.11325046612179795,0.10715277874784479,0.03590346117249621
GSE41613,212,-0.005615025172125698,0.12196379493229087,-0.12196379493229087,0.0878833585747193,-0.0878833585747193
GSE41613,213,-0.004152169956316593,0.11358749883320235,-0.11358749883320235,0.1266319022136304,0.1266319022136304
GSE41613,214,-0.003167461590516202,0.10902594488592099,-0.10902594488592099,0.12476459659017913,0.12476459659017913
GSE41613,215,-0.008701268628913045,0.12300185759645466,-0.12300185759645466,0.08273311501701197,-0.08273311501701197
GSE41613,216,-0.007803758043634534,0.10598260080471,-0.10598260080471,0.055109072808439186,-0.05510907280843924
GSE41613,217,-0.004130288353727085,0.11060401893440452,-0.11060401893440452,0.15831185094154754,0.15831185094154754
GSE41613,218,-0.0058571063721860606,0.11124725501010363,-0.11124725501010363,0.08200142390562948,-0.08200142390562948
GSE41613,219,-0.010780057255034503,0.12559626763054366,-0.12559626763054366,0.053136937904999626,-0.053136937904999626
GSE41613,220,-0.0053365599076936054,0.11501679141886578,-0.11501679141886578,0.09389232039612394,-0.09389232039612394
GSE41613,221,-0.00508564969824607,0.1155238935105442,-0.1155238935105442,0.0820879361590483,-0.0820879361590483
GSE41613,222,-0.00406868795091031,0.10909673776014706,-0.10909673776014706,0.12122133070379393,0.12122133070379393
GSE41613,223,-0.007295246734118382,0.1066720355071007,-0.1066720355071007,0.0749912884126428,-0.0749912884126428
GSE41613,224,-0.005337378593394004,0.11689976558931348,-0.11689976558931348,0.09860402721699157,-0.09860402721699157
GSE41613,225,-0.0072050792975147104,0.11546354805941877,-0.11546354805941877,0.08009015295033683,-0.08009015295033683
GSE41613,226,-0.006825063092964684,0.11694019930597443,-0.11694019930597443,0.09492482380257894,-0.09492482380257894
GSE41613,227,-0.0048870249429139034,0.10770022376732452,-0.10770022376732452,0.1144241820892915,0.1144241820892915
GSE41613,228,-0.007771579594028605,0.1196033155594397,-0.1196033155594397,0.07972768710957012,-0.07972768710957012
GSE41613,229,-0.008728184256018762,0.12236593123062584,-0.12236593123062584,0.04642473254292445,-0.04642473254292434
GSE41613,230,-0.0027998874613760494,0.10793368287112931,-0.10793368287112931,0.12973873454601836,0.12973873454601836
GSE41613,231,-0.005856862502673976,0.10585929058992843,-0.10585929058992843,0.057905655803951905,-0.057905655803951905
GSE41613,232,-0.005423600177916044,0.12173139617538759,-0.12173139617538759,0.1077114540522841,0.04651944491731519
GSE41613,233,-0.00815488286144564,0.14087275958458617,-0.14087275958458617,0.08975052788545557,-0.08975052788545557
GSE41613,234,-0.004628713281921271,0.11320678830455999,-0.11320678830455999,0.12344991853366682,0.12344991853366682
GSE41613,235,-0.00455853285772756,0.11726907185358035,-0.11726907185358035,0.08858387972838788,-0.08858387972838788
GSE41613,236,-0.006471549833458878,0.12185030137974562,-0.12185030137974562,0.12692231823462263,0.12692231823462263
GSE41613,237,-0.004760045604108504,0.11352839083852129,-0.11352839083852129,0.08505902843437163,-0.08505902843437163
GSE41613,238,-0.005596335494904625,0.10918396433271804,-0.10918396433271804,0.10373117706065427,-0.029107482846836397
GSE41613,239,-0.0073537621842510725,0.13039339917984294,-0.13039339917984294,0.11172990587327547,0.11172990587327547
GSE41613,240,-0.008064811175029496,0.11169192686662066,-0.11169192686662066,0.046682395568029944,-0.04668239556802989
GSE41613,241,-0.003744430417159522,0.11882278426816562,-0.11882278426816562,0.12430855127282703,0.12430855127282703
GSE41613,242,-0.005912214618914863,0.12088783889978094,-0.12088783889978094,0.10026074021622255,-0.09504714690955707
GSE41613,243,-0.005137489099838577,0.1056557489274047,-0.1056557489274047,0.13704128868208842,0.13704128868208842
GSE41613,244,-0.008239535257546171,0.12008678586770372,-0.12008678586770372,0.07267312910269164,-0.07267312910269164
GSE41613,245,-0.0068059124195767595,0.11324396277104742,-0.11324396277104742,0.05992679512378207,-0.05992679512378207
GSE41613,246,-0.005363298086397489,0.10255218115737252,-0.10255218115737252,0.06537631747814254,-0.06537631747814254
GSE41613,247,-0.005823180029607522,0.11381715078109461,-0.11381715078109461,0.09660296550257186,-0.09660296550257186
GSE41613,248,-0.0034996113392585237,0.11504988830731983,-0.11504988830731983,0.11169385114414898,0.11169385114414898
GSE41613,249,-0.0045430582896332505,0.10767715541156803,-0.10767715541156803,0.1149752769475858,0.1149752769475858
GSE41613,250,-0.009934926001480437,0.12342729004392061,-0.12342729004392061,0.06683113906863414,-0.06683113906863414
GSE41613,251,-0.005070076811451246,0.10564082121206064,-0.10564082121206064,0.06986043004447662,-0.06986043004447662
GSE41613,252,-0.008122928705163124,0.11799747714706077,-0.11799747714706077,0.050026859131559465,-0.050026859131559465
GSE41613,253,-0.008823684321306147,0.11235801747905488,-0.11235801747905488,-0.01838024034952479,0.01838024034952479
GSE41613,254,-0.010081020362887216,0.13240764724814946,-0.13240764724814946,0.08663656783180895,-0.08663656783180895
GSE41613,255,-0.003373818503346865,0.11434772230721835,-0.11434772230721835,0.14766824817194313,0.14766824817194313
GSE41613,256,-0.009131711622810151,0.12902351112215593,-0.12902351112215593,0.08106270513235792,-0.08106270513235792
GSE41613,257,-0.005409915950679578,0.11253030180832835,-0.11253030180832835,0.08520917877830225,-0.08520917877830225
GSE41613,258,-0.0048764269454570075,0.10449613070751412,-0.10449613070751412,0.07273672393999897,-0.07273672393999897
GSE41613,259,-0.009269145601665668,0.13616197261913687,-0.13616197261913687,0.12583049171501903,0.12583049171501903
GSE41613,260,-0.003670797187892927,0.11036692573216023,-0.11036692573216023,0.12622299206715515,0.12622299206715515
GSE41613,261,-0.006699196136025015,0.11831664932333663,-0.11831664932333663,0.17256770411383648,0.17256770411383648
GSE41613,262,-0.0036044952367472183,0.103678920852699,-0.103678920852699,0.09719387115244671,-0.09719387115244671
GSE41613,263,-0.002463948238642627,0.10012017552045471,-0.10012017552045471,0.1399253552034423,0.1399253552034423
GSE41613,264,-0.005623654835354069,0.10726590184570661,-0.10726590184570661,0.10361607543455831,-0.031290554222445977
GSE41613,265,-0.009385203783423696,0.12277678389627789,-0.12277678389627789,0.08631442421780589,-0.08631442421780589
GSE41613,266,-0.0041900968803531835,0.11009600750537946,-0.11009600750537946,0.13922191870648737,0.13922191870648737
GSE41613,267,-0.010464877268249878,0.12679381961544522,-0.12679381961544522,0.08706431664012271,-0.08706431664012271
GSE41613,268,-0.004930437840015345,0.12286409389552905,-0.12286409389552905,0.12600754611335607,0.12600754611335607
GSE41613,269,-0.0054329834497607865,0.11194540585993146,-0.11194540585993146,0.10952536347475672,0.08097746794726868
GSE41613,270,-0.007257805887917829,0.11801174332395697,-0.11801174332395697,0.07006741116895698,-0.07006741116895698
GSE41613,271,-0.01212632749145684,0.12348922877286184,-0.12348922877286184,0.03032217539395793,-0.030322175393957873
GSE41613,272,-0.005873506065632611,0.11964738786407131,-0.11964738786407131,0.09725621529385742,-0.09725621529385742
GSE41613,273,-0.00595833596273318,0.11609971685427622,-0.11609971685427622,0.087152701485813,-0.087152701485813
GSE41613,274,-0.004205204720015621,0.10950934034995691,-0.10950934034995691,0.083240581003317,-0.083240581003317
GSE41613,275,-0.003245349104622597,0.11220090176166031,-0.11220090176166031,0.1736528102328876,0.1736528102328876
GSE41613,276,-0.006708216124858862,0.1060896696922482,-0.1060896696922482,0.05835481640066753,-0.05835481640066753
GSE41613,277,-0.008596521253063705,0.1253360229395427,-0.1253360229395427,0.10193000058294088,-0.06333095454190807
GSE41613,278,-0.011435946681992493,0.12550092940701596,-0.12550092940701596,0.04697001629183262,-0.04697001629183273
GSE41613,279,-0.006711396358128535,0.12603841960075468,-0.12603841960075468,0.09662836001409114,-0.09662836001409114
GSE41613,280,-0.006721206041943317,0.11849205286622183,-0.11849205286622183,0.09133894129469211,-0.09133894129469211
GSE41613,281,-0.006730889693697312,0.11541491093862333,-0.11541491093862333,,
GSE41613,282,-0.005367644325941973,0.11653220175946022,-0.11653220175946022,0.12929475462629014,0.12929475462629014
GSE41613,283,-0.009487359351193908,0.12288954531857443,-0.12288954531857443,0.0692734264497179,-0.0692734264497179
GSE41613,284,-0.008697926198440148,0.12028739316902998,-0.12028739316902998,0.04663260870189645,-0.04663260870189645
GSE41613,285,-0.0056645173700577145,0.11533065068354015,-0.11533065068354015,0.06838080510569045,-0.06838080510569045
GSE41613,286,-0.0075580019433833245,0.11627269975769683,-0.11627269975769683,0.08651170544632336,-0.08651170544632336
GSE41613,287,-0.005655065963732914,0.11783615505074913,-0.11783615505074913,0.11273601841255365,0.11273601841255365
GSE41613,288,-0.005478952967201828,0.1077538714811157,-0.1077538714811157,0.10768802480325324,0.04607317850647474
GSE41613,289,-0.007546232892112009,0.10053895830253456,-0.10053895830253456,-0.00813029440850438,0.008130294408504435
GSE41613,290,-0.009097542939000752,0.12419326555432353,-0.12419326555432353,0.04264598694455235,-0.04264598694455235
GSE41613,291,-0.003938728210180431,0.11550737668775862,-0.11550737668775862,0.14995698628125376,0.14995698628125376
GSE41613,292,-0.009872906116349611,0.1300550583029384,-0.1300550583029384,0.09518655202268345,-0.09518655202268345
GSE41613,293,-0.0046338818052368,0.10819160767795438,-0.10819160767795438,0.09787788466942182,-0.09787788466942182
GSE41613,294,-0.005715284074870597,0.11633870355422782,-0.11633870355422782,0.11316812827397116,0.11316812827397116
GSE41613,295,-0.005760033943444293,0.11166912816113339,-0.11166912816113339,0.09249632599615132,-0.09249632599615132
GSE41613,296,-0.006311254313158765,0.11523061330421491,-0.11523061330421491,0.10455658150136526,-0.013425229008190764
GSE41613,297,-0.00670184047840669,0.12445733777301587,-0.12445733777301587,0.10405736838477941,-0.022909128606908746
GSE41613,298,-0.005504588899252899,0.12025825775493271,-0.12025825775493271,0.15942889986866726,0.15942889986866726
GSE41613,299,-0.0067840477836585145,0.12644509788096536,-0.12644509788096536,0.14045940884114638,0.14045940884114638
GSE41613,300,-0.007927956550018572,0.11734512362548788,-0.11734512362548788,0.06586790349930627,-0.06586790349930627
GSE41613,301,-0.006588994795482334,0.1261331208307676,-0.1261331208307676,0.09556761832471128,-0.09556761832471128
GSE41613,302,-0.007498908607267707,0.11806158046565474,-0.11806158046565474,0.08702927745724998,-0.08702927745724998
GSE41613,303,-0.003764283492259185,0.11395932138358875,-0.11395932138358875,0.1066103927188008,0.025597507144274112
GSE41613,304,-0.00985402448745551,0.11608547753102105,-0.11608547753102105,0.034507093121097177,-0.03450709312109712
GSE41613,305,-0.004576922059091493,0.11837075630959387,-0.11837075630959387,0.15528361761426135,0.15528361761426135
GSE41613,306,-0.004839588807562051,0.11989051435307352,-0.11989051435307352,0.11256567736035206,0.11256567736035206
GSE41613,307,-0.005983194976776102,0.11843939029519701,-0.11843939029519701,0.11090238238052985,0.10714675300412535
GSE41613,308,-0.006587330391293333,0.10651457279189808,-0.10651457279189808,0.039714096358186735,-0.03971409635818679
GSE41613,309,-0.0035335824265879945,0.10581191392172318,-0.10581191392172318,0.0958435687186856,-0.0958435687186856
GSE41613,310,-0.007406482481094351,0.1160370868550597,-0.1160370868550597,0.07197316213521954,-0.07197316213521954
GSE41613,311,-0.004530713011330317,0.11180848054688769,-0.11180848054688769,0.09966108510028726,-0.09966108510028726
GSE41613,312,-0.0064399086783062665,0.1179456054239848,-0.1179456054239848,0.13634614762140562,0.13634614762140562
GSE41613,313,-0.005535234350961371,0.1191774544957005,-0.1191774544957005,0.11804165427551472,0.11804165427551472
GSE41613,314,-0.010335970544204848,0.13029325072782927,-0.13029325072782927,0.056577774072361864,-0.056577774072361864
GSE41613,315,-0.004315429590763004,0.103843155494664,-0.103843155494664,0.06693616148165082,-0.06693616148165082
GSE41613,316,-0.0029251464612616296,0.10939795957508391,-0.10939795957508391,0.139672749942912,0.139672749942912
GSE41613,317,-0.005351693152019776,0.11054786936275979,-0.11054786936275979,0.07966447178732128,-0.07966447178732128
GSE41613,318,-0.008474895089329054,0.13661303252936619,-0.13661303252936619,0.1559710540705328,0.1559710540705328
GSE41613,319,-0.0065196950576231205,0.11086079752238642,-0.11086079752238642,0.11945546949793817,0.11945546949793817
GSE41613,320,-0.0063481503392854854,0.10962441051241534,-0.10962441051241534,0.07887303965946069,-0.07887303965946069
GSE41613,321,-0.00517638955696767,0.11382007677161182,-0.11382007677161182,0.08797533804737045,-0.08797533804737045
GSE41613,322,-0.006924756809247784,0.1131123052849543,-0.1131123052849543,0.08024022105075457,-0.08024022105075457
GSE41613,323,-0.0049941144011744765,0.11230399457807616,-0.11230399457807616,0.12069231206530762,0.12069231206530762
GSE41613,324,-0.008921689658932613,0.12203291191166865,-0.12203291191166865,0.08987479473169913,-0.08987479473169913
GSE41613,325,-0.00707299330610478,0.11097465908491938,-0.11097465908491938,0.045605395198129506,-0.04560539519812945
GSE41613,326,-0.0032741750265151415,0.10869045330008764,-0.10869045330008764,0.1291457263426441,0.1291457263426441
GSE41613,327,-0.004212030949637069,0.11928157377547088,-0.11928157377547088,0.13811675362008602,0.13811675362008602
GSE41613,328,-0.005843575134201695,0.1222587197556283,-0.1222587197556283,0.10649568045204583,0.023420847236389042
GSE41613,329,-0.007068995880498002,0.11816020681517364,-0.11816020681517364,0.08948014962522488,-0.08948014962522488
GSE41613,330,-0.006908969025450268,0.10917305410190148,-0.10917305410190148,0.0760193686565992,-0.0760193686565992
GSE41613,331,-0.004689208569083281,0.10921151369567411,-0.10921151369567411,0.10453717561684106,-0.01379412021628601
GSE41613,332,-0.007204398431195885,0.11559550044781697,-0.11559550044781697,0.09429611990213838,-0.09429611990213838
GSE41613,333,-0.006775690736312179,0.11523252559219371,-0.11523252559219371,0.0779090856348782,-0.0779090856348782
GSE41613,334,-0.005628902653007445,0.09340854076993416,-0.09340854076993416,0.024182257093562892,-0.02418225709356292
GSE41613,335,-0.007421218141489966,0.11403243194824225,-0.11403243194824225,0.03818968665214917,-0.03818968665214917
GSE41613,336,-0.005180011421793251,0.10503382179175375,-0.10503382179175375,0.1030658878491687,-0.04174922926013236
GSE41613,337,-0.004552542862565012,0.10440351280659363,-0.10440351280659363,0.05553735149550032,-0.05553735149550032
GSE41613,338,-0.007588362864806908,0.12215967990625193,-0.12215967990625193,0.08543819313904921,-0.08543819313904921
GSE41613,339,-0.0050899718929778015,0.10335040780534582,-0.10335040780534582,0.09724440655470545,-0.09724440655470545
GSE41613,340,-0.004954509801460921,0.10738268066313683,-0.10738268066313683,0.07553966356483244,-0.07553966356483244
GSE41613,341,-0.0073486277276583745,0.11693903642246445,-0.11693903642246445,0.07646939091654492,-0.07646939091654492
GSE41613,342,-0.009505854028794142,0.1231114416536645,-0.1231114416536645,0.08290073122807651,-0.08290073122807651
GSE41613,343,-0.0068272868197146175,0.11068318238251806,-0.11068318238251806,0.0558977246941218,-0.0558977246941218
GSE41613,344,-0.008505582278345969,0.12511392217103312,-0.12511392217103312,0.07574205608103768,-0.07574205608103768
GSE41613,345,-0.003558969496498837,0.10468352564995215,-0.10468352564995215,0.10701974967509642,0.033375685935539856
GSE41613,346,-0.0057248472709496845,0.109839137293918,-0.109839137293918,0.05251025495278411,-0.05251025495278416
GSE41613,347,-0.010456689524687174,0.11896310036089675,-0.11896310036089675,0.0009404227817849126,-0.0009404227817849664
GSE41613,348,-0.0064997779804483735,0.10401901539560976,-0.10401901539560976,0.04240998852436417,-0.042409988524364284
GSE41613,349,-0.005416573643656136,0.1039054086289134,-0.1039054086289134,0.08698202652480258,-0.08698202652480258
GSE41613,350,-0.00423159653233246,0.10265003504298092,-0.10265003504298092,0.08439610036048284,-0.08439610036048284
GSE41613,351,-0.006164076413845365,0.11317230450394833,-0.11317230450394833,0.08731845052937581,-0.08731845052937581
GSE41613,352,-0.008345874330981856,0.11199380623701316,-0.11199380623701316,0.05099192788956697,-0.05099192788956697
GSE41613,353,-0.005849355395442457,0.12456945388617457,-0.12456945388617457,0.09643576695759104,-0.09643576695759104
GSE41613,354,-0.0021828948358457168,0.11246912490117217,-0.11246912490117217,0.189205343600781,0.189205343600781
GSE41613,355,-0.005443095836826617,0.11319813110149368,-0.11319813110149368,0.1156641125545963,0.1156641125545963
GSE41613,356,-0.006949552093529626,0.11060129441976202,-0.11060129441976202,0.05608766097706119,-0.05608766097706119
GSE41613,357,-0.008044059048294222,0.11333685339458677,-0.11333685339458677,0.0687638049704119,-0.0687638049704119
GSE41613,358,-0.009930806563977795,0.1246462615265771,-0.1246462615265771,0.04965209450850577,-0.04965209450850583
GSE41613,359,-0.005019505052072187,0.10915532502616282,-0.10915532502616282,0.06965189895808144,-0.06965189895808144
GSE41613,360,-0.00457884664856778,0.11437996083446711,-0.11437996083446711,0.09940422435525476,-0.09940422435525476
GSE41613,361,-0.004933563376030015,0.11892964453104088,-0.11892964453104088,0.08350200014771092,-0.08350200014771092
GSE41613,362,-0.010034721399758972,0.12245733040882656,-0.12245733040882656,0.06950023842009045,-0.06950023842009045
GSE41613,363,-0.006292317633797978,0.12172418828327258,-0.12172418828327258,,
GSE41613,364,-0.00635392694866721,0.1093783348484515,-0.1093783348484515,0.06115842650426273,-0.06115842650426273
GSE41613,365,-0.005605241612121503,0.11293808908280512,-0.11293808908280512,0.0747649387394328,-0.0747649387394328
GSE41613,366,-0.0022343803056100453,0.11402258880701299,-0.11402258880701299,0.151352934504551,0.151352934504551
GSE41613,367,-0.006945113116061052,0.11853248968918406,-0.11853248968918406,0.08942368287862346,-0.08942368287862346
GSE41613,368,-0.006270549256929464,0.11538500378671218,-0.11538500378671218,0.08564501158129345,-0.08564501158129345
GSE41613,369,-0.00640315831351751,0.11763301960283512,-0.11763301960283512,0.0938789556120142,-0.0938789556120142
GSE41613,370,-0.006257378071862024,0.11595438883295339,-0.11595438883295339,0.09906847310780365,-0.09906847310780365
GSE41613,371,-0.008388793290448754,0.11884104719466992,-0.11884104719466992,0.07278973773783615,-0.07278973773783615
GSE41613,372,-0.005344234889259447,0.11029044601522958,-0.11029044601522958,0.10231825838800579,-0.055954082002098504
GSE41613,373,-0.005631095444204204,0.10895215215359377,-0.10895215215359377,0.10781654831280807,0.048510398300601776
GSE41613,374,-0.005290529463162302,0.10890188088523461,-0.10890188088523461,0.08714878506554302,-0.08714878506554302
GSE41613,375,-0.008389668311922172,0.11170131105417913,-0.11170131105417913,,
GSE41613,376,-0.004310954309148934,0.11156567718635457,-0.11156567718635457,0.11976135002500388,0.11976135002500388
GSE41613,377,-0.008762761644520778,0.11543018491258883,-0.11543018491258883,0.08667168775389311,-0.08667168775389311
GSE41613,378,-0.007291052161972317,0.11978640255546424,-0.11978640255546424,0.11330443831562342,0.11330443831562342
GSE41613,379,-0.003830025282696381,0.1018694476910158,-0.1018694476910158,0.09693769094332394,-0.09693769094332394
GSE41613,380,-0.0033116816870411014,0.10866836312859957,-0.10866836312859957,0.12458957658263636,0.12458957658263636
GSE41613,381,-0.006430977591003306,0.10833654133466836,-0.10833654133466836,0.06631870323223255,-0.06631870323223255
GSE41613,382,-0.0028978884930664917,0.10816005365890313,-0.10816005365890313,0.1364858807239515,0.1364858807239515
GSE41613,383,-0.0064350354944135435,0.10771181419086961,-0.10771181419086961,0.045487154987637224,-0.045487154987637224
GSE41613,384,-0.005786324985145752,0.10400359666019132,-0.10400359666019132,0.055504917219395766,-0.055504917219395766
GSE41613,385,-0.010794180121626501,0.11146273293131592,-0.11146273293131592,0.012067929701482363,-0.012067929701482294
GSE41613,386,-0.009061456130496387,0.11498547085704064,-0.11498547085704064,0.0018403984588781855,-0.0018403984588781785
GSE41613,387,-0.00959113165793496,0.11735243666722084,-0.11735243666722084,0.041611329243039175,-0.04161132924303923
GSE41613,388,-0.008822633272120933,0.12128025612428828,-0.12128025612428828,0.06884056567517405,-0.06884056567517405
GSE41613,389,-0.009856760762798927,0.1171800504324575,-0.1171800504324575,0.047186894988937245,-0.047186894988937356
GSE41613,390,-0.010897717914843563,0.12400108538470522,-0.12400108538470522,0.033219196628352154,-0.033219196628352154
GSE41613,391,-0.003300267155284947,0.0903788992434642,-0.0903788992434642,0.07612684476963516,-0.07612684476963516
GSE41613,392,-0.007779384038217624,0.11490665246559473,-0.11490665246559473,0.0571679660803166,-0.0571679660803166
GSE41613,393,-0.004219830231983274,0.10413060825518661,-0.10413060825518661,0.12768079395732146,0.12768079395732146
GSE41613,394,-0.005997958642820461,0.10553154395897443,-0.10553154395897443,0.023234189050367393,-0.02323418905036745
GSE41613,395,-0.006428499084867034,0.10642362695220942,-0.10642362695220942,0.06945200239355609,-0.06945200239355609
GSE41613,396,-0.005489480967182381,0.11534359631697128,-0.11534359631697128,0.0908734477904023,-0.0908734477904023
GSE41613,397,-0.007651712121770626,0.11453724691373274,-0.11453724691373274,0.03829122938161739,-0.03829122938161733
GSE41613,398,-0.0045401356199340215,0.11235952861779586,-0.11235952861779586,0.10009730907358616,-0.09815399711783268
GSE41613,399,-0.005356805060721004,0.1202144908563546,-0.1202144908563546,0.13385684089447625,0.13385684089447625
GSE41613,400,-0.00507372244365098,0.11867464699312785,-0.11867464699312785,0.10242393716917153,-0.053944035544806646
GSE41613,401,-0.003882054777576971,0.11000408795214639,-0.11000408795214639,0.12601841249532963,0.12601841249532963
GSE41613,402,-0.004029096174057695,0.11537770251040613,-0.11537770251040613,0.13175626347186653,0.13175626347186653
GSE41613,403,-0.011725158599642072,0.13644319872929533,-0.13644319872929533,0.07371557925284644,-0.07371557925284644
GSE41613,404,-0.008074701291642339,0.1158836889737459,-0.1158836889737459,0.056710066837140416,-0.056710066837140416
GSE41613,405,-0.0014520957333498397,0.10400593172795933,-0.10400593172795933,0.13270968695069163,0.13270968695069163
GSE41613,406,-0.006677930924274739,0.12158712819612366,-0.12158712819612366,0.10582008646858743,0.010581089039400915
GSE41613,407,-0.006875806289859315,0.10004874737788488,-0.10004874737788488,0.007706570609908217,-0.007706570609908314
GSE41613,408,-0.01109453977309724,0.12663794341774615,-0.12663794341774615,0.04049001754062176,-0.04049001754062176
GSE41613,409,-0.002486761768384277,0.11062637277356197,-0.11062637277356197,0.1927943651183084,0.1927943651183084
GSE41613,410,-0.005806043903117425,0.11601794745222826,-0.11601794745222826,0.09022817648408799,-0.09022817648408799
GSE41613,411,-0.0072133171827527265,0.11560179347111121,-0.11560179347111121,0.07580657784733047,-0.07580657784733047
GSE41613,412,-0.005368005041410301,0.12293057690651837,-0.12293057690651837,0.13105410070164103,0.13105410070164103
GSE41613,413,-0.0070349365941133335,0.10457123110352978,-0.10457123110352978,0.037662323642846995,-0.03766232364284705
GSE41613,414,-0.013912781224802273,0.1305654767383303,-0.1305654767383303,0.010919197865604843,-0.010919197865604802
GSE41613,415,-0.005513590690848863,0.11572399331621752,-0.11572399331621752,0.08461856705265569,-0.08461856705265569
GSE41613,416,-0.004396621312117099,0.0998849968879082,-0.0998849968879082,0.09009836540975258,-0.09009836540975258
GSE41613,417,-0.006764025643488353,0.11969085104956645,-0.11969085104956645,0.12339449687802029,0.12339449687802029
GSE41613,418,-0.0038807814472087143,0.10588461330530119,-0.10588461330530119,0.10569475902725434,0.00819915261776516
GSE41613,419,-0.006161793625393125,0.11785048482502752,-0.11785048482502752,0.09339541179303823,-0.09339541179303823
GSE41613,420,-0.003051450686719831,0.10390414887594046,-0.10390414887594046,0.10020318554187779,-0.09614439600049207
GSE41613,421,-0.005964710499886339,0.12345270249293067,-0.12345270249293067,0.09101183891612874,-0.09101183891612874
GSE41613,422,-0.0025393529790725677,0.10988244004315684,-0.10988244004315684,0.17705523895376873,0.17705523895376873
GSE41613,423,-0.006014061256647496,0.11197438326826209,-0.11197438326826209,0.0791361201962466,-0.0791361201962466
GSE41613,424,-0.008744650907859558,0.11828342819138793,-0.11828342819138793,0.0527712498294961,-0.0527712498294961
GSE41613,425,-0.010496264471004657,0.12850646351454387,-0.12850646351454387,0.05682483481560541,-0.05682483481560541
GSE41613,426,-0.008417578240328405,0.11830389301391309,-0.11830389301391309,0.068294286178184,-0.068294286178184
GSE41613,427,-0.007116335384358269,0.11213905075862651,-0.11213905075862651,0.10980532140611454,0.08629711136370166
GSE41613,428,-0.005960407388671013,0.11110327267531217,-0.11110327267531217,0.06649707365526447,-0.06649707365526447
GSE41613,429,-0.005564408897080403,0.10598491837328161,-0.10598491837328161,0.10251910999077007,-0.05213552868191651
GSE41613,430,-0.005798263297679324,0.11739699211882082,-0.11739699211882082,0.06763913364840979,-0.06763913364840979
GSE41613,431,-0.007861414928202082,0.11901612352687962,-0.11901612352687962,0.08785566100066078,-0.08785566100066078
GSE41613,432,-0.0077865349424609265,0.11981648890081065,-0.11981648890081065,0.11225184487973361,0.11225184487973361
GSE41613,433,-0.008160463531640627,0.11729224628180535,-0.11729224628180535,0.06685627335627975,-0.06685627335627975
GSE41613,434,-0.007151216350072098,0.12385748801098445,-0.12385748801098445,0.09894046184149174,-0.09894046184149174
GSE41613,435,-0.004571730937368068,0.11231448660999058,-0.11231448660999058,0.08127532437281004,-0.08127532437281004
GSE41613,436,-0.002872362335363504,0.10605949231034034,-0.10605949231034034,0.13753698144006,0.13753698144006
GSE41613,437,-0.010559951661162609,0.12235952311646658,-0.12235952311646658,0.04227126598839759,-0.04227126598839759
GSE41613,438,-0.002790306681385385,0.11165099301280407,-0.11165099301280407,0.15358008237300447,0.15358008237300447
GSE41613,439,-0.010216981320094326,0.12669251125657321,-0.12669251125657321,0.06971976709211258,-0.06971976709211258
GSE41613,440,-0.005011819412979929,0.10863006331414732,-0.10863006331414732,0.11811014324717983,0.11811014324717983
GSE41613,441,-0.004247908130025652,0.11254238581242904,-0.11254238581242904,0.12813871117917008,0.12813871117917008
GSE41613,442,-0.004960175689280311,0.10779550910455438,-0.10779550910455438,0.08860904816586068,-0.08860904816586068
GSE41613,443,-0.005266809110987619,0.10978496943407967,-0.10978496943407967,0.07489272806729808,-0.07489272806729808
GSE41613,444,-0.005985413689667957,0.12334735790700191,-0.12334735790700191,0.15436192116909098,0.15436192116909098
GSE41613,445,-0.00829682679096877,0.12263927220408366,-0.12263927220408366,0.14656466003455826,0.14656466003455826
GSE41613,446,-0.00895797453784683,0.13472443638200715,-0.13472443638200715,0.19202902038183112,0.19202902038183112
GSE41613,447,-0.006498355409943313,0.10155978491665668,-0.10155978491665668,0.02872466659330236,-0.028724666593302306
GSE41613,448,-0.0071665524819242155,0.11426418545087191,-0.11426418545087191,0.0837006881844149,-0.0837006881844149
GSE41613,449,-0.0025918758805240083,0.10775008390804885,-0.10775008390804885,0.14148445672870413,0.14148445672870413
GSE41613,450,-0.007434755342752231,0.11039861866221184,-0.11039861866221184,0.03776382596268324,-0.03776382596268313
GSE41613,451,-0.008380178496480817,0.11302083258857976,-0.11302083258857976,0.04224821826785369,-0.04224821826785374
GSE41613,452,-0.004794284027607537,0.10375765696737854,-0.10375765696737854,0.0903170172780633,-0.0903170172780633
GSE41613,453,-0.0034433079794319033,0.09951762716728041,-0.09951762716728041,0.08415383163969892,-0.08415383163969892
GSE41613,454,-0.006334613843249709,0.11004817336486994,-0.11004817336486994,0.08114401368893964,-0.08114401368893964
GSE41613,455,-0.004264700900854124,0.11452546348797521,-0.11452546348797521,0.1229378778340624,0.1229378778340624
GSE41613,456,-0.004654477569102283,0.10912370881432176,-0.10912370881432176,0.07918812793921248,-0.07918812793921248
GSE41613,457,-0.006152937001273118,0.12450159831648339,-0.12450159831648339,0.11008678229707991,0.09164739890965912
GSE41613,458,-0.005207520758830658,0.10963693835004346,-0.10963693835004346,0.1016623761948553,-0.06841477273812957
GSE41613,459,-0.0054778547852546156,0.11850453100828756,-0.11850453100828756,0.11708074126788448,0.11708074126788448
GSE41613,460,-0.008162830719660702,0.11556967322520373,-0.11556967322520373,0.04934810327747008,-0.04934810327747008
GSE41613,461,-0.006989556577984335,0.11354812745906051,-0.11354812745906051,0.12709906948382899,0.12709906948382899
GSE41613,462,-0.008562011899449884,0.11122464674102,-0.11122464674102,0.027467942752936264,-0.027467942752936292
GSE41613,463,-0.007228752451190118,0.10997931804208738,-0.10997931804208738,0.07556067882634909,-0.07556067882634909
GSE41613,464,-0.0037250505759363894,0.11350582261816305,-0.11350582261816305,0.1517050858345672,0.1517050858345672
GSE41613,465,-0.007706363862742843,0.1132721989655654,-0.1132721989655654,0.07673711143221473,-0.07673711143221473
GSE41613,466,-0.00750741504676139,0.12335059775623303,-0.12335059775623303,0.1053941096776373,0.002489050531994219
GSE41613,467,-0.003757366840280829,0.11186362421989463,-0.11186362421989463,0.0812386541759702,-0.0812386541759702
GSE41613,468,-0.004865978476364441,0.11261648258875867,-0.11261648258875867,0.07631023686206573,-0.07631023686206573
GSE41613,469,-0.008355904601304642,0.11935423946244361,-0.11935423946244361,0.0600787083256169,-0.0600787083256169
GSE41613,470,-0.004732976526723859,0.10512992702277002,-0.10512992702277002,0.09219135401030187,-0.09219135401030187
GSE41613,471,-0.009475204754179428,0.12246700171518032,-0.12246700171518032,0.07212955623030526,-0.07212955623030526
GSE41613,472,-0.005751948356190362,0.10508226485739086,-0.10508226485739086,0.09152748588645532,-0.09152748588645532
GSE41613,473,-0.004124893213385716,0.10685672388702849,-0.10685672388702849,0.11606607524453061,0.11606607524453061
GSE41613,474,-0.007036410778984786,0.1239179174689628,-0.1239179174689628,0.09776987626183664,-0.09776987626183664
GSE41613,475,-0.0026433863371331245,0.10963458551090324,-0.10963458551090324,0.127272832736125,0.127272832736125
GSE41613,476,-0.006100518341153133,0.11483942448340562,-0.11483942448340562,0.08304294037144111,-0.08304294037144111
GSE41613,477,-0.00555264100472691,0.11231042131534957,-0.11231042131534957,0.09600482825686307,-0.09600482825686307
GSE41613,478,-0.005672017807535457,0.1061601969376853,-0.1061601969376853,0.08056437113511472,-0.08056437113511472
GSE41613,479,-0.006884927235079857,0.10856620154997354,-0.10856620154997354,0.03831932897754997,-0.03831932897754986
GSE41613,480,-0.004430499549680528,0.1132458600828335,-0.1132458600828335,0.10270776702453166,-0.048554683217732486
GSE41613,481,-0.0072780885247075155,0.11422188657343668,-0.11422188657343668,0.07137845698217749,-0.07137845698217749
GSE41613,482,-0.008135579831582446,0.12147633979328809,-0.12147633979328809,0.0816267551906239,-0.0816267551906239
GSE41613,483,-0.008690460311055859,0.12394823985968806,-0.12394823985968806,0.07010043284932388,-0.07010043284932388
GSE41613,484,-0.00769385254312091,0.11334664403924866,-0.11334664403924866,0.04263177969091425,-0.04263177969091436
GSE41613,485,-0.009364538202122213,0.11950255307445656,-0.11950255307445656,0.07872332183360897,-0.07872332183360897
GSE41613,486,-0.0044654978310949,0.1187536670528927,-0.1187536670528927,0.14335518093763455,0.14335518093763455
GSE41613,487,-0.004161666449452733,0.10699132711200365,-0.10699132711200365,0.10250017389481081,-0.05249928484328348
GSE41613,488,-0.005635487349759355,0.11758967954641353,-0.11758967954641353,0.15021254849182064,0.15021254849182064
GSE41613,489,-0.00892833162325296,0.12449141013824983,-0.12449141013824983,0.06755581506845121,-0.06755581506845121
GSE41613,490,-0.00999141917111579,0.131124160718203,-0.131124160718203,0.12194510679200143,0.12194510679200143
GSE41613,491,-0.012312569010930474,0.1320022215154797,-0.1320022215154797,0.06184037425744349,-0.06184037425744349
GSE41613,492,-0.010493783931380174,0.11911871992378364,-0.11911871992378364,0.04913293570195376,-0.04913293570195365
GSE41613,493,-0.006669949548967574,0.110133958548565,-0.110133958548565,0.10150656604374775,-0.07137423851832447
GSE41613,494,-0.009052129468256481,0.11316629039143494,-0.11316629039143494,0.02092172082978752,-0.020921720829787493
GSE41613,495,-0.007243647963987326,0.11577056882912368,-0.11577056882912368,0.07035021676494935,-0.07035021676494935
GSE41613,496,-0.008486833823710932,0.1190351140467083,-0.1190351140467083,0.1235628477447186,0.1235628477447186
GSE41613,497,-0.0026641533765768277,0.10348500219146389,-0.10348500219146389,0.11266523395218031,0.11266523395218031
GSE41613,498,-0.010408986541236953,0.13379631493493338,-0.13379631493493338,0.0698958337363702,-0.0698958337363702
GSE41613,499,-0.005028885206606659,0.11944374902426053,-0.11944374902426053,0.12280557409944848,0.12280557409944848
GSE41613,500,-0.01110226928382338,0.11941409485790266,-0.11941409485790266,0.043728873719734274,-0.04372887371973433
GSE41613,501,-0.002615676809508527,0.1055023326881449,-0.1055023326881449,0.12321661742373613,0.12321661742373613
GSE41613,502,-0.0036283778994131433,0.12254172635001837,-0.12254172635001837,0.16905700838742344,0.16905700838742344
GSE41613,503,-0.003368272095418512,0.1047124730117677,-0.1047124730117677,0.10487562456636301,-0.007361960992429251
GSE41613,504,-0.005631970483624349,0.11628741837157688,-0.11628741837157688,0.06734860139294929,-0.06734860139294929
GSE41613,505,-0.009420358269828372,0.11776900810992974,-0.11776900810992974,0.008153801505480701,-0.008153801505480729
GSE41613,506,-0.006130285574740241,0.12037100272215706,-0.12037100272215706,0.12494925025523362,0.12494925025523362
GSE41613,507,-0.005386647048045201,0.11108458590642506,-0.11108458590642506,0.08511821552546606,-0.08511821552546606
GSE41613,508,-0.006847747435189094,0.12239923183767265,-0.12239923183767265,0.13910850798936547,0.13910850798936547
GSE41613,509,-0.006072281780593131,0.11263055718833015,-0.11263055718833015,0.11491934883742738,0.11491934883742738
GSE41613,510,-0.0036109559042911687,0.11398432410916709,-0.11398432410916709,0.13671726258381534,0.13671726258381534
GSE41613,511,-0.008131013146619681,0.11547017997483866,-0.11547017997483866,0.0705577321623646,-0.0705577321623646
GSE41613,512,-0.005956398357630871,0.11560513130670491,-0.11560513130670491,0.12473821300799504,0.12473821300799504
GSE41613,513,-0.005215627093000441,0.1052101288121422,-0.1052101288121422,0.08995442795356434,-0.08995442795356434
GSE41613,514,-0.004546982438331237,0.11084005792774268,-0.11084005792774268,0.061714391714352335,-0.061714391714352335
GSE41613,515,-0.006747388822407663,0.1214537708203075,-0.1214537708203075,0.12757503842069484,0.12757503842069484
GSE41613,516,-0.005564296809872221,0.10338890558012401,-0.10338890558012401,0.05418421458197992,-0.05418421458197997
GSE41613,517,-0.008594597416739597,0.1162886425752403,-0.1162886425752403,0.06373558106028743,-0.06373558106028743
GSE41613,518,-0.009301922346968167,0.11740042268642431,-0.11740042268642431,0.030286977611671595,-0.03028697761167165
GSE41613,519,-0.0073921794812659425,0.12176766104674253,-0.12176766104674253,0.10957210281291441,0.08186970030815499
GSE41613,520,-0.008513114583942244,0.11036627365860152,-0.11036627365860152,0.022890727736010585,-0.02289072773601053
GSE41613,521,-0.009937587857530128,0.11838511649610517,-0.11838511649610517,0.04510789383823821,-0.04510789383823821
GSE41613,522,-0.0013246044764461673,0.10777690056848362,-0.10777690056848362,0.1221606265194255,0.1221606265194255
GSE41613,523,-0.008878313858759118,0.12209458459169265,-0.12209458459169265,0.10068366408940987,-0.08701087105806027
GSE41613,524,-0.004471929456066892,0.11132038252874427,-0.11132038252874427,0.10248288477801837,-0.05282656065034952
GSE41613,525,-0.0067081948579663375,0.11109114155376415,-0.11109114155376415,0.05333432176957631,-0.05333432176957631
GSE41613,526,-0.005231624094643478,0.11073819171356997,-0.11073819171356997,0.09443369484870168,-0.09443369484870168
GSE41613,527,-0.00737635855647506,0.11535856951877899,-0.11535856951877899,0.10394656403897629,-0.02501700110965044
GSE41613,528,-0.006518604030116615,0.10000619705647568,-0.10000619705647568,0.04128260987243654,-0.04128260987243648
GSE41613,529,-0.007367804610901918,0.11932578127672633,-0.11932578127672633,0.0906176078049371,-0.0906176078049371
GSE41613,530,-0.00834374956370812,0.11245864192573585,-0.11245864192573585,0.04798197916026359,-0.04798197916026359
GSE41613,531,-0.009279005401977958,0.12252957559160649,-0.12252957559160649,0.07381720620290289,-0.07381720620290289
GSE41613,532,-0.005874570427396086,0.11530284713882588,-0.11530284713882588,0.09960370673108809,-0.09960370673108809
GSE41613,533,-0.004586036811284139,0.1162176749167883,-0.1162176749167883,0.12733723573552624,0.12733723573552624
GSE41613,534,-0.006437474865595677,0.10526284718523837,-0.10526284718523837,0.0909458922199311,-0.0909458922199311
GSE41613,535,-0.007108708699392258,0.11200693877912848,-0.11200693877912848,0.04917717787502279,-0.04917717787502274
GSE41613,536,-0.004834013377366442,0.10887566665213405,-0.10887566665213405,0.105435558848059,0.0032762319004139284
GSE41613,537,-0.00484953753852857,0.10759406003681171,-0.10759406003681171,0.15640740070408454,0.15640740070408454
GSE41613,538,-0.005401384268264808,0.11980640351703209,-0.11980640351703209,0.0925129905216765,-0.0925129905216765
GSE41613,539,-0.002570177013527297,0.10471134846113755,-0.10471134846113755,0.15980509593740333,0.15980509593740333
GSE41613,540,-0.006937345654820404,0.11940153147831722,-0.11940153147831722,0.09749444897495152,-0.09749444897495152
GSE41613,541,-0.005168292814346803,0.11421599328282994,-0.11421599328282994,0.13610254412892764,0.13610254412892764
GSE41613,542,-0.005108093580624168,0.11620329882748048,-0.11620329882748048,0.10841574884076366,0.05989690708041617
GSE41613,543,9.537184364633022e-05,0.10191778484060435,-0.10191778484060435,0.16355176848888986,0.16355176848888986
GSE41613,544,-0.0053526743546551125,0.10912240610069152,-0.10912240610069152,0.0996515078161282,-0.0996515078161282
GSE41613,545,-0.005010852501257601,0.10125663046637162,-0.10125663046637162,0.08275295879421607,-0.08275295879421607
GSE41613,546,-0.008812015119129935,0.11187573029915077,-0.11187573029915077,0.06159004284143099,-0.06159004284143099
GSE41613,547,-0.008995539584897766,0.12446859170296298,-0.12446859170296298,0.04714223188533234,-0.0471422318853324
GSE41613,548,-0.005137841187079106,0.10466117628456423,-0.10466117628456423,0.0749504378285909,-0.0749504378285909
GSE41613,549,-0.0052797929744573535,0.10122557304174012,-0.10122557304174012,0.07390272341865789,-0.07390272341865789
GSE41613,550,-0.0037740120388433385,0.10411120561130599,-0.10411120561130599,0.09861210506364904,-0.09861210506364904
GSE41613,551,-0.003780041394306849,0.10640110513179335,-0.10640110513179335,0.11084768718311855,0.10610380012415943
GSE41613,552,-0.008160534723049867,0.12016741891573379,-0.12016741891573379,0.07358615176770189,-0.07358615176770189
GSE41613,553,-0.005356440783527899,0.10815339385786621,-0.10815339385786621,0.07389351629629615,-0.07389351629629615
GSE41613,554,-0.008344921729923793,0.12145874909153997,-0.12145874909153997,0.07253171248045154,-0.07253171248045154
GSE41613,555,-0.009578584989541561,0.121545647016996,-0.121545647016996,0.06914610381607289,-0.06914610381607289
GSE41613,556,-0.009478025919805372,0.11316640376246323,-0.11316640376246323,0.04386931571163122,-0.04386931571163122
GSE41613,557,-0.008275194646815365,0.11695533940513037,-0.11695533940513037,0.06712546991206259,-0.06712546991206259
GSE41613,558,-0.006663247354838642,0.1109583969796013,-0.1109583969796013,0.0679067034653894,-0.0679067034653894
GSE41613,559,-0.0048269372472074246,0.10434937952055887,-0.10434937952055887,0.06362113277815318,-0.06362113277815318
GSE41613,560,-0.005171210222345957,0.11646891428359263,-0.11646891428359263,0.11341057475687677,0.11341057475687677
GSE41613,561,-0.003840502578108501,0.11405229136946826,-0.11405229136946826,0.16752716391140599,0.16752716391140599
GSE41613,562,-0.003366168382439,0.10290393291937204,-0.10290393291937204,0.06412888692189322,-0.06412888692189322
GSE41613,563,-0.0071006433354526555,0.10822165333460565,-0.10822165333460565,0.052495972118377365,-0.05249597211837742
GSE41613,564,-0.011310596902614212,0.1316123376014367,-0.1316123376014367,0.03297366419332226,-0.03297366419332226
GSE41613,565,-0.0036836895333248187,0.10851671036420585,-0.10851671036420585,0.11593658962171016,0.11593658962171016
GSE41613,566,-0.006185885335989849,0.10872022940386739,-0.10872022940386739,0.08198241920520954,-0.08198241920520954
GSE41613,567,-0.007258161046388295,0.11336351760343544,-0.11336351760343544,0.09601286593746194,-0.09601286593746194
GSE41613,568,-0.008204731261487491,0.1260277882290226,-0.1260277882290226,0.10688333354905089,0.030780561295128628
GSE41613,569,-0.00878700214766212,0.11742762728925704,-0.11742762728925704,0.05022955184307748,-0.050229551843077425
GSE41613,570,-0.007758441712675174,0.11609204389031769,-0.11609204389031769,0.04974459859475766,-0.04974459859475766
GSE41613,571,-0.0058209044317911185,0.1278768780476478,-0.1278768780476478,0.13535593911309252,0.13535593911309252
GSE41613,572,-0.005059094338758896,0.11027883024393192,-0.11027883024393192,0.09982956934339038,-0.09982956934339038
GSE41613,573,-0.00819763046071223,0.13008872504310431,-0.13008872504310431,0.11541354557922867,0.11541354557922867
GSE41613,574,-0.0033484438111601733,0.09646001415712854,-0.09646001415712854,0.08628200451649581,-0.08628200451649581
GSE41613,575,-0.01062340647432436,0.11339750605928833,-0.11339750605928833,0.005290337068388329,-0.005290337068388329
GSE41613,576,-0.006600661050059992,0.12375611468087577,-0.12375611468087577,0.1263615728873233,0.1263615728873233
GSE41613,577,-0.009420000046424515,0.11936368010762477,-0.11936368010762477,0.02733516677485251,-0.027335166774852482
GSE41613,578,-0.003902681290106208,0.1093411841804165,-0.1093411841804165,0.09612991874632715,-0.09612991874632715
GSE41613,579,-0.007340967596167064,0.12210807364150889,-0.12210807364150889,0.12509191268600195,0.12509191268600195
GSE41613,580,-0.0058320652519549265,0.11598651129451232,-0.11598651129451232,0.06869690925664962,-0.06869690925664962
GSE41613,581,-0.0033373324018292905,0.10550036966647774,-0.10550036966647774,0.09967764320052597,-0.09967764320052597
GSE41613,582,-0.007638093847614991,0.11971072381182013,-0.11971072381182013,0.09512908828543742,-0.09512908828543742
GSE41613,583,-0.008896011906232654,0.12237303107103459,-0.12237303107103459,0.06022406494360866,-0.06022406494360866
GSE41613,584,-0.006408337289264432,0.1088265409940935,-0.1088265409940935,0.05966886025715101,-0.05966886025715101
GSE41613,585,-0.002872248103743924,0.1080752608187108,-0.1080752608187108,0.11588761774658551,0.11588761774658551
GSE41613,586,-0.003491635702124324,0.10871795174968618,-0.10871795174968618,0.12722882796271517,0.12722882796271517
GSE41613,587,-0.007157889054198563,0.10988331574044341,-0.10988331574044341,0.06792551757169873,-0.06792551757169873
GSE41613,588,-0.006987546170169501,0.11754571687346516,-0.11754571687346516,0.10657230232288306,0.024873293544918074
GSE41613,589,-0.007493304991807337,0.1269487768386205,-0.1269487768386205,0.14934501874190875,0.14934501874190875
GSE41613,590,-0.005811521689025628,0.11062349011608563,-0.11062349011608563,0.08929962484183895,-0.08929962484183895
GSE41613,591,-0.008102985017671732,0.1090425348209717,-0.1090425348209717,0.038091214567482046,-0.0380912145674821
GSE41613,592,-0.006406059366776823,0.11090921910167928,-0.11090921910167928,0.07679950418933457,-0.07679950418933457
GSE41613,593,-0.00630649690791088,0.11417233265678062,-0.11417233265678062,0.10522334727868066,-0.0007545830009526577
GSE41613,594,-0.004271969213534954,0.11208122102625057,-0.11208122102625057,0.10751594804579512,0.042803702157067636
GSE41613,595,-0.005047621129698504,0.10996475225537644,-0.10996475225537644,0.06588189884448514,-0.06588189884448514
GSE41613,596,-0.00818603619136038,0.10935621232598841,-0.10935621232598841,0.032707158370001155,-0.032707158370001155
GSE41613,597,-0.0032738187676815966,0.1098712549673192,-0.1098712549673192,,
GSE41613,598,-0.003958287052737486,0.11214977058319997,-0.11214977058319997,0.11276033435133281,0.11276033435133281
GSE41613,599,-0.006727611052464777,0.12524231083895987,-0.12524231083895987,0.11467318097009027,0.11467318097009027
GSE41613,600,-0.0028861265875745334,0.10369096516079204,-0.10369096516079204,0.1023906571247668,-0.05457577532899949
GSE41613,601,-0.004213741905167212,0.10901376878853153,-0.10901376878853153,0.11017821162309893,0.09338317821060738
GSE41613,602,-0.0048624898440491615,0.10428492793822713,-0.10428492793822713,0.09577017642006558,-0.09577017642006558
GSE41613,603,-0.007184215362315477,0.11504977456308318,-0.11504977456308318,0.08031891939253533,-0.08031891939253533
GSE41613,604,-0.006103562239959864,0.12509315995410286,-0.12509315995410286,0.15029878553557618,0.15029878553557618
GSE41613,605,-0.009126274949232793,0.11163372695845619,-0.11163372695845619,0.02846287150870508,-0.02846287150870519
GSE41613,606,-0.0019169764780961052,0.0995166756639202,-0.0995166756639202,0.09936616692018296,-0.09936616692018296
GSE41613,607,-0.009519912195274843,0.1400639530461133,-0.1400639530461133,0.15661237714134169,0.15661237714134169
GSE41613,608,-0.00688656996066489,0.10336239811285908,-0.10336239811285908,0.08036808308870003,-0.08036808308870003
GSE41613,609,-0.006156499212486316,0.12081120185709715,-0.12081120185709715,0.10201046948762238,-0.06180324966216799
GSE41613,610,-0.010713855301256459,0.12775591982453904,-0.12775591982453904,0.04007842338557027,-0.04007842338557022
GSE41613,611,-0.0053765104583045065,0.10844704636671604,-0.10844704636671604,0.05141762839067138,-0.05141762839067143
GSE41613,612,-0.0062744638445504375,0.1175782263960099,-0.1175782263960099,0.07474716822113314,-0.07474716822113314
GSE41613,613,-0.004279353718312701,0.11384974677615378,-0.11384974677615378,0.10178933322440342,-0.06600097397519333
GSE41613,614,-0.00885888780743549,0.11124705030638715,-0.11124705030638715,0.0814895100480304,-0.0814895100480304
GSE41613,615,-0.0006975977519948218,0.10505555272088726,-0.10505555272088726,0.14017553911440106,0.14017553911440106
GSE41613,616,-0.009561554863790428,0.1217681657409726,-0.1217681657409726,0.082200670487528,-0.082200670487528
GSE41613,617,-0.0034067493623063105,0.10541953082160171,-0.10541953082160171,0.1295359823942428,0.1295359823942428
GSE41613,618,-0.003931728563817877,0.10239750224933192,-0.10239750224933192,0.09752474805491917,-0.09752474805491917
GSE41613,619,-0.006234345089606547,0.12239112268110097,-0.12239112268110097,0.13601834966521498,0.13601834966521498
GSE41613,620,-0.007582118820069372,0.11485865809998341,-0.11485865809998341,0.0734541895172004,-0.0734541895172004
GSE41613,621,-0.004789692924773825,0.11675033931320217,-0.11675033931320217,0.12446345798689973,0.12446345798689973
GSE41613,622,-0.006473899388159149,0.12070629932650323,-0.12070629932650323,0.12482102898017833,0.12482102898017833
GSE41613,623,-0.006375178796235614,0.11035517009980694,-0.11035517009980694,0.05151922548090254,-0.051519225480902486
GSE41613,624,-0.007585900278518548,0.12112480136036252,-0.12112480136036252,0.16795826373727385,0.16795826373727385
GSE41613,625,-0.010418630515739297,0.11590265334883687,-0.11590265334883687,0.026534910786116805,-0.026534910786116805
GSE41613,626,-0.008064793646574198,0.12729050583636403,-0.12729050583636403,0.10022770762835664,-0.0956730564659436
GSE41613,627,-0.003832445799481221,0.10648474345103931,-0.10648474345103931,0.10140007856785949,-0.07339892894393274
GSE41613,628,-0.00519549506126285,0.10883093848222763,-0.10883093848222763,0.07495599289418708,-0.07495599289418708
GSE41613,629,-0.003985702095674698,0.1079594818424322,-0.1079594818424322,0.08189160103486914,-0.08189160103486914
GSE41613,630,-0.002290853338190124,0.10479720099455336,-0.10479720099455336,0.13659613036520102,0.13659613036520102
GSE41613,631,-0.008413612460046849,0.11818651294716376,-0.11818651294716376,0.08867783902527371,-0.08867783902527371
GSE41613,632,-0.009595191929071878,0.1207261883942406,-0.1207261883942406,0.030744023114202657,-0.030744023114202657
GSE41613,633,-0.004395929402375348,0.10502323669319275,-0.10502323669319275,0.07883603975419795,-0.07883603975419795
GSE41613,634,-0.009452416950313042,0.12441952781587562,-0.12441952781587562,0.09372537839504291,-0.09372537839504291
GSE41613,635,-0.0062090419124104235,0.10985116620068397,-0.10985116620068397,0.04833323818597324,-0.04833323818597335
GSE41613,636,-0.005095033529680659,0.10958826368239222,-0.10958826368239222,0.10128297628778138,-0.07562372309620913
GSE41613,637,-0.007657636440306759,0.11140314212926006,-0.11140314212926006,0.0784959720506212,-0.0784959720506212
GSE41613,638,-0.0038023856834858705,0.11604568468702997,-0.11604568468702997,0.15010997285274352,0.15010997285274352
GSE41613,639,-0.005325425547511253,0.11142381833957149,-0.11142381833957149,0.10886055270435957,0.0683512525903236
GSE41613,640,-0.009977540680641023,0.11140752000982612,-0.11140752000982612,0.013552333777280046,-0.013552333777280046
GSE41613,641,-0.003520874674836194,0.11746391996892214,-0.11746391996892214,0.13584649031851015,0.13584649031851015
GSE41613,642,-0.009647800680955776,0.12301889866908755,-0.12301889866908755,0.09978484564656243,-0.09978484564656243
GSE41613,643,-0.003706881051099703,0.10963540358803825,-0.10963540358803825,0.12848612891986244,0.12848612891986244
GSE41613,644,-0.009386000874382017,0.11335391292984998,-0.11335391292984998,0.046904674747184294,-0.046904674747184294
GSE41613,645,-0.0036330579952859043,0.1063620242022652,-0.1063620242022652,0.10421916156272659,-0.019833447240222624
GSE41613,646,-0.006252646612781243,0.10937823342230601,-0.10937823342230601,0.08108906165134311,-0.08108906165134311
GSE41613,647,-0.002740501647783944,0.09741808511745356,-0.09741808511745356,0.10974005113495133,0.08506532920844201
GSE41613,648,-0.0017637281702863328,0.10491229160875584,-0.10491229160875584,0.12824556303162127,0.12824556303162127
GSE41613,649,-0.005311829014276487,0.12300018563456339,-0.12300018563456339,0.11612543982132784,0.11612543982132784
GSE41613,650,-0.009482077886392576,0.12916479761639454,-0.12916479761639454,0.11983138052731679,0.11983138052731679
GSE41613,651,-0.007100045759429657,0.11165096010949316,-0.11165096010949316,0.07425608785696602,-0.07425608785696602
GSE41613,652,-0.0010905793380649176,0.10904723219418189,-0.10904723219418189,,
GSE41613,653,-0.0035347983828394325,0.10043202936648982,-0.10043202936648982,0.08504095866763761,-0.08504095866763761
GSE41613,654,-0.004000526874491456,0.11396330749787037,-0.11396330749787037,0.10229884746365903,-0.05631975956441382
GSE41613,655,-0.009985060625439773,0.12497655274047048,-0.12497655274047048,0.051704022437440045,-0.05170402243743999
GSE41613,656,-0.004344212233280104,0.11002670549424126,-0.11002670549424126,0.11167107778301522,0.11167107778301522
GSE41613,657,-0.005666371885718585,0.11507034014308598,-0.11507034014308598,0.07435244340948666,-0.07435244340948666
GSE41613,658,-0.004883161448622025,0.1012348972059598,-0.1012348972059598,0.09112414080469688,-0.09112414080469688
GSE41613,659,-0.007231436391029411,0.11098823067307312,-0.11098823067307312,0.07005927591670358,-0.07005927591670358
GSE41613,660,-0.008830284350767492,0.11938860186522815,-0.11938860186522815,0.050467430542438796,-0.05046743054243874
GSE41613,661,-0.0038166767339758156,0.1049069282666038,-0.1049069282666038,0.08861032056932094,-0.08861032056932094
GSE41613,662,-0.00887798426871364,0.11942528694881915,-0.11942528694881915,0.0734338612722174,-0.0734338612722174
GSE41613,663,-0.01002530478003974,0.12873505863750656,-0.12873505863750656,0.07122571601878025,-0.07122571601878025
GSE41613,664,-0.006270360526453633,0.11426152756938524,-0.11426152756938524,0.08691911997367918,-0.08691911997367918
GSE41613,665,-0.006139517070760603,0.11564527652266776,-0.11564527652266776,0.11375344943839028,0.11375344943839028
GSE41613,666,-0.013339822810255364,0.122030574107028,-0.122030574107028,-0.050853706741662896,0.05085370674166301
GSE41613,667,-0.004244518635549394,0.1152861189194972,-0.1152861189194972,0.11208754510663499,0.11208754510663499
GSE41613,668,-0.007239904052298823,0.11727638342327984,-0.11727638342327984,0.07520467657294216,-0.07520467657294216
GSE41613,669,-0.00809088735070626,0.12033319703908762,-0.12033319703908762,0.09437381222464536,-0.09437381222464536
GSE41613,670,-0.009891767723132938,0.11239115227073437,-0.11239115227073437,0.010034262529033194,-0.010034262529033167
GSE41613,671,-0.008068766535285876,0.12435750376433097,-0.12435750376433097,0.07733422737715667,-0.07733422737715667
GSE41613,672,-0.0032976018439746235,0.10927750559240856,-0.10927750559240856,0.15233363460974747,0.15233363460974747
GSE41613,673,-0.006263260423945122,0.11740296057604421,-0.11740296057604421,0.06317739239749975,-0.06317739239749975
GSE41613,674,-0.007663026013596336,0.11625393039978943,-0.11625393039978943,0.0533910098308088,-0.0533910098308088
GSE41613,675,-0.0035351743789991397,0.1067315890040815,-0.1067315890040815,0.09808938527772615,-0.09808938527772615
GSE41613,676,-0.005791226140271555,0.10923482057751832,-0.10923482057751832,0.12558498211738223,0.12558498211738223
GSE41613,677,-0.007636167675943828,0.11835412814080076,-0.11835412814080076,0.07019366221167667,-0.07019366221167667
GSE41613,678,-0.0063839955874426535,0.1117292883409472,-0.1117292883409472,0.11894621861833299,0.11894621861833299
GSE41613,679,-0.0024544962687187977,0.1079971743053243,-0.1079971743053243,0.1234378177555111,0.1234378177555111
GSE41613,680,-0.006958756932382848,0.1148905544513742,-0.1148905544513742,0.08356669766453628,-0.08356669766453628
GSE41613,681,-0.008101976255769555,0.11666424889489513,-0.11666424889489513,0.05843049813062218,-0.05843049813062218
GSE41613,682,-0.006614798952727569,0.11758417895222534,-0.11758417895222534,0.08177998876411952,-0.08177998876411952
GSE41613,683,-0.009813445229126916,0.11717483867250789,-0.11717483867250789,0.02439586466759011,-0.02439586466759014
GSE41613,684,-0.006165100345033397,0.11599246451679202,-0.11599246451679202,0.10252528260786664,-0.05201802969246505
GSE41613,685,-0.005594912394527057,0.10333183454989475,-0.10333183454989475,0.054723453124733035,-0.054723453124733035
GSE41613,686,-0.0060042210226824155,0.11949126252392578,-0.11949126252392578,0.09819305652209687,-0.09819305652209687
GSE41613,687,-0.009901530435021622,0.13609512117986433,-0.13609512117986433,0.11714820510188928,0.11714820510188928
GSE41613,688,-0.0069174209941708364,0.10957199370735227,-0.10957199370735227,0.060211901456288075,-0.060211901456288075
GSE41613,689,-0.008417276179368577,0.1212562062659227,-0.1212562062659227,0.08252158812838162,-0.08252158812838162
GSE41613,690,-0.008719236691723281,0.1199099609409402,-0.1199099609409402,0.0723981615457725,-0.0723981615457725
GSE41613,691,-0.0021955287779887034,0.10677855841114414,-0.10677855841114414,0.12597861177675673,0.12597861177675673
GSE41613,692,-0.007540842001447362,0.12056063679956219,-0.12056063679956219,0.08023930610930075,-0.08023930610930075
GSE41613,693,-0.0032069459715421966,0.10065801752887249,-0.10065801752887249,0.11949857216325155,0.11949857216325155
GSE41613,694,-0.008399780921477973,0.12202086897479325,-0.12202086897479325,0.07153133845045323,-0.07153133845045323
GSE41613,695,-0.006281418185450999,0.1117641486685872,-0.1117641486685872,0.08108793124078739,-0.08108793124078739
GSE41613,696,-0.0011972541400293857,0.09925718625889618,-0.09925718625889618,0.1472017336257725,0.1472017336257725
GSE41613,697,-0.007465398902723214,0.12497566841034768,-0.12497566841034768,0.12551174691255929,0.12551174691255929
GSE41613,698,-0.006174037519882047,0.12256398996717544,-0.12256398996717544,0.1797984912596131,0.1797984912596131
GSE41613,699,-0.007434805108142678,0.11546537773274868,-0.11546537773274868,0.10052151555651179,-0.0900918992414157
GSE41613,700,-0.007810274415233881,0.11593731154459264,-0.11593731154459264,0.07652217985861365,-0.07652217985861365
GSE41613,701,-0.004666117010382664,0.1024708074982873,-0.1024708074982873,0.07119429948930633,-0.07119429948930633
GSE41613,702,-0.009031366159991838,0.1285702201899359,-0.1285702201899359,0.07669097483895071,-0.07669097483895071
GSE41613,703,-0.0075029164010358695,0.11653061620819122,-0.11653061620819122,0.050866914185088374,-0.050866914185088374
GSE41613,704,-0.007434015963241919,0.11412944860738783,-0.11412944860738783,0.08161731467630728,-0.08161731467630728
GSE41613,705,-0.003783178599102238,0.10743164512101408,-0.10743164512101408,0.07738914487271964,-0.07738914487271964
GSE41613,706,-0.003220187647035022,0.09751598635047981,-0.09751598635047981,0.10625110214086031,0.01877087451498327
GSE41613,707,-0.005010274557173344,0.11178386059350776,-0.11178386059350776,0.15713601975619307,0.15713601975619307
GSE41613,708,-0.005824327594571133,0.11275148823750902,-0.11275148823750902,0.07491797146874513,-0.07491797146874513
GSE41613,709,-0.0032707339590906936,0.1006267256761047,-0.1006267256761047,0.08646976586237676,-0.08646976586237676
GSE41613,710,-0.008246471996933097,0.11191368032011229,-0.11191368032011229,0.08011530941673073,-0.08011530941673073
GSE41613,711,-0.005536520321558186,0.10888294119993575,-0.10888294119993575,0.0999298746709687,-0.0999298746709687
GSE41613,712,-0.00914720373585326,0.11818788853784068,-0.11818788853784068,0.06770614766548932,-0.06770614766548932
GSE41613,713,-0.008982675391033756,0.12645196902413813,-0.12645196902413813,,
GSE41613,714,-0.007637875065661298,0.11808237492379031,-0.11808237492379031,0.056708850426273605,-0.056708850426273605
GSE41613,715,-0.0030322759615010186,0.10706625832538352,-0.10706625832538352,0.15919087791623543,0.15919087791623543
GSE41613,716,-0.01078288705102981,0.12739788287340914,-0.12739788287340914,0.06763702993232512,-0.06763702993232512
GSE41613,717,-0.005901404938284033,0.10239466808842435,-0.10239466808842435,0.05973686642312659,-0.05973686642312659
GSE41613,718,-0.00539325985356634,0.10824328039269049,-0.10824328039269049,0.06590151535352073,-0.06590151535352073
GSE41613,719,-0.006462031802538376,0.12034912964194894,-0.12034912964194894,0.08101531064306877,-0.08101531064306877
GSE41613,720,-0.008532089744241134,0.11640423278678275,-0.11640423278678275,0.05554901475796814,-0.05554901475796814
GSE41613,721,-0.008667339303687238,0.1189538673625763,-0.1189538673625763,0.08053523155044551,-0.08053523155044551
GSE41613,722,-0.003979607654543416,0.10631199307751338,-0.10631199307751338,0.08398582050213366,-0.08398582050213366
GSE41613,723,-0.0076431873214038715,0.12478971515214021,-0.12478971515214021,0.12526709501522637,0.12526709501522637
GSE41613,724,-0.00435395366452368,0.1125343256792043,-0.1125343256792043,0.09816001138488872,-0.09816001138488872
GSE41613,725,-0.003440101868653761,0.10752731106215777,-0.10752731106215777,0.07998506540594919,-0.07998506540594919
GSE41613,726,-0.007010438547067455,0.11284625357056605,-0.11284625357056605,0.05131079230304991,-0.05131079230304991
GSE41613,727,-0.0023947877069942225,0.10371504819365052,-0.10371504819365052,0.14716174543201221,0.14716174543201221
GSE41613,728,-0.004554858596037464,0.11119990116834388,-0.11119990116834388,0.11471408621590529,0.11471408621590529
GSE41613,729,-0.010418127878723732,0.11666937081240836,-0.11666937081240836,-0.011359521757459079,0.011359521757459135
GSE41613,730,-0.006739107218978968,0.13190698190715122,-0.13190698190715122,0.11557255332833494,0.11557255332833494
GSE41613,731,-0.007701131488197677,0.11136620684298448,-0.11136620684298448,0.05835050109204809,-0.05835050109204809
GSE41613,732,-0.0056359802873521825,0.11373860497002353,-0.11373860497002353,0.09461107483451969,-0.09461107483451969
GSE41613,733,-0.003454977757810007,0.11066662779485834,-0.11066662779485834,0.11339244466645537,0.11339244466645537
GSE41613,734,-0.009196387398878736,0.1114359460571927,-0.1114359460571927,0.027636332302553718,-0.02763633230255369
GSE41613,735,-0.006788472501460974,0.11227511424316872,-0.11227511424316872,0.07415590412245487,-0.07415590412245487
GSE41613,736,-0.0063113124682092625,0.12009187183984094,-0.12009187183984094,0.16547833461845673,0.16547833461845673
GSE41613,737,-0.0041722887927775065,0.10036213488922813,-0.10036213488922813,0.09560785467897981,-0.09560785467897981
GSE41613,738,-0.007465732160865268,0.11454293768416834,-0.11454293768416834,0.08384526510780621,-0.08384526510780621
GSE41613,739,-0.005052134427594029,0.12038345096149006,-0.12038345096149006,0.10512678284931676,-0.0025902252933729386
GSE41613,740,-0.004294538175529716,0.11070955148089973,-0.11070955148089973,0.14968374176346666,0.14968374176346666
GSE41613,741,-0.006070952294016468,0.11065907769984346,-0.11065907769984346,0.07892825342572818,-0.07892825342572818
GSE41613,742,-0.0030358314112676754,0.10898727116154575,-0.10898727116154575,0.09222990828077415,-0.09222990828077415
GSE41613,743,-0.00405718952443912,0.09619129878594845,-0.09619129878594845,0.09654595877469463,-0.09654595877469463
GSE41613,744,-0.008181421626093088,0.11987161942188285,-0.11987161942188285,0.06841585532570349,-0.06841585532570349
GSE41613,745,-0.004905665850784807,0.11897051458826385,-0.11897051458826385,0.10781221263724228,0.04843373153364161
GSE41613,746,-0.008315574351423993,0.12493353650030825,-0.12493353650030825,0.09937771829346043,-0.09937771829346043
GSE41613,747,-0.0043660205456393375,0.11062521146265952,-0.11062521146265952,0.12412407272400605,0.12412407272400605
GSE41613,748,-0.008388643298667425,0.13214748319483138,-0.13214748319483138,0.09075518401978333,-0.09075518401978333
GSE41613,749,-0.008423782104311578,0.11788568825671564,-0.11788568825671564,0.08218936534140253,-0.08218936534140253
GSE41613,750,-0.0041526470430781615,0.10171388659711827,-0.10171388659711827,0.05200834979915242,-0.052008349799152476
GSE41613,751,-0.007545455802965451,0.12210097381402973,-0.12210097381402973,0.0584438026434797,-0.0584438026434797
GSE41613,752,-0.008987466359058865,0.12032629760138003,-0.12032629760138003,0.11321338700289818,0.11321338700289818
GSE41613,753,-0.005035137207714174,0.11002673759332965,-0.11002673759332965,0.10804656322526762,0.05288851323059518
GSE41613,754,-0.008704527454399952,0.11076623352655535,-0.11076623352655535,0.05015971361135052,-0.05015971361135052
GSE41613,755,-0.006915821528542171,0.11352161050590559,-0.11352161050590559,0.04872119350143633,-0.04872119350143633
GSE41613,756,-0.00431751570385383,0.11215954484480833,-0.11215954484480833,0.12168134527783225,0.12168134527783225
GSE41613,757,-0.005140248676067688,0.10136883965168042,-0.10136883965168042,0.07853560312231211,-0.07853560312231211
GSE41613,758,-0.0077398826862958015,0.12098397158699792,-0.12098397158699792,0.09788520203602202,-0.09788520203602202
GSE41613,759,-0.005951375736489711,0.1121886325303828,-0.1121886325303828,0.13137669194390922,0.13137669194390922
GSE41613,760,-0.004306407791574901,0.10992601217196468,-0.10992601217196468,0.09040598085142104,-0.09040598085142104
GSE41613,761,-0.004551491170423139,0.10412269692604509,-0.10412269692604509,0.116042661710279,0.116042661710279
GSE41613,762,-0.009612822230075174,0.11768034900226498,-0.11768034900226498,0.03186347541778284,-0.031863475417782894
GSE41613,763,-0.00624516739537484,0.1169328433900294,-0.1169328433900294,0.09711681406295736,-0.09711681406295736
GSE41613,764,-0.0068658904584211755,0.11410686239017653,-0.11410686239017653,0.07786352463212187,-0.07786352463212187
GSE41613,765,-0.0064631514378386545,0.11376148762630967,-0.11376148762630967,0.09432702715015961,-0.09432702715015961
GSE41613,766,-0.007037228328125533,0.1331446809584501,-0.1331446809584501,0.14693728016836682,0.14693728016836682
GSE41613,767,-0.004969409591503798,0.11644119657635554,-0.11644119657635554,0.10581247159927876,0.01043927615057183
GSE41613,768,-0.005324550793427918,0.10846359860405741,-0.10846359860405741,0.10006721600163226,-0.09872482064472088
GSE41613,769,-0.00876265270038043,0.11849787632459485,-0.11849787632459485,0.05331263489046506,-0.053312634890465005
GSE41613,770,-0.008132689159384282,0.10886706058247203,-0.10886706058247203,0.03648297360719838,-0.03648297360719832
GSE41613,771,-0.004689432286236334,0.11120933018321605,-0.11120933018321605,0.12494875348360734,0.12494875348360734
GSE41613,772,-0.009411823614212028,0.12320611221432776,-0.12320611221432776,0.03725679767872442,-0.03725679767872436
GSE41613,773,-0.00943082517157151,0.11696090931988279,-0.11696090931988279,0.040574126272892586,-0.040574126272892586
GSE41613,774,-0.0071678222903791,0.11075363317971165,-0.11075363317971165,0.06722830097838561,-0.06722830097838561
GSE41613,775,-0.004137600237364009,0.10806287321039099,-0.10806287321039099,0.12718131680416778,0.12718131680416778
GSE41613,776,-0.008018343320619709,0.12462030007403158,-0.12462030007403158,0.09282055526882904,-0.09282055526882904
GSE41613,777,-0.008962438002842688,0.11934118660862142,-0.11934118660862142,0.03977300214831725,-0.03977300214831725
GSE41613,778,-0.0034316780615325226,0.10275556208102421,-0.10275556208102421,0.09864747425130638,-0.09864747425130638
GSE41613,779,-0.007481983432304745,0.11094712543974516,-0.11094712543974516,0.04507475054722454,-0.04507475054722465
GSE41613,780,-0.007089233471884587,0.10890639626751963,-0.10890639626751963,0.08762807995195843,-0.08762807995195843
GSE41613,781,-0.009893970216162867,0.11655436007976139,-0.11655436007976139,0.016629360312977404,-0.016629360312977348
GSE41613,782,-0.00552060672157445,0.10238717077982973,-0.10238717077982973,0.05240791299844444,-0.052407912998444495
GSE41613,783,-0.00480615959761832,0.1193945530625547,-0.1193945530625547,0.13368461141507537,0.13368461141507537
GSE41613,784,-0.005255397271734491,0.11050791469298582,-0.11050791469298582,0.08915041516598232,-0.08915041516598232
GSE41613,785,-0.005174574556199463,0.11611485236889402,-0.11611485236889402,0.1219278368987542,0.1219278368987542
GSE41613,786,-0.004679726272453083,0.107278218370472,-0.107278218370472,0.06361926757353986,-0.06361926757353986
GSE41613,787,-0.0072995254751160865,0.11219498063339456,-0.11219498063339456,0.06493242934668852,-0.06493242934668852
GSE41613,788,-0.008046676430002508,0.11294419545036916,-0.11294419545036916,0.043495474984049876,-0.04349547498404982
GSE41613,789,-0.006656421809221547,0.10962958199220235,-0.10962958199220235,0.04367213635426026,-0.04367213635426026
GSE41613,790,-0.005062672316143824,0.10703498597168254,-0.10703498597168254,0.08960921166445002,-0.08960921166445002
GSE41613,791,-0.005134714766297066,0.12649583299829603,-0.12649583299829603,0.14003980266650484,0.14003980266650484
GSE41613,792,-0.007333182079165834,0.11568246759507428,-0.11568246759507428,0.08800508313173694,-0.08800508313173694
GSE41613,793,-0.008493244541030232,0.1238978776250591,-0.1238978776250591,0.07344330560207657,-0.07344330560207657
GSE41613,794,-0.005854008715203751,0.11471963580666006,-0.11471963580666006,0.07117521184438858,-0.07117521184438858
GSE41613,795,-0.009316041719153956,0.11614064102322907,-0.11614064102322907,0.041677570358519545,-0.0416775703585196
GSE41613,796,-0.005276785229037156,0.10711738685857403,-0.10711738685857403,0.09714021823112884,-0.09714021823112884
GSE41613,797,-0.008158092100043451,0.11566819300790837,-0.11566819300790837,0.04458167223626375,-0.04458167223626375
GSE41613,798,-0.010372944556836211,0.12494379377695475,-0.12494379377695475,0.05320112392209536,-0.05320112392209542
GSE41613,799,-0.006393607885312097,0.11385790221409264,-0.11385790221409264,0.0961094014920626,-0.0961094014920626
GSE41613,800,-0.011673358984573334,0.12974457095196745,-0.12974457095196745,0.08692962756180056,-0.08692962756180056
GSE41613,801,-0.007803108626388111,0.12858304351800576,-0.12858304351800576,0.11765786102820885,0.11765786102820885
GSE41613,802,-0.0037605019726142663,0.11101374391620022,-0.11101374391620022,0.11514185080691997,0.11514185080691997
GSE41613,803,-0.006556499227512141,0.11202094952371666,-0.11202094952371666,0.13687259883707825,0.13687259883707825
GSE41613,804,-0.00717887513713128,0.1070409210095579,-0.1070409210095579,0.022161531042981103,-0.02216153104298113
GSE41613,805,-0.0040089562811517765,0.1168933476083413,-0.1168933476083413,0.14518040508919938,0.14518040508919938
GSE41613,806,-0.006941760008965847,0.11138033927697827,-0.11138033927697827,0.05092099929901406,-0.05092099929901406
GSE41613,807,-0.008504698436822167,0.10950014888084836,-0.10950014888084836,0.054097786707695716,-0.054097786707695716
GSE41613,808,-0.005733948060598154,0.11803340738966994,-0.11803340738966994,0.10483868117570638,-0.008065544720141538
GSE41613,809,-0.008575228063682772,0.11648847759471148,-0.11648847759471148,0.02280663402638869,-0.022806634026388717
GSE41613,810,-0.007250859531137882,0.12112779142412144,-0.12112779142412144,0.13251289684691736,0.13251289684691736
GSE41613,811,-0.007630532499587367,0.10952271940516717,-0.10952271940516717,0.04625156181857326,-0.04625156181857326
GSE41613,812,-0.009130565968215765,0.11618766277727077,-0.11618766277727077,0.07399099554322863,-0.07399099554322863
GSE41613,813,-0.00571290524680676,0.10635423827509388,-0.10635423827509388,0.06193463052185044,-0.06193463052185044
GSE41613,814,-0.003893031710026279,0.10025205893252381,-0.10025205893252381,0.06544245405467009,-0.06544245405467009
GSE41613,815,-0.005405315079469869,0.11163717695021202,-0.11163717695021202,0.10509056357789792,-0.0032832323714943046
GSE41613,816,0.0005715957956460571,0.10074546943927469,-0.10074546943927469,0.17799634899108518,0.17799634899108518
GSE41613,817,-0.003247084611997325,0.1127465258419994,-0.1127465258419994,0.13470966393718098,0.13470966393718098
GSE41613,818,-0.010130570928975124,0.11734632365751052,-0.11734632365751052,0.023309573225372693,-0.02330957322537275
GSE41613,819,-0.007147315655456149,0.10109154184967517,-0.10109154184967517,0.00010653002584331672,-0.00010653002584326554
GSE41613,820,-0.0038168717249522366,0.10307900984857749,-0.10307900984857749,0.11006665099967416,0.0912719653430829
GSE41613,821,-0.005834475714938253,0.10320244105118193,-0.10320244105118193,0.053962524160546976,-0.05396252416054703
GSE41613,822,-0.007563114530387105,0.10986909428331837,-0.10986909428331837,0.0538482318904957,-0.0538482318904957
GSE41613,823,-0.009808922962991712,0.12199357742024908,-0.12199357742024908,0.049773369115170774,-0.04977336911517083
GSE41613,824,-0.00785027082712117,0.10829072983933591,-0.10829072983933591,0.03929970362207963,-0.039299703622079574
GSE41613,825,-0.005628943139119158,0.1096620583660251,-0.1096620583660251,,
GSE41613,826,-0.006048934696380709,0.12118741344071338,-0.12118741344071338,0.10528258878120544,0.0003689149979391182
GSE41613,827,-0.007929825224099019,0.12337205486942998,-0.12337205486942998,0.06049756770545056,-0.06049756770545056
GSE41613,828,-0.010925305896786724,0.12564097386228945,-0.12564097386228945,0.04935282119213524,-0.04935282119213524
GSE41613,829,-0.00686578672601873,0.11563412143443447,-0.11563412143443447,0.061421263350650235,-0.061421263350650235
GSE41613,830,-0.004214906756358411,0.11240804672678895,-0.11240804672678895,0.09903475225687608,-0.09903475225687608
GSE41613,831,-0.00856404417775064,0.12213617202748417,-0.12213617202748417,0.08943505706233812,-0.08943505706233812
GSE41613,832,-0.0041192464307681365,0.09148760061259997,-0.09148760061259997,0.10494590282179861,-0.006028210280942248
GSE41613,833,-0.005690092078429243,0.11059319763445108,-0.11059319763445108,0.09253192645611008,-0.09253192645611008
GSE41613,834,-0.0029774562605774657,0.11071520523761413,-0.11071520523761413,0.13151792939176632,0.13151792939176632
GSE41613,835,-0.0037078107621827394,0.10299678392508599,-0.10299678392508599,0.10697578488303483,0.03254060123801672
GSE41613,836,-0.007775391099247436,0.10652118649106657,-0.10652118649106657,0.024229268107884644,-0.024229268107884616
GSE41613,837,-0.0021673564434040726,0.10773619519744887,-0.10773619519744887,0.14030219205825145,0.14030219205825145
GSE41613,838,-0.006606892319990537,0.11057695098510367,-0.11057695098510367,0.0911563107382698,-0.0911563107382698
GSE41613,839,-0.005973888216010637,0.1120741978600227,-0.1120741978600227,0.08037657596101089,-0.08037657596101089
GSE41613,840,-0.0015987383135355748,0.10232938294222083,-0.10232938294222083,0.11120202894988451,0.11120202894988451
GSE41613,841,-0.00864903367273201,0.11985945594411829,-0.11985945594411829,0.061979351022649065,-0.061979351022649065
GSE41613,842,-0.007476431039158765,0.10727663366229057,-0.10727663366229057,0.07745001101177895,-0.07745001101177895
GSE41613,843,-0.008907042318627267,0.1280618176130589,-0.1280618176130589,0.0922963255681799,-0.0922963255681799
GSE41613,844,-0.005652695089945925,0.11687644589381951,-0.11687644589381951,0.1036656314843325,-0.030353489790733823
GSE41613,845,-0.005581865611747144,0.1035056126771231,-0.1035056126771231,0.09536022735364802,-0.09536022735364802
GSE41613,846,-0.005374011801376588,0.1164096766184165,-0.1164096766184165,0.12450407308949774,0.12450407308949774
GSE41613,847,-0.004522993281033116,0.10842667790479327,-0.10842667790479327,0.08290238520731608,-0.08290238520731608
GSE41613,848,-0.0066304527714881045,0.12006936966290588,-0.12006936966290588,0.09962300407498026,-0.09962300407498026
GSE41613,849,-0.004933025416727632,0.11445278230463463,-0.11445278230463463,0.13446473835750905,0.13446473835750905
GSE41613,850,-0.008890878410901942,0.12011260608172525,-0.12011260608172525,0.05075245014508439,-0.05075245014508434
GSE41613,851,-0.005554063743721194,0.10893348209046155,-0.10893348209046155,0.08029742241091054,-0.08029742241091054
GSE41613,852,-0.004087123845407659,0.10576762159839409,-0.10576762159839409,0.11769760623845049,0.11769760623845049
GSE41613,853,-0.00829720198357023,0.11521222290833266,-0.11521222290833266,0.06420382387002788,-0.06420382387002788
GSE41613,854,-0.005695019954264913,0.11176892307414288,-0.11176892307414288,0.08718033381356638,-0.08718033381356638
GSE41613,855,-0.007504583290200928,0.11429847896444478,-0.11429847896444478,0.018289986023177968,-0.018289986023177995
GSE41613,856,-0.0050357865551121095,0.11540824741334532,-0.11540824741334532,0.10579765353097037,0.010154727444853018
GSE41613,857,-0.007869095767531753,0.1264227095022794,-0.1264227095022794,0.09661530620196213,-0.09661530620196213
GSE41613,858,-0.0041728673735203226,0.11368776696132726,-0.11368776696132726,0.10454701834518454,-0.01360737118937061
GSE41613,859,-0.006606296217011948,0.1074829912479634,-0.1074829912479634,0.06003550985136996,-0.06003550985136996
GSE41613,860,-0.004585141583641095,0.11236624897692393,-0.11236624897692393,0.12303492872171029,0.12303492872171029
GSE41613,861,-0.006113623215087849,0.10689375071524004,-0.10689375071524004,0.06009482624830664,-0.06009482624830664
GSE41613,862,-0.0030271132081937935,0.10772359623230954,-0.10772359623230954,0.10022892167164998,-0.09565054791406646
GSE41613,863,-0.01085246535509185,0.11356228614515407,-0.11356228614515407,0.02300057313555673,-0.0230005731355567
GSE41613,864,-0.0011819459964975687,0.09477474008626034,-0.09477474008626034,0.11010514710083785,0.09200145400379722
GSE41613,865,-0.007181056846826017,0.11204927910415452,-0.11204927910415452,0.09800918433844108,-0.09800918433844108
GSE41613,866,-0.009077847747646334,0.11383837474632774,-0.11383837474632774,0.05968367096258387,-0.05968367096258387
GSE41613,867,-0.0019962544946740823,0.1148181982823333,-0.1148181982823333,0.169715827120422,0.169715827120422
GSE41613,868,-0.007745677062095668,0.12019531780268133,-0.12019531780268133,0.09222974072003443,-0.09222974072003443
GSE41613,869,-0.008658938174684688,0.11962415417199146,-0.11962415417199146,0.05203679569767822,-0.05203679569767827
GSE41613,870,-0.009909841875902298,0.1263676109780073,-0.1263676109780073,0.07106429685878635,-0.07106429685878635
GSE41613,871,-0.0039201686653602685,0.11085486420040047,-0.11085486420040047,0.1052086243199234,-0.0010355404749103903
GSE41613,872,-0.006597661732203358,0.10793376720242104,-0.10793376720242104,0.05179414640071528,-0.051794146400715224
GSE41613,873,-0.008400031521918094,0.12745890666701787,-0.12745890666701787,0.08338358541878366,-0.08338358541878366
GSE41613,874,-0.005484713569601091,0.1027606492431416,-0.1027606492431416,0.07348176201623513,-0.07348176201623513
GSE41613,875,-0.006254959227130985,0.1185591292389015,-0.1185591292389015,0.09799748517263762,-0.09799748517263762
GSE41613,876,-0.0037088177973944036,0.10108907264205391,-0.10108907264205391,0.08352965978719895,-0.08352965978719895
GSE41613,877,-0.00858989822041581,0.11335706163017245,-0.11335706163017245,0.06041474384824341,-0.06041474384824341
GSE41613,878,-0.006928990548577929,0.1072864322004704,-0.1072864322004704,0.060253612031831216,-0.060253612031831216
GSE41613,879,-0.00478853262207346,0.10871130433438853,-0.10871130433438853,0.1006172735879346,-0.08827081128899461
GSE41613,880,-0.006869234411593678,0.12013767951527349,-0.12013767951527349,0.09550429920291881,-0.09550429920291881
GSE41613,881,-0.008666460795770936,0.11594338905986767,-0.11594338905986767,0.06179415526694021,-0.06179415526694021
GSE41613,882,-0.006799079528724716,0.1155051697010282,-0.1155051697010282,0.11089646358761651,0.10703452342546316
GSE41613,883,-0.006520503541034034,0.12238717061586252,-0.12238717061586252,0.08737113481874426,-0.08737113481874426
GSE41613,884,-0.008127039698452743,0.1235900760365315,-0.1235900760365315,0.09318313793123889,-0.09318313793123889
GSE41613,885,-0.005167870041727085,0.11120773448217436,-0.11120773448217436,0.122972299870727,0.122972299870727
GSE41613,886,-0.0063246837324415495,0.10849613443907208,-0.10849613443907208,0.04645816445741652,-0.04645816445741657
GSE41613,887,-0.007071817680375431,0.10888682780744091,-0.10888682780744091,0.024391977395953196,-0.024391977395953224
GSE41613,888,-0.009095526221228445,0.11373717887351587,-0.11373717887351587,0.05636173159997182,-0.05636173159997182
GSE41613,889,-0.007929973725645634,0.11151195232359079,-0.11151195232359079,0.06061799635179144,-0.06061799635179144
GSE41613,890,-0.006855911902195394,0.12172586293173426,-0.12172586293173426,0.10310033978909794,-0.04109661607529769
GSE41613,891,-0.0034603084420485597,0.11690053208696843,-0.11690053208696843,0.12268786870891168,0.12268786870891168
GSE41613,892,-0.004240962447378621,0.10554990320955793,-0.10554990320955793,0.12935733268329752,0.12935733268329752
GSE41613,893,-0.0014224203353515597,0.1042298600953831,-0.1042298600953831,0.2306664992532519,0.2306664992532519
GSE41613,894,-0.008311339999395123,0.11657710956113776,-0.11657710956113776,0.09518166444402332,-0.09518166444402332
GSE41613,895,-0.004523934982382766,0.11381040976116702,-0.11381040976116702,0.1009461180947494,-0.08202566434558978
GSE41613,896,-0.003514511986916047,0.10806479721910967,-0.10806479721910967,0.1452685175735302,0.1452685175735302
GSE41613,897,-0.0049914478899240056,0.12508351409693175,-0.12508351409693175,0.17204009687788813,0.17204009687788813
GSE41613,898,-0.0070457368116852714,0.11052786690755118,-0.11052786690755118,0.0628012852652825,-0.0628012852652825
GSE41613,899,-0.005746356483259357,0.12049493831062391,-0.12049493831062391,0.10719262769484827,0.03665642571584127
GSE41613,900,-0.0050846985976129855,0.11124399260286788,-0.11124399260286788,0.1230816225997442,0.1230816225997442
GSE41613,901,-0.005537357581551494,0.11451401460715371,-0.11451401460715371,0.12831064114920232,0.12831064114920232
GSE41613,902,-0.00488682958016548,0.11158528172030846,-0.11158528172030846,0.09011519679607538,-0.09011519679607538
GSE41613,903,-0.005466183046558465,0.10436459561374656,-0.10436459561374656,0.0657831733037153,-0.0657831733037153
GSE41613,904,-0.0043066390117589,0.10468055890491812,-0.10468055890491812,0.0755793697810061,-0.0755793697810061
GSE41613,905,-0.006991150768671628,0.11339130388492746,-0.11339130388492746,0.10685217954397119,0.03019132287011539
GSE41613,906,-0.009951725192343885,0.11429706559995101,-0.11429706559995101,0.017110065268135133,-0.017110065268135077
GSE41613,907,-0.007483866466452771,0.13764805658628554,-0.13764805658628554,0.12449375583250455,0.12449375583250455
GSE41613,908,-0.00877286137879521,0.11433110006737524,-0.11433110006737524,0.05421809228587182,-0.05421809228587182
GSE41613,909,-0.003120767739934749,0.1067644197760852,-0.1067644197760852,0.13649840753776332,0.13649840753776332
GSE41613,910,-0.005132528619596011,0.11283400972089691,-0.11283400972089691,0.10468846830453682,-0.010921840832173402
GSE41613,911,-0.008313399639093555,0.127847740930076,-0.127847740930076,0.12588183738499215,0.12588183738499215
GSE41613,912,-0.00957696391086757,0.11702247411029854,-0.11702247411029854,0.07253890345713643,-0.07253890345713643
GSE41613,913,-0.004212054314586128,0.11820799536994009,-0.11820799536994009,0.12821239591511513,0.12821239591511513
GSE41613,914,-0.011286658907047498,0.11251991847813503,-0.11251991847813503,-0.023571591551904525,0.02357159155190458
GSE41613,915,-0.011489258179340656,0.13193773123088792,-0.13193773123088792,0.03904793851579502,-0.03904793851579491
GSE41613,916,-0.0069369114796131726,0.12143833010692562,-0.12143833010692562,0.10839877978530754,0.0595735654183952
GSE41613,917,-0.006474072529059821,0.1206014313337408,-0.1206014313337408,0.10937497284830888,0.07812426922387283
GSE41613,918,-0.0037371149441240703,0.1140284756717369,-0.1140284756717369,0.10736550727134897,0.0399439624208614
GSE41613,919,-0.0076073858772978675,0.10803263480152137,-0.10803263480152137,0.07372870920810981,-0.07372870920810981
GSE41613,920,-0.005421707791016722,0.12186327548879256,-0.12186327548879256,0.13009607307636983,0.13009607307636983
GSE41613,921,-0.004923283833269787,0.10778850899285086,-0.10778850899285086,0.05942728572745082,-0.05942728572745082
GSE41613,922,-0.007652618360729446,0.11384481383199951,-0.11384481383199951,0.06921686828775275,-0.06921686828775275
GSE41613,923,-0.008451710236932891,0.10719406539027126,-0.10719406539027126,0.025598005468161572,-0.0255980054681616
GSE41613,924,-0.0041747290618801,0.10608953888644762,-0.10608953888644762,0.1018647516017559,-0.0645689057607215
GSE41613,925,-0.004303358154871678,0.1194259251902261,-0.1194259251902261,0.14886672841103232,0.14886672841103232
GSE41613,926,-0.00836288772069238,0.12376226543877888,-0.12376226543877888,0.09074233510729457,-0.09074233510729457
GSE41613,927,-0.005491769870672014,0.11320634857863776,-0.11320634857863776,0.06389125165249421,-0.06389125165249421
GSE41613,928,-0.010650830783671378,0.11760712424246611,-0.11760712424246611,0.020817486612475955,-0.020817486612475955
GSE41613,929,-0.004473562858982261,0.11545653866070349,-0.11545653866070349,0.1274738501286956,0.1274738501286956
GSE41613,930,-0.006581641377971265,0.10593315741056392,-0.10593315741056392,0.0682104801094432,-0.0682104801094432
GSE41613,931,-0.009350971581821216,0.11370762156450454,-0.11370762156450454,0.027797655469340155,-0.0277976554693401
GSE41613,932,-0.005639022412586958,0.13391144249025755,-0.13391144249025755,0.13902149267902764,0.13902149267902764
GSE41613,933,-0.005546407059590142,0.11198657617436353,-0.11198657617436353,,
GSE41613,934,-0.0072487541248081044,0.11225879913682446,-0.11225879913682446,0.0381012245137915,-0.0381012245137915
GSE41613,935,-0.005214159200923024,0.11283100910670774,-0.11283100910670774,0.12826374539888952,0.12826374539888952
GSE41613,936,-0.001208067193441853,0.111989709909127,-0.111989709909127,0.11379960988627014,0.11379960988627014
GSE41613,937,-0.01158845155318608,0.12547143477337697,-0.12547143477337697,0.039676147734750755,-0.03967614773475081
GSE41613,938,-0.0011334855998045013,0.10207485914710665,-0.10207485914710665,0.11824459199068382,0.11824459199068382
GSE41613,939,-0.00477542860866198,0.10533766361999553,-0.10533766361999553,0.0760438504812675,-0.0760438504812675
GSE41613,940,-0.007810501560017696,0.11164173614369177,-0.11164173614369177,0.028751853272451278,-0.028751853272451222
GSE41613,941,-0.010131084485213049,0.13144358802860212,-0.13144358802860212,0.08119822471783145,-0.08119822471783145
GSE41613,942,-0.005728815525595898,0.11350386443711763,-0.11350386443711763,,
GSE41613,943,-0.0075908379362782386,0.11125535077647564,-0.11125535077647564,0.07069992912215906,-0.07069992912215906
GSE41613,944,-0.009003332881184295,0.11868614560131707,-0.11868614560131707,0.05556101716543793,-0.05556101716543793
GSE41613,945,-0.006222380128121291,0.1158026767902689,-0.1158026767902689,0.07045576048683,-0.07045576048683
GSE41613,946,-0.0066479841542259055,0.11661428196204926,-0.11661428196204926,0.09752160297399226,-0.09752160297399226
GSE41613,947,-0.0072028678033296545,0.11562239646598543,-0.11562239646598543,0.06850076840871,-0.06850076840871
GSE41613,948,-0.009820428330048259,0.1201689022477973,-0.1201689022477973,0.04812617780645356,-0.04812617780645345
GSE41613,949,-0.0042725384122662136,0.11770172717789962,-0.11770172717789962,0.15044110492486373,0.15044110492486373
GSE41613,950,-0.005499655189594221,0.1045562684670529,-0.1045562684670529,0.10569474464554274,0.008200804470496426
GSE41613,951,-0.0031793332893476356,0.10937575962398827,-0.10937575962398827,0.16946026447850282,0.16946026447850282
GSE41613,952,-0.006356004239825741,0.1125065554859177,-0.1125065554859177,0.12026750523104068,0.12026750523104068
GSE41613,953,-0.005552976584924152,0.11314120427246238,-0.11314120427246238,0.07891883722311654,-0.07891883722311654
GSE41613,954,-0.005249325643107511,0.10469649494593819,-0.10469649494593819,0.07605950418954233,-0.07605950418954233
GSE41613,955,-0.008199044690495982,0.1126550366401432,-0.1126550366401432,0.033157227277940404,-0.03315722727794035
GSE41613,956,-0.003079850146076868,0.0951778112968559,-0.0951778112968559,0.10016211843142642,-0.0969209618043777
GSE41613,957,-0.00768431838351788,0.1252999963350399,-0.1252999963350399,0.08018201162427585,-0.08018201162427585
GSE41613,958,-0.0055216062555769885,0.11078744670447116,-0.11078744670447116,0.06927427425732557,-0.06927427425732557
GSE41613,959,-0.005900962683215272,0.1205083349919418,-0.1205083349919418,0.11077349115861357,0.10469443565548242
GSE41613,960,-0.004030512746006909,0.1153549123403515,-0.1153549123403515,0.12829998451348046,0.12829998451348046
GSE41613,961,-0.006896235885895136,0.11222510247700535,-0.11222510247700535,0.09040419815143119,-0.09040419815143119
GSE41613,962,-0.00430819429858792,0.10603699235570901,-0.10603699235570901,0.09303594073455268,-0.09303594073455268
GSE41613,963,-0.008964043321120857,0.12468073780983413,-0.12468073780983413,0.08574216258010203,-0.08574216258010203
GSE41613,964,-0.006073477017398271,0.11877717469200544,-0.11877717469200544,0.11935159324838951,0.11935159324838951
GSE41613,965,-0.00373724026625491,0.11926652905329099,-0.11926652905329099,0.12432435014119458,0.12432435014119458
GSE41613,966,-0.005358634634321485,0.10414267345589795,-0.10414267345589795,0.08338777987378831,-0.08338777987378831
GSE41613,967,-0.006424281652921582,0.11001646495821327,-0.11001646495821327,0.0775789379367704,-0.0775789379367704
GSE41613,968,-0.005328880400476799,0.10629693213002461,-0.10629693213002461,,
GSE41613,969,-0.004915789971273815,0.1105339755943886,-0.1105339755943886,0.07723765296982732,-0.07723765296982732
GSE41613,970,-0.0028016272314071167,0.10784384834281072,-0.10784384834281072,0.11770989303585888,0.11770989303585888
GSE41613,971,-0.005964378760975858,0.12466420052220084,-0.12466420052220084,0.11384900315737378,0.11384900315737378
GSE41613,972,-0.007090485498164156,0.11957154029557371,-0.11957154029557371,0.10942001073707475,0.07897924679791901
GSE41613,973,-0.005076489943967172,0.10815753023663033,-0.10815753023663033,0.08495503868547327,-0.08495503868547327
GSE41613,974,-0.006026551951654746,0.11309966651213144,-0.11309966651213144,0.06604315933523763,-0.06604315933523763
GSE41613,975,-0.0060201425177158485,0.1155455314614276,-0.1155455314614276,0.09045899603512442,-0.09045899603512442
GSE41613,976,-0.006708013173660682,0.1094099438102088,-0.1094099438102088,0.06522119251040859,-0.06522119251040859
GSE41613,977,-0.009077801536218177,0.12227615546018739,-0.12227615546018739,0.04389016029146553,-0.04389016029146564
GSE41613,978,-0.008606036354267182,0.11608674319357715,-0.11608674319357715,0.04143306291809268,-0.04143306291809268
GSE41613,979,-0.004342134702811196,0.11545721328253078,-0.11545721328253078,0.08966818763789774,-0.08966818763789774
GSE41613,980,-0.007920172358025612,0.10973104764300845,-0.10973104764300845,0.07227997276255071,-0.07227997276255071
GSE41613,981,-0.009604596521071207,0.11296852948520242,-0.11296852948520242,0.02110443761091163,-0.02110443761091174
GSE41613,982,-0.00825100011023619,0.11829966906243089,-0.11829966906243089,0.046518191952884425,-0.046518191952884536
GSE41613,983,-0.006649411803392097,0.12328404334173293,-0.12328404334173293,0.12966086837074875,0.12966086837074875
GSE41613,984,-0.008433060445539958,0.11965012117173146,-0.11965012117173146,0.08802280884329639,-0.08802280884329639
GSE41613,985,-0.004825146905933719,0.10403623517693128,-0.10403623517693128,0.09852165782065381,-0.09852165782065381
GSE41613,986,-0.004751021095057262,0.11058819337508874,-0.11058819337508874,0.12575153526118732,0.12575153526118732
GSE41613,987,-0.00877303326285464,0.11633775877972641,-0.11633775877972641,0.037730610840173984,-0.03773061084017404
GSE41613,988,-0.008083037614452115,0.11637213516491507,-0.11637213516491507,0.06693140105848827,-0.06693140105848827
GSE41613,989,-0.00778888525216051,0.11379351949611094,-0.11379351949611094,0.06589887019874119,-0.06589887019874119
GSE41613,990,-0.008085284228170453,0.11849201311990537,-0.11849201311990537,0.05908383910236148,-0.05908383910236148
GSE41613,991,-0.009802913950276937,0.12229938256834394,-0.12229938256834394,0.027956130916919508,-0.027956130916919508
GSE41613,992,-0.0010611656961605764,0.09679504971750535,-0.09679504971750535,0.10992152144691636,0.08850726642110007
GSE41613,993,-0.00983504342690461,0.1232373776345207,-0.1232373776345207,,
GSE41613,994,-0.0051718412989576745,0.1041225358453699,-0.1041225358453699,0.04372138425010963,-0.04372138425010963
GSE41613,995,-0.006566498254541725,0.10776665015853037,-0.10776665015853037,0.041038411099432015,-0.04103841109943196
GSE41613,996,-0.005914735949581945,0.11311103757142216,-0.11311103757142216,0.08606359138968811,-0.08606359138968811
GSE41613,997,-0.008096213699193361,0.12331513783139153,-0.12331513783139153,0.06264692444128661,-0.06264692444128661
GSE41613,998,-0.006208709293465425,0.1088953403210089,-0.1088953403210089,0.06581218460024663,-0.06581218460024663
GSE41613,999,-0.007650900216978479,0.12299097684705945,-0.12299097684705945,0.07075371730344016,-0.07075371730344016
GSE41613,1000,-0.0065896192959016275,0.11440681751274495,-0.11440681751274495,0.09437559129546225,-0.09437559129546225
GSE41613,1001,-0.0025227198053693056,0.10660302197872135,-0.10660302197872135,0.11870613749891423,0.11870613749891423
GSE41613,1002,-0.008302201256039449,0.10900370427814399,-0.10900370427814399,0.04826548062799341,-0.04826548062799341
GSE41613,1003,-0.003938987332406385,0.09491735915680355,-0.09491735915680355,0.08280225999324986,-0.08280225999324986
GSE41613,1004,-0.00876209048995702,0.13227000931621835,-0.13227000931621835,0.11909400800648617,0.11909400800648617
GSE41613,1005,-0.006739700470232035,0.11059320613526202,-0.11059320613526202,0.05723767401103241,-0.05723767401103241
GSE41613,1006,-0.0043444559484421,0.10969433090991398,-0.10969433090991398,0.09945936147291257,-0.09945936147291257
GSE41613,1007,-0.006986475959950389,0.12426901017666353,-0.12426901017666353,0.08887260232958183,-0.08887260232958183
GSE41613,1008,-0.004624990779885263,0.09759879502023426,-0.09759879502023426,0.04265847742373924,-0.042658477423739294
GSE41613,1009,-0.008108894930145383,0.12276293434314545,-0.12276293434314545,0.10080941651038366,-0.08462101944764844
GSE41613,1010,-0.007806663101503658,0.10939637965669369,-0.10939637965669369,0.066630853055198,-0.066630853055198
GSE41613,1011,-0.006202393816239743,0.1235456087086434,-0.1235456087086434,0.13923585741350109,0.13923585741350109
GSE41613,1012,-0.004975975829047824,0.1052118500276138,-0.1052118500276138,0.08789920504165571,-0.08789920504165571
GSE41613,1013,-0.006264539336651553,0.11283071811750328,-0.11283071811750328,0.07445625016890922,-0.07445625016890922
GSE41613,1014,-0.003791182608892163,0.11787127477162596,-0.11787127477162596,0.1786526256835934,0.1786526256835934
GSE41613,1015,-0.0007037986639110705,0.10458814301915825,-0.10458814301915825,0.1691566845361807,0.1691566845361807
GSE41613,1016,-0.006168198752716791,0.11629546727945278,-0.11629546727945278,0.0582723393539073,-0.0582723393539073
GSE41613,1017,-0.002615508126945776,0.11566297507434531,-0.11566297507434531,0.15589040222990524,0.15589040222990524
GSE41613,1018,-0.00961417968165823,0.11757786334984754,-0.11757786334984754,0.08409717268819183,-0.08409717268819183
GSE41613,1019,-0.003294105520865148,0.10608483103824223,-0.10608483103824223,0.16503213477433887,0.16503213477433887
GSE41613,1020,-0.007365027832257953,0.11828864147419682,-0.11828864147419682,0.11956278503199602,0.11956278503199602
GSE41613,1021,-0.004193589133562353,0.10932899649769001,-0.10932899649769001,0.1029068468725236,-0.04477012082281906
GSE41613,1022,-0.009825593504350555,0.12525401917037315,-0.12525401917037315,0.07101947464961589,-0.07101947464961589
GSE41613,1023,-0.0049437713192136135,0.12078206348519499,-0.12078206348519499,0.14216664851791228,0.14216664851791228
GSE41613,1024,-0.005246888816115847,0.11790908275131046,-0.11790908275131046,0.10089551855096945,-0.08298503936093282
GSE41613,1025,-0.003170078815273508,0.1051652026282546,-0.1051652026282546,0.0812597147055627,-0.0812597147055627
GSE41613,1026,-0.006274275822770181,0.11118977636682403,-0.11118977636682403,0.05804860885887819,-0.05804860885887819
GSE41613,1027,-0.007089605594748749,0.12785473015856164,-0.12785473015856164,0.12091585338789934,0.12091585338789934
GSE41613,1028,-0.010252554397233993,0.12259420041944591,-0.12259420041944591,0.018625673976317064,-0.018625673976317092
GSE41613,1029,-0.0025699839627158494,0.11151259444991607,-0.11151259444991607,0.0909735834547265,-0.0909735834547265
GSE41613,1030,-0.0019233358813383061,0.10144410285144619,-0.10144410285144619,0.11114935709185891,0.11114935709185891
GSE41613,1031,-0.0060418714500648785,0.11137575162549695,-0.11137575162549695,0.06767624373629799,-0.06767624373629799
GSE41613,1032,-0.004121390599063773,0.10985426684161947,-0.10985426684161947,0.12404427460418432,0.12404427460418432
GSE41613,1033,-0.0036522415239464145,0.1064799814750435,-0.1064799814750435,0.0903271262772759,-0.0903271262772759
GSE41613,1034,-0.008964504704429277,0.11710752249937184,-0.11710752249937184,0.07370651045419263,-0.07370651045419263
GSE41613,1035,-0.006291531061434069,0.10186099713457897,-0.10186099713457897,0.0057248117842111645,-0.005724811784211137
GSE41613,1036,-0.00447066358750095,0.11354440403337895,-0.11354440403337895,0.09886393727392173,-0.09886393727392173
GSE41613,1037,-0.007225410880317917,0.12170541987008576,-0.12170541987008576,0.0995293034275,-0.0995293034275
GSE41613,1038,-0.007984041154470989,0.12493714925888544,-0.12493714925888544,0.09983050128892579,-0.09983050128892579
GSE41613,1039,-0.006103167323633835,0.1115033974597297,-0.1115033974597297,0.07710215461456038,-0.07710215461456038
GSE41613,1040,-0.0093208462353285,0.11432040236697838,-0.11432040236697838,0.06114588432829127,-0.06114588432829127
GSE41613,1041,-0.005817492834872845,0.12077107354713157,-0.12077107354713157,0.11896679035773938,0.11896679035773938
GSE41613,1042,-0.0059138903902862805,0.109818526028579,-0.109818526028579,0.06819060398270838,-0.06819060398270838
GSE41613,1043,-0.010607321559036292,0.11698128727434076,-0.11698128727434076,0.03932285013544534,-0.03932285013544534
GSE41613,1044,-0.00792548987800723,0.11599115207861632,-0.11599115207861632,0.059468965542926355,-0.059468965542926355
GSE41613,1045,-0.007020950093393125,0.11349276683368548,-0.11349276683368548,0.08982169499658632,-0.08982169499658632
GSE41613,1046,-0.007390386063054172,0.11951836980090313,-0.11951836980090313,0.11228059899878651,0.11228059899878651
GSE41613,1047,-0.007111887554691193,0.1330604710694735,-0.1330604710694735,0.13822563709096714,0.13822563709096714
GSE41613,1048,-0.006698971400257103,0.1205778554630541,-0.1205778554630541,0.11916379033833602,0.11916379033833602
GSE41613,1049,-0.007088378795787442,0.11557308329004745,-0.11557308329004745,0.11446621101984222,0.11446621101984222
GSE41613,1050,-0.01083998530319355,0.1249856737373305,-0.1249856737373305,0.1343462499580368,0.1343462499580368
GSE41613,1051,-0.005073016658779683,0.10962743879969872,-0.10962743879969872,0.09713925058228678,-0.09713925058228678
GSE41613,1052,-0.00526416154658621,0.12253455889446624,-0.12253455889446624,0.11651719257388238,0.11651719257388238
GSE41613,1053,-0.007817149248105643,0.10699194979399346,-0.10699194979399346,0.040467092820542006,-0.04046709282054195
GSE41613,1054,-0.008125147481178652,0.11051631045251076,-0.11051631045251076,0.049193312538473366,-0.049193312538473366
GSE41613,1055,-0.006091830101020684,0.11724606934678111,-0.11724606934678111,0.10983348047157537,0.08683390692276849
GSE41613,1056,-0.009782198482183868,0.10906834141054789,-0.10906834141054789,0.03089030535077819,-0.03089030535077808
GSE41613,1057,-0.006625532168253706,0.1154071394203432,-0.1154071394203432,0.11660038837266096,0.11660038837266096
GSE41613,1058,-0.005077966899220049,0.11475213606554951,-0.11475213606554951,0.09975397158889021,-0.09975397158889021
GSE41613,1059,-0.003482781760938136,0.09704400302917904,-0.09704400302917904,0.0873970181503041,-0.0873970181503041
GSE41613,1060,-0.005888133437623955,0.11492978821212485,-0.11492978821212485,0.07456639837231616,-0.07456639837231616
GSE41613,1061,-0.003498573053483639,0.11164980425681692,-0.11164980425681692,0.10006502524817673,-0.0987631726129603
GSE41613,1062,-0.0060473625294343025,0.12165573470260371,-0.12165573470260371,0.1302533828893464,0.1302533828893464
GSE41613,1063,-0.007229757320256408,0.11879447967048573,-0.11879447967048573,0.11274789093314785,0.11274789093314785
GSE41613,1064,-0.0072280263408733,0.12506863937326906,-0.12506863937326906,0.09449755504449397,-0.09449755504449397
GSE41613,1065,-0.007835176954873568,0.11740215598954429,-0.11740215598954429,,
GSE41613,1066,-0.004971696883634941,0.10852743621761002,-0.10852743621761002,0.10632645275572583,0.02020201984908987
GSE41613,1067,-0.0028474887312046337,0.11424402880574208,-0.11424402880574208,0.16515828016718048,0.16515828016718048
GSE41613,1068,-0.006293537114571229,0.11680648470466043,-0.11680648470466043,0.08368491595970406,-0.08368491595970406
GSE41613,1069,-0.007463008035038077,0.12117335832806836,-0.12117335832806836,0.08985678292308319,-0.08985678292308319
GSE41613,1070,-0.003937103326509622,0.11242703950857424,-0.11242703950857424,0.11636163946820921,0.11636163946820921
GSE41613,1071,7.735584330742507e-05,0.09337116382924796,0.022018896513229406,0.10542379670333724,0.003051687222502042
GSE41613,1072,-0.00924801258008634,0.12144944496540788,-0.12144944496540788,0.06627433256244009,-0.06627433256244009
GSE41613,1073,-0.00753182799588395,0.12349581143458876,-0.12349581143458876,0.10406116687359646,-0.022839169597221876
GSE41613,1074,-0.005975891324780019,0.11859678884208846,-0.11859678884208846,0.10563764015083188,0.007114972159618871
GSE41613,1075,-0.0014639538248599482,0.10357489677444398,-0.10357489677444398,0.11801153857534219,0.11801153857534219
GSE41613,1076,-0.01010055626133341,0.1305050260756846,-0.1305050260756846,0.07238543189711522,-0.07238543189711522
GSE41613,1077,-0.0029953764381007164,0.09920940791552077,-0.09920940791552077,0.08750543493677809,-0.08750543493677809
GSE41613,1078,-0.007587145569217135,0.11916859796275248,-0.11916859796275248,0.09708797952745818,-0.09708797952745818
GSE41613,1079,-0.005786969140308351,0.10204875663854046,-0.10204875663854046,0.06258015612473566,-0.06258015612473566
GSE41613,1080,-0.01110864893608035,0.12001922533390685,-0.12001922533390685,0.052719840317887456,-0.052719840317887456
GSE41613,1081,-0.00522292269301286,0.1102857905296693,-0.1102857905296693,0.11537512495193125,0.11537512495193125
GSE41613,1082,-0.004884961701134782,0.11404918558133934,-0.11404918558133934,0.08126540576311869,-0.08126540576311869
GSE41613,1083,-0.008970832915121851,0.11696422554651564,-0.11696422554651564,0.04474038586598578,-0.04474038586598572
GSE41613,1084,-0.0033751812678359527,0.11167338572504526,-0.11167338572504526,0.17771745802884498,0.17771745802884498
GSE41613,1085,-0.009078797654181597,0.11901734709846401,-0.11901734709846401,0.021420964451432878,-0.021420964451432933
GSE41613,1086,-0.008063299484779768,0.1169289248062984,-0.1169289248062984,0.042103417414678546,-0.0421034174146786
GSE41613,1087,-0.002348264148882312,0.10767117810011495,-0.10767117810011495,0.13937918507716462,0.13937918507716462
GSE41613,1088,-0.008651034774859123,0.12335750590925065,-0.12335750590925065,0.06755182138132154,-0.06755182138132154
GSE41613,1089,-0.01106837512895617,0.13248487388789532,-0.13248487388789532,0.05419913326299397,-0.05419913326299397
GSE41613,1090,-0.008818303458567572,0.11310631908528956,-0.11310631908528956,0.05877442177494707,-0.05877442177494707
GSE41613,1091,-0.007713928393275116,0.11229028527919699,-0.11229028527919699,0.025647153147977858,-0.02564715314797783
GSE41613,1092,-0.004222739101293227,0.11032717124231284,-0.11032717124231284,0.08500575580023484,-0.08500575580023484
GSE41613,1093,-0.006010697552851552,0.11509077710486704,-0.11509077710486704,0.08306210690089011,-0.08306210690089011
GSE41613,1094,-0.006187522705487836,0.11931689238574117,-0.11931689238574117,0.09287465134271633,-0.09287465134271633
GSE41613,1095,-0.00703243268754386,0.11200221334295363,-0.11200221334295363,0.06789907902498771,-0.06789907902498771
GSE41613,1096,-0.004644929276178933,0.1100781259866021,-0.1100781259866021,0.07483303785119122,-0.07483303785119122
GSE41613,1097,-0.0036292919367196252,0.10793357366812578,-0.10793357366812578,0.150649708278076,0.150649708278076
GSE41613,1098,-0.004295598231196351,0.11596830923811835,-0.11596830923811835,0.12077683171516518,0.12077683171516518
GSE41613,1099,-0.00636116641405593,0.1097233673512687,-0.1097233673512687,0.06595423068532646,-0.06595423068532646
GSE41613,1100,-0.0015529914658019284,0.09919250712767341,-0.09919250712767341,0.11883375173200705,0.11883375173200705
GSE41613,1101,-0.010078677775897688,0.12681422528828723,-0.12681422528828723,0.10046435190001457,-0.09117687767470883
GSE41613,1102,-0.0028702370541065503,0.1094015132895601,-0.1094015132895601,0.1341757000224595,0.1341757000224595
GSE41613,1103,-0.003659934186476338,0.10917693071497625,-0.10917693071497625,0.10026409974277595,-0.09497990144073176
GSE41613,1104,-0.010197846367491409,0.12495940456687615,-0.12495940456687615,0.04886652852255263,-0.04886652852255258
GSE41613,1105,-0.011557451047334771,0.12832935361458386,-0.12832935361458386,0.039889203711862664,-0.03988920371186255
GSE41613,1106,-0.009003315794946093,0.12504206485500802,-0.12504206485500802,0.04335415655909364,-0.04335415655909369
GSE41613,1107,-0.0064103077396509,0.11459754420569679,-0.11459754420569679,0.1021856134835003,-0.05847308775789395
GSE41613,1108,-0.007901071371618301,0.1288676817000285,-0.1288676817000285,0.1335553824359581,0.1335553824359581
GSE41613,1109,-0.0071821735368100825,0.12139612807194045,-0.12139612807194045,0.08058519125105434,-0.08058519125105434
GSE41613,1110,-0.009186127259031035,0.11977329406397763,-0.11977329406397763,0.06365718395999365,-0.06365718395999365
GSE41613,1111,-0.006189361847397629,0.11816298927590846,-0.11816298927590846,0.09683938330518937,-0.09683938330518937
GSE41613,1112,-0.005287208845396157,0.10961516509951019,-0.10961516509951019,0.11272516397786125,0.11272516397786125
GSE41613,1113,-0.003912917978024066,0.11316379395007825,-0.11316379395007825,0.10706546492650182,0.03424318488717348
GSE41613,1114,-0.005130022266395418,0.11092015552747003,-0.11092015552747003,0.1316060280143092,0.1316060280143092
GSE41613,1115,-0.006482433781608954,0.11213992222303054,-0.11213992222303054,,
GSE41613,1116,-0.004252753841021195,0.1082125158570065,-0.1082125158570065,0.07619777472845246,-0.07619777472845246
GSE41613,1117,-0.009738781353310189,0.1216315807983287,-0.1216315807983287,0.08468630503932761,-0.08468630503932761
GSE41613,1118,-0.006220966677081413,0.1101342204140644,-0.1101342204140644,0.0850142037825895,-0.0850142037825895
GSE41613,1119,-0.009301597201039208,0.11932454900440259,-0.11932454900440259,0.12043224638796923,0.12043224638796923
GSE41613,1120,-0.004241342825094752,0.10709651796627878,-0.10709651796627878,0.1086833119887296,0.06498666064684766
GSE41613,1121,-0.006460191850029634,0.1118633491295592,-0.1118633491295592,0.05244973293169275,-0.05244973293169275
GSE41613,1122,-0.004688373780360189,0.11062188627258557,-0.11062188627258557,0.10346189385316318,-0.03422448029738978
GSE41613,1123,-0.006280764067585987,0.10905374056323092,-0.10905374056323092,0.10199822256041702,-0.062033783618261173
GSE41613,1124,-0.009283030494012884,0.12036274462974472,-0.12036274462974472,0.08942905484447516,-0.08942905484447516
GSE41613,1125,-0.008864330568377987,0.12371620655565752,-0.12371620655565752,0.11132830736877053,0.11132830736877053
GSE41613,1126,-0.005777637912635802,0.11241838457430575,-0.11241838457430575,0.07494976019706479,-0.07494976019706479
GSE41613,1127,-0.010504473944251413,0.12537517913123597,-0.12537517913123597,0.07248127669330373,-0.07248127669330373
GSE41613,1128,-0.003492752273453692,0.10996366607955621,-0.10996366607955621,0.1215400069854713,0.1215400069854713
GSE41613,1129,-0.007253979381538017,0.12255354060045365,-0.12255354060045365,0.11074790242122112,0.10420879469110489
GSE41613,1130,-0.003693088747877743,0.1021665311200089,-0.1021665311200089,0.15089720231866255,0.15089720231866255
GSE41613,1131,-0.0050967258541181615,0.11809684091715689,-0.11809684091715689,0.1487042438549684,0.1487042438549684
GSE41613,1132,-0.002426452504848131,0.11281055228273779,-0.11281055228273779,0.15415476261143546,0.15415476261143546
GSE41613,1133,-0.0056246482293211,0.11189610684639989,-0.11189610684639989,0.10730649236253298,0.03882434841338023
GSE41613,1134,-0.008084957461082704,0.11834234762786838,-0.11834234762786838,0.04683610804612948,-0.04683610804612948
GSE41613,1135,-0.005674973178504544,0.11315624169966437,-0.11315624169966437,0.10741674967201664,0.04091469053278951
GSE41613,1136,-0.004321531221932184,0.10872400078473304,-0.10872400078473304,0.08355286360531622,-0.08355286360531622
GSE41613,1137,-0.005240311576482748,0.11681525290898609,-0.11681525290898609,0.07862367329674402,-0.07862367329674402
GSE41613,1138,-0.012155403249500207,0.12208151704510595,-0.12208151704510595,0.03408532132922759,-0.03408532132922759
GSE41613,1139,-0.007683780778844185,0.11511570268588706,-0.11511570268588706,0.06505728926806587,-0.06505728926806587
GSE41613,1140,-0.0049524556559295,0.10728414983205198,-0.10728414983205198,0.09251323234294728,-0.09251323234294728
GSE41613,1141,-0.005507002849808151,0.11759715165175572,-0.11759715165175572,0.10999582810511377,0.08992110722554891
GSE41613,1142,-0.005544767378216547,0.11088885093941775,-0.11088885093941775,0.08737838935106024,-0.08737838935106024
GSE41613,1143,-0.006804211281741329,0.12832736344458512,-0.12832736344458512,0.10396201420668094,-0.0247224244223464
GSE41613,1144,-0.0030214194463223376,0.10791639177270562,-0.10791639177270562,0.09257141740679486,-0.09257141740679486
GSE41613,1145,-0.006425785204879381,0.11168952725691039,-0.11168952725691039,0.11096083628617215,0.10825534734658782
GSE41613,1146,-0.008146114574072716,0.12782339335829296,-0.12782339335829296,0.11738552637922828,0.11738552637922828
GSE41613,1147,-0.006057922233408175,0.11890385502488987,-0.11890385502488987,0.08195891718727699,-0.08195891718727699
GSE41613,1148,-0.01001388079764512,0.11925330039314219,-0.11925330039314219,0.05423260372243094,-0.05423260372243088
GSE41613,1149,-0.00904745089878592,0.12483425836172468,-0.12483425836172468,0.08089689711927406,-0.08089689711927406
GSE41613,1150,-0.0036460191940003994,0.09961949355779975,-0.09961949355779975,0.11814675380619621,0.11814675380619621
GSE41613,1151,-0.01182622988650825,0.1304669181059862,-0.1304669181059862,0.07332646121129582,-0.07332646121129582
GSE41613,1152,-0.006536902322493654,0.12140162696390261,-0.12140162696390261,0.08605946052519076,-0.08605946052519076
GSE41613,1153,-0.008120634353158018,0.10606302655784039,-0.10606302655784039,0.03443211226781123,-0.03443211226781129
GSE41613,1154,-0.0071201982445745216,0.12000628050826118,-0.12000628050826118,0.07462502108977453,-0.07462502108977453
GSE41613,1155,-0.00901232750441508,0.12665820690909835,-0.12665820690909835,0.09118123408343859,-0.09118123408343859
GSE41613,1156,-0.007161834307976456,0.12170560818548293,-0.12170560818548293,0.100849281572306,-0.08386493197406197
GSE41613,1157,-0.005412129131139698,0.10678168556873324,-0.10678168556873324,0.08297823626861278,-0.08297823626861278
GSE41613,1158,-0.003683175789565535,0.1086355666786199,-0.1086355666786199,0.10385997399916924,-0.026659982198140586
GSE41613,1159,-0.006740989827298094,0.11513943178377817,-0.11513943178377817,0.092391611830694,-0.092391611830694
GSE41613,1160,-0.010165635422701769,0.1280373796452564,-0.1280373796452564,0.056342085624147775,-0.056342085624147775
GSE41613,1161,-0.008084020091000899,0.11617675894566248,-0.11617675894566248,0.07734195195128868,-0.07734195195128868
GSE41613,1162,-0.008538348105863403,0.11490494687126396,-0.11490494687126396,0.058850289564140845,-0.058850289564140845
GSE41613,1163,-0.007320068873055585,0.11691344946224991,-0.11691344946224991,0.0977318572475494,-0.0977318572475494
GSE41613,1164,-0.005377069415536312,0.10240996193651292,-0.10240996193651292,0.09220244834213998,-0.09220244834213998
GSE41613,1165,-0.0043036016137925626,0.11882662723115628,-0.11882662723115628,0.12225871370623076,0.12225871370623076
GSE41613,1166,-0.005639987656535311,0.11459446287212843,-0.11459446287212843,0.10071014009521784,-0.08650756244587876
GSE41613,1167,-0.002780460999381007,0.10014788558246042,-0.10014788558246042,0.07798025128167207,-0.07798025128167207
GSE41613,1168,-0.006192443504657197,0.1123105522560347,-0.1123105522560347,0.06724595639503894,-0.06724595639503894
GSE41613,1169,-0.005971886761199391,0.10511975549328523,-0.10511975549328523,0.05603136115857377,-0.05603136115857377
GSE41613,1170,-0.007795186157593448,0.11085254539105849,-0.11085254539105849,0.11627412908741319,0.11627412908741319
GSE41613,1171,-0.0030730334278401827,0.1082324574695312,-0.1082324574695312,0.12357423941805923,0.12357423941805923
GSE41613,1172,-0.0038994806365306445,0.10665985838234049,-0.10665985838234049,0.11366713029021058,0.11366713029021058
GSE41613,1173,-0.007234654272779001,0.11169161612009837,-0.11169161612009837,0.07144708006682166,-0.07144708006682166
GSE41613,1174,-0.004365874838616751,0.11262973038489343,-0.11262973038489343,0.09448276854955273,-0.09448276854955273
GSE41613,1175,-0.0062043528737472375,0.11457141691527062,-0.11457141691527062,0.09457606530344731,-0.09457606530344731
GSE41613,1176,-0.00495513452688201,0.1197849036797296,-0.1197849036797296,0.13306251983497774,0.13306251983497774
GSE41613,1177,-0.003519176316684469,0.09757484766859614,-0.09757484766859614,0.08502708273870696,-0.08502708273870696
GSE41613,1178,-0.010131588859622787,0.13236853396134274,-0.13236853396134274,0.0941485988609615,-0.0941485988609615
GSE41613,1179,-0.009197642469172845,0.12150200483804946,-0.12150200483804946,0.03189891750248769,-0.031898917502487634
GSE41613,1180,-0.004312304149580531,0.10248650936302592,-0.10248650936302592,0.06369324835669998,-0.06369324835669998
GSE41613,1181,-0.005965388411795752,0.12297671105576291,-0.12297671105576291,0.1498555414105296,0.1498555414105296
GSE41613,1182,-0.005393708231659411,0.11442263182333323,-0.11442263182333323,0.07296465531255747,-0.07296465531255747
GSE41613,1183,-0.004358321795221859,0.11339192837177203,-0.11339192837177203,0.08672221146253811,-0.08672221146253811
GSE41613,1184,-0.006662162103518582,0.12336537934829489,-0.12336537934829489,0.07433672680301995,-0.07433672680301995
GSE41613,1185,-0.0045255435623744455,0.10900449345983343,-0.10900449345983343,0.12209278594403239,0.12209278594403239
GSE41613,1186,-0.006258362003661144,0.11054050290474171,-0.11054050290474171,0.081974701870133,-0.081974701870133
GSE41613,1187,-0.008496820863295063,0.1326496392104965,-0.1326496392104965,0.07752488109603672,-0.07752488109603672
GSE41613,1188,-0.005970326738526793,0.10730913062696901,-0.10730913062696901,0.09470507054431576,-0.09470507054431576
GSE41613,1189,-0.0025695850777139595,0.11349219153642415,-0.11349219153642415,0.14720527936713057,0.14720527936713057
GSE41613,1190,-0.011805119977601336,0.12316427579500056,-0.12316427579500056,0.02948041209099489,-0.029480412090994834
GSE41613,1191,-0.004880760414117724,0.10874293218119974,-0.10874293218119974,0.09940240124807997,-0.09940240124807997
GSE41613,1192,-0.0015744925253643738,0.1080356161611635,-0.1080356161611635,0.13366124491499298,0.13366124491499298
GSE41613,1193,-0.01082390533328309,0.12670740750932585,-0.12670740750932585,0.10609951573955023,0.015887475061568845
GSE41613,1194,-0.0042632521349644514,0.11176099645277365,-0.11176099645277365,0.10216347269772985,-0.05889558997464395
GSE41613,1195,-0.005355796664183093,0.11811907599967553,-0.11811907599967553,0.11112915097623177,0.11112915097623177
GSE41613,1196,-0.007389108553484208,0.1263586524271118,-0.1263586524271118,0.08655104144461634,-0.08655104144461634
GSE41613,1197,-0.006522198294160675,0.10823689754039928,-0.10823689754039928,0.07768383211850105,-0.07768383211850105
GSE41613,1198,-0.004694417692657743,0.1112874143417053,-0.1112874143417053,0.09112102337952444,-0.09112102337952444
GSE41613,1199,-0.007881183309088574,0.12009551394870344,-0.12009551394870344,0.05978928652792104,-0.05978928652792104
GSE41613,1200,-0.00893798122466799,0.1216638469929282,-0.1216638469929282,0.07350581290694069,-0.07350581290694069
GSE41613,1201,-0.005319387791299007,0.11879297446011056,-0.11879297446011056,0.09698902008505872,-0.09698902008505872
GSE41613,1202,-0.004090882068675472,0.10847397478679338,-0.10847397478679338,0.10444791215161464,-0.015487513911490058
GSE41613,1203,-0.003170772214057621,0.10794737398653387,-0.10794737398653387,0.15304267677269157,0.15304267677269157
GSE41613,1204,-0.005635388546757575,0.10103583580111133,-0.10103583580111133,0.0243664168228431,-0.02436641682284313
GSE41613,1205,-0.006652787097598617,0.1111841483786109,-0.1111841483786109,0.04372743631956394,-0.043727436319563995
GSE41613,1206,-0.0037902240861882874,0.09401695923671868,-0.09401695923671868,0.05956232237027592,-0.05956232237027592
GSE41613,1207,-0.006530253583274637,0.11196988503404282,-0.11196988503404282,0.08910776560408717,-0.08910776560408717
GSE41613,1208,-0.00706364424787484,0.10796996691355826,-0.10796996691355826,0.058311014638848135,-0.058311014638848135
GSE41613,1209,-0.007371047354039234,0.11313566690194443,-0.11313566690194443,0.06980690455822824,-0.06980690455822824
GSE41613,1210,-0.007949469589911745,0.12279707627912984,-0.12279707627912984,0.10856666379128566,0.06276632187560072
GSE41613,1211,-0.0036044792035290762,0.1158254822805882,-0.1158254822805882,0.12747163484679924,0.12747163484679924
GSE41613,1212,-0.004166005765739694,0.10188799641259261,-0.10188799641259261,0.09366621183883383,-0.09366621183883383
GSE41613,1213,-0.008702792607078735,0.11353596916429687,-0.11353596916429687,0.05964969652725094,-0.05964969652725094
GSE41613,1214,-0.003590887580530583,0.10261145501082275,-0.10261145501082275,0.08815849079133409,-0.08815849079133409
GSE41613,1215,-0.007967964817125556,0.1132541756861622,-0.1132541756861622,0.03930763922513225,-0.03930763922513214
GSE41613,1216,-0.005307281543933118,0.11364038006652188,-0.11364038006652188,0.07650683721278373,-0.07650683721278373
GSE41613,1217,-0.006976677444303581,0.11867994994955255,-0.11867994994955255,0.08164830167964021,-0.08164830167964021
GSE41613,1218,-0.010653354390689401,0.12860161559051553,-0.12860161559051553,0.07235269430821945,-0.07235269430821945
GSE41613,1219,-0.004970247702080349,0.1167566168073274,-0.1167566168073274,0.15556224463106738,0.15556224463106738
GSE41613,1220,-0.006902013856402628,0.11723436784108432,-0.11723436784108432,0.07343064324935233,-0.07343064324935233
GSE41613,1221,-0.007174751310990657,0.11829868741911098,-0.11829868741911098,0.09271943672297256,-0.09271943672297256
GSE41613,1222,-0.0050071097081251514,0.10639372752647513,-0.10639372752647513,0.11114406388950004,0.11114406388950004
GSE41613,1223,-0.008207316312937807,0.11474318022638208,-0.11474318022638208,0.052572062559020194,-0.05257206255902025
GSE41613,1224,-0.003361588733904325,0.10795041758466489,-0.10795041758466489,0.1272555636880992,0.1272555636880992
GSE41613,1225,-0.008937737207718427,0.1141917657996101,-0.1141917657996101,0.05092251913654111,-0.05092251913654111
GSE41613,1226,-0.009636448990684388,0.12770631072851957,-0.12770631072851957,0.09091156577798043,-0.09091156577798043
GSE41613,1227,-0.0066266084205972575,0.11652557733439273,-0.11652557733439273,0.10073364805886953,-0.08605776016876543
GSE41613,1228,-0.004685881854970625,0.1066390501112286,-0.1066390501112286,0.08018173768014858,-0.08018173768014858
GSE41613,1229,-0.005061717627464962,0.10880848036495194,-0.10880848036495194,0.09704289801770494,-0.09704289801770494
GSE41613,1230,-0.006093096533539094,0.11272406610414165,-0.11272406610414165,0.10106351690646054,-0.07979494960700506
GSE41613,1231,-0.005180502992061936,0.10041145506358712,-0.10041145506358712,0.058155115315702055,-0.058155115315702055
GSE41613,1232,-0.005439285780915876,0.11445233453098103,-0.11445233453098103,0.134754390131947,0.134754390131947
GSE41613,1233,-0.008279720849004996,0.11048227822808498,-0.11048227822808498,0.07837521792022462,-0.07837521792022462
GSE41613,1234,-0.005581646435840082,0.10788422368107609,-0.10788422368107609,0.1003395763201832,-0.09354972697908448
GSE41613,1235,-0.004388549540944864,0.11420018584035718,-0.11420018584035718,0.14233796048969283,0.14233796048969283
GSE41613,1236,-0.0030704390537747706,0.1225387247544808,-0.1225387247544808,0.15661358074172882,0.15661358074172882
GSE41613,1237,-0.007058511434113013,0.1181525918268665,-0.1181525918268665,0.08182595210831312,-0.08182595210831312
GSE41613,1238,-0.005605123482918084,0.09693457171193981,-0.09693457171193981,,
GSE41613,1239,-0.005366549592051323,0.11362794629785056,-0.11362794629785056,0.10588241650951524,0.011765577855090359
GSE41613,1240,-0.006840957596671443,0.11664222003981284,-0.11664222003981284,0.1205188774947199,0.1205188774947199
GSE41613,1241,-0.004948735218818778,0.11328401658278581,-0.11328401658278581,0.11586522757392514,0.11586522757392514
GSE41613,1242,-0.008560633361616193,0.12129584130592541,-0.12129584130592541,0.07199906292478697,-0.07199906292478697
GSE41613,1243,-0.009847523242458328,0.1178415448797,-0.1178415448797,0.062128912418680904,-0.062128912418680904
GSE41613,1244,-0.004894647641405181,0.12203974638479165,-0.12203974638479165,0.14993227105332751,0.14993227105332751
GSE41613,1245,-0.010170438519537583,0.12556931947945849,-0.12556931947945849,0.07625052086673823,-0.07625052086673823
GSE41613,1246,-0.004791617663147785,0.10075129908716735,-0.10075129908716735,0.08635463965985202,-0.08635463965985202
GSE41613,1247,-0.009711003010681674,0.1256951106681644,-0.1256951106681644,0.09409031790703382,-0.09409031790703382
GSE41613,1248,-0.007013762972870874,0.11622619182648786,-0.11622619182648786,0.08585925023679764,-0.08585925023679764
GSE41613,1249,-0.010053927300559373,0.1243106041945441,-0.1243106041945441,0.06185203847923182,-0.06185203847923182
GSE41613,1250,-0.005347142662758014,0.11386007312072177,-0.11386007312072177,0.10127382837371335,-0.07580169025451844
GSE41613,1251,-0.007222471055434387,0.1249316980503421,-0.1249316980503421,0.10880545127546604,0.06729881164277007
GSE41613,1252,-0.0033514875403799216,0.1086267592066334,-0.1086267592066334,0.11365190809306402,0.11365190809306402
GSE41613,1253,-0.006082156767965807,0.11720598410421912,-0.11720598410421912,0.0951226613618088,-0.0951226613618088
GSE41613,1254,-0.005368148952891311,0.11771410314264552,-0.11771410314264552,0.123406531144862,0.123406531144862
GSE41613,1255,-0.008817896677722536,0.1201155235769199,-0.1201155235769199,0.05444963710083417,-0.05444963710083417
GSE41613,1256,-0.0012961136373704774,0.09960599913834672,-0.09960599913834672,0.13161336989258987,0.13161336989258987
GSE41613,1257,-0.004166395035784892,0.10598275066505927,-0.10598275066505927,0.08905616281976814,-0.08905616281976814
GSE41613,1258,-0.007328882803044029,0.11725266867050549,-0.11725266867050549,0.05895756899459492,-0.05895756899459492
GSE41613,1259,0.00011388735635461944,0.10610484841411008,-0.10610484841411008,0.1643261331561019,0.1643261331561019
GSE41613,1260,-0.008037399670352607,0.11480142326292031,-0.11480142326292031,0.08204461546741892,-0.08204461546741892
GSE41613,1261,-0.007066994150225853,0.11660215294823217,-0.11660215294823217,0.08922981876188696,-0.08922981876188696
GSE41613,1262,-0.007799173534862591,0.11586448592617282,-0.11586448592617282,0.045349528707737286,-0.04534952870773723
GSE41613,1263,-0.004740440455143796,0.1159086682916099,-0.1159086682916099,0.09262518696343525,-0.09262518696343525
GSE41613,1264,-0.006606581749177415,0.11555126236304725,-0.11555126236304725,,
GSE41613,1265,-0.006906085624147573,0.11204479676574491,-0.11204479676574491,0.0798151313511346,-0.0798151313511346
GSE41613,1266,-0.006967763939810356,0.10717709947915077,-0.10717709947915077,0.05257260348275383,-0.05257260348275383
GSE41613,1267,-0.00493336938897207,0.105763525904918,-0.105763525904918,0.10994005681679742,0.08886183618194954
GSE41613,1268,-0.007323306637288252,0.12757724758941852,-0.12757724758941852,0.07844404412208594,-0.07844404412208594
GSE41613,1269,-0.009987180805673984,0.11747456970377546,-0.11747456970377546,0.040307807656762173,-0.04030780765676212
GSE41613,1270,-0.00854185803523591,0.11759893831971624,-0.11759893831971624,0.06321713552473374,-0.06321713552473374
GSE41613,1271,-0.003987929570632959,0.11147684937838037,-0.11147684937838037,0.08324301933415446,-0.08324301933415446
GSE41613,1272,-0.009979575887249431,0.12958122129652694,-0.12958122129652694,0.10371149305466187,-0.029481976966698076
GSE41613,1273,-0.005460230129025023,0.11463793697104108,-0.11463793697104108,0.11298913177660919,0.11298913177660919
GSE41613,1274,-0.00660801723825874,0.12753375760049368,-0.12753375760049368,0.1431348589854069,0.1431348589854069
GSE41613,1275,-0.004724028243604211,0.10839436207543224,-0.10839436207543224,0.09311817910554998,-0.09311817910554998
GSE41613,1276,-0.005949230653177123,0.10726054837145405,-0.10726054837145405,0.10500854510842395,-0.004841850868834374
GSE41613,1277,-0.006997308849057499,0.11071150285974274,-0.11071150285974274,0.04511811405649485,-0.04511811405649491
GSE41613,1278,-0.008003178682701728,0.11746629290066973,-0.11746629290066973,0.05042821160463101,-0.05042821160463107
GSE41613,1279,-0.004393978048022801,0.09884074523946379,-0.09884074523946379,0.09951671060111422,-0.09951671060111422
GSE41613,1280,-0.005597735611633292,0.10929461636492321,-0.10929461636492321,0.09340390227313844,-0.09340390227313844
GSE41613,1281,-0.008273855925016615,0.12413793408336926,-0.12413793408336926,0.13548760916830016,0.13548760916830016
GSE41613,1282,-0.007891378374820235,0.11931440870034249,-0.11931440870034249,0.06940747386934021,-0.06940747386934021
GSE41613,1283,-0.005531252072569021,0.10544777044453768,-0.10544777044453768,0.08682909834472441,-0.08682909834472441
GSE41613,1284,-0.0029508478834492924,0.11392905720893082,-0.11392905720893082,0.12664851202712524,0.12664851202712524
GSE41613,1285,-0.007455958689945363,0.12384102590006185,-0.12384102590006185,0.09811332737362788,-0.09811332737362788
GSE41613,1286,-0.00912761472143292,0.12440874924564849,-0.12440874924564849,0.0675080323666648,-0.0675080323666648
GSE41613,1287,-0.006445887320906424,0.11342474989773549,-0.11342474989773549,0.0644195541764534,-0.0644195541764534
GSE41613,1288,-0.00475347402653345,0.11226781373303968,-0.11226781373303968,0.11342966975475188,0.11342966975475188
GSE41613,1289,-0.007719244750568177,0.1213821369943493,-0.1213821369943493,0.10466033995887514,-0.011452704392062585
GSE41613,1290,-0.007908435838000494,0.1191513335580357,-0.1191513335580357,0.049968155987095086,-0.04996815598709514
GSE41613,1291,-0.0061510978014975015,0.11211176063495693,-0.11211176063495693,0.0885103457199844,-0.0885103457199844
GSE41613,1292,-0.0037949910184398306,0.09675886505826486,-0.09675886505826486,0.09334893091800267,-0.09334893091800267
GSE41613,1293,-0.005720419711656349,0.11250406110872263,-0.11250406110872263,0.10195761379860147,-0.06280527198104358
GSE41613,1294,-0.008508496186683562,0.11045181982994684,-0.11045181982994684,0.036784447181787416,-0.03678444718178753
GSE41613,1295,-0.005568308055781623,0.10590429361302545,-0.10590429361302545,0.048525134285111626,-0.048525134285111626
GSE41613,1296,-0.005754524695103541,0.12191791516188522,-0.12191791516188522,0.09929623535459653,-0.09929623535459653
GSE41613,1297,-0.006002386320324599,0.11333711958442272,-0.11333711958442272,0.0814001014871989,-0.0814001014871989
GSE41613,1298,-0.0064014181983815255,0.11213610857557849,-0.11213610857557849,0.08073310503212083,-0.08073310503212083
GSE41613,1299,-0.01024918392658225,0.1244410180831147,-0.1244410180831147,0.07526955770599963,-0.07526955770599963
GSE41613,1300,-0.003227301480873912,0.10540444995948983,-0.10540444995948983,0.1324693522161038,0.1324693522161038
GSE41613,1301,-0.007200514110901168,0.12220854072015275,-0.12220854072015275,0.07075311302937315,-0.07075311302937315
GSE41613,1302,-0.008121496844173626,0.12093039560754815,-0.12093039560754815,0.0819942171983703,-0.0819942171983703
GSE41613,1303,-0.0040511355477375055,0.11319288578486769,-0.11319288578486769,0.09700070674814887,-0.09700070674814887
GSE41613,1304,-0.0019028506466420014,0.10714433558715486,-0.10714433558715486,0.15775064240519376,0.15775064240519376
GSE41613,1305,-0.0068162779790987005,0.11810838027425408,-0.11810838027425408,0.1293864097364641,0.1293864097364641
GSE41613,1306,-0.0074395131664977965,0.11579055773051844,-0.11579055773051844,0.05513910222160334,-0.05513910222160334
GSE41613,1307,-0.008918632546465577,0.11947143770879065,-0.11947143770879065,0.06145365546293502,-0.06145365546293502
GSE41613,1308,-0.0035864861649031743,0.11533900995223345,-0.11533900995223345,0.14183914351227722,0.14183914351227722
GSE41613,1309,-0.009234863398259074,0.13398037255563722,-0.13398037255563722,0.11070953760454227,0.10348333079722571
GSE41613,1310,-0.006590188458366397,0.12790517283943303,-0.12790517283943303,0.12070054183504775,0.12070054183504775
GSE41613,1311,-0.006213884487455051,0.11008332507862567,-0.11008332507862567,0.04347388274512537,-0.043473882745125314
GSE41613,1312,-0.006825624433288269,0.11673597144818909,-0.11673597144818909,0.06656218331171515,-0.06656218331171515
GSE41613,1313,-0.0060678136212743705,0.11262568450783195,-0.11262568450783195,0.09262896899500117,-0.09262896899500117
GSE41613,1314,-0.00846180018864695,0.11397479023800905,-0.11397479023800905,0.04396148860393795,-0.043961488603938004
GSE41613,1315,-0.0013139418258623636,0.10558087027886534,-0.10558087027886534,0.15331326019629654,0.15331326019629654
GSE41613,1316,-0.005085487376954967,0.11683284081614631,-0.11683284081614631,0.09620273926429046,-0.09620273926429046
GSE41613,1317,-0.004375157515891792,0.1037050691351949,-0.1037050691351949,0.09864259779058604,-0.09864259779058604
GSE41613,1318,-0.004306997131649809,0.10463325088796155,-0.10463325088796155,0.09261990884853333,-0.09261990884853333
GSE41613,1319,-0.0038990406274296563,0.11665546410128586,-0.11665546410128586,0.11620245830070575,0.11620245830070575
GSE41613,1320,-0.010190661775044713,0.12301489757366957,-0.12301489757366957,0.06344177300131293,-0.06344177300131293
GSE41613,1321,-0.008305112044077217,0.12235656356704638,-0.12235656356704638,0.09148292093643462,-0.09148292093643462
GSE41613,1322,-0.00510778141035878,0.11848408519258413,-0.11848408519258413,0.15840537834453805,0.15840537834453805
GSE41613,1323,-0.006211151482083399,0.11763891628007855,-0.11763891628007855,0.08605068355889633,-0.08605068355889633
GSE41613,1324,-0.007527503308548927,0.11364756538976228,-0.11364756538976228,0.07411117460613414,-0.07411117460613414
GSE41613,1325,-0.0040118463888596245,0.10104158521703172,-0.10104158521703172,0.08350620803154574,-0.08350620803154574
GSE41613,1326,-0.006789791189457384,0.11423137300600167,-0.11423137300600167,0.07682181874176619,-0.07682181874176619
GSE41613,1327,-0.006471751128527631,0.11761891744900443,-0.11761891744900443,0.10424633006308326,-0.019319928387964036
GSE41613,1328,-0.007144248966640759,0.11330535822871202,-0.11330535822871202,0.08967712673444117,-0.08967712673444117
GSE41613,1329,-0.006985338134685992,0.12114298375152643,-0.12114298375152643,0.08664520162982847,-0.08664520162982847
GSE41613,1330,-0.010728806636878946,0.11157118136268429,-0.11157118136268429,-0.003950433094814902,0.003950433094814798
GSE41613,1331,-0.008612132657346921,0.11749549426859462,-0.11749549426859462,0.07769858195127843,-0.07769858195127843
GSE41613,1332,-0.006577170560429696,0.10963344824739396,-0.10963344824739396,0.09162045861426882,-0.09162045861426882
GSE41613,1333,-0.00943120193983138,0.1278884939031577,-0.1278884939031577,0.07364378388473425,-0.07364378388473425
GSE41613,1334,-0.010638447630325482,0.12188073809091571,-0.12188073809091571,0.04825384812105771,-0.04825384812105771
GSE41613,1335,-0.0038510798041730687,0.09775772111134315,-0.09775772111134315,0.08582659019830463,-0.08582659019830463
GSE41613,1336,-0.008030307273101167,0.12008891949515432,-0.12008891949515432,0.09346261751439455,-0.09346261751439455
GSE41613,1337,-0.007115891579643235,0.11521458216250535,-0.11521458216250535,0.06740144230110556,-0.06740144230110556
GSE41613,1338,-0.007033419242415906,0.11678228535794855,-0.11678228535794855,0.09382111129242654,-0.09382111129242654
GSE41613,1339,-0.007065725272825563,0.10351351641925582,-0.10351351641925582,0.02394077893110988,-0.023940778931109907
GSE41613,1340,-0.002775070474893282,0.10407848077445125,-0.10407848077445125,0.11025217880515348,0.0947893654812616
GSE41613,1341,-0.007945992295539328,0.12877954913049727,-0.12877954913049727,0.10598394083280238,0.013693155660676859
GSE41613,1342,-0.009201879728965967,0.12280389325781627,-0.12280389325781627,0.08386888012054539,-0.08386888012054539
GSE41613,1343,-0.004622400194741166,0.10794739823635335,-0.10794739823635335,0.10845049304573051,0.06055943415095333
GSE41613,1344,-0.008876683104271393,0.1279911278194602,-0.1279911278194602,0.10941910278089673,0.07896457528155121
GSE41613,1345,-0.006505477808013166,0.11749187330564859,-0.11749187330564859,0.13010727392463006,0.13010727392463006
GSE41613,1346,-0.0060852192582831754,0.1127734825637472,-0.1127734825637472,0.0884563047598923,-0.0884563047598923
GSE41613,1347,-0.0037517737913819182,0.09843558805467917,-0.09843558805467917,0.09536653281269225,-0.09536653281269225
GSE41613,1348,-0.005889256898446521,0.12127648752668896,-0.12127648752668896,0.09070078732671893,-0.09070078732671893
GSE41613,1349,-0.006406806528763159,0.1187500097076225,-0.1187500097076225,0.13062459020739703,0.13062459020739703
GSE41613,1350,-0.007500019571999861,0.1197210220992071,-0.1197210220992071,,
GSE41613,1351,-0.006454726165111918,0.11962413545442763,-0.11962413545442763,0.13128448701986017,0.13128448701986017
GSE41613,1352,-0.008734214431762283,0.11037012025748505,-0.11037012025748505,0.036415370682027826,-0.036415370682027826
GSE41613,1353,-0.008974522494309994,0.12457040021008547,-0.12457040021008547,0.07459620557314195,-0.07459620557314195
GSE41613,1354,-0.004688971044974899,0.10620327969146318,-0.10620327969146318,0.04985083354750208,-0.04985083354750208
GSE41613,1355,-0.004430121181970864,0.10549830903193713,-0.10549830903193713,0.08210078118581055,-0.08210078118581055
GSE41613,1356,-0.005476449483198809,0.10825221398678841,-0.10825221398678841,0.06350923110152729,-0.06350923110152729
GSE41613,1357,-0.010243990547231047,0.12997183410362922,-0.12997183410362922,0.03892236572334973,-0.03892236572334973
GSE41613,1358,-0.006302379883530579,0.11382640571193603,-0.11382640571193603,0.07308894518294784,-0.07308894518294784
GSE41613,1359,-0.005518489147258249,0.1133727828214483,-0.1133727828214483,0.09963945376877448,-0.09963945376877448
GSE41613,1360,-0.003062642963857304,0.10091045670957588,-0.10091045670957588,0.10216815873755081,-0.058804668324395126
GSE41613,1361,-0.009828573938031299,0.11337953687942093,-0.11337953687942093,0.07525216376086608,-0.07525216376086608
GSE41613,1362,-0.00781480653411415,0.11209192631867387,-0.11209192631867387,0.029972396925646683,-0.029972396925646683
GSE41613,1363,-0.009745637464901397,0.12048612123922275,-0.12048612123922275,0.020968175757656166,-0.020968175757656193
GSE41613,1364,-0.0034400185115898985,0.10893220718236521,-0.10893220718236521,0.09731804709529857,-0.09731804709529857
GSE41613,1365,-0.0057387434757869005,0.12523186924234042,-0.12523186924234042,0.1582076882132526,0.1582076882132526
GSE41613,1366,-0.009227341786332971,0.12552686861883344,-0.12552686861883344,0.07809185560479626,-0.07809185560479626
GSE41613,1367,-0.00704617262983534,0.11848589576731333,-0.11848589576731333,0.08285742157059672,-0.08285742157059672
GSE41613,1368,-0.008111901880863248,0.11751582784167214,-0.11751582784167214,0.06342569306571821,-0.06342569306571821
GSE41613,1369,-0.005074548941266466,0.11455291472251217,-0.11455291472251217,0.08613529515053031,-0.08613529515053031
GSE41613,1370,-0.006408151301409704,0.11996211096659404,-0.11996211096659404,0.10079443895513551,-0.08490619971696944
GSE41613,1371,-0.0036810709188051516,0.10554094192703778,-0.10554094192703778,0.09574344667363466,-0.09574344667363466
GSE41613,1372,-0.0068316953759132715,0.11060692528452698,-0.11060692528452698,0.10188832774270418,-0.06411948463736283
GSE41613,1373,-0.005628177592340022,0.11973258511694285,-0.11973258511694285,0.14012153297417984,0.14012153297417984
GSE41613,1374,-0.008435008900851831,0.12437098626507348,-0.12437098626507348,0.10352490888735266,-0.033026291301117894
GSE41613,1375,-0.008737038402853309,0.11591358884385855,-0.11591358884385855,0.018533343269465846,-0.018533343269465874
GSE41613,1376,-0.007628920560613234,0.11558644411953767,-0.11558644411953767,0.11664176455435515,0.11664176455435515
GSE41613,1377,-0.0061568104378803,0.11294383700947419,-0.11294383700947419,0.11499279512955018,0.11499279512955018
GSE41613,1378,-0.003559466286475632,0.10941666918043835,-0.10941666918043835,0.1573161686149569,0.1573161686149569
GSE41613,1379,-0.004641497937777378,0.11577645278866239,-0.11577645278866239,0.11260718521114632,0.11260718521114632
GSE41613,1380,-0.004193377640312329,0.10048524345461085,-0.10048524345461085,0.08001148470127895,-0.08001148470127895
GSE41613,1381,-0.0049075657156053,0.10178660150888161,-0.10178660150888161,0.04063512396409724,-0.0406351239640973
GSE41613,1382,-0.006562191091936287,0.09475893105851396,-0.09475893105851396,0.041421495254133134,-0.04142149525413319
GSE41613,1383,-0.008574038288813118,0.11826680194173922,-0.11826680194173922,0.04777219152703255,-0.04777219152703249
GSE41613,1384,-0.005406077416356236,0.11028976746726377,-0.11028976746726377,0.09753004848917768,-0.09753004848917768
GSE41613,1385,-0.004111445937287211,0.11130901516389147,-0.11130901516389147,0.10855767159373209,0.06259487162557853
GSE41613,1386,-0.0038400308100040026,0.11133922299601201,-0.11133922299601201,0.11849629203660972,0.11849629203660972
GSE41613,1387,-0.005834649419762916,0.10863160084857876,-0.10863160084857876,0.08550094732890834,-0.08550094732890834
GSE41613,1388,-0.003843490055094545,0.10332287870018486,-0.10332287870018486,0.08686019146741664,-0.08686019146741664
GSE41613,1389,-0.004921531385917138,0.10811834078376742,-0.10811834078376742,0.09765928741563534,-0.09765928741563534
GSE41613,1390,-0.005507485515929417,0.11334479347593784,-0.11334479347593784,0.10199366832483614,-0.062120311880152546
GSE41613,1391,-0.0034812998112045135,0.09684622054792019,-0.09684622054792019,0.09193531095651941,-0.09193531095651941
GSE41613,1392,-0.004247318245517523,0.10473901402830663,-0.10473901402830663,0.0821108937391768,-0.0821108937391768
GSE41613,1393,-0.010922010194458293,0.122195073751726,-0.122195073751726,0.03292014627122969,-0.032920146271229744
GSE41613,1394,-0.003058604931797382,0.09678855786264037,-0.09678855786264037,0.09671909580931859,-0.09671909580931859
GSE41613,1395,-0.0017550633568162721,0.09834678726440102,-0.09834678726440102,0.1115070408671166,0.1115070408671166
GSE41613,1396,-0.0043821460775629595,0.11064766019533068,-0.11064766019533068,0.11578025013558602,0.11578025013558602
GSE41613,1397,-0.008448987430439564,0.1229895183305203,-0.1229895183305203,0.1332502613586788,0.1332502613586788
GSE41613,1398,-0.00703516774067281,0.11190636533363563,-0.11190636533363563,0.056338405750256615,-0.056338405750256615
GSE41613,1399,-0.00545098186468837,0.10847330761386892,-0.10847330761386892,0.08559502520059814,-0.08559502520059814
GSE41613,1400,-0.0021626766066760728,0.09910795609294387,-0.09910795609294387,0.16734352931990903,0.16734352931990903
GSE41613,1401,-0.008894161299583259,0.11340027328505353,-0.11340027328505353,,
GSE41613,1402,-0.004254563001751893,0.10359715295435334,-0.10359715295435334,0.09297122531944058,-0.09297122531944058
GSE41613,1403,-0.006895875767352677,0.1171323776830604,-0.1171323776830604,0.10042302013973337,-0.0919617773000454
GSE41613,1404,-0.009168816225798626,0.12150253254632382,-0.12150253254632382,0.1023581695647352,-0.0551968970374771
GSE41613,1405,-0.011714879111949211,0.11153641483503285,-0.11153641483503285,0.0033628467470625603,-0.0033628467470625534
GSE41613,1406,-0.011591676254085526,0.12308357797884795,-0.12308357797884795,0.08944689000283512,-0.08944689000283512
GSE41613,1407,-0.010660708048774059,0.1153601444473088,-0.1153601444473088,0.03731234729316946,-0.03731234729316957
GSE41613,1408,-0.015435826864954316,0.1331079298474156,-0.1331079298474156,-0.0310157774746026,0.03101577747460249
GSE41613,1409,-0.00687333888108016,0.12967903838946226,-0.12967903838946226,0.09623005544105079,-0.09623005544105079
GSE41613,1410,-0.007244952913017466,0.11310845424706772,-0.11310845424706772,0.09510971005818136,-0.09510971005818136
GSE41613,1411,-0.009129322335171192,0.12231098726906153,-0.12231098726906153,0.047603027108379936,-0.047603027108379936
GSE41613,1412,-0.003853755572241463,0.10039798550550416,-0.10039798550550416,0.10327138188623419,-0.037843903800290346
GSE41613,1413,-0.004026589901011457,0.10717063344064434,-0.10717063344064434,0.06845675955683328,-0.06845675955683328
GSE41613,1414,-0.006573244371346376,0.11883223942859866,-0.11883223942859866,0.10982034249703077,0.08658301682139857
GSE41613,1415,-0.00703885537557053,0.12223354247210305,-0.12223354247210305,0.10344697967520355,-0.034510786009412264
GSE41613,1416,-0.003170697094847824,0.1094662624204602,-0.1094662624204602,0.13265082719024646,0.13265082719024646
GSE41613,1417,-0.006703361519748291,0.11632472586333287,-0.11632472586333287,0.10685140947474303,0.030176211413062815
GSE41613,1418,-0.005311976598557255,0.12220174491453656,-0.12220174491453656,,
GSE41613,1419,-0.005585710842533648,0.10982395750723489,-0.10982395750723489,0.051517454067501134,-0.05151745406750119
GSE41613,1420,-0.007549377866430451,0.13321047838435807,-0.13321047838435807,0.18801781004161677,0.18801781004161677
GSE41613,1421,-0.0032475318543955523,0.10429003395337655,-0.10429003395337655,0.09479992383251346,-0.09479992383251346
GSE41613,1422,-0.009056012189999102,0.1252890942455479,-0.1252890942455479,0.08170612092622787,-0.08170612092622787
GSE41613,1423,-0.006138384718624934,0.11434180928012366,-0.11434180928012366,0.09948566369652256,-0.09948566369652256
GSE41613,1424,-0.0042770415910826365,0.10502846894693801,-0.10502846894693801,0.09457322580348793,-0.09457322580348793
GSE41613,1425,-0.0039011179484372827,0.10471085030249383,-0.10471085030249383,0.09765080777454849,-0.09765080777454849
GSE41613,1426,-0.007372385148730426,0.11053837263676392,-0.11053837263676392,0.07211319509629388,-0.07211319509629388
GSE41613,1427,-0.005543903938915379,0.12321932094072435,-0.12321932094072435,0.11331084711964423,0.11331084711964423
GSE41613,1428,-0.008550928018146997,0.11665868390103512,-0.11665868390103512,0.023535658376452828,-0.023535658376452884
GSE41613,1429,-0.0012890872811537613,0.10368586536589786,-0.10368586536589786,0.19958937568662893,0.19958937568662893
GSE41613,1430,-0.00566006589474119,0.11617749017394796,-0.11617749017394796,0.12487120604600155,0.12487120604600155
GSE41613,1431,-0.0054457849362050115,0.11756273241181447,-0.11756273241181447,0.1383233631118761,0.1383233631118761
GSE41613,1432,-0.007178133394512676,0.1293309132204784,-0.1293309132204784,0.13754266072779897,0.13754266072779897
GSE41613,1433,-0.005054569194403863,0.11847552172091558,-0.11847552172091558,0.1470030283234116,0.1470030283234116
GSE41613,1434,-0.0075809875438997976,0.11686009002722753,-0.11686009002722753,0.07143404245719454,-0.07143404245719454
GSE41613,1435,-0.011942990501582235,0.12149097463261027,-0.12149097463261027,0.025700475183726063,-0.02570047518372609
GSE41613,1436,-0.004048359345417446,0.10234294571829872,-0.10234294571829872,0.07642306919134578,-0.07642306919134578
GSE41613,1437,-0.0030052072415291953,0.11103385667870178,-0.11103385667870178,0.12473131321591513,0.12473131321591513
GSE41613,1438,-0.0047220813027842035,0.11723119121596676,-0.11723119121596676,0.08974695520550602,-0.08974695520550602
GSE41613,1439,-0.0058841929782148805,0.1148017558867111,-0.1148017558867111,0.08718451346994904,-0.08718451346994904
GSE41613,1440,-0.005183027887517594,0.11496622430242653,-0.11496622430242653,0.12957458343182027,0.12957458343182027
GSE41613,1441,-0.004048692549769084,0.12433859269688113,-0.12433859269688113,0.1403786046889981,0.1403786046889981
GSE41613,1442,-0.007494772243863218,0.11287013608463459,-0.11287013608463459,0.07668096196302687,-0.07668096196302687
GSE41613,1443,-0.011311464940375715,0.1334751554448147,-0.1334751554448147,0.06319952833379883,-0.06319952833379883
GSE41613,1444,-0.002418979518112957,0.0944951789811638,-0.0944951789811638,0.08148366684438169,-0.08148366684438169
GSE41613,1445,-0.008621279947810673,0.13183186928400392,-0.13183186928400392,0.08967346047485114,-0.08967346047485114
GSE41613,1446,-0.004176445510646526,0.10826959034013117,-0.10826959034013117,0.10461359697485706,-0.012340769137156982
GSE41613,1447,-0.011020843854130186,0.1271816187620508,-0.1271816187620508,0.057762149510725336,-0.057762149510725336
GSE41613,1448,-0.006488185921266432,0.10752211045593552,-0.10752211045593552,0.04057337399571603,-0.040573373995716144
GSE41613,1449,-0.008538585177852775,0.11271449053512855,-0.11271449053512855,0.030985781416400515,-0.030985781416400515
GSE41613,1450,-0.0042606355440096555,0.11119848248989783,-0.11119848248989783,,
GSE41613,1451,-0.003998558632136995,0.11513333825283445,-0.11513333825283445,0.12119060817375282,0.12119060817375282
GSE41613,1452,-0.0068310480146452635,0.1230707969998035,-0.1230707969998035,0.1097125666373262,0.08454016534591502
GSE41613,1453,-0.0042140111156706295,0.10618671252005957,-0.10618671252005957,0.1077175169678215,0.04663335802859159
GSE41613,1454,-0.003875323341848952,0.09711842871924473,-0.09711842871924473,0.0747361739484288,-0.0747361739484288
GSE41613,1455,-0.00824959108680684,0.12638099268504954,-0.12638099268504954,0.09380364578967593,-0.09380364578967593
GSE41613,1456,-0.004373872414664859,0.11489005366916483,-0.11489005366916483,,
GSE41613,1457,-0.005232268914634242,0.11513912083097078,-0.11513912083097078,0.07402897316130863,-0.07402897316130863
GSE41613,1458,-0.007948311872042813,0.11159293394066866,-0.11159293394066866,0.03267708328494262,-0.032677083284942676
GSE41613,1459,-0.007542504765345681,0.12191437745549027,-0.12191437745549027,0.10517406156501063,-0.0016902218200053332
GSE41613,1460,-0.002282471306120165,0.1066278757828597,-0.1066278757828597,0.21977825771165604,0.21977825771165604
GSE41613,1461,-0.005766067582921225,0.11093838033663284,-0.11093838033663284,0.06806859515189334,-0.06806859515189334
GSE41613,1462,-0.005258712636505042,0.11690790854915206,-0.11690790854915206,0.10537570868375246,0.0021386997912938854
GSE41613,1463,-0.009507845609204174,0.1266042950870877,-0.1266042950870877,0.057527767876568214,-0.057527767876568214
GSE41613,1464,-0.006006294816847585,0.1133992183766725,-0.1133992183766725,0.06277717994292442,-0.06277717994292442
GSE41613,1465,-0.007525207105678777,0.11488106077812366,-0.11488106077812366,0.07902122665665068,-0.07902122665665068
GSE41613,1466,-0.008028539255259759,0.11580123648732865,-0.11580123648732865,0.05102028758154842,-0.05102028758154842
GSE41613,1467,-0.004177649502199565,0.11288898516306078,-0.11288898516306078,0.08906120680313201,-0.08906120680313201
GSE41613,1468,-0.008956411926314162,0.1237457023337809,-0.1237457023337809,0.06631523462835975,-0.06631523462835975
GSE41613,1469,-0.008226546466898993,0.11701816017224653,-0.11701816017224653,0.0578745302526249,-0.0578745302526249
GSE41613,1470,-0.008130242379477959,0.11944472471828271,-0.11944472471828271,0.06879922525581783,-0.06879922525581783
GSE41613,1471,-0.004764319542377299,0.11170144544453692,-0.11170144544453692,0.09301997737191048,-0.09301997737191048
GSE41613,1472,-0.00462893740595513,0.0979529015850456,-0.0979529015850456,0.08125821589279936,-0.08125821589279936
GSE41613,1473,-0.004475561413631313,0.11795781857412829,-0.11795781857412829,0.14691563324051615,0.14691563324051615
GSE41613,1474,-0.004979226443677098,0.10808043310982479,-0.10808043310982479,0.09403461768461607,-0.09403461768461607
GSE41613,1475,-0.0075220762650368145,0.11675387650447999,-0.11675387650447999,0.08299488585679204,-0.08299488585679204
GSE41613,1476,-0.00665652239306308,0.10367553761929185,-0.10367553761929185,0.018545007770504968,-0.01854500777050494
GSE41613,1477,-0.0066278294396883985,0.11998084637286333,-0.11998084637286333,0.11443582433520483,0.11443582433520483
GSE41613,1478,-0.0070867834220816606,0.11573827686230498,-0.11573827686230498,0.1288113805317137,0.1288113805317137
GSE41613,1479,-0.004087446756244256,0.11624500906376173,-0.11624500906376173,0.13938474940845946,0.13938474940845946
GSE41613,1480,-0.008165635717026387,0.12180014033157405,-0.12180014033157405,0.06588589087804997,-0.06588589087804997
GSE41613,1481,-0.0031489935464606433,0.1190120353111791,-0.1190120353111791,0.15719685422451057,0.15719685422451057
GSE41613,1482,-0.003578690129603934,0.10494135194809989,-0.10494135194809989,0.09764525316969996,-0.09764525316969996
GSE41613,1483,-0.0077476555216667575,0.12249526996755655,-0.12249526996755655,0.09812091102162712,-0.09812091102162712
GSE41613,1484,-0.00962756969014622,0.11116544377789961,-0.11116544377789961,0.02222532944675401,-0.02222532944675404
GSE41613,1485,-0.005888205165152455,0.10948188910033751,-0.10948188910033751,0.08562297810907038,-0.08562297810907038
GSE41613,1486,-0.008502133257811822,0.12575696186757646,-0.12575696186757646,0.07109504191850913,-0.07109504191850913
GSE41613,1487,-0.0042815187047972325,0.10359466983873772,-0.10359466983873772,0.09258891302429373,-0.09258891302429373
GSE41613,1488,-0.005268378879036584,0.105448421448263,-0.105448421448263,0.07921783291629458,-0.07921783291629458
GSE41613,1489,-0.004415667653258182,0.10463528977920955,-0.10463528977920955,0.10017579774693963,-0.09665881733777304
GSE41613,1490,-0.0057184541812826395,0.12148473234272561,-0.12148473234272561,0.09750441923155662,-0.09750441923155662
GSE41613,1491,-0.0046606443869240954,0.11866934603460327,-0.11866934603460327,0.13110328886029232,0.13110328886029232
GSE41613,1492,-0.007245003323377797,0.12026079119742517,-0.12026079119742517,0.08941780798717014,-0.08941780798717014
GSE41613,1493,-0.00559529995231009,0.11299210472111842,-0.11299210472111842,0.09427741094166642,-0.09427741094166642
GSE41613,1494,-0.003415973889628665,0.10928478521480472,-0.10928478521480472,0.10508333216107701,-0.0034178676893313886
GSE41613,1495,-0.0054241117206096645,0.1273875559279108,-0.1273875559279108,0.14447669701847832,0.14447669701847832
GSE41613,1496,-0.003927211134271913,0.12237855569313211,-0.12237855569313211,0.13967527110215983,0.13967527110215983
GSE41613,1497,-0.005249392812443215,0.10869066025650179,-0.10869066025650179,0.041885587511667155,-0.041885587511667266
GSE41613,1498,-0.004762748134893441,0.11054674903917266,-0.11054674903917266,0.087366415143734,-0.087366415143734
GSE41613,1499,-0.007528858036334407,0.11456685864445221,-0.11456685864445221,0.0391927386219183,-0.03919273862191819
GSE41613,1500,-0.006140924145233012,0.1021512104118939,-0.1021512104118939,0.0001731731414424413,-0.00017317314144238427
GSE41613,1501,-0.005278632592663118,0.10907688868393761,-0.10907688868393761,0.07989629299205459,-0.07989629299205459
GSE41613,1502,-0.005620491792706267,0.11293464113995555,-0.11293464113995555,0.1541969867039743,0.1541969867039743
GSE41613,1503,-0.008311440398191483,0.12246364233117402,-0.12246364233117402,0.0775360906609247,-0.0775360906609247
GSE41613,1504,-0.011110439404628136,0.12981105429211215,-0.12981105429211215,0.08350351260646138,-0.08350351260646138
GSE41613,1505,-0.009624461685109803,0.11097541808777439,-0.11097541808777439,-0.00660971646559147,0.0066097164655913865
GSE41613,1506,-0.008361454694163384,0.1221832061017486,-0.1221832061017486,0.09525812478669571,-0.09525812478669571
GSE41613,1507,-0.00920454886811467,0.12043575543451779,-0.12043575543451779,0.07104650665612189,-0.07104650665612189
GSE41613,1508,-0.008488964161396412,0.11152852377248934,-0.11152852377248934,0.03249737766644972,-0.03249737766644978
GSE41613,1509,-0.00636889351380715,0.11129476609597672,-0.11129476609597672,0.08394016779597535,-0.08394016779597535
GSE41613,1510,-0.0027141928944494353,0.09833018166241667,-0.09833018166241667,0.04429157329937705,-0.04429157329937694
GSE41613,1511,-0.012308355376218466,0.1285331533826879,-0.1285331533826879,0.03895565426384756,-0.03895565426384762
GSE41613,1512,-0.007791469656609901,0.11470706490776506,-0.11470706490776506,0.07430390710649393,-0.07430390710649393
GSE41613,1513,-0.0029768390116406973,0.11327607574870874,-0.11327607574870874,0.1483841138768529,0.1483841138768529
GSE41613,1514,-0.005290522451962376,0.11242798521976777,-0.11242798521976777,0.1163671968420017,0.1163671968420017
GSE41613,1515,-0.006357068215571471,0.11153207172373364,-0.11153207172373364,,
GSE41613,1516,-0.00676904874235712,0.133894460418363,-0.133894460418363,0.12124041864838331,0.12124041864838331
GSE41613,1517,-0.008254888165398377,0.12130555842860768,-0.12130555842860768,0.06882302213006364,-0.06882302213006364
GSE41613,1518,-0.005890548627675657,0.12191613892285258,-0.12191613892285258,0.1528240987376861,0.1528240987376861
GSE41613,1519,-0.004833804699753641,0.1188836696546019,-0.1188836696546019,0.10529406524269391,0.0005855500885407761
GSE41613,1520,-0.004676829925900711,0.1015119181728446,-0.1015119181728446,0.08189188959445703,-0.08189188959445703
GSE41613,1521,-0.006959622224175593,0.12605392554983363,-0.12605392554983363,,
GSE41613,1522,-0.009608299414382293,0.13238404478867027,-0.13238404478867027,0.09705907556038185,-0.09705907556038185
GSE41613,1523,-0.0033962830425732504,0.10973726821624424,-0.10973726821624424,0.12290587683443621,0.12290587683443621
GSE41613,1524,-0.008966051532169172,0.12377982275949118,-0.12377982275949118,0.09900403524485735,-0.09900403524485735
GSE41613,1525,-0.01088444287122492,0.1355143763356499,-0.1355143763356499,,
GSE41613,1526,-0.008721805065131094,0.13032487466983522,-0.13032487466983522,0.08774896578641267,-0.08774896578641267
GSE41613,1527,-0.007988371860057297,0.12581011778259021,-0.12581011778259021,0.11491315868111607,0.11491315868111607
GSE41613,1528,-0.008129253015071752,0.11112187557098924,-0.11112187557098924,0.03979355015145608,-0.039793550151456136
GSE41613,1529,-0.008715200073219131,0.11699848016486036,-0.11699848016486036,0.05584922168989337,-0.05584922168989337
GSE41613,1530,-0.006813299258118161,0.12020394468625706,-0.12020394468625706,0.10074026040211359,-0.08593731303181495
GSE41613,1531,-0.004445399829270863,0.11177902327911349,-0.11177902327911349,0.11173473657026256,0.11173473657026256
GSE41613,1532,-0.005376270860073085,0.1057140420774082,-0.1057140420774082,0.08412043443435924,-0.08412043443435924
GSE41613,1533,-0.00811425447797634,0.11767431965344244,-0.11767431965344244,0.08861187863086084,-0.08861187863086084
GSE41613,1534,-0.0043199502104771526,0.10501309979791135,-0.10501309979791135,0.10552927280914326,0.00505770912288539
GSE41613,1535,-0.006714572308826411,0.11478342518048573,-0.11478342518048573,0.08610207380144597,-0.08610207380144597
GSE41613,1536,-0.009814683579324829,0.1252014946307527,-0.1252014946307527,0.09292624685650486,-0.09292624685650486
GSE41613,1537,-0.006579739277432439,0.11721143189977473,-0.11721143189977473,0.08598820749177039,-0.08598820749177039
GSE41613,1538,-0.00586604374342703,0.10643285780936981,-0.10643285780936981,0.021005641733389285,-0.021005641733389258
GSE41613,1539,-0.0023493917980235146,0.09960964888784354,-0.09960964888784354,0.09260526090580345,-0.09260526090580345
GSE41613,1540,-0.005182106873378195,0.11323476787554937,-0.11323476787554937,0.09690200120845593,-0.09690200120845593
GSE41613,1541,-0.007444820727126933,0.11188226818023128,-0.11188226818023128,0.07378559292733189,-0.07378559292733189
GSE41613,1542,-0.008465522417370697,0.12139729953115486,-0.12139729953115486,0.08549164787558983,-0.08549164787558983
GSE41613,1543,-0.005549366526573979,0.10853286293956144,-0.10853286293956144,0.06876962704491585,-0.06876962704491585
GSE41613,1544,-0.0023195597694658787,0.11101655556476014,-0.11101655556476014,0.1685438457340187,0.1685438457340187
GSE41613,1545,-0.0074626151601168145,0.12608978336310683,-0.12608978336310683,0.11927080593678197,0.11927080593678197
GSE41613,1546,-0.005886371171629462,0.12158133611938671,-0.12158133611938671,0.1383492802193811,0.1383492802193811
GSE41613,1547,-0.004419277457131249,0.11265814386717077,-0.11265814386717077,0.1028397808320497,-0.04604603991921652
GSE41613,1548,-0.008569934354894088,0.12838942074601478,-0.12838942074601478,0.08041389222286255,-0.08041389222286255
GSE41613,1549,-0.007088171443311253,0.11731769856779595,-0.11731769856779595,0.10228087037718647,-0.05666914451199889
GSE41613,1550,-0.009032268988548448,0.12628145693120207,-0.12628145693120207,0.09196914146051516,-0.09196914146051516
GSE41613,1551,-0.005369337019798498,0.11642472174219942,-0.11642472174219942,0.1315257403843677,0.1315257403843677
GSE41613,1552,-0.007453347722205017,0.13380172761348363,-0.13380172761348363,0.12558873867267595,0.12558873867267595
GSE41613,1553,-0.0068862610229565024,0.12122600876422418,-0.12122600876422418,0.1071680311565838,0.03619333410876313
GSE41613,1554,-0.0029748804598210277,0.10778362229255714,-0.10778362229255714,0.1120766978302632,0.1120766978302632
GSE41613,1555,-0.0033896522400943263,0.10101668377175221,-0.10101668377175221,0.0962045265667717,-0.0962045265667717
GSE41613,1556,-0.00864096705658618,0.12830338663973706,-0.12830338663973706,0.10494023703137145,-0.006133537256848953
GSE41613,1557,-0.009102393949427745,0.12585939498466903,-0.12585939498466903,0.042869062942055725,-0.042869062942055725
GSE41613,1558,-0.007941274412106958,0.1327040594237031,-0.1327040594237031,0.1283080214203136,0.1283080214203136
GSE41613,1559,-0.0037930243207623393,0.10993785874658335,-0.10993785874658335,0.15112305530469272,0.15112305530469272
GSE41613,1560,-0.008610895074288666,0.12231656529197599,-0.12231656529197599,0.06971924049044464,-0.06971924049044464
GSE41613,1561,-0.004320951643516313,0.1256338009559213,-0.1256338009559213,0.12605186445320804,0.12605186445320804
GSE41613,1562,-0.006574372464553974,0.12317992474604622,-0.12317992474604622,0.1204193223327068,0.1204193223327068
GSE41613,1563,-0.006662650779434454,0.1135008770143291,-0.1135008770143291,0.09209730369148716,-0.09209730369148716
GSE41613,1564,-0.007494764470929671,0.11964777128132464,-0.11964777128132464,0.08608625239629053,-0.08608625239629053
GSE41613,1565,-0.0034704152614228323,0.11518283580197419,-0.11518283580197419,0.13029196194034975,0.13029196194034975
GSE41613,1566,-0.0057033971382052795,0.11997755682087613,-0.11997755682087613,0.10515671433980278,-0.002021555730638336
GSE41613,1567,-0.005947248848682168,0.12052862759660049,-0.12052862759660049,0.07719469231575737,-0.07719469231575737
GSE41613,1568,-0.006937652101858677,0.10716353946840262,-0.10716353946840262,0.035594720159872806,-0.03559472015987286
GSE41613,1569,-0.0028552370988725317,0.10606588932759861,-0.10606588932759861,0.1224449251499069,0.1224449251499069
GSE41613,1570,-0.006376995453056561,0.11289245696806771,-0.11289245696806771,0.06408284587759794,-0.06408284587759794
GSE41613,1571,-0.0014223011817530995,0.1122046370123948,-0.1122046370123948,0.14195059511946972,0.14195059511946972
GSE41613,1572,-0.0033631577545183977,0.10372212802239222,-0.10372212802239222,0.09978646274867076,-0.09978646274867076
GSE41613,1573,-0.0073034934365610316,0.11505099626598014,-0.11505099626598014,0.06003091554420925,-0.06003091554420925
GSE41613,1574,-0.010335489926632385,0.12427954247183937,-0.12427954247183937,0.04626434545823599,-0.04626434545823599
GSE41613,1575,-0.006220144770891167,0.11099858351044595,-0.11099858351044595,0.05592355659412618,-0.05592355659412618
GSE41613,1576,-0.004662092478390473,0.1155203783064302,-0.1155203783064302,0.08452471934412975,-0.08452471934412975
GSE41613,1577,-0.0019723510532486666,0.11448826385202776,-0.11448826385202776,0.17139383027784483,0.17139383027784483
GSE41613,1578,-0.005282331946161095,0.10240385637310911,-0.10240385637310911,0.09379602420814614,-0.09379602420814614
GSE41613,1579,-0.005195845801240356,0.11862882146113451,-0.11862882146113451,0.1560962692739094,0.1560962692739094
GSE41613,1580,-0.002374034510093659,0.10018224445775176,-0.10018224445775176,0.08956078753411201,-0.08956078753411201
GSE41613,1581,-0.01370201837427229,0.12364704268534599,-0.12364704268534599,-0.02707459410335647,0.027074594103356553
GSE41613,1582,-0.005094291595635514,0.1136298301067975,-0.1136298301067975,0.14192542047293344,0.14192542047293344
GSE41613,1583,-0.0095578239962536,0.12603547706528462,-0.12603547706528462,0.045423486308015515,-0.045423486308015404
GSE41613,1584,-0.00695284157283696,0.1185465239909842,-0.1185465239909842,0.094134228164785,-0.094134228164785
GSE41613,1585,-0.008570743100915768,0.11379446631475582,-0.11379446631475582,0.023456315005171813,-0.02345631500517187
GSE41613,1586,-0.0055094182249887935,0.10832422738339498,-0.10832422738339498,0.08427589376713207,-0.08427589376713207
GSE41613,1587,-0.005134572640716373,0.10490688664884634,-0.10490688664884634,0.06675188643192309,-0.06675188643192309
GSE41613,1588,-0.008671961464682743,0.10958278700723512,-0.10958278700723512,-0.007011979438281288,0.007011979438281246
GSE41613,1589,-0.006149295406927241,0.11183804084417548,-0.11183804084417548,0.10367417250625532,-0.03019111666739871
GSE41613,1590,-0.0042873319108168995,0.10212099890800991,-0.10212099890800991,0.09033457789871924,-0.09033457789871924
GSE41613,1591,-0.007333442388390843,0.12207715064167424,-0.12207715064167424,0.11177869686623754,0.11177869686623754
GSE41613,1592,-0.008227086925747695,0.11671974206531299,-0.11671974206531299,0.05677934628306236,-0.05677934628306236
GSE41613,1593,-0.014218167083977717,0.1347853864915891,-0.1347853864915891,0.05277802366095108,-0.05277802366095108
GSE41613,1594,-0.00614562837815294,0.10666595228496262,-0.10666595228496262,0.051486873547778755,-0.05148687354777881
GSE41613,1595,-0.006174243115594696,0.11699773384679873,-0.11699773384679873,0.09411382538870572,-0.09411382538870572
GSE41613,1596,-0.0066450865117825,0.12006014754565375,-0.12006014754565375,0.10297815986491166,-0.04342024182456894
GSE41613,1597,-0.007920127166631735,0.12512696327143147,-0.12512696327143147,0.08425013728167718,-0.08425013728167718
GSE41613,1598,-0.0056996487330676915,0.10746612645418824,-0.10746612645418824,0.10658592950652968,0.025132077421430976
GSE41613,1599,-0.005118020205262835,0.10782203348140273,-0.10782203348140273,0.11687883056064075,0.11687883056064075
GSE41613,1600,-0.006003218264607341,0.11080445436083503,-0.11080445436083503,0.071364230603707,-0.071364230603707
GSE41613,1601,-0.0074526671379689935,0.1194611690193273,-0.1194611690193273,0.07079887569357035,-0.07079887569357035
GSE41613,1602,-0.007114546403842792,0.11365164818327955,-0.11365164818327955,0.07879090504380015,-0.07879090504380015
GSE41613,1603,-0.007368391567816046,0.11029680351473703,-0.11029680351473703,0.031548552652281625,-0.031548552652281625
GSE41613,1604,-0.009829018425074665,0.12854709818942767,-0.12854709818942767,0.078657391547161,-0.078657391547161
GSE41613,1605,-0.009544733933299077,0.112168931289783,-0.112168931289783,0.02986792105860514,-0.02986792105860503
GSE41613,1606,-0.007597778148818929,0.11856911220957078,-0.11856911220957078,0.07453039987455601,-0.07453039987455601
GSE41613,1607,-0.00593873213488838,0.10099937700081763,-0.10099937700081763,0.11695127172324504,0.11695127172324504
GSE41613,1608,-0.004289194395337981,0.11619678764611302,-0.11619678764611302,0.14182885977301996,0.14182885977301996
GSE41613,1609,-0.0071476597852523915,0.10905560681041643,-0.10905560681041643,0.045587345921863975,-0.045587345921864086
GSE41613,1610,-0.008133179579808386,0.1184947193752699,-0.1184947193752699,0.08233236153719237,-0.08233236153719237
GSE41613,1611,-0.003658506329756811,0.10396358187177512,-0.10396358187177512,0.10453983069598594,-0.013744382102869546
GSE41613,1612,-0.007398704913632037,0.1141667404473754,-0.1141667404473754,0.08936902755620435,-0.08936902755620435
GSE41613,1613,-0.006972638694933281,0.12762320433916785,-0.12762320433916785,0.11212001065934407,0.11212001065934407
GSE41613,1614,-0.0061810199681606726,0.12397160100031401,-0.12397160100031401,0.13310512997909307,0.13310512997909307
GSE41613,1615,-0.007874604020720016,0.1131100811291223,-0.1131100811291223,0.0336853228094669,-0.0336853228094669
GSE41613,1616,-0.005483299164176447,0.10787233267945961,-0.10787233267945961,0.08920523100648003,-0.08920523100648003
GSE41613,1617,-0.008857321269065604,0.11742883925634828,-0.11742883925634828,0.07137588623980895,-0.07137588623980895
GSE41613,1618,-0.011789816428807887,0.13538066901902868,-0.13538066901902868,0.08048823554240025,-0.08048823554240025
GSE41613,1619,-0.006450340588695813,0.12830483155856687,-0.12830483155856687,0.1534882452911488,0.1534882452911488
GSE41613,1620,-0.0071389828624180696,0.10648798059547548,-0.10648798059547548,0.05139322632175247,-0.05139322632175247
GSE41613,1621,-0.004681370114837463,0.1033908609452785,-0.1033908609452785,0.07733377612884695,-0.07733377612884695
GSE41613,1622,-0.0064775285520341785,0.11673287868505217,-0.11673287868505217,0.04876609314935337,-0.04876609314935332
GSE41613,1623,-0.006428392020302626,0.11633609142032308,-0.11633609142032308,0.05888827819467446,-0.05888827819467446
GSE41613,1624,-0.007674696327702485,0.11371491256672817,-0.11371491256672817,0.08069759565462908,-0.08069759565462908
GSE41613,1625,-0.005014329843625931,0.1258153994969622,-0.1258153994969622,0.1340203962366615,0.1340203962366615
GSE41613,1626,-0.005869020794526697,0.10439272218156725,-0.10439272218156725,0.04587580379774164,-0.0458758037977417
GSE41613,1627,-0.00907488690438421,0.1230351776404845,-0.1230351776404845,0.05591850601159476,-0.05591850601159476
GSE41613,1628,-0.004333222031752015,0.10369373665191464,-0.10369373665191464,0.07484739030517129,-0.07484739030517129
GSE41613,1629,-0.008575928749844253,0.1183224452656102,-0.1183224452656102,0.0813929509029121,-0.0813929509029121
GSE41613,1630,-0.006425649596183525,0.11001367042342469,-0.11001367042342469,0.07132281739686552,-0.07132281739686552
GSE41613,1631,-0.009171212532203293,0.13318105876363295,-0.13318105876363295,0.09555240346578464,-0.09555240346578464
GSE41613,1632,-0.009057570840956819,0.1251045118398284,-0.1251045118398284,0.07905661319211121,-0.07905661319211121
GSE41613,1633,-0.0024070823587893087,0.10421368860168706,-0.10421368860168706,0.15893503417863797,0.15893503417863797
GSE41613,1634,-0.008346078866720619,0.12422412571177743,-0.12422412571177743,0.09488808308506225,-0.09488808308506225
GSE41613,1635,-0.006128658919787144,0.1094560162797657,-0.1094560162797657,0.05275150484532293,-0.05275150484532287
GSE41613,1636,-0.00776026533959398,0.11666452948121053,-0.11666452948121053,0.06754652911891412,-0.06754652911891412
GSE41613,1637,-0.00367813138479528,0.10958867521181936,-0.10958867521181936,0.1356758593234888,0.1356758593234888
GSE41613,1638,-0.005173123563158549,0.11457857307422398,-0.11457857307422398,0.12294972188982523,0.12294972188982523
GSE41613,1639,-0.00791153156475971,0.12345490050771635,-0.12345490050771635,0.08290615705344528,-0.08290615705344528
GSE41613,1640,-0.00619225006891036,0.09635441873537076,-0.09635441873537076,0.02510602102025039,-0.02510602102025039
GSE41613,1641,-0.004442092328056146,0.11331917816923592,-0.11331917816923592,0.1388433032500609,0.1388433032500609
GSE41613,1642,-0.007028845953555046,0.1118994869196876,-0.1118994869196876,0.07318303002897641,-0.07318303002897641
GSE41613,1643,-0.007898145388163719,0.10852539937010319,-0.10852539937010319,0.0500595846237179,-0.050059584623717845
GSE41613,1644,-0.007708872653883925,0.10695733436055888,-0.10695733436055888,0.07022636417178418,-0.07022636417178418
GSE41613,1645,-0.009420271863376017,0.11478610736875416,-0.11478610736875416,0.029260387027681967,-0.029260387027681967
GSE41613,1646,-0.005374726323827905,0.10747232291719178,-0.10747232291719178,0.04700366353810559,-0.04700366353810559
GSE41613,1647,-0.004054093463382924,0.10515528750303449,-0.10515528750303449,0.11126447211391155,0.11126447211391155
GSE41613,1648,-0.006944078940390258,0.10677714349744127,-0.10677714349744127,0.047377457634237785,-0.04737745763423773
GSE41613,1649,-0.004572493289773327,0.11373480954750342,-0.11373480954750342,0.11837095112376672,0.11837095112376672
GSE41613,1650,-0.007997077853926948,0.12403098662562484,-0.12403098662562484,0.07959832876718276,-0.07959832876718276
GSE41613,1651,-0.006559858468575902,0.11717083492285751,-0.11717083492285751,0.10224140956499328,-0.057413404429976556
GSE41613,1652,-0.004972017008232521,0.10691794078838551,-0.10691794078838551,0.10334331911565586,-0.03647968109282873
GSE41613,1653,-0.005286916548550291,0.10399667943017865,-0.10399667943017865,0.05619698147538055,-0.05619698147538055
GSE41613,1654,-0.0037282880088448656,0.10571500853221125,-0.10571500853221125,0.0858768574034029,-0.0858768574034029
GSE41613,1655,-0.006484384853965908,0.11421035733403817,-0.11421035733403817,0.08080811653311615,-0.08080811653311615
GSE41613,1656,-0.002554975390356068,0.1029169321343388,-0.1029169321343388,0.09056705479699678,-0.09056705479699678
GSE41613,1657,-0.009434493520796089,0.12653761299095612,-0.12653761299095612,0.05872125804451278,-0.05872125804451278
GSE41613,1658,-0.0022972053979112006,0.10777817034934356,-0.10777817034934356,0.15404728970480686,0.15404728970480686
GSE41613,1659,-0.004519918614633522,0.10442371661933636,-0.10442371661933636,0.068006852878019,-0.068006852878019
GSE41613,1660,-0.00410486484759745,0.11092069373381419,-0.11092069373381419,0.12339585367069517,0.12339585367069517
GSE41613,1661,-0.007514504242978781,0.13146668259638483,-0.13146668259638483,0.13677049042538814,0.13677049042538814
GSE41613,1662,-0.007686906904853352,0.12784567535272973,-0.12784567535272973,0.1081988997143728,0.05577828753170366
GSE41613,1663,-0.004009456578467324,0.11003095142858188,-0.11003095142858188,0.08751335997192722,-0.08751335997192722
GSE41613,1664,-0.005719289648879328,0.11306414713270552,-0.11306414713270552,0.10156823917048607,-0.07020251781572251
GSE41613,1665,-0.009985572810158327,0.11875324736485493,-0.11875324736485493,0.044343915344986884,-0.04434391534498694
GSE41613,1666,-0.011716000933566145,0.1178572149379511,-0.1178572149379511,-0.0031589945307486343,0.003158994530748638
GSE41613,1667,-0.007715191009063954,0.11670404160602932,-0.11670404160602932,0.07860897747310369,-0.07860897747310369
GSE41613,1668,-0.0019979527573437406,0.10593358776846995,-0.10593358776846995,0.20885278046402922,0.20885278046402922
GSE41613,1669,-0.0057159492485865104,0.10637778982630064,-0.10637778982630064,0.061510192427283616,-0.061510192427283616
GSE41613,1670,-0.0008049166458795332,0.08964068346725251,-0.08964068346725251,0.12240122670475917,0.12240122670475917
GSE41613,1671,-0.0076708582222583255,0.10881025354183027,-0.10881025354183027,0.03090323805004508,-0.030903238050045134
GSE41613,1672,-0.002654138436348902,0.11200726691928536,-0.11200726691928536,0.152212532353873,0.152212532353873
GSE41613,1673,-0.003998177200507214,0.1091187091559141,-0.1091187091559141,0.09785639554829861,-0.09785639554829861
GSE41613,1674,-0.005374106347024982,0.10201429195812911,-0.10201429195812911,0.07871053649368953,-0.07871053649368953
GSE41613,1675,-0.004436978583306328,0.10542032755400388,-0.10542032755400388,0.09684293496282692,-0.09684293496282692
GSE41613,1676,-0.009543352208518513,0.12874080050541248,-0.12874080050541248,0.10506660972908333,-0.0037335864394563156
GSE41613,1677,-0.002277837531182131,0.10062519985014784,-0.10062519985014784,0.12899209011221013,0.12899209011221013
GSE41613,1678,-0.0018815840962223274,0.09422877950964391,-0.09422877950964391,0.09784487312316126,-0.09784487312316126
GSE41613,1679,-0.0069475568870132065,0.11306815508785195,-0.11306815508785195,0.10217255896451916,-0.05871970425008188
GSE41613,1680,-0.008846153021259073,0.1282178675546023,-0.1282178675546023,0.11035439982928907,0.09673288378888123
GSE41613,1681,-0.002591345642919407,0.10773548099576066,-0.10773548099576066,0.11436476077273694,0.11436476077273694
GSE41613,1682,-0.009211332216349843,0.11559046939426865,-0.11559046939426865,0.043530084646335454,-0.043530084646335565
GSE41613,1683,-0.004013796074798598,0.10174122069986269,-0.10174122069986269,0.04856066273204385,-0.04856066273204385
GSE41613,1684,-0.004662212920605174,0.11168248534485298,-0.11168248534485298,0.11894520226191863,0.11894520226191863
GSE41613,1685,-0.003460657774353393,0.10715072771315665,-0.10715072771315665,0.16459271514745732,0.16459271514745732
GSE41613,1686,-0.004564518002182105,0.11659537369650474,-0.11659537369650474,0.13985139118534096,0.13985139118534096
GSE41613,1687,-0.007806158665940671,0.11083058115619304,-0.11083058115619304,0.06641929040307026,-0.06641929040307026
GSE41613,1688,-0.00746833437021352,0.11706572601888615,-0.11706572601888615,0.036334014701943695,-0.03633401470194364
GSE41613,1689,-0.003933278896522924,0.11369374782231828,-0.11369374782231828,0.14327566731710162,0.14327566731710162
GSE41613,1690,-0.007777490464748099,0.11505417433410459,-0.11505417433410459,0.11865414619978987,0.11865414619978987
GSE41613,1691,-0.0018460175874858153,0.09911982384532037,-0.09911982384532037,0.1579189458686252,0.1579189458686252
GSE41613,1692,-0.004666513505961756,0.10488160353416198,-0.10488160353416198,0.062237765092104325,-0.062237765092104325
GSE41613,1693,-0.005275298068466355,0.11999131314321243,-0.11999131314321243,0.1023487777692842,-0.05537504388650483
GSE41613,1694,-0.005684024389511766,0.12039571924565107,-0.12039571924565107,0.10316463545892218,-0.039875383015242294
GSE41613,1695,-0.008024710519747819,0.10686301004467108,-0.10686301004467108,0.0018388749288472186,-0.0018388749288471562
GSE41613,1696,-0.002687970921255889,0.10238924150320389,-0.10238924150320389,0.11399562772646998,0.11399562772646998
GSE41613,1697,-0.00962986574800967,0.11908880038109104,-0.11908880038109104,0.05509134924676218,-0.05509134924676218
GSE41613,1698,-0.007094494266249446,0.11432651262007748,-0.11432651262007748,0.0724135717574611,-0.0724135717574611
GSE41613,1699,-0.010424074337399974,0.1225624518560623,-0.1225624518560623,0.08439315893290356,-0.08439315893290356
GSE41613,1700,-0.004458430956648801,0.10816207748042955,-0.10816207748042955,0.09414721006737237,-0.09414721006737237
GSE41613,1701,-0.0038589888870398104,0.11221969658440556,-0.11221969658440556,0.11272904634522907,0.11272904634522907
GSE41613,1702,-0.0047332520905943865,0.10205167779457736,-0.10205167779457736,0.08113048803835321,-0.08113048803835321
GSE41613,1703,-0.006649208261485268,0.12472973794039804,-0.12472973794039804,0.10597830347246973,0.013591301585729187
GSE41613,1704,-0.004710406418689861,0.11028448977612337,-0.11028448977612337,0.09536886126802047,-0.09536886126802047
GSE41613,1705,-0.007343921386359725,0.11848008735082793,-0.11848008735082793,0.05988475209308852,-0.05988475209308852
GSE41613,1706,-0.0050910558587750065,0.11057257067570075,-0.11057257067570075,0.0817503855494347,-0.0817503855494347
GSE41613,1707,-0.004997822257264861,0.11951755723291974,-0.11951755723291974,,
GSE41613,1708,-0.008249455682988543,0.12008453759733095,-0.12008453759733095,0.07702422191576674,-0.07702422191576674
GSE41613,1709,-0.005393634839023942,0.11945019880254415,-0.11945019880254415,0.11564726569320172,0.11564726569320172
GSE41613,1710,-0.006966528154388557,0.10860541915369099,-0.10860541915369099,0.061084059583058736,-0.061084059583058736
GSE41613,1711,-0.005074068863823639,0.10811562116431067,-0.10811562116431067,0.10007608508023924,-0.09855458016118435
GSE41613,1712,-0.0035601527725607762,0.10672007617071994,-0.10672007617071994,0.09721896124175022,-0.09721896124175022
GSE41613,1713,-0.007039709713421188,0.12215126132858378,-0.12215126132858378,0.10722094779274427,0.03719839802584424
GSE41613,1714,-0.007640672976811896,0.12128729247489844,-0.12128729247489844,0.09270860248368462,-0.09270860248368462
GSE41613,1715,-0.0015550634974063338,0.110080327932979,-0.110080327932979,0.16093800341931108,0.16093800341931108
GSE41613,1716,-0.004650072364924568,0.10816768377942254,-0.10816768377942254,0.09625842035066445,-0.09625842035066445
GSE41613,1717,-0.0036803683088879047,0.11333182503622041,-0.11333182503622041,0.09818670378846606,-0.09818670378846606
GSE41613,1718,-0.009397818551299675,0.11787478054261691,-0.11787478054261691,0.06205869144125353,-0.06205869144125353
GSE41613,1719,-0.006413957130187692,0.10978320039211803,-0.10978320039211803,0.08282390690070207,-0.08282390690070207
GSE41613,1720,-0.00630384900280509,0.12278178705367854,-0.12278178705367854,0.10763674433191706,0.04509883889651367
GSE41613,1721,-0.0044246697368280075,0.1050666461942531,-0.1050666461942531,0.09479774647462269,-0.09479774647462269
GSE41613,1722,-0.006161976457587703,0.11322002644146945,-0.11322002644146945,0.1234799537045479,0.1234799537045479
GSE41613,1723,-0.007178963875862754,0.11736103150594124,-0.11736103150594124,0.13205323773888833,0.13205323773888833
GSE41613,1724,-0.007838752413232591,0.1173182182996586,-0.1173182182996586,0.07077482277040248,-0.07077482277040248
GSE41613,1725,-0.004073797196168544,0.10958161396986854,-0.10958161396986854,0.10435781925617926,-0.017204930615796976
GSE41613,1726,-0.00523447115841591,0.12115782077083392,-0.12115782077083392,0.16016775103152914,0.16016775103152914
GSE41613,1727,-0.005409438412048578,0.12131814860664308,-0.12131814860664308,0.13584093851700962,0.13584093851700962
GSE41613,1728,-0.0034677167919890672,0.10620915928514851,-0.10620915928514851,0.14286195078857244,0.14286195078857244
GSE41613,1729,-0.005657552678563715,0.11204768933047887,-0.11204768933047887,0.06698498582468904,-0.06698498582468904
GSE41613,1730,-0.004814093558285354,0.11226165522015735,-0.11226165522015735,0.10291049229751958,-0.04469813170850834
GSE41613,1731,-0.0065622111201395494,0.11136191583791166,-0.11136191583791166,0.11414341961291585,0.11414341961291585
GSE41613,1732,-0.003141749626115159,0.10719952162821651,-0.10719952162821651,0.07634063715722417,-0.07634063715722417
GSE41613,1733,-0.00688887446907735,0.11936911437525449,-0.11936911437525449,0.09799556981539448,-0.09799556981539448
GSE41613,1734,-0.00368761558317246,0.09980286499773988,-0.09980286499773988,0.10392628689188688,-0.025404643106411884
GSE41613,1735,-0.00553175932722752,0.10873912326502441,-0.10873912326502441,0.050592972383768864,-0.05059297238376892
GSE41613,1736,-0.008695439997569526,0.1145595332394902,-0.1145595332394902,0.05976505024535339,-0.05976505024535339
GSE41613,1737,-0.0030854010407919963,0.1043886298511349,-0.1043886298511349,0.14809192865946863,0.14809192865946863
GSE41613,1738,-0.002361170537563767,0.09569666061183196,-0.09569666061183196,0.1329150185567607,0.1329150185567607
GSE41613,1739,-0.0050911193860770365,0.11150500618523612,-0.11150500618523612,0.10741001426581742,0.04079064267115373
GSE41613,1740,-0.006059760498905747,0.10516634945981096,-0.10516634945981096,0.09180055199103321,-0.09180055199103321
GSE41613,1741,-0.007103068770235921,0.11841374378477576,-0.11841374378477576,0.08470075993463377,-0.08470075993463377
GSE41613,1742,-0.005250200010044004,0.10452881858156837,-0.10452881858156837,0.07655554079695237,-0.07655554079695237
GSE41613,1743,-0.0027533616840253183,0.11410796104281756,-0.11410796104281756,0.19333502766187705,0.19333502766187705
GSE41613,1744,-0.003107551735786196,0.10896968458358153,-0.10896968458358153,0.12293992982084956,0.12293992982084956
GSE41613,1745,-0.007511379941115809,0.11897079665417853,-0.11897079665417853,0.08377257536945704,-0.08377257536945704
GSE41613,1746,-0.00809696202221083,0.11138791845570334,-0.11138791845570334,0.03961557389235543,-0.03961557389235548
GSE41613,1747,-0.008890349508142104,0.11612669592041336,-0.11612669592041336,0.053101851009460355,-0.05310185100946041
GSE41613,1748,-0.005999535098590109,0.11212391622186557,-0.11212391622186557,0.06808422423101268,-0.06808422423101268
GSE41613,1749,-0.0033076422866876454,0.11148141627645308,-0.11148141627645308,0.1304832740299826,0.1304832740299826
GSE41613,1750,-0.00525934726146618,0.12037682793994808,-0.12037682793994808,0.14298578419650432,0.14298578419650432
GSE41613,1751,-0.004303339038254805,0.11457003964154944,-0.11457003964154944,0.14119179982498142,0.14119179982498142
GSE41613,1752,-0.009631476206352713,0.12483239840892746,-0.12483239840892746,0.057365468135381015,-0.057365468135381015
GSE41613,1753,-0.009580454086779183,0.11956430188067202,-0.11956430188067202,0.04434738440111713,-0.044347384401117185
GSE41613,1754,-0.007400455595021588,0.12403089775042242,-0.12403089775042242,0.10199456764209525,-0.062106968529421325
GSE41613,1755,-0.0019925719717323875,0.10442097722320504,-0.10442097722320504,0.13535270960333956,0.13535270960333956
GSE41613,1756,-0.005248628580450526,0.11654908539590686,-0.11654908539590686,0.10658073435830062,0.025033092112597077
GSE41613,1757,-0.0032375245633960714,0.10299627316170312,-0.10299627316170312,0.11980224107973725,0.11980224107973725
GSE41613,1758,-0.008478162848388482,0.11510329509049677,-0.11510329509049677,0.057971194028345274,-0.057971194028345274
GSE41613,1759,-0.003962951513100693,0.10704489075747103,-0.10704489075747103,0.09354349692782127,-0.09354349692782127
GSE41613,1760,-0.009106479421101238,0.12611739809377553,-0.12611739809377553,0.08311156900147176,-0.08311156900147176
GSE41613,1761,-0.005545799058260914,0.11545733134335068,-0.11545733134335068,,
GSE41613,1762,-0.009343598226123517,0.11470681496679325,-0.11470681496679325,0.04238861479474454,-0.04238861479474454
GSE41613,1763,-0.0027552432505477675,0.09965870274478117,-0.09965870274478117,0.14835018904854058,0.14835018904854058
GSE41613,1764,-0.005611200844592101,0.11549098354659199,-0.11549098354659199,0.08203838658933438,-0.08203838658933438
GSE41613,1765,-0.004310112587813358,0.10920138559034037,-0.10920138559034037,0.10478625647712203,-0.009060191599258971
GSE41613,1766,-0.007150229723048934,0.11367556604661166,-0.11367556604661166,0.07033938850778065,-0.07033938850778065
GSE41613,1767,-0.010066413014474529,0.12322871051568707,-0.12322871051568707,0.05231465665988616,-0.052314656659886216
GSE41613,1768,-0.004328645534005665,0.11530049655845218,-0.11530049655845218,0.08660172278970502,-0.08660172278970502
GSE41613,1769,-0.006083592866079013,0.10549002831996779,-0.10549002831996779,0.027171228053735563,-0.02717122805373562
GSE41613,1770,-0.005263991664605422,0.12474975953155909,-0.12474975953155909,0.1378506099104122,0.1378506099104122
GSE41613,1771,-0.0023928256682656524,0.10761206543450386,-0.10761206543450386,0.11859052281065674,0.11859052281065674
GSE41613,1772,-0.004830208612937592,0.1056984398086947,-0.1056984398086947,0.08667482976735597,-0.08667482976735597
GSE41613,1773,-0.00513288785658822,0.10403750496047198,-0.10403750496047198,0.06068697284130997,-0.06068697284130997
GSE41613,1774,-0.007027230085550423,0.11924835156061242,-0.11924835156061242,0.09332693199966258,-0.09332693199966258
GSE41613,1775,-0.007510913811370756,0.12348454820164723,-0.12348454820164723,0.10677597610106992,0.028742001599772693
GSE41613,1776,-0.006204410193123927,0.11535407006928056,-0.11535407006928056,0.09171548431203957,-0.09171548431203957
GSE41613,1777,-0.0005538260229341063,0.10744751040743672,-0.10744751040743672,0.14685183399977042,0.14685183399977042
GSE41613,1778,-0.008490058271646395,0.11745958711510307,-0.11745958711510307,0.05235107801276412,-0.052351078012764174
GSE41613,1779,-0.008902235468712438,0.11636144333607612,-0.11636144333607612,0.06561556230695542,-0.06561556230695542
GSE41613,1780,-0.0026521445865712867,0.10592654612838726,-0.10592654612838726,0.13040267961363283,0.13040267961363283
GSE41613,1781,-0.0049047799770353395,0.10489412472392212,-0.10489412472392212,0.07741669826941378,-0.07741669826941378
GSE41613,1782,-0.006633780767752062,0.11626799852456954,-0.11626799852456954,0.08333033374082721,-0.08333033374082721
GSE41613,1783,-0.009677638391478283,0.10704163760152119,-0.10704163760152119,-0.009433533802099367,0.009433533802099436
GSE41613,1784,-0.005458032203818908,0.11727501799463325,-0.11727501799463325,0.13391342542830853,0.13391342542830853
GSE41613,1785,-0.007589640326385899,0.12689642282565572,-0.12689642282565572,0.15771233846730892,0.15771233846730892
GSE41613,1786,-0.008691567201449896,0.12747767603159676,-0.12747767603159676,0.10832232797329822,0.058124940711609674
GSE41613,1787,-0.009343799460706431,0.11411670942463925,-0.11411670942463925,0.024496156389857415,-0.02449615638985747
GSE41613,1788,-0.007180279901537107,0.11990283939597379,-0.11990283939597379,0.10353963759862017,-0.03274416241199729
GSE41613,1789,-0.004269517964899883,0.113755409769563,-0.113755409769563,0.1168212693389068,0.1168212693389068
GSE41613,1790,-0.008756170023006077,0.12056857529921972,-0.12056857529921972,0.08834728648908574,-0.08834728648908574
GSE41613,1791,-0.0069588266353718675,0.1251410008745747,-0.1251410008745747,0.097675302563618,-0.097675302563618
GSE41613,1792,-0.009605536965095862,0.1172434854248946,-0.1172434854248946,0.0204004055098099,-0.020400405509809927
GSE41613,1793,-0.002746493260556343,0.10598752158484442,-0.10598752158484442,0.1312196431065411,0.1312196431065411
GSE41613,1794,-0.0019095864714898658,0.10277200053992179,-0.10277200053992179,0.1099607482214372,0.08925495218598656
GSE41613,1795,-0.00894119845493449,0.1265018130757748,-0.1265018130757748,0.1023898283135034,-0.05459310298981701
GSE41613,1796,-0.004582094120702346,0.1102536277231933,-0.1102536277231933,0.07121744929011586,-0.07121744929011586
GSE41613,1797,-0.011153814097919768,0.1328324095153668,-0.1328324095153668,0.04582929313359457,-0.04582929313359463
GSE41613,1798,-0.004950633442789759,0.1098287206898797,-0.1098287206898797,0.1256069189517568,0.1256069189517568
GSE41613,1799,-0.007032729219887596,0.10812628340270336,-0.10812628340270336,0.07311934236947504,-0.07311934236947504
GSE41613,1800,-0.007444128874851713,0.12153836058234857,-0.12153836058234857,0.08924658611194347,-0.08924658611194347
GSE41613,1801,-0.0077138345607091485,0.12041385878335575,-0.12041385878335575,0.06303660683217538,-0.06303660683217538
GSE41613,1802,-0.01014775092648093,0.10864272496679395,-0.10864272496679395,0.016592692152066824,-0.016592692152066824
GSE41613,1803,-0.0052726491318285384,0.11122062063534188,-0.11122062063534188,0.08499816738935151,-0.08499816738935151
GSE41613,1804,-0.00855236510820756,0.12900661028378546,-0.12900661028378546,0.11192816435300657,0.11192816435300657
GSE41613,1805,-0.00947365148143453,0.12942069442057547,-0.12942069442057547,0.06918681117044656,-0.06918681117044656
GSE41613,1806,-0.005221624361799848,0.113669434596398,-0.113669434596398,0.1374006503978329,0.1374006503978329
GSE41613,1807,-0.004866099327148099,0.11342960037121946,-0.11342960037121946,0.09858829059762453,-0.09858829059762453
GSE41613,1808,-0.007149421526913918,0.12026651535953159,-0.12026651535953159,0.11615878601631602,0.11615878601631602
GSE41613,1809,-0.004343889986864302,0.11430678017297552,-0.11430678017297552,0.10181986921538055,-0.06542070352128315
GSE41613,1810,-0.006943263874702205,0.11488145457371146,-0.11488145457371146,0.09668633298326967,-0.09668633298326967
GSE41613,1811,-0.0049460237796718765,0.11831130842704979,-0.11831130842704979,0.11615401956777882,0.11615401956777882
GSE41613,1812,-0.005663113491394589,0.1167052162789467,-0.1167052162789467,0.11152438905708806,0.11152438905708806
GSE41613,1813,-0.008522889499161357,0.12269024033468001,-0.12269024033468001,0.10052207224755627,-0.0900803754521241
GSE41613,1814,-0.0065791544166784455,0.11847999164433276,-0.11847999164433276,0.07271751827790451,-0.07271751827790451
GSE41613,1815,-0.004647768172687111,0.1130976983585244,-0.1130976983585244,0.11116636590062745,0.11116636590062745
GSE41613,1816,-0.006614001687641202,0.11577506198545945,-0.11577506198545945,0.0808248350825318,-0.0808248350825318
GSE41613,1817,-0.010227828520331744,0.12206895118357775,-0.12206895118357775,0.07738442987186245,-0.07738442987186245
GSE41613,1818,-0.0074237980094110645,0.1163086320511762,-0.1163086320511762,0.07268448418755435,-0.07268448418755435
GSE41613,1819,-0.005794872608803209,0.11987620348189232,-0.11987620348189232,0.08409016010741355,-0.08409016010741355
GSE41613,1820,-0.008743128543834855,0.11344019170054126,-0.11344019170054126,0.02509974973249307,-0.02509974973249307
GSE41613,1821,-0.0070602838572216275,0.11744638873502744,-0.11744638873502744,0.09413846470095077,-0.09413846470095077
GSE41613,1822,-0.004739504708946268,0.12034746473222124,-0.12034746473222124,0.13078214898703644,0.13078214898703644
GSE41613,1823,-0.005865731366913346,0.11103773227508068,-0.11103773227508068,0.0834736590336359,-0.0834736590336359
GSE41613,1824,-0.005118817950983345,0.11480102819133109,-0.11480102819133109,0.10670520329573274,0.027399702619671062
GSE41613,1825,-0.007139712021702327,0.11702298083108292,-0.11702298083108292,0.0600277406933738,-0.0600277406933738
GSE41613,1826,-0.004016196462910682,0.12730905030520573,-0.12730905030520573,0.13299367291360253,0.13299367291360253
GSE41613,1827,-0.009521573308884895,0.11791422633746867,-0.11791422633746867,0.024428786371512218,-0.024428786371512246
GSE41613,1828,-0.007127170142979283,0.12174788568412409,-0.12174788568412409,0.09514123424362408,-0.09514123424362408
GSE41613,1829,-0.006981123421941876,0.11284972398366211,-0.11284972398366211,0.1413521840683205,0.1413521840683205
GSE41613,1830,-0.005157477330235027,0.10361766247263182,-0.10361766247263182,0.09307615135337866,-0.09307615135337866
GSE41613,1831,-0.008151326658929953,0.1180180431829041,-0.1180180431829041,0.07023653882654612,-0.07023653882654612
GSE41613,1832,-0.0031243858263134694,0.10474070870687491,-0.10474070870687491,0.11166610497203155,0.11166610497203155
GSE41613,1833,-0.004401934404836022,0.10071297013996605,-0.10071297013996605,0.06427670252982365,-0.06427670252982365
GSE41613,1834,-0.004150889403055913,0.10504236997641514,-0.10504236997641514,0.10720618776727997,0.036921109452290435
GSE41613,1835,-0.004663244635380759,0.10828258847662814,-0.10828258847662814,0.12012692076712961,0.12012692076712961
GSE41613,1836,-0.005529064043505338,0.11450147341187938,-0.11450147341187938,0.09231581441975745,-0.09231581441975745
GSE41613,1837,-0.007296789134813436,0.1082220366947243,-0.1082220366947243,0.06300842238173798,-0.06300842238173798
GSE41613,1838,-0.008882525815056275,0.12413789923311347,-0.12413789923311347,0.08268617407590051,-0.08268617407590051
GSE41613,1839,-0.004691914730804797,0.103946959113845,-0.103946959113845,0.08215227395662927,-0.08215227395662927
GSE41613,1840,-0.005146088787927161,0.10437049186419711,-0.10437049186419711,0.05470848494522562,-0.05470848494522562
GSE41613,1841,-0.007385132252271748,0.1059147120680125,-0.1059147120680125,0.04521844536477826,-0.04521844536477815
GSE41613,1842,-0.005871581827081307,0.11673656518235465,-0.11673656518235465,0.12410890846302935,0.12410890846302935
GSE41613,1843,-0.008155127928849037,0.12126203070928687,-0.12126203070928687,0.08251817061936684,-0.08251817061936684
GSE41613,1844,-0.005559179839849299,0.12146225599227134,-0.12146225599227134,0.13073566789283908,0.13073566789283908
GSE41613,1845,-0.010643620819296373,0.10616902999552724,-0.10616902999552724,-0.030574118302594266,0.030574118302594266
GSE41613,1846,-0.0027247687720202696,0.10515750936290905,-0.10515750936290905,0.10803480598094295,0.05266103002610378
GSE41613,1847,-0.003494928224173577,0.11269422239620641,-0.11269422239620641,0.17313301475502407,0.17313301475502407
GSE41613,1848,-0.004188024648026617,0.10690643260596067,-0.10690643260596067,0.08598238148473136,-0.08598238148473136
GSE41613,1849,-0.007619245827243076,0.1165412091563055,-0.1165412091563055,0.07996488980242089,-0.07996488980242089
GSE41613,1850,-0.004952585509749474,0.10946576902145094,-0.10946576902145094,0.0613959080585591,-0.0613959080585591
GSE41613,1851,-0.005674950430294978,0.10272476552445142,-0.10272476552445142,0.08004372608071497,-0.08004372608071497
GSE41613,1852,-0.00348001380750923,0.10412438692691128,-0.10412438692691128,0.11631530665810486,0.11631530665810486
GSE41613,1853,-0.008617037114480974,0.12387313754193141,-0.12387313754193141,0.10890414277669502,0.06918182003082607
GSE41613,1854,-0.007600477031865699,0.11773780854311755,-0.11773780854311755,0.08153345725997685,-0.08153345725997685
GSE41613,1855,-0.0038281954829506304,0.0999318165695176,-0.0999318165695176,0.08457302786670684,-0.08457302786670684
GSE41613,1856,-0.005613339736270706,0.1110484615620827,-0.1110484615620827,0.12108095146482123,0.12108095146482123
GSE41613,1857,-0.005017270851836925,0.11061331156532606,-0.11061331156532606,0.09328493190955689,-0.09328493190955689
GSE41613,1858,-0.007317124023316385,0.12181301730937966,-0.12181301730937966,0.1245181297172866,0.1245181297172866
GSE41613,1859,-0.004240453029857372,0.1064801523264794,-0.1064801523264794,0.11016132697348135,0.09306545837223457
GSE41613,1860,-0.004948750533949164,0.10696360543224082,-0.10696360543224082,0.07031839072876445,-0.07031839072876445
GSE41613,1861,-0.005812109714950164,0.11228543172732258,-0.11228543172732258,0.08928708420905596,-0.08928708420905596
GSE41613,1862,-0.0034389977873514332,0.10227565134518724,-0.10227565134518724,0.10661491038592597,0.025687736822201712
GSE41613,1863,-0.007449806718222124,0.11607115019976422,-0.11607115019976422,0.077682736103315,-0.077682736103315
GSE41613,1864,-0.005180796015936462,0.1045042249000227,-0.1045042249000227,0.09335675286857925,-0.09335675286857925
GSE41613,1865,-0.00414325226733217,0.11275600048605317,-0.11275600048605317,0.15157980422693473,0.15157980422693473
GSE41613,1866,-0.006471971286196476,0.12123654685573704,-0.12123654685573704,0.11569692035698242,0.11569692035698242
GSE41613,1867,-0.005261393839605333,0.11117996968806709,-0.11117996968806709,0.05251135953932062,-0.05251135953932062
GSE41613,1868,-0.007907690889594532,0.1181932066810889,-0.1181932066810889,,
GSE41613,1869,-0.005163230181088108,0.09808181299256513,-0.09808181299256513,0.08571653084181985,-0.08571653084181985
GSE41613,1870,-0.002567670920198134,0.11567692094939439,-0.11567692094939439,0.13462206586735692,0.13462206586735692
GSE41613,1871,-0.0058953898009731776,0.11269164345440372,-0.11269164345440372,0.04619378548056968,-0.04619378548056974
GSE41613,1872,-0.006924721041066617,0.10889111054106299,-0.10889111054106299,0.06693020566301533,-0.06693020566301533
GSE41613,1873,-0.008568036686617153,0.12831389798984755,-0.12831389798984755,0.07751976608090971,-0.07751976608090971
GSE41613,1874,-0.005764285299429905,0.11338234152285004,-0.11338234152285004,0.09500257893158759,-0.09500257893158759
GSE41613,1875,-0.009159737873287804,0.11780607957050249,-0.11780607957050249,0.0600151448442755,-0.0600151448442755
GSE41613,1876,-0.0019677556015138264,0.10870174211999722,-0.10870174211999722,0.16137602413694174,0.16137602413694174
GSE41613,1877,-0.008618899308618366,0.12115748869372933,-0.12115748869372933,0.0538348358805702,-0.05383483588057025
GSE41613,1878,-0.0038088755955284492,0.10197949100430204,-0.10197949100430204,0.08225100228987592,-0.08225100228987592
GSE41613,1879,-0.0029856490993984686,0.1032782448675395,-0.1032782448675395,0.11772120961298715,0.11772120961298715
GSE41613,1880,-0.005183738467701621,0.11357159065826339,-0.11357159065826339,0.11724868826304324,0.11724868826304324
GSE41613,1881,-0.00043435795424426327,0.09940002221013952,-0.09940002221013952,0.16258473566852905,0.16258473566852905
GSE41613,1882,-0.003776629367205353,0.11158238783581992,-0.11158238783581992,0.08967395835366376,-0.08967395835366376
GSE41613,1883,-0.009707378994794374,0.12718031104243055,-0.12718031104243055,0.08565042880319951,-0.08565042880319951
GSE41613,1884,-0.0035540445477599825,0.0988793578236617,-0.0988793578236617,0.10853138519422889,0.06209819147331008
GSE41613,1885,-0.008115813792413357,0.118596854949101,-0.118596854949101,0.07116481047875967,-0.07116481047875967
GSE41613,1886,-0.005093632901946588,0.1246894094329224,-0.1246894094329224,0.16674252818682977,0.16674252818682977
GSE41613,1887,-0.005374125105714722,0.11264768647133455,-0.11264768647133455,0.09343345798513436,-0.09343345798513436
GSE41613,1888,-0.007727847201305704,0.12161086395653192,-0.12161086395653192,0.07071826977541984,-0.07071826977541984
GSE41613,1889,-0.005542921916111332,0.09965064640871513,-0.09965064640871513,0.06047668170294995,-0.06047668170294995
GSE41613,1890,-0.006951638346134242,0.1306424788634063,-0.1306424788634063,0.13647454614854682,0.13647454614854682
GSE41613,1891,-0.006523435862867383,0.11340200194493677,-0.11340200194493677,0.09301953868382717,-0.09301953868382717
GSE41613,1892,-0.007435404778990656,0.10072038509085923,-0.10072038509085923,0.05056822640753189,-0.05056822640753189
GSE41613,1893,-0.008880909081011357,0.13094691987997786,-0.13094691987997786,0.09893571323083306,-0.09893571323083306
GSE41613,1894,-0.004894193916302664,0.1033559269043956,-0.1033559269043956,0.048055714299922,-0.04805571429992195
GSE41613,1895,-0.005994376624434722,0.11729214990622194,-0.11729214990622194,0.08303511304896705,-0.08303511304896705
GSE41613,1896,-0.0046469622563185264,0.11309183273893719,-0.11309183273893719,0.09381832250070199,-0.09381832250070199
GSE41613,1897,-0.0061243978036109314,0.10651001401476146,-0.10651001401476146,0.07142524098192449,-0.07142524098192449
GSE41613,1898,-0.00816620998342732,0.11511191402274057,-0.11511191402274057,0.09675476027304541,-0.09675476027304541
GSE41613,1899,-0.005392366655495723,0.11297957720279095,-0.11297957720279095,0.09329127596972042,-0.09329127596972042
GSE41613,1900,-0.007753579410918199,0.11519179953113695,-0.11519179953113695,0.0701356753346124,-0.0701356753346124
GSE41613,1901,-0.008662854415027704,0.11376066499628823,-0.11376066499628823,0.04675227025843842,-0.04675227025843842
GSE41613,1902,-0.005441670505905771,0.11483689387812637,-0.11483689387812637,0.06700829736066993,-0.06700829736066993
GSE41613,1903,-0.008666876430921788,0.1184269748620832,-0.1184269748620832,0.06205278552192828,-0.06205278552192828
GSE41613,1904,-0.007944055646137482,0.1197138418256527,-0.1197138418256527,0.0953011677478579,-0.0953011677478579
GSE41613,1905,-0.004473502875089214,0.10393640974048574,-0.10393640974048574,0.07687884912660636,-0.07687884912660636
GSE41613,1906,-0.008129627491446911,0.11916425027294886,-0.11916425027294886,0.09139822649607166,-0.09139822649607166
GSE41613,1907,-0.006426565862842154,0.11777285060310144,-0.11777285060310144,0.09830410110733234,-0.09830410110733234
GSE41613,1908,-0.006570248844391141,0.10457429487200942,-0.10457429487200942,0.06085634084293301,-0.06085634084293301
GSE41613,1909,-0.002875184895278299,0.10925093294793703,-0.10925093294793703,0.16111096399193503,0.16111096399193503
GSE41613,1910,-0.005412198235797694,0.12743644644809338,-0.12743644644809338,0.16403395118741249,0.16403395118741249
GSE41613,1911,-0.0050489789025142395,0.0987284910294477,-0.0987284910294477,0.050451428224446815,-0.050451428224446815
GSE41613,1912,-0.00682886801346172,0.11595900521477376,-0.11595900521477376,0.08359376629604087,-0.08359376629604087
GSE41613,1913,-0.002801765653565269,0.1120321794629548,-0.1120321794629548,0.12779559964452258,0.12779559964452258
GSE41613,1914,-0.004736165330249842,0.10456506220781747,-0.10456506220781747,0.07299249152130183,-0.07299249152130183
GSE41613,1915,-0.002826536179898309,0.11523609174299787,-0.11523609174299787,0.14606736752718041,0.14606736752718041
GSE41613,1916,-0.00965106010570771,0.11222369863423853,-0.11222369863423853,0.030300372878806048,-0.030300372878806048
GSE41613,1917,-0.009356380174116996,0.11903889634181286,-0.11903889634181286,0.0578819961592445,-0.0578819961592445
GSE41613,1918,-0.009389170197842689,0.12809997469464163,-0.12809997469464163,0.0762823863339197,-0.0762823863339197
GSE41613,1919,-0.0033504033106512565,0.10952849432347789,-0.10952849432347789,0.11939181760906425,0.11939181760906425
GSE41613,1920,-0.007677426195677739,0.12638120747108184,-0.12638120747108184,0.13017454930278882,0.13017454930278882
GSE41613,1921,-0.010126473079122678,0.13509123197037254,-0.13509123197037254,0.12124855928991063,0.12124855928991063
GSE41613,1922,-0.003461065555073195,0.11167563530802405,-0.11167563530802405,0.12237127609372789,0.12237127609372789
GSE41613,1923,-0.003811476987862744,0.10854003640660231,-0.10854003640660231,0.13713702929198912,0.13713702929198912
GSE41613,1924,-0.005028536247764115,0.11738010329351045,-0.11738010329351045,0.09078946294357404,-0.09078946294357404
GSE41613,1925,-0.004841629519464735,0.09605781821614287,-0.09605781821614287,0.03488977832321427,-0.03488977832321427
GSE41613,1926,-0.011042542050090115,0.12413028078222543,-0.12413028078222543,0.048968029669386626,-0.048968029669386626
GSE41613,1927,-0.0048196622801766065,0.10396612534309968,-0.10396612534309968,0.06212092946457681,-0.06212092946457681
GSE41613,1928,-0.009219048373654393,0.124641142117213,-0.124641142117213,0.09754957565602473,-0.09754957565602473
GSE41613,1929,-0.005758786717927539,0.11741185351712469,-0.11741185351712469,0.0946025277629926,-0.0946025277629926
GSE41613,1930,-0.003283062019607874,0.1086186256347805,-0.1086186256347805,0.0722315542212072,-0.0722315542212072
GSE41613,1931,-0.007449785781239893,0.10916162147845049,-0.10916162147845049,0.03567287088511961,-0.03567287088511961
GSE41613,1932,-0.007148047843029942,0.11546952540745709,-0.11546952540745709,0.04380854669125661,-0.043808546691256556
GSE41613,1933,-0.007164629079833257,0.11926739480215781,-0.11926739480215781,0.08038962674623762,-0.08038962674623762
GSE41613,1934,-0.008014248707385735,0.1249709978062713,-0.1249709978062713,0.06975720526164397,-0.06975720526164397
GSE41613,1935,-0.0032460138711029873,0.11502964032631147,-0.11502964032631147,0.1440513160781991,0.1440513160781991
GSE41613,1936,-0.0039138999648867245,0.10079079794921508,-0.10079079794921508,0.1421614014844368,0.1421614014844368
GSE41613,1937,-0.006222418978503036,0.10668129214897104,-0.10668129214897104,0.09238810325799918,-0.09238810325799918
GSE41613,1938,-0.002982532687585082,0.11323902743943398,-0.11323902743943398,0.124689677807031,0.124689677807031
GSE41613,1939,-0.004835966850334272,0.11815928037146439,-0.11815928037146439,0.08261862192953495,-0.08261862192953495
GSE41613,1940,-0.00842990022311113,0.11630082618695259,-0.11630082618695259,0.07977531884367495,-0.07977531884367495
GSE41613,1941,-0.008412933287551438,0.10485036401861791,-0.10485036401861791,0.022923836386333107,-0.022923836386333107
GSE41613,1942,-0.006019875377807321,0.11254736881012162,-0.11254736881012162,0.08579273374197238,-0.08579273374197238
GSE41613,1943,-0.006748632623319872,0.11269556233814332,-0.11269556233814332,0.051388528872880423,-0.05138852887288048
GSE41613,1944,-0.008862567139687971,0.12233411093888225,-0.12233411093888225,0.07819106283968413,-0.07819106283968413
GSE41613,1945,-0.004162524776431087,0.11350475114459879,-0.11350475114459879,0.11834943992786129,0.11834943992786129
GSE41613,1946,-0.003398518709473386,0.11893327658615299,-0.11893327658615299,0.13204403485321947,0.13204403485321947
GSE41613,1947,-0.007875683994554239,0.1297247867679494,-0.1297247867679494,0.13896035614081126,0.13896035614081126
GSE41613,1948,-0.007463444108383788,0.1218638377403437,-0.1218638377403437,0.0803891972244205,-0.0803891972244205
GSE41613,1949,-0.00872908725878746,0.11613836063937444,-0.11613836063937444,0.0069075912828812855,-0.006907591282881209
GSE41613,1950,-0.007808849553779973,0.12561472171347143,-0.12561472171347143,0.14494986256203668,0.14494986256203668
GSE41613,1951,-0.006692455397818653,0.1166837144206187,-0.1166837144206187,0.07958777824060526,-0.07958777824060526
GSE41613,1952,-0.0065833235466309925,0.12089922274405562,-0.12089922274405562,0.0815937564639414,-0.0815937564639414
GSE41613,1953,-0.007399664947090712,0.10811393282612047,-0.10811393282612047,0.028512439356412345,-0.028512439356412234
GSE41613,1954,-0.005841305099754418,0.11529638769544986,-0.11529638769544986,0.09711709801730095,-0.09711709801730095
GSE41613,1955,-0.007107451937402365,0.12463854289558035,-0.12463854289558035,0.10401005041041145,-0.023810243971398193
GSE41613,1956,-0.008441992805974852,0.1165848738966424,-0.1165848738966424,0.054279654335136485,-0.054279654335136485
GSE41613,1957,-0.008371274295524034,0.11393577899068857,-0.11393577899068857,0.0017501113201278291,-0.0017501113201278118
GSE41613,1958,-0.005756007344267455,0.11922391952712846,-0.11922391952712846,0.10180574148682808,-0.06569308335548252
GSE41613,1959,-0.0052350183513446,0.10868888228794227,-0.10868888228794227,0.08294464159157833,-0.08294464159157833
GSE41613,1960,-0.00657139784505778,0.1288866224500761,-0.1288866224500761,0.16291358625487984,0.16291358625487984
GSE41613,1961,-0.003823637038394473,0.11107620980000743,-0.11107620980000743,0.1546960856400028,0.1546960856400028
GSE41613,1962,-0.003954677920755406,0.10532645649352806,-0.10532645649352806,0.09964335310816796,-0.09964335310816796
GSE41613,1963,-0.00305149121034759,0.10648008350735277,-0.10648008350735277,0.133420039337661,0.133420039337661
GSE41613,1964,-0.003596787287521247,0.09938724769769064,-0.09938724769769064,0.09226729286672675,-0.09226729286672675
GSE41613,1965,-0.011783772706159074,0.12613701057398785,-0.12613701057398785,0.06295762595262977,-0.06295762595262977
GSE41613,1966,-0.007743551611798405,0.10945575770648408,-0.10945575770648408,0.04114555600155895,-0.041145556001559
GSE41613,1967,-0.005924667026035446,0.12784153035785606,-0.12784153035785606,0.144406132337499,0.144406132337499
GSE41613,1968,-0.006001046696584217,0.11483500162148153,-0.11483500162148153,0.08495395263038952,-0.08495395263038952
GSE41613,1969,-0.0048581533357568984,0.10843189941190812,-0.10843189941190812,0.08566851437872325,-0.08566851437872325
GSE41613,1970,-0.00155298711882218,0.10300707020239039,-0.10300707020239039,0.13885023218959658,0.13885023218959658
GSE41613,1971,-0.006038670307866617,0.11798518210811548,-0.11798518210811548,0.1360690897269785,0.1360690897269785
GSE41613,1972,-0.005792217977146102,0.1257248099389081,-0.1257248099389081,0.1362025864904015,0.1362025864904015
GSE41613,1973,-0.006078337681898638,0.10608114112256245,-0.10608114112256245,0.04139211474408011,-0.04139211474408011
GSE41613,1974,-0.008920326158933317,0.11676680874121992,-0.11676680874121992,,
GSE41613,1975,-0.011662838356451238,0.13172973550124523,-0.13172973550124523,0.08660401240723459,-0.08660401240723459
GSE41613,1976,-0.0034092703988411466,0.10362446296316949,-0.10362446296316949,0.08351280236190284,-0.08351280236190284
GSE41613,1977,-0.007857644957073834,0.1287497666186288,-0.1287497666186288,0.10391767037828514,-0.025565157579046316
GSE41613,1978,-0.006774296062071639,0.12359112270648698,-0.12359112270648698,0.13024941754880137,0.13024941754880137
GSE41613,1979,-0.007756510563508762,0.12219359788735984,-0.12219359788735984,0.11168106498068764,0.11168106498068764
GSE41613,1980,-0.003421187482510718,0.09290032065755063,-0.09290032065755063,0.06467382805112709,-0.06467382805112709
GSE41613,1981,-0.004564930134645817,0.11954461895202795,-0.11954461895202795,0.14753570581484254,0.14753570581484254
GSE41613,1982,-0.005112443202241357,0.09985139278437716,-0.09985139278437716,0.06891178672972464,-0.06891178672972464
GSE41613,1983,-0.00629945072987681,0.10126713093875944,-0.10126713093875944,0.05660953706248695,-0.05660953706248695
GSE41613,1984,-0.008348653072598411,0.11288998945379214,-0.11288998945379214,0.04436491915358598,-0.04436491915358598
GSE41613,1985,-0.00908653984092439,0.1323196708473685,-0.1323196708473685,0.09117515529083664,-0.09117515529083664
GSE41613,1986,-0.006337314307890057,0.1167158423668917,-0.1167158423668917,0.09191736222597502,-0.09191736222597502
GSE41613,1987,-0.00573790077556649,0.11451738549915291,-0.11451738549915291,0.07877303967339055,-0.07877303967339055
GSE41613,1988,-0.007806365700199325,0.12408164125419152,-0.12408164125419152,0.08506864590840568,-0.08506864590840568
GSE41613,1989,-0.009499890993565574,0.11626532796881694,-0.11626532796881694,0.005715779812608478,-0.005715779812608512
GSE41613,1990,-0.006136087991144457,0.11648748977576118,-0.11648748977576118,0.11745388704257054,0.11745388704257054
GSE41613,1991,-0.0030154325363302426,0.0954284080853412,-0.0954284080853412,0.08641072382638981,-0.08641072382638981
GSE41613,1992,-0.005529078220310901,0.10966023859817137,-0.10966023859817137,0.10190933447654538,-0.06372286294804996
GSE41613,1993,-0.0020569375947299684,0.09906386691086083,-0.09906386691086083,0.11219728262377049,0.11219728262377049
GSE41613,1994,-0.0046409562230633195,0.11463057000224225,-0.11463057000224225,0.1379895104013391,0.1379895104013391
GSE41613,1995,-0.006570780705500379,0.11974394486057227,-0.11974394486057227,0.097086470164236,-0.097086470164236
GSE41613,1996,-0.008191871067165818,0.11304224659627848,-0.11304224659627848,0.0407501270534415,-0.0407501270534415
GSE41613,1997,-0.005129608052032775,0.1133630324229764,-0.1133630324229764,0.09104457942702116,-0.09104457942702116
GSE41613,1998,-0.0055774124370482625,0.114462886621294,-0.114462886621294,0.05897442868509706,-0.05897442868509706
GSE41613,1999,-0.0039583038875147525,0.11962287557938056,-0.11962287557938056,0.1142644006873057,0.1142644006873057
GSE41613,2000,-0.007073787021801975,0.11922410401787109,-0.11922410401787109,0.07485698159748622,-0.07485698159748622
