candidate,beta,mode,seed,outer_fold,rank_preserved,ipcw_brier_raw,ipcw_brier_candidate,delta_ipcw_brier,citl_raw,citl_candidate,abs_citl_error_deterioration,calibration_slope_raw,calibration_slope_candidate,abs_slope_error_deterioration,n_evaluable,events_evaluable
beta_0.900_brier,0.9,brier,17,0,True,0.1367038757967255,0.13659120026193047,-0.00011267553479502035,0.15681828933966824,0.15347653962509133,-0.0033417497145769026,1.1784890950524873,,,96,18
beta_0.900_mix_25,0.9,mix_25,17,0,True,0.1367038757967255,0.13668013428752435,-2.374150920114726e-05,0.15681828933966824,0.16487766781580893,0.008059378476140688,1.1784890950524873,1.3094323904271414,0.1309432953746541,96,18
beta_0.900_mix_50,0.9,mix_50,17,0,True,0.1367038757967255,0.1367209989665051,1.712316977961481e-05,0.15681828933966824,0.1699628281413832,0.013144538801714956,1.1784890950524873,1.3094322787911816,0.1309431837386943,96,18
beta_0.900_mix_75,0.9,mix_75,17,0,True,0.1367038757967255,0.13674435896788567,4.048317116017719e-05,0.15681828933966824,0.1728297344162002,0.01601144507653196,1.1784890950524873,1.3094324018703882,0.1309433068179009,96,18
beta_0.900_logloss,0.9,logloss,17,0,True,0.1367038757967255,0.13675945578047988,5.5579983754383555e-05,0.15681828933966824,0.17466766816666907,0.017849378827000828,1.1784890950524873,1.3094324398338348,0.1309433447813475,96,18
beta_0.925_brier,0.925,brier,17,0,True,0.1367038757967255,0.13662499096376085,-7.888483296464299e-05,0.15681828933966824,0.15705454376183525,0.00023625442216701487,1.1784890950524873,1.2740423013293458,0.09555320627685848,96,18
beta_0.925_mix_25,0.925,mix_25,17,0,True,0.1367038757967255,0.13670029640527231,-3.5793914531789817e-06,0.15681828933966824,0.1667439610715694,0.009925671731901176,1.1784890950524873,1.274042251086429,0.09555315603394177,96,18
beta_0.925_mix_50,0.925,mix_50,17,0,True,0.1367038757967255,0.1367347199665373,3.08441698118056e-05,0.15681828933966824,0.17106253348146427,0.014244244141796036,1.1784890950524873,1.274042233965545,0.09555313891305772,96,18
beta_0.925_mix_75,0.925,mix_75,17,0,True,0.1367038757967255,0.13675436474383923,5.048894711373597e-05,0.15681828933966824,0.17349805201853064,0.016679762678862398,1.1784890950524873,1.2740422794714616,0.09555318441897431,96,18
beta_0.925_logloss,0.925,logloss,17,0,True,0.1367038757967255,0.1367670505719498,6.31747752243006e-05,0.15681828933966824,0.17506000165719438,0.018241712317526138,1.1784890950524873,1.2740421340554784,0.09555303900299106,96,18
beta_0.950_brier,0.95,brier,17,0,True,0.1367038757967255,0.1366697932606523,-3.408253607320444e-05,0.15681828933966824,0.16076909083974666,0.003950801500078427,1.1784890950524873,1.2405149043101995,0.06202580925771217,96,18
beta_0.950_mix_25,0.95,mix_25,17,0,True,0.1367038757967255,0.13673090008500605,2.70242882805527e-05,0.15681828933966824,0.16866396569765285,0.011845676357984614,1.1784890950524873,1.240514745130993,0.06202565007850569,96,18
beta_0.950_mix_50,0.95,mix_50,17,0,True,0.1367038757967255,0.13675867865301802,5.480285629252957e-05,0.15681828933966824,0.17217963509095446,0.015361345751286226,1.1784890950524873,1.2405149310063097,0.062025835953822384,96,18
beta_0.950_mix_75,0.95,mix_75,17,0,True,0.1367038757967255,0.13677450160199772,7.062580527222861e-05,0.15681828933966824,0.1741628673684124,0.017344578028744173,1.1784890950524873,1.2405146488365844,0.06202555378409702,96,18
beta_0.950_logloss,0.95,logloss,17,0,True,0.1367038757967255,0.13678471050990645,8.083471318096058e-05,0.15681828933966824,0.17543520569422644,0.0186169163545582,1.1784890950524873,,,96,18
beta_0.975_brier,0.975,brier,17,0,True,0.1367038757967255,0.1367253782354345,2.1502438709020133e-05,0.15681828933966824,0.16461627363016806,0.0077979842904998264,1.1784890950524873,1.2087067984426239,0.03021770339013652,96,18
beta_0.975_mix_25,0.975,mix_25,17,0,True,0.1367038757967255,0.1367717557586585,6.787996193299839e-05,0.15681828933966824,0.17063538977875298,0.01381710043908474,1.1784890950524873,1.2087067540927456,0.030217659040258305,96,18
beta_0.975_mix_50,0.975,mix_50,17,0,True,0.1367038757967255,0.13679271464987633,8.88388531508355e-05,0.15681828933966824,0.17331306954836923,0.016494780208700988,1.1784890950524873,1.2087067770771056,0.030217682024618275,96,18
beta_0.975_mix_75,0.975,mix_75,17,0,True,0.1367038757967255,0.1368046284392833,0.00010075264255779426,0.15681828933966824,0.17482387824301998,0.018005588903351744,1.1784890950524873,1.208706619471893,0.030217524419405617,96,18
beta_0.975_logloss,0.975,logloss,17,0,True,0.1367038757967255,0.13681230788687482,0.00010843209014932409,0.15681828933966824,0.17579348219915636,0.01897519285948812,1.1784890950524873,1.2087067592005742,0.03021766414808691,96,18
beta_0.900_brier,0.9,brier,17,1,True,0.11663494349976604,0.1172485409444323,0.0006135974446662557,-0.18411882526466739,-0.2752814232496327,0.09116259798496529,0.7179363254886001,0.7977067753521974,-0.07977044986359727,95,14
beta_0.900_mix_25,0.9,mix_25,17,1,True,0.11663494349976604,0.11702994497986939,0.0003950014801033519,-0.18411882526466739,-0.25507583738815776,0.07095701212349037,0.7179363254886001,0.797706613508634,-0.07977028802003394,95,14
beta_0.900_mix_50,0.9,mix_50,17,1,True,0.11663494349976604,0.11693542001591072,0.0003004765161446765,-0.18411882526466739,-0.2457497483620944,0.061630923097427015,0.7179363254886001,0.7977068297792952,-0.0797705042906951,95,14
beta_0.900_mix_75,0.9,mix_75,17,1,True,0.11663494349976604,0.11688318036725759,0.0002482368674915497,-0.18411882526466739,-0.2404205477089535,0.056301722444286106,0.7179363254886001,0.7977068322243844,-0.07977050673578434,95,14
beta_0.900_logloss,0.9,logloss,17,1,True,0.11663494349976604,0.11685013736392247,0.00021519386415642938,-0.18411882526466739,-0.23698039672982418,0.0528615714651568,0.7179363254886001,0.7977064188487182,-0.07977009336011809,95,14
beta_0.925_brier,0.925,brier,17,1,True,0.11663494349976604,0.11729582321659887,0.0006608797168328323,-0.18411882526466739,-0.27399275436872617,0.08987392910405878,0.7179363254886001,0.7761466476745454,-0.05821032218594535,95,14
beta_0.925_mix_25,0.925,mix_25,17,1,True,0.11663494349976604,0.11708977485078821,0.0004548313510221724,-0.18411882526466739,-0.2551616459982736,0.07104282073360624,0.7179363254886001,0.7761472060986063,-0.05821088061000623,95,14
beta_0.925_mix_50,0.925,mix_50,17,1,True,0.11663494349976604,0.1170003030054307,0.0003653595056646586,-0.18411882526466739,-0.24648019583044534,0.06236137056577795,0.7179363254886001,0.7761470804312467,-0.0582107549426466,95,14
beta_0.925_mix_75,0.925,mix_75,17,1,True,0.11663494349976604,0.11695071534707566,0.0003157718473096177,-0.18411882526466739,-0.24151941483778605,0.057400589573118665,0.7179363254886001,0.7761472574696369,-0.05821093198103677,95,14
beta_0.925_logloss,0.925,logloss,17,1,True,0.11663494349976604,0.11691928935482358,0.00028434585505754395,-0.18411882526466739,-0.23831657573541254,0.054197750470745154,0.7179363254886001,0.7761470103313186,-0.05821068484271852,95,14
beta_0.950_brier,0.95,brier,17,1,True,0.11663494349976604,0.11734765656978605,0.0007127130700200074,-0.18411882526466739,-0.2725809106120588,0.08846208534739142,0.7179363254886001,0.7557217955854733,-0.037785470096873164,95,14
beta_0.950_mix_25,0.95,mix_25,17,1,True,0.11663494349976604,0.11715528601704846,0.0005203425172824183,-0.18411882526466739,-0.2551961281375099,0.07107730287284253,0.7179363254886001,0.7557218567994357,-0.03778553131083562,95,14
beta_0.950_mix_50,0.95,mix_50,17,1,True,0.11663494349976604,0.1170714102106043,0.0004364667108382597,-0.18411882526466739,-0.24719219478527488,0.06307336952060749,0.7179363254886001,0.7557218771160455,-0.03778555162744546,95,14
beta_0.950_mix_75,0.95,mix_75,17,1,True,0.11663494349976604,0.11702479349978312,0.0003898500000170807,-0.18411882526466739,-0.2426189130483597,0.05850008778369231,0.7179363254886001,0.7557224256245103,-0.03778610013591022,95,14
beta_0.950_logloss,0.95,logloss,17,1,True,0.11663494349976604,0.1169951929987289,0.00036024949896286407,-0.18411882526466739,-0.23966578123301185,0.05554695596834447,0.7179363254886001,0.7557222857884095,-0.03778596029980941,95,14
beta_0.975_brier,0.975,brier,17,1,True,0.11663494349976604,0.11740397874153778,0.0007690352417717428,-0.18411882526466739,-0.2710509235259073,0.08693209826123993,0.7179363254886001,0.7363445780527168,-0.01840825256411671,95,14
beta_0.975_mix_25,0.975,mix_25,17,1,True,0.11663494349976604,0.11722642385084471,0.0005914803510786715,-0.18411882526466739,-0.2551825041293554,0.071063678864688,0.7179363254886001,0.7363448428616218,-0.018408517373021738,95,14
beta_0.975_mix_50,0.975,mix_50,17,1,True,0.11663494349976604,0.11714869644557335,0.0005137529458073137,-0.18411882526466739,-0.24788764790095663,0.06376882263628925,0.7179363254886001,0.736344916536306,-0.01840859104770587,95,14
beta_0.975_mix_75,0.975,mix_75,17,1,True,0.11663494349976604,0.1171053770483366,0.0004704335485705563,-0.18411882526466739,-0.2437200552321398,0.05960122996747241,0.7179363254886001,0.7363446928869201,-0.01840836739831997,95,14
beta_0.975_logloss,0.975,logloss,17,1,True,0.11663494349976604,0.1170778180704286,0.00044287457066255476,-0.18411882526466739,-0.2410285931595214,0.056909767894854024,0.7179363254886001,0.7363442492977942,-0.018407923809194093,95,14
beta_0.900_brier,0.9,brier,17,2,True,0.11454584388648568,0.11524755834080921,0.0007017144543235293,-0.14437696888776075,-0.21559704133320579,0.07122007244544504,1.5502376045105999,1.7224864502303212,0.17224884571972132,105,16
beta_0.900_mix_25,0.9,mix_25,17,2,True,0.11454584388648568,0.1152002629016826,0.0006544190151969165,-0.14437696888776075,-0.20689125924703355,0.0625142903592728,1.5502376045105999,1.7224865059562031,0.17224890144560323,105,16
beta_0.900_mix_50,0.9,mix_50,17,2,True,0.11454584388648568,0.1151799522291361,0.0006341083426504163,-0.14437696888776075,-0.202948711077388,0.05857174218962724,1.5502376045105999,1.7224857227744674,0.17224811826386754,105,16
beta_0.900_mix_75,0.9,mix_75,17,2,True,0.11454584388648568,0.11516870930171354,0.0006228654152278523,-0.14437696888776075,-0.20070703845244287,0.05633006956468212,1.5502376045105999,1.7224862661241316,0.1722486616135317,105,16
beta_0.900_logloss,0.9,logloss,17,2,True,0.11454584388648568,0.11516158017334936,0.0006157362868636773,-0.14437696888776075,-0.19926230195644212,0.054885333068681375,1.5502376045105999,1.7224864196987664,0.17224881518816648,105,16
beta_0.925_brier,0.925,brier,17,2,True,0.11454584388648568,0.11512487340451753,0.0005790295180318483,-0.14437696888776075,-0.2127285216373086,0.06835155274954785,1.5502376045105999,1.6759325098509528,0.12569490534035288,105,16
beta_0.925_mix_25,0.925,mix_25,17,2,True,0.11454584388648568,0.11508781031569579,0.0005419664292101029,-0.14437696888776075,-0.2058634059400163,0.06148643705225554,1.5502376045105999,1.6759325301348944,0.12569492562429452,105,16
beta_0.925_mix_50,0.925,mix_50,17,2,True,0.11454584388648568,0.11507174118912755,0.0005258973026418673,-0.14437696888776075,-0.20275992234465368,0.05838295345689293,1.5502376045105999,1.6759324570428613,0.12569485253226143,105,16
beta_0.925_mix_75,0.925,mix_75,17,2,True,0.11454584388648568,0.11506279539047091,0.0005169515039852302,-0.14437696888776075,-0.20099566159398796,0.056618692706227214,1.5502376045105999,1.6759323354350821,0.12569473092448225,105,16
beta_0.925_logloss,0.925,logloss,17,2,True,0.11454584388648568,0.11505710158551014,0.0005112576990244505,-0.14437696888776075,-0.19985846494531623,0.05548149605755548,1.5502376045105999,1.6759317028526988,0.12569409834209888,105,16
beta_0.950_brier,0.95,brier,17,2,True,0.11454584388648568,0.11500679545918094,0.00046095157269525344,-0.14437696888776075,-0.20968739714693618,0.06531042825917543,1.5502376045105999,1.6318290209945467,0.08159141648394685,105,16
beta_0.950_mix_25,0.95,mix_25,17,2,True,0.11454584388648568,0.11498026891996943,0.0004344250334837457,-0.14437696888776075,-0.20474313440635739,0.06036616551859664,1.5502376045105999,1.6318285089738438,0.08159090446324391,105,16
beta_0.950_mix_50,0.95,mix_50,17,2,True,0.11454584388648568,0.11496865435795782,0.0004228104714721348,-0.14437696888776075,-0.20251232160440957,0.058135352716648825,1.5502376045105999,1.6318290846156003,0.08159148010500039,105,16
beta_0.950_mix_75,0.95,mix_75,17,2,True,0.11454584388648568,0.11496215088601049,0.00041630699952480144,-0.14437696888776075,-0.20124444189184543,0.05686747300408468,1.5502376045105999,1.6318290561088853,0.0815914515982854,105,16
beta_0.950_logloss,0.95,logloss,17,2,True,0.11454584388648568,0.11495799599383226,0.00041215210734657504,-0.14437696888776075,-0.20042713137857404,0.05605016249081329,1.5502376045105999,1.6318282500781953,0.08159064556759543,105,16
beta_0.975_brier,0.975,brier,17,2,True,0.11454584388648568,0.1148933741630913,0.0003475302766056121,-0.14437696888776075,-0.20647971997712988,0.062102751089369135,1.5502376045105999,1.5899872767560275,0.03974967224542758,105,16
beta_0.975_mix_25,0.975,mix_25,17,2,True,0.11454584388648568,0.11487767092839712,0.0003318270419114394,-0.14437696888776075,-0.20353458091170862,0.05915761202394787,1.5502376045105999,1.5899874207388127,0.03974981622821283,105,16
beta_0.975_mix_50,0.975,mix_50,17,2,True,0.11454584388648568,0.11487072554657278,0.0003248816600870952,-0.14437696888776075,-0.20220854178687986,0.05783157289911911,1.5502376045105999,1.589987036753933,0.03974943224333316,105,16
beta_0.975_mix_75,0.975,mix_75,17,2,True,0.11454584388648568,0.11486681371752328,0.00032096983103759025,-0.14437696888776075,-0.20145509934333083,0.057078130455570086,1.5502376045105999,1.589987121987978,0.039749517477378093,105,16
beta_0.975_logloss,0.975,logloss,17,2,True,0.11454584388648568,0.11486430523081025,0.00031846134432456097,-0.14437696888776075,-0.20096940269069652,0.05659243380293577,1.5502376045105999,1.5899872680466764,0.03974966353607656,105,16
beta_0.900_brier,0.9,brier,17,3,True,0.11736647687204238,0.11822085595477001,0.0008543790827276326,-0.08634074929360558,-0.12687383681375064,0.04053308752014506,2.3622646440021278,2.6247386318469457,0.2624739878448179,99,16
beta_0.900_mix_25,0.9,mix_25,17,3,True,0.11736647687204238,0.11822086656303446,0.0008543896909920801,-0.08634074929360558,-0.12679594344271428,0.0404551941491087,2.3622646440021278,2.624738768844724,0.26247412484259636,99,16
beta_0.900_mix_50,0.9,mix_50,17,3,True,0.11736647687204238,0.11822087134196362,0.0008543944699212352,-0.08634074929360558,-0.12676145886552204,0.04042070957191646,2.3622646440021278,2.624738780422767,0.2624741364206393,99,16
beta_0.900_mix_75,0.9,mix_75,17,3,True,0.11736647687204238,0.11822087406556357,0.0008543971935211919,-0.08634074929360558,-0.12674196705595964,0.04040121776235406,2.3622646440021278,2.6247381015241222,0.26247345752199447,99,16
beta_0.900_logloss,0.9,logloss,17,3,True,0.11736647687204238,0.11822087581641276,0.0008543989443703798,-0.08634074929360558,-0.1267294975728993,0.04038874827929373,2.3622646440021278,2.6247384908589955,0.2624738468568677,99,16
beta_0.925_brier,0.925,brier,17,3,True,0.11736647687204238,0.11799054264164671,0.0006240657696043317,-0.08634074929360558,-0.12396191122816613,0.037621161934560554,2.3622646440021278,2.5538000453571277,0.1915354013549999,99,16
beta_0.925_mix_25,0.925,mix_25,17,3,True,0.11736647687204238,0.11799001752222202,0.0006235406501796381,-0.08634074929360558,-0.12613720484127,0.03979645554766442,2.3622646440021278,2.5537989532076026,0.19153430920547487,99,16
beta_0.925_mix_50,0.925,mix_50,17,3,True,0.11736647687204238,0.11798984957652836,0.0006233727044859805,-0.08634074929360558,-0.12709840715931053,0.040757657865704955,2.3622646440021278,2.5537996878442164,0.19153504384208864,99,16
beta_0.925_mix_75,0.925,mix_75,17,3,True,0.11736647687204238,0.11798977220307406,0.0006232953310316841,-0.08634074929360558,-0.1276406461121805,0.04129989681857493,2.3622646440021278,2.5537991756211946,0.19153453161906686,99,16
beta_0.925_logloss,0.925,logloss,17,3,True,0.11736647687204238,0.11798972912837104,0.0006232522563286574,-0.08634074929360558,-0.1279888671891395,0.04164811789553391,2.3622646440021278,2.5537993669457872,0.19153472294365947,99,16
beta_0.950_brier,0.95,brier,17,3,True,0.11736647687204238,0.11776519763945008,0.00039872076740769813,-0.08634074929360558,-0.12084415648868763,0.03450340719508205,2.3622646440021278,2.486593854846112,0.1243292108439844,99,16
beta_0.950_mix_25,0.95,mix_25,17,3,True,0.11736647687204238,0.11776362312116458,0.0003971462491221961,-0.08634074929360558,-0.12536959787965418,0.0390288485860486,2.3622646440021278,2.4865945443034825,0.12432990030135471,99,16
beta_0.950_mix_50,0.95,mix_50,17,3,True,0.11736647687204238,0.11776320514988342,0.0003967282778410408,-0.08634074929360558,-0.12736444544818537,0.04102369615457979,2.3622646440021278,2.486594562733195,0.12432991873106713,99,16
beta_0.950_mix_75,0.95,mix_75,17,3,True,0.11736647687204238,0.11776304429084475,0.00039656741880236823,-0.08634074929360558,-0.1284893372862957,0.04214858799269011,2.3622646440021278,2.48659437846459,0.12432973446246232,99,16
beta_0.950_logloss,0.95,logloss,17,3,True,0.11736647687204238,0.11776296950323077,0.0003964926311883915,-0.08634074929360558,-0.12921182077972293,0.04287107148611735,2.3622646440021278,2.4865944782330156,0.12432983423088784,99,16
beta_0.975_brier,0.975,brier,17,3,True,0.11736647687204238,0.11754487929489658,0.00017840242285420416,-0.08634074929360558,-0.11752576666455605,0.031185017370950474,2.3622646440021278,2.4228353167133903,0.060570672711262485,99,16
beta_0.975_mix_25,0.975,mix_25,17,3,True,0.11736647687204238,0.11754170315889383,0.00017522628685144592,-0.08634074929360558,-0.12449706741303612,0.03815631811943054,2.3622646440021278,2.4228354714350178,0.060570827432889995,99,16
beta_0.975_mix_50,0.975,mix_50,17,3,True,0.11736647687204238,0.1175409585372481,0.00017448166520571406,-0.08634074929360558,-0.12756210632440923,0.04122135703080365,2.3622646440021278,2.4228349657869757,0.06057032178484789,99,16
beta_0.975_mix_75,0.975,mix_75,17,3,True,0.11736647687204238,0.11754071551171749,0.00017423863967511166,-0.08634074929360558,-0.1292897656380585,0.04294901634445292,2.3622646440021278,2.422835818953579,0.060571174951451034,99,16
beta_0.975_logloss,0.975,logloss,17,3,True,0.11736647687204238,0.11754062684410269,0.0001741499720603057,-0.08634074929360558,-0.1303993947355082,0.04405864544190263,2.3622646440021278,2.4228352258336847,0.06057058183155695,99,16
beta_0.900_brier,0.9,brier,17,4,True,0.14606029689061706,0.14579693538282312,-0.0002633615077939355,0.3421075949114921,0.3266605438450666,-0.015447051066425521,0.5380560576557074,0.5978404168927192,-0.05978435923701175,97,19
beta_0.900_mix_25,0.9,mix_25,17,4,True,0.14606029689061706,0.14606502290426765,4.72601365059111e-06,0.3421075949114921,0.35913168108475746,0.01702408617326534,0.5380560576557074,0.5978399586597339,-0.05978390100402653,97,19
beta_0.900_mix_50,0.9,mix_50,17,4,True,0.14606029689061706,0.14619390430826612,0.00013360741764906203,0.3421075949114921,0.37374957327716396,0.03164197836567184,0.5380560576557074,0.5978400245064326,-0.05978396685072518,97,19
beta_0.900_mix_75,0.9,mix_75,17,4,True,0.14606029689061706,0.14626843629580918,0.00020813940519212593,0.3421075949114921,0.3819597587339324,0.03985216382244028,0.5380560576557074,0.5978397448477409,-0.05978368719203353,97,19
beta_0.900_logloss,0.9,logloss,17,4,True,0.14606029689061706,0.14631678143822224,0.0002564845476051847,0.3421075949114921,0.38719823272521015,0.045090637813718026,0.5380560576557074,0.5978400606798013,-0.059784003024093924,97,19
beta_0.925_brier,0.925,brier,17,4,True,0.14606029689061706,0.14586291467483997,-0.0001973822157770866,0.3421075949114921,0.33233725778852563,-0.009770337122966488,0.5380560576557074,0.5816822237186048,-0.043626166062897376,97,19
beta_0.925_mix_25,0.925,mix_25,17,4,True,0.14606029689061706,0.14611766874156484,5.7371850947784964e-05,0.3421075949114921,0.3638134004562047,0.021705805544712575,0.5380560576557074,0.5816822283210749,-0.04362617066536745,97,19
beta_0.925_mix_50,0.925,mix_50,17,4,True,0.14606029689061706,0.14623998917617603,0.00017969228555897443,0.3421075949114921,0.37798080419491487,0.03587320928342275,0.5380560576557074,0.5816822268605819,-0.0436261692048745,97,19
beta_0.925_mix_75,0.925,mix_75,17,4,True,0.14606029689061706,0.14631072482369026,0.00025042793307319955,0.3421075949114921,0.3859409081042652,0.04383331319277306,0.5380560576557074,0.5816822599173211,-0.043626202261613733,97,19
beta_0.925_logloss,0.925,logloss,17,4,True,0.14606029689061706,0.1463566150141217,0.0002963181235046408,0.3421075949114921,0.39102167015663325,0.04891407524514113,0.5380560576557074,0.5816823477702758,-0.04362629011456842,97,19
beta_0.950_brier,0.95,brier,17,4,True,0.14606029689061706,0.1459385358179881,-0.00012176107262895641,0.3421075949114921,0.3381477871077998,-0.003959807803692317,0.5380560576557074,0.5663748415565157,-0.02831878390080833,97,19
beta_0.950_mix_25,0.95,mix_25,17,4,True,0.14606029689061706,0.14617955605738273,0.00011925916676566728,0.3421075949114921,0.36855238753069075,0.02644479261919863,0.5380560576557074,0.5663748958057032,-0.028318838149995806,97,19
beta_0.950_mix_50,0.95,mix_50,17,4,True,0.14606029689061706,0.1462951022857987,0.000234805395181642,0.3421075949114921,0.3822329817557887,0.04012538684429656,0.5380560576557074,0.5663747381850456,-0.02831868052933817,97,19
beta_0.950_mix_75,0.95,mix_75,17,4,True,0.14606029689061706,0.1463619114415235,0.0003016145509064372,0.3421075949114921,0.38992218556692204,0.04781459065542992,0.5380560576557074,0.5663748207312959,-0.02831876307558845,97,19
beta_0.950_logloss,0.95,logloss,17,4,True,0.14606029689061706,0.1464052585209005,0.0003449616302834413,0.3421075949114921,0.3948317123707181,0.052724117459226005,0.5380560576557074,0.5663748078762983,-0.028318750220590938,97,19
beta_0.975_brier,0.975,brier,17,4,True,0.14606029689061706,0.14602360861006836,-3.668828054870232e-05,0.3421075949114921,0.3440910358581786,0.0019834409466864544,0.5380560576557074,0.5518525191726023,-0.013796461516894842,97,19
beta_0.975_mix_25,0.975,mix_25,17,4,True,0.14606029689061706,0.1462505720222431,0.00019027513162603316,0.3421075949114921,0.37334892570382594,0.03124133079233382,0.5380560576557074,0.5518523778876965,-0.013796320231989068,97,19
beta_0.975_mix_50,0.975,mix_50,17,4,True,0.14606029689061706,0.1463591756090334,0.00029887871841632885,0.3421075949114921,0.3865074274483732,0.04439983253688107,0.5380560576557074,0.5518522515919828,-0.013796193936275403,97,19
beta_0.975_mix_75,0.975,mix_75,17,4,True,0.14606029689061706,0.14642195370953254,0.00036165681891547896,0.3421075949114921,0.3939053437661906,0.051797748854698455,0.5380560576557074,0.5518522777186173,-0.013796220062909925,97,19
beta_0.975_logloss,0.975,logloss,17,4,True,0.14606029689061706,0.1464626869872035,0.00040239009658643576,0.3421075949114921,0.39863044428276184,0.05652284937126972,0.5380560576557074,0.551852302396466,-0.013796244740758579,97,19
beta_0.900_brier,0.9,brier,29,0,True,0.1328543229943847,0.1333331270712999,0.0004788040769151958,0.11962024145905559,0.1784963312764275,0.05887608981737191,0.892327700024139,0.991475246592788,-0.09914754656864899,99,18
beta_0.900_mix_25,0.9,mix_25,29,0,True,0.1328543229943847,0.13317629100428868,0.00032196800990397234,0.11962024145905559,0.15120016411561188,0.03157992265655629,0.892327700024139,0.9914751881481494,-0.09914748812401042,99,18
beta_0.900_mix_50,0.9,mix_50,29,0,True,0.1328543229943847,0.13312295106914793,0.0002686280747632164,0.11962024145905559,0.140879836791454,0.021259595332398407,0.892327700024139,0.9914748824628372,-0.09914718243869824,99,18
beta_0.900_mix_75,0.9,mix_75,29,0,True,0.1328543229943847,0.13309602581825175,0.00024170282386704045,0.11962024145905559,0.13540650923915554,0.01578626778009995,0.892327700024139,0.9914752294817039,-0.09914752945756489,99,18
beta_0.900_logloss,0.9,logloss,29,0,True,0.1328543229943847,0.13307978527188374,0.00022546227749903336,0.11962024145905559,0.13200729646081633,0.012387055001760738,0.892327700024139,0.9914751869025542,-0.09914748687841524,99,18
beta_0.925_brier,0.925,brier,29,0,True,0.1328543229943847,0.13329768529113156,0.000443362296746852,0.11962024145905559,0.1841083128066655,0.06448807134760992,0.892327700024139,0.96467855016804,-0.07235085014390108,99,18
beta_0.925_mix_25,0.925,mix_25,29,0,True,0.1328543229943847,0.1331283914016849,0.000274068407300182,0.11962024145905559,0.15425299190027097,0.03463275044121539,0.892327700024139,0.9646785803145116,-0.07235088029037262,99,18
beta_0.925_mix_50,0.925,mix_50,29,0,True,0.1328543229943847,0.13307185745694436,0.0002175344625596487,0.11962024145905559,0.14304210471772494,0.02342186325866935,0.892327700024139,0.96467810112465,-0.07235040110051105,99,18
beta_0.925_mix_75,0.925,mix_75,29,0,True,0.1328543229943847,0.1330435388641474,0.00018921586976269889,0.11962024145905559,0.13710889612732374,0.017488654668268155,0.892327700024139,0.9646784846426248,-0.07235078461848587,99,18
beta_0.925_logloss,0.925,logloss,29,0,True,0.1328543229943847,0.1330265335409506,0.00017221054656588186,0.11962024145905559,0.13342776167277737,0.01380752021372178,0.892327700024139,0.9646785075968284,-0.07235080757268941,99,18
beta_0.950_brier,0.95,brier,29,0,True,0.1328543229943847,0.13327023670298094,0.00041591370859622723,0.11962024145905559,0.189730994687059,0.07011075322800342,0.892327700024139,0.9392920429442911,-0.04696434292015217,99,18
beta_0.950_mix_25,0.95,mix_25,29,0,True,0.1328543229943847,0.133089030082424,0.00023470708803929874,0.11962024145905559,0.15729730403576198,0.03767706257670639,0.892327700024139,0.9392923129663582,-0.04696461294221921,99,18
beta_0.950_mix_50,0.95,mix_50,29,0,True,0.1328543229943847,0.1330296402313988,0.0001753172370140832,0.11962024145905559,0.1451994100438826,0.025579168584827006,0.892327700024139,0.9392922250478547,-0.04696452502371573,99,18
beta_0.950_mix_75,0.95,mix_75,29,0,True,0.1328543229943847,0.1330001280936546,0.0001458050992698967,0.11962024145905559,0.13880965586978034,0.019189414410724748,0.892327700024139,0.9392921361242398,-0.046964436100100815,99,18
beta_0.950_logloss,0.95,logloss,29,0,True,0.1328543229943847,0.13298248818457595,0.0001281651901912373,0.11962024145905559,0.13484902384892716,0.015228782389871576,0.892327700024139,0.9392921888566711,-0.046964488832532125,99,18
beta_0.975_brier,0.975,brier,29,0,True,0.1328543229943847,0.1332507080638272,0.00039638506944247864,0.11962024145905559,0.19537155376848364,0.07575131230942805,0.892327700024139,0.9152081954331424,-0.022880495409003387,99,18
beta_0.975_mix_25,0.975,mix_25,29,0,True,0.1328543229943847,0.13305815860276637,0.00020383560838166392,0.11962024145905559,0.160335892662414,0.040715651203358405,0.892327700024139,0.9152081581878094,-0.02288045816367046,99,18
beta_0.975_mix_50,0.975,mix_50,29,0,True,0.1328543229943847,0.1329962544103519,0.00014193141596718917,0.11962024145905559,0.14735244836449352,0.02773220690543793,0.892327700024139,0.9152077172530201,-0.02288001722888111,99,18
beta_0.975_mix_75,0.975,mix_75,29,0,True,0.1328543229943847,0.13296574890861565,0.00011142591423093928,0.11962024145905559,0.14050822576736255,0.02088798430830696,0.892327700024139,0.9152077972281607,-0.022880097204021732,99,18
beta_0.975_logloss,0.975,logloss,29,0,True,0.1328543229943847,0.1329476047703123,9.328177592760056e-05,0.11962024145905559,0.13626977284212682,0.016649531383071237,0.892327700024139,0.9152075523552277,-0.02287985233108869,99,18
beta_0.900_brier,0.9,brier,29,1,True,0.15477786124894807,0.1508438339934393,-0.00393402725550876,-0.1015222398111073,-0.12636332934216132,0.024841089531054017,0.23476639868190313,0.26085142607961653,-0.026085027397713456,95,16
beta_0.900_mix_25,0.9,mix_25,29,1,True,0.15477786124894807,0.15075531980903317,-0.004022541439914901,-0.1015222398111073,-0.11818773684479578,0.01666549703368847,0.23476639868190313,0.260851555702694,-0.02608515702079095,95,16
beta_0.900_mix_50,0.9,mix_50,29,1,True,0.15477786124894807,0.15071690837206325,-0.004060952876884821,-0.1015222398111073,-0.11459191987828332,0.013069680067176015,0.23476639868190313,0.26085158217556936,-0.026085183493666286,95,16
beta_0.900_mix_75,0.9,mix_75,29,1,True,0.15477786124894807,0.150695506024394,-0.0040823552245540795,-0.1015222398111073,-0.11257547137313062,0.011053231562023313,0.23476639868190313,0.2608515949840824,-0.026085196302179314,95,16
beta_0.900_logloss,0.9,logloss,29,1,True,0.15477786124894807,0.15068187511256903,-0.004095986136379043,-0.1015222398111073,-0.11128634358912887,0.00976410377802156,0.23476639868190313,0.2608515841113003,-0.026085185429397306,95,16
beta_0.925_brier,0.925,brier,29,1,True,0.15477786124894807,0.15191420760271385,-0.0028636536462342266,-0.1015222398111073,-0.128066622491891,0.026544382680783685,0.23476639868190313,0.25380142223196056,-0.019035023550057484,95,16
beta_0.925_mix_25,0.925,mix_25,29,1,True,0.15477786124894807,0.15184839444474393,-0.0029294668042041394,-0.1015222398111073,-0.12203439354469492,0.020512153733587613,0.23476639868190313,0.25380148863679103,-0.019035089954887896,95,16
beta_0.925_mix_50,0.925,mix_50,29,1,True,0.15477786124894807,0.15181980143977356,-0.002958059809174518,-0.1015222398111073,-0.11938856022067523,0.017866320409567926,0.23476639868190313,0.2538015521504374,-0.01903515346853435,95,16
beta_0.925_mix_75,0.925,mix_75,29,1,True,0.15477786124894807,0.15180384842525277,-0.0029740128236953045,-0.1015222398111073,-0.11790563935964848,0.016383399548541178,0.23476639868190313,0.25380160530237694,-0.019035206620473866,95,16
beta_0.925_logloss,0.925,logloss,29,1,True,0.15477786124894807,0.15179367758553253,-0.002984183663415546,-0.1015222398111073,-0.11695766917880956,0.015435429367702258,0.23476639868190313,0.25380153200998945,-0.019035133328086373,95,16
beta_0.950_brier,0.95,brier,29,1,True,0.15477786124894807,0.15298287340887665,-0.001794987840071427,-0.1015222398111073,-0.12963824567715487,0.028116005866047566,0.23476639868190313,0.24712257916996458,-0.01235618048806153,95,16
beta_0.950_mix_25,0.95,mix_25,29,1,True,0.15477786124894807,0.1529412857481294,-0.0018365755008186713,-0.1015222398111073,-0.12584815447361924,0.024325914662511938,0.23476639868190313,0.24712254252920485,-0.01235614384730177,95,16
beta_0.950_mix_50,0.95,mix_50,29,1,True,0.15477786124894807,0.15292320207827498,-0.0018546591706730953,-0.1015222398111073,-0.12419056363392822,0.022668323822820913,0.23476639868190313,0.24712255938756508,-0.012356160705662034,95,16
beta_0.950_mix_75,0.95,mix_75,29,1,True,0.15477786124894807,0.1529131000901854,-0.0018647611587626622,-0.1015222398111073,-0.12326204981456546,0.02173981000345815,0.23476639868190313,0.24712254610089915,-0.012356147418996044,95,16
beta_0.950_logloss,0.95,logloss,29,1,True,0.15477786124894807,0.15290665351095012,-0.0018712077379979541,-0.1015222398111073,-0.12266856165472262,0.021146321843615312,0.23476639868190313,0.24712249852392912,-0.012356099842026014,95,16
beta_0.975_brier,0.975,brier,29,1,True,0.15477786124894807,0.15404798150865262,-0.0007298797402954527,-0.1015222398111073,-0.13107372312809695,0.029551483316989646,0.23476639868190313,0.24078611009210268,-0.006019711410199635,95,16
beta_0.975_mix_25,0.975,mix_25,29,1,True,0.15477786124894807,0.15403202200590524,-0.000745839243042834,-0.1015222398111073,-0.1296249391206058,0.02810269930949849,0.23476639868190313,0.24078607979683525,-0.006019681114932229,95,16
beta_0.975_mix_50,0.975,mix_50,29,1,True,0.15477786124894807,0.1540250785470827,-0.0007527827018653788,-0.1015222398111073,-0.12899327659194187,0.027471036780834568,0.23476639868190313,0.24078599829511707,-0.006019599613213966,95,16
beta_0.975_mix_75,0.975,mix_75,29,1,True,0.15477786124894807,0.15402119523043556,-0.000756666018512514,-0.1015222398111073,-0.12863964564004327,0.02711740582893596,0.23476639868190313,0.24078609320790062,-0.006019694525997599,95,16
beta_0.975_logloss,0.975,logloss,29,1,True,0.15477786124894807,0.15401871486940383,-0.0007591463795442455,-0.1015222398111073,-0.12841363951299,0.0268913997018827,0.23476639868190313,0.24078605486428142,-0.006019656182378319,95,16
beta_0.900_brier,0.9,brier,29,2,True,0.13434832412190317,0.13742187523241223,0.003073551110509054,0.27785509587707125,0.4124251721372648,0.13457007626019357,2.0894017868638044,2.3215573987017586,0.2321556118379542,106,20
beta_0.900_mix_25,0.9,mix_25,29,2,True,0.13434832412190317,0.1364939227265209,0.0021455986046177156,0.27785509587707125,0.35587702263911336,0.07802192676204212,2.0894017868638044,2.321557450698171,0.2321556638343667,106,20
beta_0.900_mix_50,0.9,mix_50,29,2,True,0.13434832412190317,0.13616658721378605,0.0018182630918828768,0.27785509587707125,0.3350613002743893,0.05720620439731805,2.0894017868638044,2.321557713881148,0.23215592701734344,106,20
beta_0.900_mix_75,0.9,mix_75,29,2,True,0.13434832412190317,0.13599680077326562,0.001648476651362446,0.27785509587707125,0.3240488893907133,0.046193793513642056,2.0894017868638044,2.321557200344533,0.23215541348072843,106,20
beta_0.900_logloss,0.9,logloss,29,2,True,0.13434832412190317,0.1358925087745632,0.0015441846526600134,0.27785509587707125,0.31720493043578835,0.0393498345587171,2.0894017868638044,2.3215575836279028,0.23215579676409837,106,20
beta_0.925_brier,0.925,brier,29,2,True,0.13434832412190317,0.1374001069577456,0.003051782835842426,0.27785509587707125,0.4255061578420859,0.14765106196501465,2.0894017868638044,2.258812870361801,0.16941108349799672,106,20
beta_0.925_mix_25,0.925,mix_25,29,2,True,0.13434832412190317,0.1363875467368227,0.002039222614919539,0.27785509587707125,0.36459067185156335,0.08673557597449211,2.0894017868638044,2.2588127849186406,0.16941099805483617,106,20
beta_0.925_mix_50,0.925,mix_50,29,2,True,0.13434832412190317,0.1360338173812988,0.0016854932593956262,0.27785509587707125,0.3423489946291808,0.06449389875210954,2.0894017868638044,2.2588129380103346,0.16941115114653016,106,20
beta_0.925_mix_75,0.925,mix_75,29,2,True,0.13434832412190317,0.13585087469385973,0.0015025505719565568,0.27785509587707125,0.3306074530710038,0.052752357193932564,2.0894017868638044,2.258812804233607,0.16941101736980269,106,20
beta_0.925_logloss,0.925,logloss,29,2,True,0.13434832412190317,0.1357386612896864,0.0013903371677832232,0.27785509587707125,0.3233172968355892,0.04546220095851794,2.0894017868638044,2.2588128259495894,0.16941103908578503,106,20
beta_0.950_brier,0.95,brier,29,2,True,0.13434832412190317,0.13738774047689656,0.003039416354993385,0.27785509587707125,0.43872084177047266,0.1608657458934014,2.0894017868638044,2.1993699725880376,0.10996818572423317,106,20
beta_0.950_mix_25,0.95,mix_25,29,2,True,0.13434832412190317,0.136288083562764,0.0019397594408608332,0.27785509587707125,0.3733656817074479,0.09551058583037664,2.0894017868638044,2.199370343102661,0.1099685562388566,106,20
beta_0.950_mix_50,0.95,mix_50,29,2,True,0.13434832412190317,0.1359075555459999,0.0015592314240967242,0.27785509587707125,0.3496935485960939,0.07183845271902267,2.0894017868638044,2.1993702933889896,0.1099685065251852,106,20
beta_0.950_mix_75,0.95,mix_75,29,2,True,0.13434832412190317,0.13571130414031163,0.001362980018408455,0.27785509587707125,0.33722282522443325,0.05936772934736201,2.0894017868638044,2.199370306805263,0.10996851994145862,106,20
beta_0.950_logloss,0.95,logloss,29,2,True,0.13434832412190317,0.13559109311729725,0.001242768995394078,0.27785509587707125,0.3294871122738984,0.05163201639682713,2.0894017868638044,2.1993707165142813,0.10996892965047689,106,20
beta_0.975_brier,0.975,brier,29,2,True,0.13434832412190317,0.13738464855378157,0.003036324431878401,0.27785509587707125,0.4520711729948167,0.17421607711774545,2.0894017868638044,2.1429762511878616,0.053574464324057214,106,20
beta_0.975_mix_25,0.975,mix_25,29,2,True,0.13434832412190317,0.13619543148258847,0.0018471073606853017,0.27785509587707125,0.38220160993362906,0.10434651405655782,2.0894017868638044,2.14297598763425,0.05357420077044539,106,20
beta_0.975_mix_50,0.975,mix_50,29,2,True,0.13434832412190317,0.13578770527549328,0.0014393811535901024,0.27785509587707125,0.35709314463070985,0.0792380487536386,2.0894017868638044,2.142976092429601,0.053574305565796454,106,20
beta_0.975_mix_75,0.975,mix_75,29,2,True,0.13434832412190317,0.13557799472771453,0.0012296706058113616,0.27785509587707125,0.3438924083855094,0.06603731250843814,2.0894017868638044,2.1429758236571748,0.05357403679337036,106,20
beta_0.975_logloss,0.975,logloss,29,2,True,0.13434832412190317,0.1354497077477747,0.0011013836258715326,0.27785509587707125,0.3357110758020446,0.05785597992497338,2.0894017868638044,2.1429761982691247,0.053574411405320266,106,20
beta_0.900_brier,0.9,brier,29,3,True,0.13091801219732,0.12965322198418167,-0.0012647902131383282,-0.12289497349618808,-0.14661980143482245,0.02372482793863437,0.4126193561358848,0.4584657836873869,-0.045846427551502034,99,16
beta_0.900_mix_25,0.9,mix_25,29,3,True,0.13091801219732,0.12965516714964287,-0.0012628450476771247,-0.12289497349618808,-0.14682572778375141,0.023930754287563333,0.4126193561358848,0.45846593837474214,-0.04584658223885729,99,16
beta_0.900_mix_50,0.9,mix_50,29,3,True,0.13091801219732,0.12965596158928505,-0.0012620506080349425,-0.12289497349618808,-0.1469097821450024,0.024014808648814306,0.4126193561358848,0.45846597361570385,-0.045846617479818996,99,16
beta_0.900_mix_75,0.9,mix_75,29,3,True,0.13091801219732,0.1296563932085839,-0.0012616189887360851,-0.12289497349618808,-0.14695543686786683,0.024060463371678747,0.4126193561358848,0.4584658221090326,-0.045846465973147676,99,16
beta_0.900_logloss,0.9,logloss,29,3,True,0.13091801219732,0.1296566647300259,-0.0012613474672940883,-0.12289497349618808,-0.14698415282869914,0.024089179332511063,0.4126193561358848,0.4584658299181912,-0.04584647378230633,99,16
beta_0.925_brier,0.925,brier,29,3,True,0.13091801219732,0.1300323663495753,-0.0008856458477446982,-0.12289497349618808,-0.14829420672703403,0.025399233230845947,0.4126193561358848,0.4460750763427246,-0.033455720206839734,99,16
beta_0.925_mix_25,0.925,mix_25,29,3,True,0.13091801219732,0.13004845025484726,-0.0008695619424727297,-0.12289497349618808,-0.14994322392061749,0.027048250424429404,0.4126193561358848,0.4460749803104073,-0.033455624174522525,99,16
beta_0.925_mix_50,0.925,mix_50,29,3,True,0.13091801219732,0.13005501765510688,-0.0008629945422131136,-0.12289497349618808,-0.1506135047707043,0.027718531274516206,0.4126193561358848,0.44607497345230884,-0.03345561731642399,99,16
beta_0.925_mix_75,0.925,mix_75,29,3,True,0.13091801219732,0.13005858839543116,-0.0008594238018888312,-0.12289497349618808,-0.15097720619986288,0.028082232703674798,0.4126193561358848,0.4460749841229143,-0.0334556279870295,99,16
beta_0.925_logloss,0.925,logloss,29,3,True,0.13091801219732,0.13006083298093823,-0.0008571792163817593,-0.12289497349618808,-0.1512055669557486,0.028310593459560524,0.4126193561358848,0.4460749288131026,-0.03345557267721777,99,16
beta_0.950_brier,0.95,brier,29,3,True,0.13091801219732,0.13042097462239088,-0.00049703757492911,-0.12289497349618808,-0.1500052909671329,0.027110317470944806,0.4126193561358848,0.43433611665497807,-0.021716760519093214,99,16
beta_0.950_mix_25,0.95,mix_25,29,3,True,0.13091801219732,0.13045236058918327,-0.000465651608136719,-0.12289497349618808,-0.15312475669684156,0.030229783200653476,0.4126193561358848,0.43433618355593595,-0.0217168274200511,99,16
beta_0.950_mix_50,0.95,mix_50,29,3,True,0.13091801219732,0.13046517220306186,-0.0004528399942581307,-0.12289497349618808,-0.15438763858158222,0.03149266508539414,0.4126193561358848,0.43433609955474684,-0.021716743418861983,99,16
beta_0.950_mix_75,0.95,mix_75,29,3,True,0.13091801219732,0.13047214035481522,-0.00044587184250477474,-0.12289497349618808,-0.15507200567783985,0.03217703218165177,0.4126193561358848,0.43433617603463437,-0.021716819898749518,99,16
beta_0.950_logloss,0.95,logloss,29,3,True,0.13091801219732,0.1304765217010589,-0.00044149049626110437,-0.12289497349618808,-0.15550141633815073,0.03260644284196265,0.4126193561358848,0.4343362246269851,-0.021716868491100216,99,16
beta_0.975_brier,0.975,brier,29,3,True,0.13091801219732,0.13081836730051163,-9.964489680835964e-05,-0.12289497349618808,-0.1517440810561021,0.028849107559914017,0.4126193561358848,0.42319928568465903,-0.01057992954877418,99,16
beta_0.975_mix_25,0.975,mix_25,29,3,True,0.13091801219732,0.13086628266605177,-5.1729531268224216e-05,-0.12289497349618808,-0.15636519635847024,0.033470222862282156,0.4126193561358848,0.4231993285806631,-0.010579972444778263,99,16
beta_0.975_mix_50,0.975,mix_50,29,3,True,0.13091801219732,0.13088583298796713,-3.217920935286167e-05,-0.12289497349618808,-0.1582286170487518,0.035333643552563715,0.4126193561358848,0.4231993965116161,-0.010580040375731237,99,16
beta_0.975_mix_75,0.975,mix_75,29,3,True,0.13091801219732,0.13089646960738818,-2.154258993181113e-05,-0.12289497349618808,-0.15923718944382337,0.03634221594763529,0.4126193561358848,0.42319932040415126,-0.010579964268266462,99,16
beta_0.975_logloss,0.975,logloss,29,3,True,0.13091801219732,0.13090315943910724,-1.4852758212752226e-05,-0.12289497349618808,-0.15986965123915564,0.03697467774296756,0.4126193561358848,0.4231993204054612,-0.010579964269576303,99,16
beta_0.900_brier,0.9,brier,29,4,True,0.10797975345654266,0.10802032978867485,4.057633213218337e-05,-0.20913650174666965,-0.21949825713180615,0.010361755385136506,1.350457764207584,1.500508846612267,0.150051082404683,93,13
beta_0.900_mix_25,0.9,mix_25,29,4,True,0.10797975345654266,0.10818518968950053,0.00020543623295786462,-0.20913650174666965,-0.2468800185205181,0.03774351677384846,1.350457764207584,1.500508372116384,0.1500506079088002,93,13
beta_0.900_mix_50,0.9,mix_50,29,4,True,0.10797975345654266,0.10825837013036661,0.0002786166738239504,-0.20913650174666965,-0.25764191224713806,0.048505410500468416,1.350457764207584,1.5005077904916726,0.1500500262840887,93,13
beta_0.900_mix_75,0.9,mix_75,29,4,True,0.10797975345654266,0.10829983377691499,0.00032008032037232625,-0.20913650174666965,-0.2634438408286828,0.05430733908201313,1.350457764207584,1.500508763647738,0.1500509994401542,93,13
beta_0.900_logloss,0.9,logloss,29,4,True,0.10797975345654266,0.10832655352003573,0.00034680006349306625,-0.20913650174666965,-0.26708106201657345,0.0579445602699038,1.350457764207584,1.500508724407824,0.15005096020024,93,13
beta_0.925_brier,0.925,brier,29,4,True,0.10797975345654266,0.10798704165391435,7.288197371682625e-06,-0.20913650174666965,-0.21446010132762983,0.005323599580960181,1.350457764207584,1.4599541145716404,0.10949635036405647,93,13
beta_0.925_mix_25,0.925,mix_25,29,4,True,0.10797975345654266,0.10816629972154922,0.00018654626500655414,-0.20913650174666965,-0.24450906880336265,0.035372567056693005,1.350457764207584,1.4599545285923223,0.10949676438473843,93,13
beta_0.925_mix_50,0.925,mix_50,29,4,True,0.10797975345654266,0.1082462371734913,0.00026648371694863726,-0.20913650174666965,-0.256239053518,0.04710255177133038,1.350457764207584,1.4599545940736405,0.10949682986605658,93,13
beta_0.925_mix_75,0.925,mix_75,29,4,True,0.10797975345654266,0.1082916148885381,0.00031186143199543603,-0.20913650174666965,-0.2625492162605123,0.05341271451384266,1.350457764207584,1.459954243547339,0.10949647933975504,93,13
beta_0.925_logloss,0.925,logloss,29,4,True,0.10797975345654266,0.10832088824285009,0.00034113478630742877,-0.20913650174666965,-0.26650086879861834,0.057364367051948695,1.350457764207584,1.459953958022924,0.10949619381534004,93,13
beta_0.950_brier,0.95,brier,29,4,True,0.10797975345654266,0.10796049500021071,-1.9258456331952556e-05,-0.20913650174666965,-0.2093851872853627,0.00024868553869306087,1.350457764207584,1.4215346794645336,0.0710769152569497,93,13
beta_0.950_mix_25,0.95,mix_25,29,4,True,0.10797975345654266,0.10815431797657472,0.00017456452003206113,-0.20913650174666965,-0.24214973761886538,0.033013235872195734,1.350457764207584,1.4215343656822894,0.07107660147470551,93,13
beta_0.950_mix_50,0.95,mix_50,29,4,True,0.10797975345654266,0.10824115628580298,0.000261402829260321,-0.20913650174666965,-0.2548539517752487,0.045717450028579076,1.350457764207584,1.4215342881780955,0.07107652397051156,93,13
beta_0.950_mix_75,0.95,mix_75,29,4,True,0.10797975345654266,0.10829054266438735,0.00031078920784469166,-0.20913650174666965,-0.261673723640069,0.05253722189339938,1.350457764207584,1.4215345583723824,0.0710767941647985,93,13
beta_0.950_logloss,0.95,logloss,29,4,True,0.10797975345654266,0.10832243525224627,0.00034268179570361157,-0.20913650174666965,-0.26594013167077324,0.056803629924103594,1.350457764207584,1.4215349019728771,0.07107713776529323,93,13
beta_0.975_brier,0.975,brier,29,4,True,0.10797975345654266,0.10794048212626052,-3.927133028214236e-05,-0.20913650174666965,-0.20426725156419379,-0.004869250182475859,1.350457764207584,1.385084885836085,0.03462712162850101,93,13
beta_0.975_mix_25,0.975,mix_25,29,4,True,0.10797975345654266,0.10814908918031663,0.000169335723773964,-0.20913650174666965,-0.2398007013023699,0.030664199555700267,1.350457764207584,1.3850857458070853,0.03462798159950142,93,13
beta_0.975_mix_50,0.975,mix_50,29,4,True,0.10797975345654266,0.10824299822845727,0.0002632447719146114,-0.20913650174666965,-0.25348706235343965,0.044350560606770006,1.350457764207584,1.3850848289916848,0.034627064784100936,93,13
beta_0.975_mix_75,0.975,mix_75,29,4,True,0.10797975345654266,0.10829650312644643,0.0003167496699037625,-0.20913650174666965,-0.26081886769947993,0.05168236595281028,1.350457764207584,1.3850852660990547,0.03462750189147079,93,13
beta_0.975_logloss,0.975,logloss,29,4,True,0.10797975345654266,0.10833109012936237,0.00035133667281971037,-0.20913650174666965,-0.2654009920731738,0.05626449032650416,1.350457764207584,1.3850837843784245,0.0346260201708406,93,13
beta_0.900_brier,0.9,brier,43,0,True,0.1268474565242424,0.12810769696071028,0.0012602404364678854,0.21400210413475695,0.22093398609209014,0.006931881957333186,1.8855763638069252,2.0950844814386835,0.20950811763175836,98,18
beta_0.900_mix_25,0.9,mix_25,43,0,True,0.1268474565242424,0.1279746813905809,0.001127224866338511,0.21400210413475695,0.21146448125931472,-0.002537622875442236,1.8855763638069252,2.0950846766137725,0.20950831280684734,98,18
beta_0.900_mix_50,0.9,mix_50,43,0,True,0.1268474565242424,0.12791732827879929,0.0010698717545568892,0.21400210413475695,0.20732906887729485,-0.006673035257462101,1.8855763638069252,2.095084709117046,0.20950834531012075,98,18
beta_0.900_mix_75,0.9,mix_75,43,0,True,0.1268474565242424,0.12788528372686825,0.0010378272026258517,0.21400210413475695,0.2050041710050502,-0.008997933129706759,1.8855763638069252,2.095084402834266,0.20950803902734072,98,18
beta_0.900_logloss,0.9,logloss,43,0,True,0.1268474565242424,0.12786480561357416,0.001017349089331765,0.21400210413475695,0.20351293911215362,-0.01048916502260333,1.8855763638069252,2.0950847828195878,0.2095084190126626,98,18
beta_0.925_brier,0.925,brier,43,0,True,0.1268474565242424,0.1279479509902412,0.0011004944659988025,0.21400210413475695,0.23104889920680394,0.017046795072046983,1.8855763638069252,2.0384609573102437,0.1528845935033185,98,18
beta_0.925_mix_25,0.925,mix_25,43,0,True,0.1268474565242424,0.1277574537672376,0.000909997242995203,0.21400210413475695,0.21767455028606164,0.003672446151304687,1.8855763638069252,2.038460957348141,0.15288459354121575,98,18
beta_0.925_mix_50,0.925,mix_50,43,0,True,0.1268474565242424,0.12767611774540408,0.0008286612211616806,0.21400210413475695,0.21186305870267158,-0.0021390454320853736,1.8855763638069252,2.0384609344027744,0.15288457059584926,98,18
beta_0.925_mix_75,0.925,mix_75,43,0,True,0.1268474565242424,0.1276308332443642,0.0007833767201217978,0.21400210413475695,0.20859965114324985,-0.005402452991507101,1.8855763638069252,2.0384604160028466,0.15288405219592138,98,18
beta_0.925_logloss,0.925,logloss,43,0,True,0.1268474565242424,0.127601946689879,0.0007544901656366121,0.21400210413475695,0.20650724682156774,-0.007494857313189218,1.8855763638069252,2.0384610505575234,0.1528846867505982,98,18
beta_0.950_brier,0.95,brier,43,0,True,0.1268474565242424,0.12780335322168582,0.0009558966974434202,0.21400210413475695,0.2414447123284792,0.02744260819372224,1.8855763638069252,1.984816904709099,0.09924054090217393,98,18
beta_0.950_mix_25,0.95,mix_25,43,0,True,0.1268474565242424,0.12755174888139384,0.0007042923571514426,0.21400210413475695,0.2240124179963986,0.01001031386164164,1.8855763638069252,1.9848172583258892,0.099240894518964,98,18
beta_0.950_mix_50,0.95,mix_50,43,0,True,0.1268474565242424,0.12744539584512318,0.0005979393208807859,0.21400210413475695,0.21647767540139828,0.00247557126664133,1.8855763638069252,1.984817097665591,0.09924073385866583,98,18
beta_0.950_mix_75,0.95,mix_75,43,0,True,0.1268474565242424,0.12738639985580252,0.0005389433315601266,0.21400210413475695,0.21225210294678898,-0.0017500011879679755,1.8855763638069252,1.9848171122577272,0.099240748450802,98,18
beta_0.950_logloss,0.95,logloss,43,0,True,0.1268474565242424,0.12734883735810282,0.0005013808338604209,0.21400210413475695,0.20954396145298587,-0.004458142681771082,1.8855763638069252,1.9848172066261178,0.09924084281919265,98,18
beta_0.975_brier,0.975,brier,43,0,True,0.1268474565242424,0.12767366490748266,0.0008262083832402678,0.21400210413475695,0.2521114377464212,0.03810933361166424,1.8855763638069252,1.9339242676770736,0.04834790387014842,98,18
beta_0.975_mix_25,0.975,mix_25,43,0,True,0.1268474565242424,0.12735734802813334,0.0005098915038909413,0.21400210413475695,0.23046937737767093,0.01646727324291397,1.8855763638069252,1.933924505102377,0.04834814129545184,98,18
beta_0.975_mix_50,0.975,mix_50,43,0,True,0.1268474565242424,0.12722500785057073,0.0003775513263283292,0.21400210413475695,0.2211671252536001,0.007165021118843151,1.8855763638069252,1.9339245058814745,0.048348142074549294,98,18
beta_0.975_mix_75,0.975,mix_75,43,0,True,0.1268474565242424,0.12715187391680488,0.0003044173925624838,0.21400210413475695,0.21595776269208267,0.0019556585573257124,1.8855763638069252,1.9339245090116988,0.048348145204773596,98,18
beta_0.975_logloss,0.975,logloss,43,0,True,0.1268474565242424,0.12710539994245282,0.0002579434182104212,0.21400210413475695,0.21262075396779923,-0.0013813501669577288,1.8855763638069252,1.9339245108082537,0.0483481470013285,98,18
beta_0.900_brier,0.9,brier,43,1,True,0.12007731169487006,0.12050685949682323,0.0004295478019531729,0.018773743188291836,-0.04640056876116927,0.027626825572877434,0.8427729832962388,0.9364147335168249,-0.09364175022058607,95,16
beta_0.900_mix_25,0.9,mix_25,43,1,True,0.12007731169487006,0.12048573932643117,0.00040842763156111184,0.018773743188291836,-0.031688753723041585,0.012915010534749749,0.8427729832962388,0.9364147939438172,-0.09364181064757837,95,16
beta_0.900_mix_50,0.9,mix_50,43,1,True,0.12007731169487006,0.12047903907106508,0.0004017273761950241,0.018773743188291836,-0.02508669286027465,0.006312949671982815,0.8427729832962388,0.936414725538354,-0.09364174224211519,95,16
beta_0.900_mix_75,0.9,mix_75,43,1,True,0.12007731169487006,0.12047600446282297,0.00039869276795291564,0.018773743188291836,-0.02135634882489834,0.0025826056366065053,0.8427729832962388,0.9364148619065991,-0.09364187861036022,95,16
beta_0.900_logloss,0.9,logloss,43,1,True,0.12007731169487006,0.12047434084650789,0.00039702915163783437,0.018773743188291836,-0.01896230963003187,0.00018856644174003456,0.8427729832962388,0.9364146421000742,-0.09364165880383535,95,16
beta_0.925_brier,0.925,brier,43,1,True,0.12007731169487006,0.1203968892329883,0.00031957753811824585,0.018773743188291836,-0.042588550805855455,0.02381480761756362,0.8427729832962388,0.9111061857617346,-0.06833320246549579,95,16
beta_0.925_mix_25,0.925,mix_25,43,1,True,0.12007731169487006,0.1203777478655228,0.0003004361706527431,0.018773743188291836,-0.03048777453997531,0.011714031351683474,0.8427729832962388,0.9111061597877755,-0.0683331764915367,95,16
beta_0.925_mix_50,0.925,mix_50,43,1,True,0.12007731169487006,0.12037105524628203,0.0002937435514119707,0.018773743188291836,-0.02508032821873063,0.006306585030438794,0.8427729832962388,0.9111061471405367,-0.06833316384429788,95,16
beta_0.925_mix_75,0.925,mix_75,43,1,True,0.12007731169487006,0.12036778017614996,0.0002904684812799069,0.018773743188291836,-0.022028293538976507,0.0032545503506846707,0.8427729832962388,0.9111064535836872,-0.0683334702874484,95,16
beta_0.925_logloss,0.925,logloss,43,1,True,0.12007731169487006,0.12036586896878215,0.0002885572739120962,0.018773743188291836,-0.020070309918252538,0.001296566729960702,0.8427729832962388,0.9111061639250102,-0.06833318062877136,95,16
beta_0.950_brier,0.95,brier,43,1,True,0.12007731169487006,0.12029830283960047,0.00022099114473041193,0.018773743188291836,-0.03860233143584475,0.019828588247552917,0.8427729832962388,0.8871297273325347,-0.04435674403629586,95,16
beta_0.950_mix_25,0.95,mix_25,43,1,True,0.12007731169487006,0.1202820961616239,0.00020478446675384343,0.018773743188291836,-0.029224605944882964,0.010450862756591128,0.8427729832962388,0.8871298106688497,-0.04435682737261082,95,16
beta_0.950_mix_50,0.95,mix_50,43,1,True,0.12007731169487006,0.12027599229348875,0.00019868059861868903,0.018773743188291836,-0.02505270713237484,0.006278963944083005,0.8427729832962388,0.8871296917406544,-0.04435670844441553,95,16
beta_0.950_mix_75,0.95,mix_75,43,1,True,0.12007731169487006,0.12027284921867687,0.000195537523806813,0.018773743188291836,-0.02270088255494393,0.003927139366652094,0.8427729832962388,0.8871297554713935,-0.04435677217515466,95,16
beta_0.950_logloss,0.95,logloss,43,1,True,0.12007731169487006,0.12027094623376286,0.00019363453889280346,0.018773743188291836,-0.0211927331818752,0.0024189899935833648,0.8427729832962388,0.8871296461069964,-0.04435666281075756,95,16
beta_0.975_brier,0.975,brier,43,1,True,0.12007731169487006,0.1202108045698347,0.00013349287496464135,0.018773743188291836,-0.034447774686612975,0.01567403149832114,0.8427729832962388,0.864382875029774,-0.021609891733535114,95,16
beta_0.975_mix_25,0.975,mix_25,43,1,True,0.12007731169487006,0.12019853757020131,0.0001212258753312545,0.018773743188291836,-0.02790295273608645,0.009129209547794614,0.8427729832962388,0.8643826036323773,-0.021609620336138446,95,16
beta_0.975_mix_50,0.975,mix_50,43,1,True,0.12007731169487006,0.12019363878977118,0.00011632709490112803,0.018773743188291836,-0.025005088916851048,0.006231345728559212,0.8427729832962388,0.8643829268101579,-0.021609943513919094,95,16
beta_0.975_mix_75,0.975,mix_75,43,1,True,0.12007731169487006,0.12019102388541476,0.00011371219054470694,0.018773743188291836,-0.023373606066541375,0.004599862878249539,0.8427729832962388,0.8643828357979042,-0.02160985250166536,95,16
beta_0.975_logloss,0.975,logloss,43,1,True,0.12007731169487006,0.12018940193518203,0.0001120902403119739,0.018773743188291836,-0.022327915133395715,0.003554171945103879,0.8427729832962388,0.8643825882059254,-0.021609604909686553,95,16
beta_0.900_brier,0.9,brier,43,2,True,0.13586334823545354,0.13552923048220764,-0.000334117753245905,0.16194226608343032,0.13709110166449867,-0.02485116441893165,1.0644062561792875,1.182674219656361,0.11826796347707358,102,19
beta_0.900_mix_25,0.9,mix_25,43,2,True,0.13586334823545354,0.1355911924393273,-0.0002721557961262444,0.16194226608343032,0.14631848479180276,-0.015623781291627559,1.0644062561792875,1.182674447967417,0.11826819178812942,102,19
beta_0.900_mix_50,0.9,mix_50,43,2,True,0.13586334823545354,0.13561989024087331,-0.0002434579945802262,0.16194226608343032,0.15046911683780073,-0.011473149245629588,1.0644062561792875,1.1826743746621817,0.1182681184828942,102,19
beta_0.900_mix_75,0.9,mix_75,43,2,True,0.13586334823545354,0.1356363809816896,-0.00022696725376394888,0.16194226608343032,0.15282163084239264,-0.009120635241037678,1.0644062561792875,1.1826743991072697,0.11826814292798216,102,19
beta_0.900_logloss,0.9,logloss,43,2,True,0.13586334823545354,0.13564707544711876,-0.00021627278833477592,0.16194226608343032,0.15433504350300153,-0.007607222580428785,1.0644062561792875,1.1826744764645847,0.11826822028529715,102,19
beta_0.925_brier,0.925,brier,43,2,True,0.13586334823545354,0.13560165778621364,-0.00026169044923990414,0.16194226608343032,0.14393342167100998,-0.018008844412420344,1.0644062561792875,1.1507102765479527,0.08630402036866514,102,19
beta_0.925_mix_25,0.925,mix_25,43,2,True,0.13586334823545354,0.13564264891769945,-0.00022069931775409168,0.16194226608343032,0.15002651119153437,-0.011915754891895947,1.0644062561792875,1.1507101837474227,0.08630392756813521,102,19
beta_0.925_mix_50,0.925,mix_50,43,2,True,0.13586334823545354,0.13566136946831667,-0.00020197876713687335,0.16194226608343032,0.15275644649153236,-0.009185819591897959,1.0644062561792875,1.1507101359191112,0.08630387973982367,102,19
beta_0.925_mix_75,0.925,mix_75,43,2,True,0.13586334823545354,0.1356720672100482,-0.0001912810254053321,0.16194226608343032,0.15430234310697183,-0.007639922976458491,1.0644062561792875,1.1507103141169535,0.08630405793766593,102,19
beta_0.925_logloss,0.925,logloss,43,2,True,0.13586334823545354,0.13567898503267836,-0.00018436320277517848,0.16194226608343032,0.1552966920632159,-0.006645574020214429,1.0644062561792875,1.1507101926692032,0.08630393648991563,102,19
beta_0.950_brier,0.95,brier,43,2,True,0.13586334823545354,0.13568619986307223,-0.00017714837238130832,0.16194226608343032,0.1510192830568624,-0.010922983026567912,1.0644062561792875,1.120428390049992,0.05602213387070454,102,19
beta_0.950_mix_25,0.95,mix_25,43,2,True,0.13586334823545354,0.13570526059658583,-0.00015808763886770993,0.16194226608343032,0.15384787967333635,-0.008094386410093968,1.0644062561792875,1.1204283259655878,0.05602206978630031,102,19
beta_0.950_mix_50,0.95,mix_50,43,2,True,0.13586334823545354,0.13571383942698373,-0.00014950880846981152,0.16194226608343032,0.15510979440453,-0.0068324716789003315,1.0644062561792875,1.1204284284409256,0.05602217226163808,102,19
beta_0.950_mix_75,0.95,mix_75,43,2,True,0.13586334823545354,0.13571871330130816,-0.00014463493414537676,0.16194226608343032,0.15582370586392147,-0.006118560219508851,1.0644062561792875,1.1204288890687002,0.05602263288941267,102,19
beta_0.950_logloss,0.95,logloss,43,2,True,0.13586334823545354,0.13572185516005525,-0.00014149307539829126,0.16194226608343032,0.15628277123734102,-0.005659494846089297,1.0644062561792875,1.120428382181537,0.05602212600224954,102,19
beta_0.975_brier,0.975,brier,43,2,True,0.13586334823545354,0.13578245167448735,-8.089656096618714e-05,0.16194226608343032,0.15833977989055115,-0.003602486192879173,1.0644062561792875,1.0916994520742647,0.02729319589497714,102,19
beta_0.975_mix_25,0.975,mix_25,43,2,True,0.13586334823545354,0.13577864445256177,-8.470378289177072e-05,0.16194226608343032,0.1577756080328901,-0.004166658050540228,1.0644062561792875,1.091699513173077,0.027293256993789372,102,19
beta_0.975_mix_50,0.975,mix_50,43,2,True,0.13586334823545354,0.13577695664091177,-8.639159454176815e-05,0.16194226608343032,0.15752506348505269,-0.004417202598377634,1.0644062561792875,1.0916994575010364,0.02729320132174884,102,19
beta_0.975_mix_75,0.975,mix_75,43,2,True,0.13586334823545354,0.13577600376351912,-8.734447193442518e-05,0.16194226608343032,0.1573834960394117,-0.004558770044018612,1.0644062561792875,1.0916991464874255,0.027292890308137974,102,19
beta_0.975_logloss,0.975,logloss,43,2,True,0.13586334823545354,0.13577539131387878,-8.79569215747611e-05,0.16194226608343032,0.1572924599221307,-0.004649806161299619,1.0644062561792875,1.0916995737924282,0.02729331761314069,102,19
beta_0.900_brier,0.9,brier,43,3,True,0.08354755796747913,0.08612040011636211,0.002572842148882981,-0.4800748751977927,-0.6077851075641028,0.12771023236631007,1.6253743001749277,1.8059712870270874,0.18059698685215975,100,12
beta_0.900_mix_25,0.9,mix_25,43,3,True,0.08354755796747913,0.08608150206023803,0.002533944092758894,-0.4800748751977927,-0.6055619781889978,0.12548710299120514,1.6253743001749277,1.8059711758479822,0.1805968756730545,100,12
beta_0.900_mix_50,0.9,mix_50,43,3,True,0.08354755796747913,0.08606388537605178,0.0025163274085726467,-0.4800748751977927,-0.6045500128366463,0.12447513763885365,1.6253743001749277,1.8059709676541946,0.18059666747926695,100,12
beta_0.900_mix_75,0.9,mix_75,43,3,True,0.08354755796747913,0.08605384407254933,0.002506286105070199,-0.4800748751977927,-0.603971760064016,0.1238968848662233,1.6253743001749277,1.8059712241040144,0.18059692392908677,100,12
beta_0.900_logloss,0.9,logloss,43,3,True,0.08354755796747913,0.08604735846358236,0.0024998004961032244,-0.4800748751977927,-0.6035977100920522,0.12352283489425953,1.6253743001749277,1.805971041304124,0.18059674112919621,100,12
beta_0.925_brier,0.925,brier,43,3,True,0.08354755796747913,0.08591869708699781,0.002371139119518681,-0.4800748751977927,-0.6076913175341037,0.12761644233631098,1.6253743001749277,1.7571612037690623,0.13178690359413459,100,12
beta_0.925_mix_25,0.925,mix_25,43,3,True,0.08354755796747913,0.08592502809759733,0.0023774701301182005,-0.4800748751977927,-0.6080503067021776,0.12797543150438495,1.6253743001749277,1.7571610467761514,0.1317867466012237,100,12
beta_0.925_mix_50,0.925,mix_50,43,3,True,0.08354755796747913,0.08592790007602417,0.0023803421085450416,-0.4800748751977927,-0.6082130262136307,0.12813815101583803,1.6253743001749277,1.7571608459959842,0.13178654582105653,100,12
beta_0.925_mix_75,0.925,mix_75,43,3,True,0.08354755796747913,0.08592953974514882,0.002381981777669684,-0.4800748751977927,-0.6083058893507267,0.12823101415293403,1.6253743001749277,1.757161068278186,0.1317867681032583,100,12
beta_0.925_logloss,0.925,logloss,43,3,True,0.08354755796747913,0.08593060018032844,0.0023830422128493095,-0.4800748751977927,-0.6083659332350178,0.12829105803722507,1.6253743001749277,1.7571611467633523,0.13178684658842466,100,12
beta_0.950_brier,0.95,brier,43,3,True,0.08354755796747913,0.0857317515581361,0.0021841935906569687,-0.4800748751977927,-0.6075148154562449,0.12743994025845218,1.6253743001749277,1.710920094023958,0.08554579384903027,100,12
beta_0.950_mix_25,0.95,mix_25,43,3,True,0.08354755796747913,0.08578571948723994,0.0022381615197608062,-0.4800748751977927,-0.61055114827771,0.13047627307991727,1.6253743001749277,1.7109200450993098,0.08554574492438216,100,12
beta_0.950_mix_50,0.95,mix_50,43,3,True,0.08354755796747913,0.08581023833908268,0.0022626803716035426,-0.4800748751977927,-0.6119214213536626,0.13184654615586988,1.6253743001749277,1.7109201191898171,0.08554581901488945,100,12
beta_0.950_mix_75,0.95,mix_75,43,3,True,0.08354755796747913,0.0858242593477338,0.002276701380254667,-0.4800748751977927,-0.6127024580454432,0.13262758284765053,1.6253743001749277,1.7109201131337564,0.08554581295882868,100,12
beta_0.950_logloss,0.95,logloss,43,3,True,0.08354755796747913,0.0858333386789464,0.0022857807114672613,-0.4800748751977927,-0.613207237589898,0.13313236239210535,1.6253743001749277,1.710919724787455,0.08554542461252734,100,12
beta_0.975_brier,0.975,brier,43,3,True,0.08354755796747913,0.08555934518591338,0.002011787218434244,-0.4800748751977927,-0.6072612397040202,0.12718636450622756,1.6253743001749277,1.6670505856779954,0.04167628550306768,100,12
beta_0.975_mix_25,0.975,mix_25,43,3,True,0.08354755796747913,0.08566335464814853,0.002115796680669399,-0.4800748751977927,-0.6130680235248742,0.13299314832708153,1.6253743001749277,,,100,12
beta_0.975_mix_50,0.975,mix_50,43,3,True,0.08354755796747913,0.08571066691380815,0.002163108946329012,-0.4800748751977927,-0.6156764489404505,0.1356015737426578,1.6253743001749277,1.667050368496902,0.04167606832197435,100,12
beta_0.975_mix_75,0.975,mix_75,43,3,True,0.08354755796747913,0.08573776219880327,0.0021902042313241415,-0.4800748751977927,-0.617161215637368,0.13708634043957535,1.6253743001749277,1.667050489004831,0.041676188829903316,100,12
beta_0.975_logloss,0.975,logloss,43,3,True,0.08354755796747913,0.08575532725510235,0.0022077692876232152,-0.4800748751977927,-0.6181202680378439,0.13804539284005124,1.6253743001749277,1.66705008397632,0.04167578380139236,100,12
beta_0.900_brier,0.9,brier,43,4,True,0.1520642973910393,0.15037974804787876,-0.0016845493431605352,0.1989039729425789,0.11493676174332135,-0.08396721119925754,0.143847512706933,0.15983057149418892,-0.01598305878725592,97,18
beta_0.900_mix_25,0.9,mix_25,43,4,True,0.1520642973910393,0.15025759243330197,-0.0018067049577373262,0.1989039729425789,0.15667292160282353,-0.042231051339755354,0.143847512706933,0.15983055658247164,-0.015983043875538616,97,18
beta_0.900_mix_50,0.9,mix_50,43,4,True,0.1520642973910393,0.15021835967329536,-0.0018459377177439396,0.1989039729425789,0.17642493222289557,-0.02247904071968332,0.143847512706933,0.15983057559436986,-0.015983062887436894,97,18
beta_0.900_mix_75,0.9,mix_75,43,4,True,0.1520642973910393,0.15020100158201383,-0.0018632958090254725,0.1989039729425789,0.18777542628133326,-0.01112854666124563,0.143847512706933,0.15983055634317464,-0.0159830436362417,97,18
beta_0.900_logloss,0.9,logloss,43,4,True,0.1520642973910393,0.15019175503199397,-0.001872542359045326,0.1989039729425789,0.19511046601401177,-0.003793506928567114,0.143847512706933,0.1598305442407803,-0.01598303153384739,97,18
beta_0.925_brier,0.925,brier,43,4,True,0.1520642973910393,0.15084208180330533,-0.0012222155877339713,0.1989039729425789,0.12006171338311211,-0.07884225955946678,0.143847512706933,0.15551084882257737,-0.011663336115644407,97,18
beta_0.925_mix_25,0.925,mix_25,43,4,True,0.1520642973910393,0.15071647522955567,-0.0013478221614836305,0.1989039729425789,0.1598588625705445,-0.0390451103720344,0.143847512706933,0.15551071992087678,-0.01166320721394376,97,18
beta_0.925_mix_50,0.925,mix_50,43,4,True,0.1520642973910393,0.1506738534815955,-0.0013904439094437893,0.1989039729425789,0.17864414766307263,-0.02025982527950626,0.143847512706933,0.1555108920658273,-0.011663379358894277,97,18
beta_0.925_mix_75,0.925,mix_75,43,4,True,0.1520642973910393,0.15065402573919567,-0.0014102716518436254,0.1989039729425789,0.18943410471462452,-0.00946986822795437,0.143847512706933,0.15551076881479797,-0.011663256107865005,97,18
beta_0.925_logloss,0.925,logloss,43,4,True,0.1520642973910393,0.15064298213913582,-0.0014213152519034766,0.1989039729425789,0.19640704757983618,-0.002496925362742708,0.143847512706933,0.15551071253210058,-0.011663199825167614,97,18
beta_0.950_brier,0.95,brier,43,4,True,0.1520642973910393,0.1513126562588233,-0.0007516411322159855,0.1989039729425789,0.12536185235801445,-0.07354212058456444,0.143847512706933,0.1514184069759882,-0.007570894269055217,97,18
beta_0.950_mix_25,0.95,mix_25,43,4,True,0.1520642973910393,0.15118494059254933,-0.0008793567984899664,0.1989039729425789,0.16312339777038798,-0.03578057517219091,0.143847512706933,0.15141842521934903,-0.007570912512416039,97,18
beta_0.950_mix_50,0.95,mix_50,43,4,True,0.1520642973910393,0.15113962238053621,-0.0009246750105030843,0.1989039729425789,0.1808967926982581,-0.018007180244320797,0.143847512706933,0.1514183289694684,-0.007570816262535418,97,18
beta_0.950_mix_75,0.95,mix_75,43,4,True,0.1520642973910393,0.15111773642352513,-0.0009465609675141651,0.1989039729425789,0.19109967901722347,-0.007804293925355421,0.143847512706933,0.15141869631942478,-0.007571183612491872,97,18
beta_0.950_logloss,0.95,logloss,43,4,True,0.1520642973910393,0.15110516561467086,-0.0009591317763684437,0.1989039729425789,0.19769279554101515,-0.0012111774015637344,0.143847512706933,0.15141822765417487,-0.00757071494724193,97,18
beta_0.975_brier,0.975,brier,43,4,True,0.1520642973910393,0.15179100845300578,-0.0002732889380335224,0.1989039729425789,0.13082835227997214,-0.06807562066260675,0.143847512706933,0.1475359205443598,-0.0036884078374268547,97,18
beta_0.975_mix_25,0.975,mix_25,43,4,True,0.1520642973910393,0.15166256602161673,-0.0004017313694225644,0.1989039729425789,0.1664606785571785,-0.03244329438540039,0.143847512706933,0.14753566506328722,-0.003688152356354224,97,18
beta_0.975_mix_50,0.975,mix_50,43,4,True,0.1520642973910393,0.1516152756302104,-0.0004490217608288938,0.1989039729425789,0.1831797248459478,-0.015724248096631088,0.143847512706933,0.14753589063371575,-0.003688377926782782,97,18
beta_0.975_mix_75,0.975,mix_75,43,4,True,0.1520642973910393,0.15159176645708575,-0.00047253093395355217,0.1989039729425789,0.1927707937137761,-0.006133179228802799,0.143847512706933,0.1475359066382452,-0.0036883939313122616,97,18
beta_0.975_logloss,0.975,logloss,43,4,True,0.1520642973910393,0.15157795547229608,-0.00048634191874322164,0.1989039729425789,0.19896785700332814,6.388406074925301e-05,0.143847512706933,0.14753566910222665,-0.00368815639529374,97,18
beta_0.900_brier,0.9,brier,71,0,True,0.12355195368744488,0.12460774379711559,0.001055790109670704,0.16019278230784872,0.16633671354206958,0.006143931234220856,,1.7352156854226781,,98,18
beta_0.900_mix_25,0.9,mix_25,71,0,True,0.12355195368744488,0.12463522464008009,0.0010832709526352041,0.16019278230784872,0.16888910436893367,0.008696322061084949,,1.7352158665762707,,98,18
beta_0.900_mix_50,0.9,mix_50,71,0,True,0.12355195368744488,0.12464713938231459,0.001095185694869702,0.16019278230784872,0.1699904564448581,0.009797674137009382,,1.7352155581528463,,98,18
beta_0.900_mix_75,0.9,mix_75,71,0,True,0.12355195368744488,0.12465378866009644,0.0011018349726515525,0.16019278230784872,0.17060372163423476,0.010410939326386037,,1.7352159213877785,,98,18
beta_0.900_logloss,0.9,logloss,71,0,True,0.12355195368744488,0.12465803033623432,0.0011060766487894363,0.16019278230784872,0.17099442448005564,0.010801642172206916,,1.73521587322974,,98,18
beta_0.925_brier,0.925,brier,71,0,True,0.12355195368744488,0.1244194253841034,0.0008674716966585172,0.16019278230784872,0.17339358659654613,0.01320080428869741,,1.6883184001456606,,98,18
beta_0.925_mix_25,0.925,mix_25,71,0,True,0.12355195368744488,0.12441997508460041,0.0008680213971555273,0.16019278230784872,0.173444309588057,0.013251527280208286,,1.6883182182625145,,98,18
beta_0.925_mix_50,0.925,mix_50,71,0,True,0.12355195368744488,0.12442021178090795,0.0008682580934630674,0.16019278230784872,0.1734661484233485,0.013273366115499785,,1.6883180842876615,,98,18
beta_0.925_mix_75,0.925,mix_75,71,0,True,0.12355195368744488,0.12442034305813829,0.0008683893706934037,0.16019278230784872,0.17347826021346535,0.013285477905616627,,1.6883183014693908,,98,18
beta_0.925_logloss,0.925,logloss,71,0,True,0.12355195368744488,0.12442042700318842,0.000868473315743537,0.16019278230784872,0.17348600488275567,0.013293222574906949,,1.6883180230135941,,98,18
beta_0.950_brier,0.95,brier,71,0,True,0.12355195368744488,0.12424374550467314,0.0006917918172282544,0.16019278230784872,0.18064772654895445,0.02045494424110572,,1.6438886857902397,,98,18
beta_0.950_mix_25,0.95,mix_25,71,0,True,0.12355195368744488,0.12421586328823737,0.0006639096007924894,0.16019278230784872,0.17808989471976788,0.017897112411919158,,1.6438883025668305,,98,18
beta_0.950_mix_50,0.95,mix_50,71,0,True,0.12355195368744488,0.12420395357418462,0.0006519998867397375,0.16019278230784872,0.17699221543459298,0.016799433126744256,,1.6438886711928604,,98,18
beta_0.950_mix_75,0.95,mix_75,71,0,True,0.12355195368744488,0.12419734163027038,0.0006453879428254955,0.16019278230784872,0.17638147330946607,0.01618869100161735,,1.6438886811293096,,98,18
beta_0.950_logloss,0.95,logloss,71,0,True,0.12355195368744488,0.12419313471425171,0.0006411810268068252,0.16019278230784872,0.17599238067300826,0.01579959836515954,,1.6438886160254251,,98,18
beta_0.975_brier,0.975,brier,71,0,True,0.12355195368744488,0.12408058164487386,0.0005286279574289732,0.16019278230784872,0.18810055603330977,0.02790777372546105,,1.601737552495218,,98,18
beta_0.975_mix_25,0.975,mix_25,71,0,True,0.12355195368744488,0.12402278227185404,0.00047082858440915254,0.16019278230784872,0.18282556421241414,0.022632781904565413,,1.6017376978604212,,98,18
beta_0.975_mix_50,0.975,mix_50,71,0,True,0.12355195368744488,0.12399828329190794,0.00044632960446305825,0.16019278230784872,0.18056829411511932,0.020375511807270597,,1.601737827060712,,98,18
beta_0.975_mix_75,0.975,mix_75,71,0,True,0.12355195368744488,0.12398471998272896,0.00043276629528407606,0.16019278230784872,0.17931297006754504,0.019120187759696317,,1.6017376101105678,,98,18
beta_0.975_logloss,0.975,logloss,71,0,True,0.12355195368744488,0.12397610232042576,0.00042414863298087524,0.16019278230784872,0.17851326332729245,0.018320481019443724,,1.6017375992398801,,98,18
beta_0.900_brier,0.9,brier,71,1,True,0.16032342539913733,0.15929857964198105,-0.0010248457571562786,0.18174973824202223,0.15083171602937612,-0.030918022212646112,0.376245181125975,0.4180502585804982,-0.04180507745452311,95,20
beta_0.900_mix_25,0.9,mix_25,71,1,True,0.16032342539913733,0.15941920949679866,-0.000904215902338662,0.18174973824202223,0.18313974061623062,0.0013900023742083878,0.376245181125975,0.41805029533879756,-0.041805114212822514,95,20
beta_0.900_mix_50,0.9,mix_50,71,1,True,0.16032342539913733,0.1594849744596133,-0.0008384509395240325,0.18174973824202223,0.1976777046595185,0.015927966417496275,0.376245181125975,0.4180502034877046,-0.04180502236172956,95,20
beta_0.900_mix_75,0.9,mix_75,71,1,True,0.16032342539913733,0.15952497258347167,-0.0007984528156656512,0.18174973824202223,0.20585048158493324,0.024100743342911013,0.376245181125975,0.4180502557494325,-0.041805074623457505,95,20
beta_0.900_logloss,0.9,logloss,71,1,True,0.16032342539913733,0.15955163623497615,-0.0007717891641611796,0.18174973824202223,0.21106968076562826,0.029319942523606035,0.376245181125975,0.41805031732808506,-0.041805136202110016,95,20
beta_0.925_brier,0.925,brier,71,1,True,0.16032342539913733,0.15953147726326383,-0.0007919481358734937,0.18174973824202223,0.151669274231519,-0.03008046401050324,0.376245181125975,0.4067516287355519,-0.03050644760957688,95,20
beta_0.925_mix_25,0.925,mix_25,71,1,True,0.16032342539913733,0.15963870030876057,-0.0006847250903767588,0.18174973824202223,0.1820017299864739,0.00025199174445167394,0.376245181125975,0.40675166134537977,-0.03050648021940472,95,20
beta_0.925_mix_50,0.925,mix_50,71,1,True,0.16032342539913733,0.15969694600987475,-0.0006264793892625797,0.18174973824202223,0.19562194661757748,0.01387220837555525,0.376245181125975,0.40675157331901374,-0.030506392193038634,95,20
beta_0.925_mix_75,0.925,mix_75,71,1,True,0.16032342539913733,0.15973234764223754,-0.0005910777568997883,0.18174973824202223,0.2032773080974557,0.02152756985543347,0.376245181125975,0.4067516017882537,-0.03050642066227871,95,20
beta_0.925_logloss,0.925,logloss,71,1,True,0.16032342539913733,0.15975594581650263,-0.0005674795826347001,0.18174973824202223,0.20816671364807665,0.02641697540605442,0.376245181125975,0.40675127325266247,-0.030506092126687423,95,20
beta_0.950_brier,0.95,brier,71,1,True,0.16032342539913733,0.15976718684995173,-0.0005562385491856003,0.18174973824202223,0.1527550818337141,-0.028994656408308117,0.376245181125975,0.3960476231562354,-0.01980244203026027,95,20
beta_0.950_mix_25,0.95,mix_25,71,1,True,0.16032342539913733,0.15986152208564264,-0.00046190331349468816,0.18174973824202223,0.1810072302298632,-0.0007425080121590266,0.376245181125975,0.3960475458577555,-0.01980236473178043,95,20
beta_0.950_mix_50,0.95,mix_50,71,1,True,0.16032342539913733,0.15991252219746313,-0.00041090320167419536,0.18174973824202223,0.1936642384861575,0.011914500244135262,0.376245181125975,0.3960476330301322,-0.01980245190415708,95,20
beta_0.950_mix_75,0.95,mix_75,71,1,True,0.16032342539913733,0.15994348584711396,-0.00037993955202336727,0.18174973824202223,0.2007763070582237,0.01902656881620146,0.376245181125975,0.3960476185650972,-0.019802437439122134,95,20
beta_0.950_logloss,0.95,logloss,71,1,True,0.16032342539913733,0.15996412012979122,-0.0003593052693461052,0.18174973824202223,0.20531920356061428,0.023569465318592053,0.376245181125975,0.39604759609254403,-0.019802414966568982,95,20
beta_0.975_brier,0.975,brier,71,1,True,0.16032342539913733,0.1600052588510339,-0.00031816654810343237,0.18174973824202223,0.15408459986152823,-0.027665138380494003,0.376245181125975,0.3858926277654578,-0.009647446639482693,95,20
beta_0.975_mix_25,0.975,mix_25,71,1,True,0.16032342539913733,0.16008725671334662,-0.00023616868579071082,0.18174973824202223,0.18015256031119503,-0.0015971779308271983,0.376245181125975,0.3858926053558862,-0.009647424229911161,95,20
beta_0.975_mix_50,0.975,mix_50,71,1,True,0.16032342539913733,0.1601313166792615,-0.000192108719875822,0.18174973824202223,0.19180214620185526,0.010052407959833032,0.376245181125975,0.3858924625413775,-0.009647281415402498,95,20
beta_0.975_mix_75,0.975,mix_75,71,1,True,0.16032342539913733,0.16015802415045918,-0.0001654012486781431,0.18174973824202223,0.1983459428419001,0.016596204599877873,0.376245181125975,0.38589231615503033,-0.009647135029055232,95,20
beta_0.975_logloss,0.975,logloss,71,1,True,0.16032342539913733,0.1601758124949137,-0.00014761290422363182,0.18174973824202223,0.20252611070064475,0.020776372458622516,0.376245181125975,0.3858924404441882,-0.009647259318213086,95,20
beta_0.900_brier,0.9,brier,71,2,True,0.09689654580993401,0.09899662911591574,0.0021000833059817287,-0.32072407308291484,-0.43441034770523024,0.1136862746223154,1.5630704379741496,1.7367447685027912,0.17367433052864167,104,14
beta_0.900_mix_25,0.9,mix_25,71,2,True,0.09689654580993401,0.09885486999062683,0.001958324180692819,-0.32072407308291484,-0.42343731938829043,0.1027132463053756,1.5630704379741496,1.7367450585476716,0.173674620573522,104,14
beta_0.900_mix_50,0.9,mix_50,71,2,True,0.09689654580993401,0.09879376740658415,0.0018972215966501366,-0.32072407308291484,-0.41854486331065444,0.0978207902277396,1.5630704379741496,1.7367448772303598,0.17367443925621018,104,14
beta_0.900_mix_75,0.9,mix_75,71,2,True,0.09689654580993401,0.09875987615328644,0.0018633303433524262,-0.32072407308291484,-0.41578580018156985,0.09506172709865501,1.5630704379741496,1.736744854432158,0.1736744164580084,104,14
beta_0.900_logloss,0.9,logloss,71,2,True,0.09689654580993401,0.09873835729837932,0.0018418114884453107,-0.32072407308291484,-0.4140165185149386,0.09329244543202375,1.5630704379741496,1.7367446897725285,0.17367425179837892,104,14
beta_0.925_brier,0.925,brier,71,2,True,0.09689654580993401,0.09875926126474928,0.0018627154548152697,-0.32072407308291484,-0.434151775757307,0.11342770267439217,1.5630704379741496,1.6898058212287344,0.12673538325458478,104,14
beta_0.925_mix_25,0.925,mix_25,71,2,True,0.09689654580993401,0.09863983272974947,0.0017432869198154566,-0.32072407308291484,-0.4250211028773796,0.10429702979446476,1.5630704379741496,1.6898057985309054,0.12673536055675583,104,14
beta_0.925_mix_50,0.925,mix_50,71,2,True,0.09689654580993401,0.09858820031061094,0.0016916545006769312,-0.32072407308291484,-0.42096281778465305,0.10023874470173821,1.5630704379741496,1.6898059231729279,0.1267354851987783,104,14
beta_0.925_mix_75,0.925,mix_75,71,2,True,0.09689654580993401,0.0985594973710649,0.0016629515611308876,-0.32072407308291484,-0.41867610176542414,0.0979520286825093,1.5630704379741496,1.6898058866233248,0.1267354486491752,104,14
beta_0.925_logloss,0.925,logloss,71,2,True,0.09689654580993401,0.09854124410307867,0.0016446982931446613,-0.32072407308291484,-0.417210144575493,0.09648607149257815,1.5630704379741496,1.689805812401408,0.12673537442725835,104,14
beta_0.950_brier,0.95,brier,71,2,True,0.09689654580993401,0.09853128286655681,0.0016347370566228009,-0.32072407308291484,-0.4337832893184562,0.11305921623554138,1.5630704379741496,1.6453373302767853,0.08226689230263573,104,14
beta_0.950_mix_25,0.95,mix_25,71,2,True,0.09689654580993401,0.09843588903452194,0.0015393432245879302,-0.32072407308291484,-0.4265811335943601,0.10585706051144528,1.5630704379741496,1.6453370590960092,0.08226662112185967,104,14
beta_0.950_mix_50,0.95,mix_50,71,2,True,0.09689654580993401,0.09839452423314879,0.0014979784232147797,-0.32072407308291484,-0.42339034076742166,0.10266626768450682,1.5630704379741496,1.6453370766211337,0.08226663864698414,104,14
beta_0.950_mix_75,0.95,mix_75,71,2,True,0.09689654580993401,0.09837147852187268,0.001474932711938673,-0.32072407308291484,-0.4215940331872641,0.10086996010434923,1.5630704379741496,1.6453371746263101,0.08226673665216055,104,14
beta_0.950_logloss,0.95,logloss,71,2,True,0.09689654580993401,0.09835679993181981,0.0014602541218858012,-0.32072407308291484,-0.42044280014120294,0.0997187270582881,1.5630704379741496,1.645337210018551,0.08226677204440147,104,14
beta_0.975_brier,0.975,brier,71,2,True,0.09689654580993401,0.09831261084368893,0.0014160650337549235,-0.32072407308291484,-0.4333042748867796,0.11258020180386474,1.5630704379741496,1.6031491097412205,0.04007867176707092,104,14
beta_0.975_mix_25,0.975,mix_25,71,2,True,0.09689654580993401,0.09824304284944117,0.0013464970395071635,-0.32072407308291484,-0.42811809970120485,0.10739402661829,1.5630704379741496,1.6031490350265198,0.04007859705237027,104,14
beta_0.975_mix_50,0.975,mix_50,71,2,True,0.09689654580993401,0.09821278855814848,0.0013162427482144717,-0.32072407308291484,-0.42582816431995874,0.1051040912370439,1.5630704379741496,1.6031490178058132,0.04007857983166363,104,14
beta_0.975_mix_75,0.975,mix_75,71,2,True,0.09689654580993401,0.09819589594211015,0.0012993501321761358,-0.32072407308291484,-0.42454016696393515,0.10381609388102031,1.5630704379741496,1.6031491883317783,0.040078750357628756,104,14
beta_0.975_logloss,0.975,logloss,71,2,True,0.09689654580993401,0.0981851204803634,0.0012885746704293932,-0.32072407308291484,-0.42371500232009085,0.10299092923717601,1.5630704379741496,1.60314930872093,0.040078870746780515,104,14
beta_0.900_brier,0.9,brier,71,3,True,0.1373101419047459,0.136843657474851,-0.00046648442989491445,0.19995461598175657,0.1663956256728233,-0.03355899030893328,0.9399752828252049,1.0444168927385489,-0.015607824436246198,94,17
beta_0.900_mix_25,0.9,mix_25,71,3,True,0.1373101419047459,0.13698117283527383,-0.00032896906947207927,0.19995461598175657,0.18819898482121655,-0.011755631160540014,0.9399752828252049,1.0444168048521496,-0.015607912322645467,94,17
beta_0.900_mix_50,0.9,mix_50,71,3,True,0.1373101419047459,0.13704725783582986,-0.0002628840689160583,0.19995461598175657,0.19799425596347475,-0.001960360018281815,0.9399752828252049,1.04441687197848,-0.015607845196314973,94,17
beta_0.900_mix_75,0.9,mix_75,71,3,True,0.1373101419047459,0.1370856684165491,-0.00022447348819681912,0.19995461598175657,0.20351758370695205,0.003562967725195487,0.9399752828252049,1.0444171055788933,-0.015607611595901738,94,17
beta_0.900_logloss,0.9,logloss,71,3,True,0.1373101419047459,0.13711069864262745,-0.00019944326211845942,0.19995461598175657,0.20705521037649038,0.007100594394733817,0.9399752828252049,1.0444168971708137,-0.01560782000398142,94,17
beta_0.925_brier,0.925,brier,71,3,True,0.1373101419047459,0.13693702591854715,-0.00037311598619876873,0.19995461598175657,0.1730250398103682,-0.02692957617138836,0.9399752828252049,1.0161895462944863,-0.04383517088030875,94,17
beta_0.925_mix_25,0.925,mix_25,71,3,True,0.1373101419047459,0.13706213783332266,-0.0002480040714232523,0.19995461598175657,0.192887517631798,-0.007067098349958556,0.9399752828252049,1.0161894243352985,-0.04383529283949661,94,17
beta_0.925_mix_50,0.925,mix_50,71,3,True,0.1373101419047459,0.13712177136579398,-0.0001883705389519319,0.19995461598175657,0.20179379136220343,0.001839175380446867,0.9399752828252049,1.0161897349263898,-0.04383498224840532,94,17
beta_0.925_mix_75,0.925,mix_75,71,3,True,0.1373101419047459,0.13715633366782048,-0.000153808236925429,0.19995461598175657,0.20681497688722705,0.006860360905470486,0.9399752828252049,1.0161895358713064,-0.043835181303488624,94,17
beta_0.925_logloss,0.925,logloss,71,3,True,0.1373101419047459,0.1371788257746827,-0.00013131613006320264,0.19995461598175657,0.21003138076321004,0.010076764781453473,0.9399752828252049,1.0161889401430877,-0.04383577703170738,94,17
beta_0.950_brier,0.95,brier,71,3,True,0.1373101419047459,0.13703999434929937,-0.0002701475554465482,0.19995461598175657,0.17984402730961724,-0.02011058867213933,0.9399752828252049,0.9894474914764259,-0.04947220865122093,94,17
beta_0.950_mix_25,0.95,mix_25,71,3,True,0.1373101419047459,0.13715203209833765,-0.0001581098064082631,0.19995461598175657,0.1976634760168568,-0.002291139964899769,0.9399752828252049,0.9894475727348258,-0.049472289909620826,94,17
beta_0.950_mix_50,0.95,mix_50,71,3,True,0.1373101419047459,0.13720497957910818,-0.00010516232563773098,0.19995461598175657,0.20563749414094168,0.005682878159185112,0.9399752828252049,0.9894474495045554,-0.049472166679350504,94,17
beta_0.950_mix_75,0.95,mix_75,71,3,True,0.1373101419047459,0.1372355744401252,-7.456746462070063e-05,0.19995461598175657,0.21013216472310348,0.010177548741346909,0.9399752828252049,0.9894475637557386,-0.049472280930533685,94,17
beta_0.950_logloss,0.95,logloss,71,3,True,0.1373101419047459,0.13725545601048542,-5.468589426049775e-05,0.19995461598175657,0.21301163782194538,0.01305702184018881,0.9399752828252049,0.9894475816786642,-0.04947229885345927,94,17
beta_0.975_brier,0.975,brier,71,3,True,0.1373101419047459,0.1371523349039103,-0.00015780700083561916,0.19995461598175657,0.18685276736453438,-0.01310184861722219,0.9399752828252049,0.964076815184155,-0.024101532358950073,94,17
beta_0.975_mix_25,0.975,mix_25,71,3,True,0.1373101419047459,0.13725064814181653,-5.9493762929380134e-05,0.19995461598175657,0.20252595606517165,0.0025713400834150857,0.9399752828252049,0.9640770864409143,-0.02410180361570935,94,17
beta_0.975_mix_50,0.975,mix_50,71,3,True,0.1373101419047459,0.1372966972783905,-1.3444626355413325e-05,0.19995461598175657,0.2095244692194428,0.009569853237686221,0.9399752828252049,0.9640772595936642,-0.024101976768459266,94,17
beta_0.975_mix_75,0.975,mix_75,71,3,True,0.1373101419047459,0.1373232215301733,1.307962542737573e-05,0.19995461598175657,0.21346836291096705,0.01351374692921048,0.9399752828252049,0.9640771075209567,-0.024101824695751728,94,17
beta_0.975_logloss,0.975,logloss,71,3,True,0.1373101419047459,0.13734043131372914,3.0289408983225075e-05,0.19995461598175657,0.21599524873377962,0.016040632752023054,0.9399752828252049,0.9640771321222984,-0.02410184929709347,94,17
beta_0.900_brier,0.9,brier,71,4,True,0.11136319665780503,0.11088474794220718,-0.0004784487155978512,-0.14500290653757697,-0.2356559424576148,0.09065303592003782,0.6858017311076382,0.7620021477223078,-0.07620041661466959,101,14
beta_0.900_mix_25,0.9,mix_25,71,4,True,0.11136319665780503,0.11075413777126404,-0.000609058886540989,-0.14500290653757697,-0.2169616679071943,0.07195876136961732,0.6858017311076382,0.762002345519463,-0.0762006144118248,101,14
beta_0.900_mix_50,0.9,mix_50,71,4,True,0.11136319665780503,0.11069717930940767,-0.0006660173483973575,-0.14500290653757697,-0.20823663849835033,0.06323373196077336,0.6858017311076382,0.7620022021880086,-0.07620047108037042,101,14
beta_0.900_mix_75,0.9,mix_75,71,4,True,0.11136319665780503,0.11066555146887143,-0.0006976451889336016,-0.14500290653757697,-0.20321814896619783,0.05821524242862086,0.6858017311076382,0.7620022024919382,-0.07620047138429997,101,14
beta_0.900_logloss,0.9,logloss,71,4,True,0.11136319665780503,0.11064548720687066,-0.0007177094509343701,-0.14500290653757697,-0.1999649343648946,0.05496202782731763,0.6858017311076382,0.7620022190076133,-0.07620048789997513,101,14
beta_0.925_brier,0.925,brier,71,4,True,0.11136319665780503,0.11109438388218622,-0.00026881277561881245,-0.14500290653757697,-0.23083277016274883,0.08582986362517186,0.6858017311076382,0.74140752134729,-0.05560579023965184,101,14
beta_0.925_mix_25,0.925,mix_25,71,4,True,0.11136319665780503,0.11097908849252859,-0.00038410816527643943,-0.14500290653757697,-0.21416688426070996,0.06916397772313299,0.6858017311076382,0.7414072607900376,-0.0556055296823994,101,14
beta_0.925_mix_50,0.925,mix_50,71,4,True,0.11136319665780503,0.11092848866749505,-0.0004347079903099793,-0.14500290653757697,-0.20640130837230347,0.0613984018347265,0.6858017311076382,0.741407601945079,-0.05560587083744084,101,14
beta_0.925_mix_75,0.925,mix_75,71,4,True,0.11136319665780503,0.11090027115207345,-0.00046292550573158453,-0.14500290653757697,-0.20193482355679115,0.056931917019214184,0.6858017311076382,0.7414075121565227,-0.05560578104888447,101,14
beta_0.925_logloss,0.925,logloss,71,4,True,0.11136319665780503,0.11088231790502694,-0.0004808787527780939,-0.14500290653757697,-0.19903876551013255,0.054035858972555584,0.6858017311076382,0.7414074145548091,-0.05560568344717087,101,14
beta_0.950_brier,0.95,brier,71,4,True,0.11136319665780503,0.11131204982418014,-5.114683362489325e-05,-0.14500290653757697,-0.22584100815988573,0.08083810162230876,0.6858017311076382,0.7218967831018192,-0.03609505199418095,101,14
beta_0.950_mix_25,0.95,mix_25,71,4,True,0.11136319665780503,0.11121263214450199,-0.00015056451330304477,-0.14500290653757697,-0.21131822853789628,0.06631532200031931,0.6858017311076382,0.7218968172604926,-0.036095086152854394,101,14
beta_0.950_mix_50,0.95,mix_50,71,4,True,0.11136319665780503,0.11116871946613732,-0.00019447719166770794,-0.14500290653757697,-0.20456344281873934,0.05956053628116237,0.6858017311076382,0.7218966873200607,-0.036094956212422535,101,14
beta_0.950_mix_75,0.95,mix_75,71,4,True,0.11136319665780503,0.111144125737276,-0.00021907092052902977,-0.14500290653757697,-0.20067871967671203,0.055675813139135055,0.6858017311076382,0.721896792068711,-0.036095060961072845,101,14
beta_0.950_logloss,0.95,logloss,71,4,True,0.11136319665780503,0.11112843194579826,-0.0002347647120067714,-0.14500290653757697,-0.19815933214341297,0.053156425605836,0.6858017311076382,0.7218968058492903,-0.03609507474165208,101,14
beta_0.975_brier,0.975,brier,71,4,True,0.11136319665780503,0.11153712926151842,0.00017393260371338648,-0.14500290653757697,-0.22067889562376275,0.07567598908618578,0.6858017311076382,0.703386691959364,-0.017584960851725784,101,14
beta_0.975_mix_25,0.975,mix_25,71,4,True,0.11136319665780503,0.1114541028514723,9.090619366726449e-05,-0.14500290653757697,-0.20841430183245552,0.06341139529487855,0.6858017311076382,0.7033866902123186,-0.017584959104680387,101,14
beta_0.975_mix_50,0.975,mix_50,71,4,True,0.11136319665780503,0.111417191574561,5.399491675596446e-05,-0.14500290653757697,-0.20272110037553148,0.05771819383795451,0.6858017311076382,0.7033866563731397,-0.017584925265501483,101,14
beta_0.975_mix_75,0.975,mix_75,71,4,True,0.11136319665780503,0.1113964295226928,3.3232864887766667e-05,-0.14500290653757697,-0.19944739089165342,0.05444448435407645,0.6858017311076382,0.7033866553556852,-0.01758492424804703,101,14
beta_0.975_logloss,0.975,logloss,71,4,True,0.11136319665780503,0.11138314197690087,1.9945319095840408e-05,-0.14500290653757697,-0.19732392411024857,0.0523210175726716,0.6858017311076382,0.7033866715124819,-0.017584940404843707,101,14
beta_0.900_brier,0.9,brier,101,0,True,0.12214142238609951,0.12293710231179318,0.0007956799256936681,0.1010847742050508,0.130195045212898,0.029110271007847188,1.272458319962536,1.4138425312809957,0.14138421131845957,101,17
beta_0.900_mix_25,0.9,mix_25,101,0,True,0.12214142238609951,0.12293807835213687,0.0007966559660373546,0.1010847742050508,0.13033732525331987,0.02925255104826907,1.272458319962536,1.4138424687147653,0.14138414875222916,101,17
beta_0.900_mix_50,0.9,mix_50,101,0,True,0.12214142238609951,0.12293849777385352,0.0007970753877540038,0.1010847742050508,0.13039843986391475,0.029313665658863952,1.272458319962536,1.4138425310912068,0.14138421112867072,101,17
beta_0.900_mix_75,0.9,mix_75,101,0,True,0.12214142238609951,0.12293873125362882,0.0007973088675293089,0.1010847742050508,0.13043245390915065,0.02934767970409985,1.272458319962536,1.4138424655793236,0.14138414561678747,101,17
beta_0.900_logloss,0.9,logloss,101,0,True,0.12214142238609951,0.12293887956233777,0.0007974571762382615,0.1010847742050508,0.13045405749883554,0.029369283293784743,1.272458319962536,1.4138424509590275,0.1413841309964914,101,17
beta_0.925_brier,0.925,brier,101,0,True,0.12214142238609951,0.12282648062244696,0.0006850582363474439,0.1010847742050508,0.13820445020365846,0.03711967599860766,1.272458319962536,1.3756305135109905,0.10317219354845442,101,17
beta_0.925_mix_25,0.925,mix_25,101,0,True,0.12214142238609951,0.12281119970445314,0.0006697773183536315,0.1010847742050508,0.13600666193130595,0.03492188772625515,1.272458319962536,1.375630445790981,0.10317212582844482,101,17
beta_0.925_mix_50,0.925,mix_50,101,0,True,0.12214142238609951,0.12280469857269077,0.0006632761865912606,0.1010847742050508,0.1350656726026599,0.033980898397609094,1.272458319962536,1.3756305356719656,0.10317221570942947,101,17
beta_0.925_mix_75,0.925,mix_75,101,0,True,0.12214142238609951,0.12280109632420638,0.0006596739381068695,0.1010847742050508,0.1345427159605984,0.033457941755547616,1.272458319962536,1.3756305442433043,0.10317222428076822,101,17
beta_0.925_logloss,0.925,logloss,101,0,True,0.12214142238609951,0.12279880693630725,0.0006573845502077375,0.1010847742050508,0.13420977132438605,0.03312499711933525,1.272458319962536,1.3756304892596192,0.10317216929708306,101,17
beta_0.950_brier,0.95,brier,101,0,True,0.12214142238609951,0.12272397003245207,0.0005825476463525575,0.1010847742050508,0.14638219057135138,0.04529741636630058,1.272458319962536,1.339429844417911,0.0669715244553748,101,17
beta_0.950_mix_25,0.95,mix_25,101,0,True,0.12214142238609951,0.12269124250223483,0.0005498201161353161,0.1010847742050508,0.14173332634792069,0.04064855214286989,1.272458319962536,1.33942977801875,0.06697145805621396,101,17
beta_0.950_mix_50,0.95,mix_50,101,0,True,0.12214142238609951,0.122677460356418,0.0005360379703184814,0.1010847742050508,0.13974959790204966,0.03866482369699886,1.272458319962536,1.3394297136892672,0.06697139372673111,101,17
beta_0.950_mix_75,0.95,mix_75,101,0,True,0.12214142238609951,0.12266985479168456,0.000528432405585047,0.1010847742050508,0.13864804956009152,0.037563275355040726,1.272458319962536,1.3394297140699158,0.06697139410737973,101,17
beta_0.950_logloss,0.95,logloss,101,0,True,0.12214142238609951,0.1226650313759918,0.000523608989892288,0.1010847742050508,0.13794688442053038,0.03686211021547958,1.272458319962536,1.3394296266651684,0.0669713067026323,101,17
beta_0.975_brier,0.975,brier,101,0,True,0.12214142238609951,0.12262948204550266,0.0004880596594031422,0.1010847742050508,0.15473185377264176,0.05364707956759096,1.272458319962536,1.3050856413816625,0.03262732141912639,101,17
beta_0.975_mix_25,0.975,mix_25,101,0,True,0.12214142238609951,0.12257810539322199,0.00043668300712247643,0.1010847742050508,0.1475173975905965,0.04643262338554571,1.272458319962536,1.3050851732491267,0.03262685328659054,101,17
beta_0.975_mix_50,0.975,mix_50,101,0,True,0.12214142238609951,0.12255669467321577,0.00041527228711625563,0.1010847742050508,0.1444497045608325,0.043364930355781706,1.272458319962536,1.3050852062257983,0.032626886263262156,101,17
beta_0.975_mix_75,0.975,mix_75,101,0,True,0.12214142238609951,0.12254492799959492,0.0004035056134954057,0.1010847742050508,0.1427476055371198,0.041662831332068995,1.272458319962536,1.3050852752908515,0.03262695532831539,101,17
beta_0.975_logloss,0.975,logloss,101,0,True,0.12214142238609951,0.12253748231605822,0.0003960599299587114,0.1010847742050508,0.14166445799272176,0.04057968378767096,1.272458319962536,1.3050852193676372,0.032626899405101106,101,17
beta_0.900_brier,0.9,brier,101,1,True,0.10952336822850231,0.11030015848680651,0.0007767902583041969,-0.20663007188918525,-0.21845318552338455,0.0118231136341993,1.4973531360812438,1.6637257825690208,0.16637264648777705,96,15
beta_0.900_mix_25,0.9,mix_25,101,1,True,0.10952336822850231,0.11030569475127021,0.0007823265227678983,-0.20663007188918525,-0.21959846008810258,0.012968388198917324,1.4973531360812438,1.6637256237756504,0.1663724876944066,96,15
beta_0.900_mix_50,0.9,mix_50,101,1,True,0.10952336822850231,0.11030808620673957,0.0007847179782372593,-0.20663007188918525,-0.22008929874565697,0.013459226856471718,1.4973531360812438,1.6637254954660583,0.16637235938481454,96,15
beta_0.900_mix_75,0.9,mix_75,101,1,True,0.10952336822850231,0.11030942021766864,0.0007860519891663281,-0.20663007188918525,-0.22036210162417957,0.013732029734994322,1.4973531360812438,1.663725780680538,0.16637264459929413,96,15
beta_0.900_logloss,0.9,logloss,101,1,True,0.10952336822850231,0.1103102711539127,0.0007869029254103932,-0.20663007188918525,-0.2205357461432116,0.013905674254026335,1.4973531360812438,1.663725807873628,0.16637267179238413,96,15
beta_0.925_brier,0.925,brier,101,1,True,0.10952336822850231,0.11010133538386066,0.0005779671553583499,-0.20663007188918525,-0.21801168213669164,0.01138161024750639,1.4973531360812438,1.618760180589624,0.12140704450838014,96,15
beta_0.925_mix_25,0.925,mix_25,101,1,True,0.10952336822850231,0.11011732740260288,0.0005939591741005723,-0.20663007188918525,-0.22121260173426915,0.014582529845083902,1.4973531360812438,1.6187602160773236,0.1214070799960798,96,15
beta_0.925_mix_50,0.925,mix_50,101,1,True,0.10952336822850231,0.11012430572334231,0.0006009374948399981,-0.20663007188918525,-0.22258016882318243,0.015950096933997182,1.4973531360812438,1.6187602288506664,0.12140709276942263,96,15
beta_0.925_mix_75,0.925,mix_75,101,1,True,0.10952336822850231,0.11012821907147718,0.0006048508429748745,-0.20663007188918525,-0.2233396711958603,0.016709599306675038,1.4973531360812438,1.6187602047192076,0.1214070686379638,96,15
beta_0.925_logloss,0.925,logloss,101,1,True,0.10952336822850231,0.11013072364376636,0.0006073554152640492,-0.20663007188918525,-0.22382302578982627,0.017192953900641017,1.4973531360812438,1.6187601490323889,0.12140701295114509,96,15
beta_0.950_brier,0.95,brier,101,1,True,0.10952336822850231,0.1099135781925484,0.0003902099640460954,-0.20663007188918525,-0.21745315937184617,0.01082308748266092,1.4973531360812438,1.5761611540326534,0.07880801795140968,96,15
beta_0.950_mix_25,0.95,mix_25,101,1,True,0.10952336822850231,0.10994120582457599,0.00041783759607368076,-0.20663007188918525,-0.22280454063704014,0.016174468747854887,1.4973531360812438,1.5761612393355575,0.07880810325431375,96,15
beta_0.950_mix_50,0.95,mix_50,101,1,True,0.10952336822850231,0.1099533773816686,0.0004300091531662942,-0.20663007188918525,-0.22508347843061782,0.01845340654143257,1.4973531360812438,1.5761613171951645,0.07880818111392074,96,15
beta_0.950_mix_75,0.95,mix_75,101,1,True,0.10952336822850231,0.10996023678531965,0.0004368685568173353,-0.20663007188918525,-0.22634811823552747,0.019718046346342222,1.4973531360812438,1.57616130618739,0.07880817010614627,96,15
beta_0.950_logloss,0.95,logloss,101,1,True,0.10952336822850231,0.10996464039248603,0.00044127216398372193,-0.20663007188918525,-0.2271527780932866,0.02052270620410135,1.4973531360812438,1.576161187306015,0.0788080512247713,96,15
beta_0.975_brier,0.975,brier,101,1,True,0.10952336822850231,0.1097367348574788,0.0002133666289764885,-0.20663007188918525,-0.21677313994548952,0.010143068056304272,1.4973531360812438,1.5357469853983576,0.03839384931711387,96,15
beta_0.975_mix_25,0.975,mix_25,101,1,True,0.10952336822850231,0.10977726764797693,0.0002538994194746236,-0.20663007188918525,-0.22437312491842776,0.017743053029242506,1.4973531360812438,1.5357470228813423,0.03839388680009859,96,15
beta_0.975_mix_50,0.975,mix_50,101,1,True,0.10952336822850231,0.10979528654950538,0.00027191832100306734,-0.20663007188918525,-0.22759882129678954,0.020968749407604292,1.4973531360812438,1.535746690138895,0.038393554057651214,96,15
beta_0.975_mix_75,0.975,mix_75,101,1,True,0.10952336822850231,0.10980548817972617,0.0002821199512238609,-0.20663007188918525,-0.22938737488373417,0.022757302994548922,1.4973531360812438,1.53574701156871,0.0383938754874662,96,15
beta_0.975_logloss,0.975,logloss,101,1,True,0.10952336822850231,0.10981205613070565,0.0002886879022033356,-0.20663007188918525,-0.23052511768153372,0.023895045792348468,1.4973531360812438,1.535746688412779,0.0383935523315353,96,15
beta_0.900_brier,0.9,brier,101,2,True,0.11873179561168225,0.11881285638284025,8.106077115800636e-05,-0.3167862031892239,-0.3333411773202538,0.01655497413102991,0.6932817165593816,0.7703130158826668,-0.07703129932328512,99,16
beta_0.900_mix_25,0.9,mix_25,101,2,True,0.11873179561168225,0.11880226017770772,7.04645660254688e-05,-0.3167862031892239,-0.33221450823464393,0.015428305045420032,0.6932817165593816,0.7703128359052579,-0.07703111934587625,99,16
beta_0.900_mix_50,0.9,mix_50,101,2,True,0.11873179561168225,0.11879761475093771,6.581913925546301e-05,-0.3167862031892239,-0.3317185779155811,0.014932374726357223,0.6932817165593816,0.7703130151547131,-0.07703129859533142,99,16
beta_0.900_mix_75,0.9,mix_75,101,2,True,0.11873179561168225,0.1187950073221652,6.32117104829577e-05,-0.3167862031892239,-0.3314396805245563,0.014653477335332399,0.6932817165593816,0.7703129385966546,-0.07703122203727297,99,16
beta_0.900_logloss,0.9,logloss,101,2,True,0.11873179561168225,0.11879333797062851,6.154235894625937e-05,-0.3167862031892239,-0.3312609187335851,0.014474715544361194,0.6932817165593816,0.7703130568834355,-0.0770313403240539,99,16
beta_0.925_brier,0.925,brier,101,2,True,0.11873179561168225,0.11886353503250743,0.00013173942082518597,-0.3167862031892239,-0.3375805579577481,0.020794354768524204,0.6932817165593816,0.7494936643204522,-0.056211947761070524,99,16
beta_0.925_mix_25,0.925,mix_25,101,2,True,0.11873179561168225,0.11887775207887845,0.00014595646719620103,-0.3167862031892239,-0.3390749777128723,0.022288774523648414,0.6932817165593816,0.7494937527565381,-0.05621203619715642,99,16
beta_0.925_mix_50,0.925,mix_50,101,2,True,0.11873179561168225,0.11888402201110204,0.0001522263994197942,-0.3167862031892239,-0.3397305940700195,0.022944390880795584,0.6932817165593816,0.7494938556210781,-0.05621213906169642,99,16
beta_0.925_mix_75,0.925,mix_75,101,2,True,0.11873179561168225,0.1188875544977506,0.00015575888606834953,-0.3167862031892239,-0.3400990505533429,0.023312847364118983,0.6932817165593816,0.749493756939525,-0.05621204038014338,99,16
beta_0.925_logloss,0.925,logloss,101,2,True,0.11873179561168225,0.11888982154025088,0.00015802592856863085,-0.3167862031892239,-0.3403351679017931,0.023548964712569176,0.6932817165593816,0.749493799395803,-0.05621208283642132,99,16
beta_0.950_brier,0.95,brier,101,2,True,0.11873179561168225,0.11891488731797266,0.00018309170629041138,-0.3167862031892239,-0.3416254892670525,0.024839286077828593,0.6932817165593816,0.729770248555027,-0.03648853199564539,99,16
beta_0.950_mix_25,0.95,mix_25,101,2,True,0.11873179561168225,0.11895565629785207,0.0002238606861698217,-0.3167862031892239,-0.34586627501331846,0.029080071824094555,0.6932817165593816,0.7297703428269907,-0.03648862626760907,99,16
beta_0.950_mix_50,0.95,mix_50,101,2,True,0.11873179561168225,0.11897374140780302,0.00024194579612077383,-0.3167862031892239,-0.3477202111309856,0.03093400794176171,0.6932817165593816,0.7297702989063056,-0.03648858234692398,99,16
beta_0.950_mix_75,0.95,mix_75,101,2,True,0.11873179561168225,0.11898396835141115,0.0002521727397288981,-0.3167862031892239,-0.34876139896925795,0.03197519578003405,0.6932817165593816,0.7297702268510008,-0.03648851029161915,99,16
beta_0.950_logloss,0.95,logloss,101,2,True,0.11873179561168225,0.11899054722941561,0.00025875161773336597,-0.3167862031892239,-0.34942847816105094,0.032642274971827034,0.6932817165593816,0.7297701349703363,-0.036488418410954626,99,16
beta_0.975_brier,0.975,brier,101,2,True,0.11873179561168225,0.11896634637681115,0.00023455076512890471,-0.3167862031892239,-0.34547542078148885,0.02868921759226495,0.6932817165593816,0.7110581907178859,-0.017776474158504252,99,16
beta_0.975_mix_25,0.975,mix_25,101,2,True,0.11873179561168225,0.11903537844318308,0.0003035828315008371,-0.3167862031892239,-0.3525875285584471,0.0358013253692232,0.6932817165593816,0.7110582238042007,-0.01777650724481905,99,16
beta_0.975_mix_50,0.975,mix_50,101,2,True,0.11873179561168225,0.11906617668652839,0.0003343810748461379,-0.3167862031892239,-0.35568510318475755,0.03889889999553364,0.6932817165593816,0.7110581655972444,-0.017776449037862796,99,16
beta_0.975_mix_75,0.975,mix_75,101,2,True,0.11873179561168225,0.11908365405664754,0.0003518584449652973,-0.3167862031892239,-0.35742323352683336,0.04063703033760946,0.6932817165593816,0.7110581822940688,-0.017776465734687164,99,16
beta_0.975_logloss,0.975,logloss,101,2,True,0.11873179561168225,0.11909492351849142,0.00036312790680917417,-0.3167862031892239,-0.3585366156436939,0.041750412454469976,0.6932817165593816,0.7110582294121172,-0.017776512852735515,99,16
beta_0.900_brier,0.9,brier,101,3,True,0.1488623671702929,0.15026642790708242,0.0014040607367895308,0.3476516118002363,0.41591472404984053,0.06826311224960424,1.748060402157697,1.942288967211059,0.19422856505336195,100,20
beta_0.900_mix_25,0.9,mix_25,101,3,True,0.1488623671702929,0.15039427119981952,0.0015319040295266317,0.3476516118002363,0.42430739380384697,0.07665578200361067,1.748060402157697,1.9422883836620548,0.19422798150435772,100,20
beta_0.900_mix_50,0.9,mix_50,101,3,True,0.1488623671702929,0.1504499588413737,0.0015875916710808013,0.3476516118002363,0.42793911525324313,0.08028750345300684,1.748060402157697,1.942288912551778,0.19422851039408084,100,20
beta_0.900_mix_75,0.9,mix_75,101,3,True,0.1488623671702929,0.1504810411147226,0.001618673944429716,0.3476516118002363,0.42996001505222636,0.08230840325199007,1.748060402157697,1.9422884333107724,0.1942280311530753,100,20
beta_0.900_logloss,0.9,logloss,101,3,True,0.1488623671702929,0.15050085841972097,0.0016384912494280812,0.3476516118002363,0.43124622243829525,0.08359461063805895,1.748060402157697,1.9422886704847013,0.19422826832700424,100,20
beta_0.925_brier,0.925,brier,101,3,True,0.1488623671702929,0.15033565403274168,0.0014732868624487971,0.3476516118002363,0.42741413619385205,0.07976252439361575,1.748060402157697,1.8897941870645365,0.1417337849068394,100,20
beta_0.925_mix_25,0.925,mix_25,101,3,True,0.1488623671702929,0.1504276019056855,0.0015652347353926066,0.3476516118002363,0.43338050586795107,0.08572889406771478,1.748060402157697,1.8897940446640555,0.14173364250635845,100,20
beta_0.925_mix_50,0.925,mix_50,101,3,True,0.1488623671702929,0.1504674807907264,0.0016051136204335015,0.3476516118002363,0.43595652786645,0.08830491606621371,1.748060402157697,1.889794567391728,0.14173416523403093,100,20
beta_0.925_mix_75,0.925,mix_75,101,3,True,0.1488623671702929,0.15048971474903733,0.0016273475787444425,0.3476516118002363,0.4373897568436863,0.08973814504345001,1.748060402157697,1.8897946172211602,0.14173421506346306,100,20
beta_0.925_logloss,0.925,logloss,101,3,True,0.1488623671702929,0.15050388402634363,0.0016415168560507398,0.3476516118002363,0.43830201798688473,0.09065040618664844,1.748060402157697,1.8897941142784764,0.14173371212077934,100,20
beta_0.950_brier,0.95,brier,101,3,True,0.1488623671702929,0.1504137746321478,0.00155140746185492,0.3476516118002363,0.43920177263945603,0.09155016083921974,1.748060402157697,1.8400628307218647,0.09200242856416763,100,20
beta_0.950_mix_25,0.95,mix_25,101,3,True,0.1488623671702929,0.15046720491274268,0.001604837742449794,0.3476516118002363,0.4426300330235432,0.09497842122330691,1.748060402157697,1.840063196993138,0.09200279483544094,100,20
beta_0.950_mix_50,0.95,mix_50,101,3,True,0.1488623671702929,0.15049027825970515,0.001627911089412265,0.3476516118002363,0.44410680315799966,0.09645519135776337,1.748060402157697,1.840062576451506,0.09200217429380886,100,20
beta_0.950_mix_75,0.95,mix_75,101,3,True,0.1488623671702929,0.15050312713816713,0.0016407599678742446,0.3476516118002363,0.4449282202897399,0.09727660848950359,1.748060402157697,1.840063382354048,0.09200298019635089,100,20
beta_0.950_logloss,0.95,logloss,101,3,True,0.1488623671702929,0.15051131271835777,0.001648945548064884,0.3476516118002363,0.44545116347749925,0.09779955167726295,1.748060402157697,,,100,20
beta_0.975_brier,0.975,brier,101,3,True,0.1488623671702929,0.15050080546474784,0.0016384382944549525,0.3476516118002363,0.4512782748679013,0.10362666306766499,1.748060402157697,1.7928821290587447,0.044821726901047576,100,20
beta_0.975_mix_25,0.975,mix_25,101,3,True,0.1488623671702929,0.1505130306488894,0.0016506634785965202,0.3476516118002363,0.45205422015866426,0.10440260835842796,1.748060402157697,1.7928822991042725,0.04482189694657546,100,20
beta_0.975_mix_50,0.975,mix_50,101,3,True,0.1488623671702929,0.15051828681243692,0.001655919642144038,0.3476516118002363,0.4523876532879939,0.10473604148775761,1.748060402157697,1.7928822334714702,0.04482183131377315,100,20
beta_0.975_mix_75,0.975,mix_75,101,3,True,0.1488623671702929,0.15052121059547352,0.0016588434251806339,0.3476516118002363,0.45257308112563444,0.10492146932539814,1.748060402157697,1.7928811418226092,0.04482073966491207,100,20
beta_0.975_logloss,0.975,logloss,101,3,True,0.1488623671702929,0.1505230724083453,0.0016607052380524234,0.3476516118002363,0.4526911407748663,0.10503952897462998,1.748060402157697,1.7928810236286297,0.044820621470932576,100,20
beta_0.900_brier,0.9,brier,101,4,True,0.1336466101265669,0.1322541124477348,-0.0013924976788320942,-0.06465684738199678,-0.12106284176447113,0.056405994382474345,0.20188071693010634,0.22431197674923387,-0.022431259819127525,96,15
beta_0.900_mix_25,0.9,mix_25,101,4,True,0.1336466101265669,0.1319192549879679,-0.0017273551385990071,-0.06465684738199678,-0.08859135970165732,0.02393451231966054,0.20188071693010634,0.22431207398292652,-0.022431357052820178,96,15
beta_0.900_mix_50,0.9,mix_50,101,4,True,0.1336466101265669,0.13177741169137983,-0.0018691984351870694,-0.06465684738199678,-0.07357784514368443,0.008920997761687643,0.20188071693010634,0.2243120428748696,-0.02243132594476327,96,15
beta_0.900_mix_75,0.9,mix_75,101,4,True,0.1336466101265669,0.13170020685157496,-0.0019464032749919313,-0.06465684738199678,-0.06502815253379002,0.0003713051517932331,0.20188071693010634,0.22431203969819788,-0.022431322768091566,96,15
beta_0.900_logloss,0.9,logloss,101,4,True,0.1336466101265669,0.13165188779592285,-0.0019947223306440443,-0.06465684738199678,-0.05952775970122759,-0.005129087680769195,0.20188071693010634,0.224311982131475,-0.022431265201368622,96,15
beta_0.925_brier,0.925,brier,101,4,True,0.1336466101265669,0.13271782269257246,-0.000928787433994438,-0.06465684738199678,-0.11883760840635105,0.05418076102435426,0.20188071693010634,0.218249631945014,-0.01636891501490767,96,15
beta_0.925_mix_25,0.925,mix_25,101,4,True,0.1336466101265669,0.13238476311513156,-0.0012618470114353353,-0.06465684738199678,-0.0874102893978102,0.02275344201581342,0.20188071693010634,0.21824949946706465,-0.016368782536958282,96,15
beta_0.925_mix_50,0.925,mix_50,101,4,True,0.1336466101265669,0.1322429680815345,-0.001403642045032405,-0.06465684738199678,-0.07289253393349171,0.008235686551494925,0.20188071693010634,0.21824950279260386,-0.01636878586249757,96,15
beta_0.925_mix_75,0.925,mix_75,101,4,True,0.1336466101265669,0.13216553663272818,-0.0014810734938387193,-0.06465684738199678,-0.06462481506894069,-3.203231305609622e-05,0.20188071693010634,0.21824954924600592,-0.016368832315899584,96,15
beta_0.925_logloss,0.925,logloss,101,4,True,0.1336466101265669,0.1321169690661449,-0.001529641060421999,-0.06465684738199678,-0.05930485476806602,-0.005351992613930767,0.20188071693010634,0.21824951509030602,-0.01636879816019965,96,15
beta_0.950_brier,0.95,brier,101,4,True,0.1336466101265669,0.1331919460117746,-0.00045466411479230806,-0.06465684738199678,-0.11653349251500172,0.05187664513300494,0.20188071693010634,0.2125059716420968,-0.010625254711990495,96,15
beta_0.950_mix_25,0.95,mix_25,101,4,True,0.1336466101265669,0.1328621167145174,-0.0007844934120495028,-0.06465684738199678,-0.08623131382911992,0.02157446644712313,0.20188071693010634,0.21250599766690462,-0.010625280736798248,96,15
beta_0.950_mix_50,0.95,mix_50,101,4,True,0.1336466101265669,0.13272102135802705,-0.0009255887685398478,-0.06465684738199678,-0.072247307858471,0.0075904604764742145,0.20188071693010634,0.21250608212491376,-0.01062536519480739,96,15
beta_0.950_mix_75,0.95,mix_75,101,4,True,0.1336466101265669,0.1326437288989647,-0.0010028812276021981,-0.06465684738199678,-0.06428340762794549,-0.0003734397540512968,0.20188071693010634,0.21250611767938749,-0.010625400749281089,96,15
beta_0.950_logloss,0.95,logloss,101,4,True,0.1336466101265669,0.13259514556892354,-0.0010514645576433501,-0.06465684738199678,-0.059158051715762605,-0.00549879566623418,0.20188071693010634,0.21250602842153798,-0.010625311491431644,96,15
beta_0.975_brier,0.975,brier,101,4,True,0.1336466101265669,0.1336760235704938,2.941344392690115e-05,-0.06465684738199678,-0.11414785730079757,0.04949100991880079,0.20188071693010634,0.2070572184703499,-0.005176501540243517,96,15
beta_0.975_mix_25,0.975,mix_25,101,4,True,0.1336466101265669,0.1333509655972458,-0.0002956445293210985,-0.06465684738199678,-0.08505342654322567,0.02039657916122889,0.20188071693010634,0.207057205555031,-0.005176488624924702,96,15
beta_0.975_mix_50,0.975,mix_50,101,4,True,0.1336466101265669,0.1332112768152926,-0.0004353333112742941,-0.06465684738199678,-0.07164168112293179,0.006984833740935004,0.20188071693010634,0.20705676556783562,-0.005176048637729247,96,15
beta_0.975_mix_75,0.975,mix_75,101,4,True,0.1336466101265669,0.13313452323649122,-0.0005120868900756748,-0.06465684738199678,-0.06400378715818322,-0.0006530602238135619,0.20188071693010634,0.2070572165295003,-0.0051764995993939245,96,15
beta_0.975_logloss,0.975,logloss,101,4,True,0.1336466101265669,0.13308618002988187,-0.0005604300966850218,-0.06465684738199678,-0.059087450352461546,-0.005569397029535239,0.20188071693010634,0.20705722471901292,-0.005176507788906548,96,15
