study,seed,scenario,gate_variant,profile,action,count,rate,non_abstention_coverage
HANCOCK,17,clean,ood_only,100,AUGMENT,122,1.0,1.0
HANCOCK,17,clean,ood_only,100,FALLBACK,0,0.0,1.0
HANCOCK,17,clean,ood_only,100,ABSTAIN,0,0.0,1.0
HANCOCK,17,clean,ood_only,90,AUGMENT,100,0.819672131147541,0.9016393442622951
HANCOCK,17,clean,ood_only,90,FALLBACK,10,0.08196721311475409,0.9016393442622951
HANCOCK,17,clean,ood_only,90,ABSTAIN,12,0.09836065573770492,0.9016393442622951
HANCOCK,17,clean,ood_only,80,AUGMENT,79,0.6475409836065574,0.8032786885245902
HANCOCK,17,clean,ood_only,80,FALLBACK,19,0.1557377049180328,0.8032786885245902
HANCOCK,17,clean,ood_only,80,ABSTAIN,24,0.19672131147540983,0.8032786885245902
HANCOCK,17,clean,uncertainty_only,100,AUGMENT,122,1.0,1.0
HANCOCK,17,clean,uncertainty_only,100,FALLBACK,0,0.0,1.0
HANCOCK,17,clean,uncertainty_only,100,ABSTAIN,0,0.0,1.0
HANCOCK,17,clean,uncertainty_only,90,AUGMENT,101,0.8278688524590164,0.9016393442622951
HANCOCK,17,clean,uncertainty_only,90,FALLBACK,9,0.07377049180327869,0.9016393442622951
HANCOCK,17,clean,uncertainty_only,90,ABSTAIN,12,0.09836065573770492,0.9016393442622951
HANCOCK,17,clean,uncertainty_only,80,AUGMENT,83,0.680327868852459,0.8032786885245902
HANCOCK,17,clean,uncertainty_only,80,FALLBACK,15,0.12295081967213115,0.8032786885245902
HANCOCK,17,clean,uncertainty_only,80,ABSTAIN,24,0.19672131147540983,0.8032786885245902
HANCOCK,17,clean,full_equal_weight,100,AUGMENT,122,1.0,1.0
HANCOCK,17,clean,full_equal_weight,100,FALLBACK,0,0.0,1.0
HANCOCK,17,clean,full_equal_weight,100,ABSTAIN,0,0.0,1.0
HANCOCK,17,clean,full_equal_weight,90,AUGMENT,102,0.8360655737704918,0.9016393442622951
HANCOCK,17,clean,full_equal_weight,90,FALLBACK,8,0.06557377049180328,0.9016393442622951
HANCOCK,17,clean,full_equal_weight,90,ABSTAIN,12,0.09836065573770492,0.9016393442622951
HANCOCK,17,clean,full_equal_weight,80,AUGMENT,83,0.680327868852459,0.8032786885245902
HANCOCK,17,clean,full_equal_weight,80,FALLBACK,15,0.12295081967213115,0.8032786885245902
HANCOCK,17,clean,full_equal_weight,80,ABSTAIN,24,0.19672131147540983,0.8032786885245902
HANCOCK,17,clean,full_learned_nonnegative,100,AUGMENT,122,1.0,1.0
HANCOCK,17,clean,full_learned_nonnegative,100,FALLBACK,0,0.0,1.0
HANCOCK,17,clean,full_learned_nonnegative,100,ABSTAIN,0,0.0,1.0
HANCOCK,17,clean,full_learned_nonnegative,90,AUGMENT,102,0.8360655737704918,0.9016393442622951
HANCOCK,17,clean,full_learned_nonnegative,90,FALLBACK,8,0.06557377049180328,0.9016393442622951
HANCOCK,17,clean,full_learned_nonnegative,90,ABSTAIN,12,0.09836065573770492,0.9016393442622951
HANCOCK,17,clean,full_learned_nonnegative,80,AUGMENT,85,0.6967213114754098,0.8032786885245902
HANCOCK,17,clean,full_learned_nonnegative,80,FALLBACK,13,0.10655737704918032,0.8032786885245902
HANCOCK,17,clean,full_learned_nonnegative,80,ABSTAIN,24,0.19672131147540983,0.8032786885245902
HANCOCK,17,random_cell_dropout_10pct,ood_only,100,AUGMENT,122,1.0,1.0
HANCOCK,17,random_cell_dropout_10pct,ood_only,100,FALLBACK,0,0.0,1.0
HANCOCK,17,random_cell_dropout_10pct,ood_only,100,ABSTAIN,0,0.0,1.0
HANCOCK,17,random_cell_dropout_10pct,ood_only,90,AUGMENT,54,0.4426229508196721,0.9016393442622951
HANCOCK,17,random_cell_dropout_10pct,ood_only,90,FALLBACK,56,0.45901639344262296,0.9016393442622951
HANCOCK,17,random_cell_dropout_10pct,ood_only,90,ABSTAIN,12,0.09836065573770492,0.9016393442622951
HANCOCK,17,random_cell_dropout_10pct,ood_only,80,AUGMENT,32,0.26229508196721313,0.8032786885245902
HANCOCK,17,random_cell_dropout_10pct,ood_only,80,FALLBACK,66,0.5409836065573771,0.8032786885245902
HANCOCK,17,random_cell_dropout_10pct,ood_only,80,ABSTAIN,24,0.19672131147540983,0.8032786885245902
HANCOCK,17,random_cell_dropout_10pct,uncertainty_only,100,AUGMENT,122,1.0,1.0
HANCOCK,17,random_cell_dropout_10pct,uncertainty_only,100,FALLBACK,0,0.0,1.0
HANCOCK,17,random_cell_dropout_10pct,uncertainty_only,100,ABSTAIN,0,0.0,1.0
HANCOCK,17,random_cell_dropout_10pct,uncertainty_only,90,AUGMENT,102,0.8360655737704918,0.9016393442622951
HANCOCK,17,random_cell_dropout_10pct,uncertainty_only,90,FALLBACK,8,0.06557377049180328,0.9016393442622951
HANCOCK,17,random_cell_dropout_10pct,uncertainty_only,90,ABSTAIN,12,0.09836065573770492,0.9016393442622951
HANCOCK,17,random_cell_dropout_10pct,uncertainty_only,80,AUGMENT,85,0.6967213114754098,0.8032786885245902
HANCOCK,17,random_cell_dropout_10pct,uncertainty_only,80,FALLBACK,13,0.10655737704918032,0.8032786885245902
HANCOCK,17,random_cell_dropout_10pct,uncertainty_only,80,ABSTAIN,24,0.19672131147540983,0.8032786885245902
HANCOCK,17,random_cell_dropout_10pct,full_equal_weight,100,AUGMENT,122,1.0,1.0
HANCOCK,17,random_cell_dropout_10pct,full_equal_weight,100,FALLBACK,0,0.0,1.0
HANCOCK,17,random_cell_dropout_10pct,full_equal_weight,100,ABSTAIN,0,0.0,1.0
HANCOCK,17,random_cell_dropout_10pct,full_equal_weight,90,AUGMENT,97,0.7950819672131147,0.9016393442622951
HANCOCK,17,random_cell_dropout_10pct,full_equal_weight,90,FALLBACK,13,0.10655737704918032,0.9016393442622951
HANCOCK,17,random_cell_dropout_10pct,full_equal_weight,90,ABSTAIN,12,0.09836065573770492,0.9016393442622951
HANCOCK,17,random_cell_dropout_10pct,full_equal_weight,80,AUGMENT,78,0.639344262295082,0.8032786885245902
HANCOCK,17,random_cell_dropout_10pct,full_equal_weight,80,FALLBACK,20,0.16393442622950818,0.8032786885245902
HANCOCK,17,random_cell_dropout_10pct,full_equal_weight,80,ABSTAIN,24,0.19672131147540983,0.8032786885245902
HANCOCK,17,random_cell_dropout_10pct,full_learned_nonnegative,100,AUGMENT,122,1.0,1.0
HANCOCK,17,random_cell_dropout_10pct,full_learned_nonnegative,100,FALLBACK,0,0.0,1.0
HANCOCK,17,random_cell_dropout_10pct,full_learned_nonnegative,100,ABSTAIN,0,0.0,1.0
HANCOCK,17,random_cell_dropout_10pct,full_learned_nonnegative,90,AUGMENT,101,0.8278688524590164,0.9016393442622951
HANCOCK,17,random_cell_dropout_10pct,full_learned_nonnegative,90,FALLBACK,9,0.07377049180327869,0.9016393442622951
HANCOCK,17,random_cell_dropout_10pct,full_learned_nonnegative,90,ABSTAIN,12,0.09836065573770492,0.9016393442622951
HANCOCK,17,random_cell_dropout_10pct,full_learned_nonnegative,80,AUGMENT,86,0.7049180327868853,0.8032786885245902
HANCOCK,17,random_cell_dropout_10pct,full_learned_nonnegative,80,FALLBACK,12,0.09836065573770492,0.8032786885245902
HANCOCK,17,random_cell_dropout_10pct,full_learned_nonnegative,80,ABSTAIN,24,0.19672131147540983,0.8032786885245902
HANCOCK,17,random_cell_dropout_30pct,ood_only,100,AUGMENT,122,1.0,1.0
HANCOCK,17,random_cell_dropout_30pct,ood_only,100,FALLBACK,0,0.0,1.0
HANCOCK,17,random_cell_dropout_30pct,ood_only,100,ABSTAIN,0,0.0,1.0
HANCOCK,17,random_cell_dropout_30pct,ood_only,90,AUGMENT,16,0.13114754098360656,0.9016393442622951
HANCOCK,17,random_cell_dropout_30pct,ood_only,90,FALLBACK,94,0.7704918032786885,0.9016393442622951
HANCOCK,17,random_cell_dropout_30pct,ood_only,90,ABSTAIN,12,0.09836065573770492,0.9016393442622951
HANCOCK,17,random_cell_dropout_30pct,ood_only,80,AUGMENT,8,0.06557377049180328,0.8032786885245902
HANCOCK,17,random_cell_dropout_30pct,ood_only,80,FALLBACK,90,0.7377049180327869,0.8032786885245902
HANCOCK,17,random_cell_dropout_30pct,ood_only,80,ABSTAIN,24,0.19672131147540983,0.8032786885245902
HANCOCK,17,random_cell_dropout_30pct,uncertainty_only,100,AUGMENT,122,1.0,1.0
HANCOCK,17,random_cell_dropout_30pct,uncertainty_only,100,FALLBACK,0,0.0,1.0
HANCOCK,17,random_cell_dropout_30pct,uncertainty_only,100,ABSTAIN,0,0.0,1.0
HANCOCK,17,random_cell_dropout_30pct,uncertainty_only,90,AUGMENT,106,0.8688524590163934,0.9016393442622951
HANCOCK,17,random_cell_dropout_30pct,uncertainty_only,90,FALLBACK,4,0.03278688524590164,0.9016393442622951
HANCOCK,17,random_cell_dropout_30pct,uncertainty_only,90,ABSTAIN,12,0.09836065573770492,0.9016393442622951
HANCOCK,17,random_cell_dropout_30pct,uncertainty_only,80,AUGMENT,87,0.7131147540983607,0.8032786885245902
HANCOCK,17,random_cell_dropout_30pct,uncertainty_only,80,FALLBACK,11,0.09016393442622951,0.8032786885245902
HANCOCK,17,random_cell_dropout_30pct,uncertainty_only,80,ABSTAIN,24,0.19672131147540983,0.8032786885245902
HANCOCK,17,random_cell_dropout_30pct,full_equal_weight,100,AUGMENT,122,1.0,1.0
HANCOCK,17,random_cell_dropout_30pct,full_equal_weight,100,FALLBACK,0,0.0,1.0
HANCOCK,17,random_cell_dropout_30pct,full_equal_weight,100,ABSTAIN,0,0.0,1.0
HANCOCK,17,random_cell_dropout_30pct,full_equal_weight,90,AUGMENT,100,0.819672131147541,0.9016393442622951
HANCOCK,17,random_cell_dropout_30pct,full_equal_weight,90,FALLBACK,10,0.08196721311475409,0.9016393442622951
HANCOCK,17,random_cell_dropout_30pct,full_equal_weight,90,ABSTAIN,12,0.09836065573770492,0.9016393442622951
HANCOCK,17,random_cell_dropout_30pct,full_equal_weight,80,AUGMENT,75,0.6147540983606558,0.8032786885245902
HANCOCK,17,random_cell_dropout_30pct,full_equal_weight,80,FALLBACK,23,0.1885245901639344,0.8032786885245902
HANCOCK,17,random_cell_dropout_30pct,full_equal_weight,80,ABSTAIN,24,0.19672131147540983,0.8032786885245902
HANCOCK,17,random_cell_dropout_30pct,full_learned_nonnegative,100,AUGMENT,122,1.0,1.0
HANCOCK,17,random_cell_dropout_30pct,full_learned_nonnegative,100,FALLBACK,0,0.0,1.0
HANCOCK,17,random_cell_dropout_30pct,full_learned_nonnegative,100,ABSTAIN,0,0.0,1.0
HANCOCK,17,random_cell_dropout_30pct,full_learned_nonnegative,90,AUGMENT,106,0.8688524590163934,0.9016393442622951
HANCOCK,17,random_cell_dropout_30pct,full_learned_nonnegative,90,FALLBACK,4,0.03278688524590164,0.9016393442622951
HANCOCK,17,random_cell_dropout_30pct,full_learned_nonnegative,90,ABSTAIN,12,0.09836065573770492,0.9016393442622951
HANCOCK,17,random_cell_dropout_30pct,full_learned_nonnegative,80,AUGMENT,89,0.7295081967213115,0.8032786885245902
HANCOCK,17,random_cell_dropout_30pct,full_learned_nonnegative,80,FALLBACK,9,0.07377049180327869,0.8032786885245902
HANCOCK,17,random_cell_dropout_30pct,full_learned_nonnegative,80,ABSTAIN,24,0.19672131147540983,0.8032786885245902
HANCOCK,17,measurement_noise_0.5sd,ood_only,100,AUGMENT,122,1.0,1.0
HANCOCK,17,measurement_noise_0.5sd,ood_only,100,FALLBACK,0,0.0,1.0
HANCOCK,17,measurement_noise_0.5sd,ood_only,100,ABSTAIN,0,0.0,1.0
HANCOCK,17,measurement_noise_0.5sd,ood_only,90,AUGMENT,88,0.7213114754098361,0.9016393442622951
HANCOCK,17,measurement_noise_0.5sd,ood_only,90,FALLBACK,22,0.18032786885245902,0.9016393442622951
HANCOCK,17,measurement_noise_0.5sd,ood_only,90,ABSTAIN,12,0.09836065573770492,0.9016393442622951
HANCOCK,17,measurement_noise_0.5sd,ood_only,80,AUGMENT,53,0.4344262295081967,0.8032786885245902
HANCOCK,17,measurement_noise_0.5sd,ood_only,80,FALLBACK,45,0.36885245901639346,0.8032786885245902
HANCOCK,17,measurement_noise_0.5sd,ood_only,80,ABSTAIN,24,0.19672131147540983,0.8032786885245902
HANCOCK,17,measurement_noise_0.5sd,uncertainty_only,100,AUGMENT,122,1.0,1.0
HANCOCK,17,measurement_noise_0.5sd,uncertainty_only,100,FALLBACK,0,0.0,1.0
HANCOCK,17,measurement_noise_0.5sd,uncertainty_only,100,ABSTAIN,0,0.0,1.0
HANCOCK,17,measurement_noise_0.5sd,uncertainty_only,90,AUGMENT,98,0.8032786885245902,0.9016393442622951
HANCOCK,17,measurement_noise_0.5sd,uncertainty_only,90,FALLBACK,12,0.09836065573770492,0.9016393442622951
HANCOCK,17,measurement_noise_0.5sd,uncertainty_only,90,ABSTAIN,12,0.09836065573770492,0.9016393442622951
HANCOCK,17,measurement_noise_0.5sd,uncertainty_only,80,AUGMENT,75,0.6147540983606558,0.8032786885245902
HANCOCK,17,measurement_noise_0.5sd,uncertainty_only,80,FALLBACK,23,0.1885245901639344,0.8032786885245902
HANCOCK,17,measurement_noise_0.5sd,uncertainty_only,80,ABSTAIN,24,0.19672131147540983,0.8032786885245902
HANCOCK,17,measurement_noise_0.5sd,full_equal_weight,100,AUGMENT,121,0.9918032786885246,1.0
HANCOCK,17,measurement_noise_0.5sd,full_equal_weight,100,FALLBACK,1,0.00819672131147541,1.0
HANCOCK,17,measurement_noise_0.5sd,full_equal_weight,100,ABSTAIN,0,0.0,1.0
HANCOCK,17,measurement_noise_0.5sd,full_equal_weight,90,AUGMENT,95,0.7786885245901639,0.9016393442622951
HANCOCK,17,measurement_noise_0.5sd,full_equal_weight,90,FALLBACK,15,0.12295081967213115,0.9016393442622951
HANCOCK,17,measurement_noise_0.5sd,full_equal_weight,90,ABSTAIN,12,0.09836065573770492,0.9016393442622951
HANCOCK,17,measurement_noise_0.5sd,full_equal_weight,80,AUGMENT,75,0.6147540983606558,0.8032786885245902
HANCOCK,17,measurement_noise_0.5sd,full_equal_weight,80,FALLBACK,23,0.1885245901639344,0.8032786885245902
HANCOCK,17,measurement_noise_0.5sd,full_equal_weight,80,ABSTAIN,24,0.19672131147540983,0.8032786885245902
HANCOCK,17,measurement_noise_0.5sd,full_learned_nonnegative,100,AUGMENT,121,0.9918032786885246,1.0
HANCOCK,17,measurement_noise_0.5sd,full_learned_nonnegative,100,FALLBACK,1,0.00819672131147541,1.0
HANCOCK,17,measurement_noise_0.5sd,full_learned_nonnegative,100,ABSTAIN,0,0.0,1.0
HANCOCK,17,measurement_noise_0.5sd,full_learned_nonnegative,90,AUGMENT,99,0.8114754098360656,0.9016393442622951
HANCOCK,17,measurement_noise_0.5sd,full_learned_nonnegative,90,FALLBACK,11,0.09016393442622951,0.9016393442622951
HANCOCK,17,measurement_noise_0.5sd,full_learned_nonnegative,90,ABSTAIN,12,0.09836065573770492,0.9016393442622951
HANCOCK,17,measurement_noise_0.5sd,full_learned_nonnegative,80,AUGMENT,82,0.6721311475409836,0.8032786885245902
HANCOCK,17,measurement_noise_0.5sd,full_learned_nonnegative,80,FALLBACK,16,0.13114754098360656,0.8032786885245902
HANCOCK,17,measurement_noise_0.5sd,full_learned_nonnegative,80,ABSTAIN,24,0.19672131147540983,0.8032786885245902
HANCOCK,17,location_shift_1sd,ood_only,100,AUGMENT,122,1.0,1.0
HANCOCK,17,location_shift_1sd,ood_only,100,FALLBACK,0,0.0,1.0
HANCOCK,17,location_shift_1sd,ood_only,100,ABSTAIN,0,0.0,1.0
HANCOCK,17,location_shift_1sd,ood_only,90,AUGMENT,82,0.6721311475409836,0.9016393442622951
HANCOCK,17,location_shift_1sd,ood_only,90,FALLBACK,28,0.22950819672131148,0.9016393442622951
HANCOCK,17,location_shift_1sd,ood_only,90,ABSTAIN,12,0.09836065573770492,0.9016393442622951
HANCOCK,17,location_shift_1sd,ood_only,80,AUGMENT,54,0.4426229508196721,0.8032786885245902
HANCOCK,17,location_shift_1sd,ood_only,80,FALLBACK,44,0.36065573770491804,0.8032786885245902
HANCOCK,17,location_shift_1sd,ood_only,80,ABSTAIN,24,0.19672131147540983,0.8032786885245902
HANCOCK,17,location_shift_1sd,uncertainty_only,100,AUGMENT,122,1.0,1.0
HANCOCK,17,location_shift_1sd,uncertainty_only,100,FALLBACK,0,0.0,1.0
HANCOCK,17,location_shift_1sd,uncertainty_only,100,ABSTAIN,0,0.0,1.0
HANCOCK,17,location_shift_1sd,uncertainty_only,90,AUGMENT,102,0.8360655737704918,0.9016393442622951
HANCOCK,17,location_shift_1sd,uncertainty_only,90,FALLBACK,8,0.06557377049180328,0.9016393442622951
HANCOCK,17,location_shift_1sd,uncertainty_only,90,ABSTAIN,12,0.09836065573770492,0.9016393442622951
HANCOCK,17,location_shift_1sd,uncertainty_only,80,AUGMENT,81,0.6639344262295082,0.8032786885245902
HANCOCK,17,location_shift_1sd,uncertainty_only,80,FALLBACK,17,0.13934426229508196,0.8032786885245902
HANCOCK,17,location_shift_1sd,uncertainty_only,80,ABSTAIN,24,0.19672131147540983,0.8032786885245902
HANCOCK,17,location_shift_1sd,full_equal_weight,100,AUGMENT,122,1.0,1.0
HANCOCK,17,location_shift_1sd,full_equal_weight,100,FALLBACK,0,0.0,1.0
HANCOCK,17,location_shift_1sd,full_equal_weight,100,ABSTAIN,0,0.0,1.0
HANCOCK,17,location_shift_1sd,full_equal_weight,90,AUGMENT,98,0.8032786885245902,0.9016393442622951
HANCOCK,17,location_shift_1sd,full_equal_weight,90,FALLBACK,12,0.09836065573770492,0.9016393442622951
HANCOCK,17,location_shift_1sd,full_equal_weight,90,ABSTAIN,12,0.09836065573770492,0.9016393442622951
HANCOCK,17,location_shift_1sd,full_equal_weight,80,AUGMENT,80,0.6557377049180327,0.8032786885245902
HANCOCK,17,location_shift_1sd,full_equal_weight,80,FALLBACK,18,0.14754098360655737,0.8032786885245902
HANCOCK,17,location_shift_1sd,full_equal_weight,80,ABSTAIN,24,0.19672131147540983,0.8032786885245902
HANCOCK,17,location_shift_1sd,full_learned_nonnegative,100,AUGMENT,122,1.0,1.0
HANCOCK,17,location_shift_1sd,full_learned_nonnegative,100,FALLBACK,0,0.0,1.0
HANCOCK,17,location_shift_1sd,full_learned_nonnegative,100,ABSTAIN,0,0.0,1.0
HANCOCK,17,location_shift_1sd,full_learned_nonnegative,90,AUGMENT,101,0.8278688524590164,0.9016393442622951
HANCOCK,17,location_shift_1sd,full_learned_nonnegative,90,FALLBACK,9,0.07377049180327869,0.9016393442622951
HANCOCK,17,location_shift_1sd,full_learned_nonnegative,90,ABSTAIN,12,0.09836065573770492,0.9016393442622951
HANCOCK,17,location_shift_1sd,full_learned_nonnegative,80,AUGMENT,85,0.6967213114754098,0.8032786885245902
HANCOCK,17,location_shift_1sd,full_learned_nonnegative,80,FALLBACK,13,0.10655737704918032,0.8032786885245902
HANCOCK,17,location_shift_1sd,full_learned_nonnegative,80,ABSTAIN,24,0.19672131147540983,0.8032786885245902
HANCOCK,17,row_permutation_negative_control,ood_only,100,AUGMENT,122,1.0,1.0
HANCOCK,17,row_permutation_negative_control,ood_only,100,FALLBACK,0,0.0,1.0
HANCOCK,17,row_permutation_negative_control,ood_only,100,ABSTAIN,0,0.0,1.0
HANCOCK,17,row_permutation_negative_control,ood_only,90,AUGMENT,99,0.8114754098360656,0.9016393442622951
HANCOCK,17,row_permutation_negative_control,ood_only,90,FALLBACK,11,0.09016393442622951,0.9016393442622951
HANCOCK,17,row_permutation_negative_control,ood_only,90,ABSTAIN,12,0.09836065573770492,0.9016393442622951
HANCOCK,17,row_permutation_negative_control,ood_only,80,AUGMENT,79,0.6475409836065574,0.8032786885245902
HANCOCK,17,row_permutation_negative_control,ood_only,80,FALLBACK,19,0.1557377049180328,0.8032786885245902
HANCOCK,17,row_permutation_negative_control,ood_only,80,ABSTAIN,24,0.19672131147540983,0.8032786885245902
HANCOCK,17,row_permutation_negative_control,uncertainty_only,100,AUGMENT,122,1.0,1.0
HANCOCK,17,row_permutation_negative_control,uncertainty_only,100,FALLBACK,0,0.0,1.0
HANCOCK,17,row_permutation_negative_control,uncertainty_only,100,ABSTAIN,0,0.0,1.0
HANCOCK,17,row_permutation_negative_control,uncertainty_only,90,AUGMENT,102,0.8360655737704918,0.9016393442622951
HANCOCK,17,row_permutation_negative_control,uncertainty_only,90,FALLBACK,8,0.06557377049180328,0.9016393442622951
HANCOCK,17,row_permutation_negative_control,uncertainty_only,90,ABSTAIN,12,0.09836065573770492,0.9016393442622951
HANCOCK,17,row_permutation_negative_control,uncertainty_only,80,AUGMENT,76,0.6229508196721312,0.8032786885245902
HANCOCK,17,row_permutation_negative_control,uncertainty_only,80,FALLBACK,22,0.18032786885245902,0.8032786885245902
HANCOCK,17,row_permutation_negative_control,uncertainty_only,80,ABSTAIN,24,0.19672131147540983,0.8032786885245902
HANCOCK,17,row_permutation_negative_control,full_equal_weight,100,AUGMENT,121,0.9918032786885246,1.0
HANCOCK,17,row_permutation_negative_control,full_equal_weight,100,FALLBACK,1,0.00819672131147541,1.0
HANCOCK,17,row_permutation_negative_control,full_equal_weight,100,ABSTAIN,0,0.0,1.0
HANCOCK,17,row_permutation_negative_control,full_equal_weight,90,AUGMENT,101,0.8278688524590164,0.9016393442622951
HANCOCK,17,row_permutation_negative_control,full_equal_weight,90,FALLBACK,9,0.07377049180327869,0.9016393442622951
HANCOCK,17,row_permutation_negative_control,full_equal_weight,90,ABSTAIN,12,0.09836065573770492,0.9016393442622951
HANCOCK,17,row_permutation_negative_control,full_equal_weight,80,AUGMENT,79,0.6475409836065574,0.8032786885245902
HANCOCK,17,row_permutation_negative_control,full_equal_weight,80,FALLBACK,19,0.1557377049180328,0.8032786885245902
HANCOCK,17,row_permutation_negative_control,full_equal_weight,80,ABSTAIN,24,0.19672131147540983,0.8032786885245902
HANCOCK,17,row_permutation_negative_control,full_learned_nonnegative,100,AUGMENT,121,0.9918032786885246,1.0
HANCOCK,17,row_permutation_negative_control,full_learned_nonnegative,100,FALLBACK,1,0.00819672131147541,1.0
HANCOCK,17,row_permutation_negative_control,full_learned_nonnegative,100,ABSTAIN,0,0.0,1.0
HANCOCK,17,row_permutation_negative_control,full_learned_nonnegative,90,AUGMENT,98,0.8032786885245902,0.9016393442622951
HANCOCK,17,row_permutation_negative_control,full_learned_nonnegative,90,FALLBACK,12,0.09836065573770492,0.9016393442622951
HANCOCK,17,row_permutation_negative_control,full_learned_nonnegative,90,ABSTAIN,12,0.09836065573770492,0.9016393442622951
HANCOCK,17,row_permutation_negative_control,full_learned_nonnegative,80,AUGMENT,78,0.639344262295082,0.8032786885245902
HANCOCK,17,row_permutation_negative_control,full_learned_nonnegative,80,FALLBACK,20,0.16393442622950818,0.8032786885245902
HANCOCK,17,row_permutation_negative_control,full_learned_nonnegative,80,ABSTAIN,24,0.19672131147540983,0.8032786885245902
HANCOCK,17,complete_modality_dropout,ood_only,100,AUGMENT,0,0.0,1.0
HANCOCK,17,complete_modality_dropout,ood_only,100,FALLBACK,122,1.0,1.0
HANCOCK,17,complete_modality_dropout,ood_only,100,ABSTAIN,0,0.0,1.0
HANCOCK,17,complete_modality_dropout,ood_only,90,AUGMENT,0,0.0,0.9016393442622951
HANCOCK,17,complete_modality_dropout,ood_only,90,FALLBACK,110,0.9016393442622951,0.9016393442622951
HANCOCK,17,complete_modality_dropout,ood_only,90,ABSTAIN,12,0.09836065573770492,0.9016393442622951
HANCOCK,17,complete_modality_dropout,ood_only,80,AUGMENT,0,0.0,0.8032786885245902
HANCOCK,17,complete_modality_dropout,ood_only,80,FALLBACK,98,0.8032786885245902,0.8032786885245902
HANCOCK,17,complete_modality_dropout,ood_only,80,ABSTAIN,24,0.19672131147540983,0.8032786885245902
HANCOCK,17,complete_modality_dropout,uncertainty_only,100,AUGMENT,0,0.0,1.0
HANCOCK,17,complete_modality_dropout,uncertainty_only,100,FALLBACK,122,1.0,1.0
HANCOCK,17,complete_modality_dropout,uncertainty_only,100,ABSTAIN,0,0.0,1.0
HANCOCK,17,complete_modality_dropout,uncertainty_only,90,AUGMENT,0,0.0,0.9016393442622951
HANCOCK,17,complete_modality_dropout,uncertainty_only,90,FALLBACK,110,0.9016393442622951,0.9016393442622951
HANCOCK,17,complete_modality_dropout,uncertainty_only,90,ABSTAIN,12,0.09836065573770492,0.9016393442622951
HANCOCK,17,complete_modality_dropout,uncertainty_only,80,AUGMENT,0,0.0,0.8032786885245902
HANCOCK,17,complete_modality_dropout,uncertainty_only,80,FALLBACK,98,0.8032786885245902,0.8032786885245902
HANCOCK,17,complete_modality_dropout,uncertainty_only,80,ABSTAIN,24,0.19672131147540983,0.8032786885245902
HANCOCK,17,complete_modality_dropout,full_equal_weight,100,AUGMENT,0,0.0,1.0
HANCOCK,17,complete_modality_dropout,full_equal_weight,100,FALLBACK,122,1.0,1.0
HANCOCK,17,complete_modality_dropout,full_equal_weight,100,ABSTAIN,0,0.0,1.0
HANCOCK,17,complete_modality_dropout,full_equal_weight,90,AUGMENT,0,0.0,0.9016393442622951
HANCOCK,17,complete_modality_dropout,full_equal_weight,90,FALLBACK,110,0.9016393442622951,0.9016393442622951
HANCOCK,17,complete_modality_dropout,full_equal_weight,90,ABSTAIN,12,0.09836065573770492,0.9016393442622951
HANCOCK,17,complete_modality_dropout,full_equal_weight,80,AUGMENT,0,0.0,0.8032786885245902
HANCOCK,17,complete_modality_dropout,full_equal_weight,80,FALLBACK,98,0.8032786885245902,0.8032786885245902
HANCOCK,17,complete_modality_dropout,full_equal_weight,80,ABSTAIN,24,0.19672131147540983,0.8032786885245902
HANCOCK,17,complete_modality_dropout,full_learned_nonnegative,100,AUGMENT,0,0.0,1.0
HANCOCK,17,complete_modality_dropout,full_learned_nonnegative,100,FALLBACK,122,1.0,1.0
HANCOCK,17,complete_modality_dropout,full_learned_nonnegative,100,ABSTAIN,0,0.0,1.0
HANCOCK,17,complete_modality_dropout,full_learned_nonnegative,90,AUGMENT,0,0.0,0.9016393442622951
HANCOCK,17,complete_modality_dropout,full_learned_nonnegative,90,FALLBACK,110,0.9016393442622951,0.9016393442622951
HANCOCK,17,complete_modality_dropout,full_learned_nonnegative,90,ABSTAIN,12,0.09836065573770492,0.9016393442622951
HANCOCK,17,complete_modality_dropout,full_learned_nonnegative,80,AUGMENT,0,0.0,0.8032786885245902
HANCOCK,17,complete_modality_dropout,full_learned_nonnegative,80,FALLBACK,98,0.8032786885245902,0.8032786885245902
HANCOCK,17,complete_modality_dropout,full_learned_nonnegative,80,ABSTAIN,24,0.19672131147540983,0.8032786885245902
HANCOCK,17,blood_block_dropout_30pct_rows,ood_only,100,AUGMENT,120,0.9836065573770492,1.0
HANCOCK,17,blood_block_dropout_30pct_rows,ood_only,100,FALLBACK,2,0.01639344262295082,1.0
HANCOCK,17,blood_block_dropout_30pct_rows,ood_only,100,ABSTAIN,0,0.0,1.0
HANCOCK,17,blood_block_dropout_30pct_rows,ood_only,90,AUGMENT,100,0.819672131147541,0.9016393442622951
HANCOCK,17,blood_block_dropout_30pct_rows,ood_only,90,FALLBACK,10,0.08196721311475409,0.9016393442622951
HANCOCK,17,blood_block_dropout_30pct_rows,ood_only,90,ABSTAIN,12,0.09836065573770492,0.9016393442622951
HANCOCK,17,blood_block_dropout_30pct_rows,ood_only,80,AUGMENT,83,0.680327868852459,0.8032786885245902
HANCOCK,17,blood_block_dropout_30pct_rows,ood_only,80,FALLBACK,15,0.12295081967213115,0.8032786885245902
HANCOCK,17,blood_block_dropout_30pct_rows,ood_only,80,ABSTAIN,24,0.19672131147540983,0.8032786885245902
HANCOCK,17,blood_block_dropout_30pct_rows,uncertainty_only,100,AUGMENT,120,0.9836065573770492,1.0
HANCOCK,17,blood_block_dropout_30pct_rows,uncertainty_only,100,FALLBACK,2,0.01639344262295082,1.0
HANCOCK,17,blood_block_dropout_30pct_rows,uncertainty_only,100,ABSTAIN,0,0.0,1.0
HANCOCK,17,blood_block_dropout_30pct_rows,uncertainty_only,90,AUGMENT,101,0.8278688524590164,0.9016393442622951
HANCOCK,17,blood_block_dropout_30pct_rows,uncertainty_only,90,FALLBACK,9,0.07377049180327869,0.9016393442622951
HANCOCK,17,blood_block_dropout_30pct_rows,uncertainty_only,90,ABSTAIN,12,0.09836065573770492,0.9016393442622951
HANCOCK,17,blood_block_dropout_30pct_rows,uncertainty_only,80,AUGMENT,87,0.7131147540983607,0.8032786885245902
HANCOCK,17,blood_block_dropout_30pct_rows,uncertainty_only,80,FALLBACK,11,0.09016393442622951,0.8032786885245902
HANCOCK,17,blood_block_dropout_30pct_rows,uncertainty_only,80,ABSTAIN,24,0.19672131147540983,0.8032786885245902
HANCOCK,17,blood_block_dropout_30pct_rows,full_equal_weight,100,AUGMENT,119,0.9754098360655737,1.0
HANCOCK,17,blood_block_dropout_30pct_rows,full_equal_weight,100,FALLBACK,3,0.02459016393442623,1.0
HANCOCK,17,blood_block_dropout_30pct_rows,full_equal_weight,100,ABSTAIN,0,0.0,1.0
HANCOCK,17,blood_block_dropout_30pct_rows,full_equal_weight,90,AUGMENT,103,0.8442622950819673,0.9016393442622951
HANCOCK,17,blood_block_dropout_30pct_rows,full_equal_weight,90,FALLBACK,7,0.05737704918032787,0.9016393442622951
HANCOCK,17,blood_block_dropout_30pct_rows,full_equal_weight,90,ABSTAIN,12,0.09836065573770492,0.9016393442622951
HANCOCK,17,blood_block_dropout_30pct_rows,full_equal_weight,80,AUGMENT,88,0.7213114754098361,0.8032786885245902
HANCOCK,17,blood_block_dropout_30pct_rows,full_equal_weight,80,FALLBACK,10,0.08196721311475409,0.8032786885245902
HANCOCK,17,blood_block_dropout_30pct_rows,full_equal_weight,80,ABSTAIN,24,0.19672131147540983,0.8032786885245902
HANCOCK,17,blood_block_dropout_30pct_rows,full_learned_nonnegative,100,AUGMENT,119,0.9754098360655737,1.0
HANCOCK,17,blood_block_dropout_30pct_rows,full_learned_nonnegative,100,FALLBACK,3,0.02459016393442623,1.0
HANCOCK,17,blood_block_dropout_30pct_rows,full_learned_nonnegative,100,ABSTAIN,0,0.0,1.0
HANCOCK,17,blood_block_dropout_30pct_rows,full_learned_nonnegative,90,AUGMENT,102,0.8360655737704918,0.9016393442622951
HANCOCK,17,blood_block_dropout_30pct_rows,full_learned_nonnegative,90,FALLBACK,8,0.06557377049180328,0.9016393442622951
HANCOCK,17,blood_block_dropout_30pct_rows,full_learned_nonnegative,90,ABSTAIN,12,0.09836065573770492,0.9016393442622951
HANCOCK,17,blood_block_dropout_30pct_rows,full_learned_nonnegative,80,AUGMENT,88,0.7213114754098361,0.8032786885245902
HANCOCK,17,blood_block_dropout_30pct_rows,full_learned_nonnegative,80,FALLBACK,10,0.08196721311475409,0.8032786885245902
HANCOCK,17,blood_block_dropout_30pct_rows,full_learned_nonnegative,80,ABSTAIN,24,0.19672131147540983,0.8032786885245902
HANCOCK,17,tma_block_dropout_30pct_rows,ood_only,100,AUGMENT,115,0.9426229508196722,1.0
HANCOCK,17,tma_block_dropout_30pct_rows,ood_only,100,FALLBACK,7,0.05737704918032787,1.0
HANCOCK,17,tma_block_dropout_30pct_rows,ood_only,100,ABSTAIN,0,0.0,1.0
HANCOCK,17,tma_block_dropout_30pct_rows,ood_only,90,AUGMENT,88,0.7213114754098361,0.9016393442622951
HANCOCK,17,tma_block_dropout_30pct_rows,ood_only,90,FALLBACK,22,0.18032786885245902,0.9016393442622951
HANCOCK,17,tma_block_dropout_30pct_rows,ood_only,90,ABSTAIN,12,0.09836065573770492,0.9016393442622951
HANCOCK,17,tma_block_dropout_30pct_rows,ood_only,80,AUGMENT,61,0.5,0.8032786885245902
HANCOCK,17,tma_block_dropout_30pct_rows,ood_only,80,FALLBACK,37,0.30327868852459017,0.8032786885245902
HANCOCK,17,tma_block_dropout_30pct_rows,ood_only,80,ABSTAIN,24,0.19672131147540983,0.8032786885245902
HANCOCK,17,tma_block_dropout_30pct_rows,uncertainty_only,100,AUGMENT,115,0.9426229508196722,1.0
HANCOCK,17,tma_block_dropout_30pct_rows,uncertainty_only,100,FALLBACK,7,0.05737704918032787,1.0
HANCOCK,17,tma_block_dropout_30pct_rows,uncertainty_only,100,ABSTAIN,0,0.0,1.0
HANCOCK,17,tma_block_dropout_30pct_rows,uncertainty_only,90,AUGMENT,94,0.7704918032786885,0.9016393442622951
HANCOCK,17,tma_block_dropout_30pct_rows,uncertainty_only,90,FALLBACK,16,0.13114754098360656,0.9016393442622951
HANCOCK,17,tma_block_dropout_30pct_rows,uncertainty_only,90,ABSTAIN,12,0.09836065573770492,0.9016393442622951
HANCOCK,17,tma_block_dropout_30pct_rows,uncertainty_only,80,AUGMENT,77,0.6311475409836066,0.8032786885245902
HANCOCK,17,tma_block_dropout_30pct_rows,uncertainty_only,80,FALLBACK,21,0.1721311475409836,0.8032786885245902
HANCOCK,17,tma_block_dropout_30pct_rows,uncertainty_only,80,ABSTAIN,24,0.19672131147540983,0.8032786885245902
HANCOCK,17,tma_block_dropout_30pct_rows,full_equal_weight,100,AUGMENT,114,0.9344262295081968,1.0
HANCOCK,17,tma_block_dropout_30pct_rows,full_equal_weight,100,FALLBACK,8,0.06557377049180328,1.0
HANCOCK,17,tma_block_dropout_30pct_rows,full_equal_weight,100,ABSTAIN,0,0.0,1.0
HANCOCK,17,tma_block_dropout_30pct_rows,full_equal_weight,90,AUGMENT,93,0.7622950819672131,0.9016393442622951
HANCOCK,17,tma_block_dropout_30pct_rows,full_equal_weight,90,FALLBACK,17,0.13934426229508196,0.9016393442622951
HANCOCK,17,tma_block_dropout_30pct_rows,full_equal_weight,90,ABSTAIN,12,0.09836065573770492,0.9016393442622951
HANCOCK,17,tma_block_dropout_30pct_rows,full_equal_weight,80,AUGMENT,77,0.6311475409836066,0.8032786885245902
HANCOCK,17,tma_block_dropout_30pct_rows,full_equal_weight,80,FALLBACK,21,0.1721311475409836,0.8032786885245902
HANCOCK,17,tma_block_dropout_30pct_rows,full_equal_weight,80,ABSTAIN,24,0.19672131147540983,0.8032786885245902
HANCOCK,17,tma_block_dropout_30pct_rows,full_learned_nonnegative,100,AUGMENT,114,0.9344262295081968,1.0
HANCOCK,17,tma_block_dropout_30pct_rows,full_learned_nonnegative,100,FALLBACK,8,0.06557377049180328,1.0
HANCOCK,17,tma_block_dropout_30pct_rows,full_learned_nonnegative,100,ABSTAIN,0,0.0,1.0
HANCOCK,17,tma_block_dropout_30pct_rows,full_learned_nonnegative,90,AUGMENT,94,0.7704918032786885,0.9016393442622951
HANCOCK,17,tma_block_dropout_30pct_rows,full_learned_nonnegative,90,FALLBACK,16,0.13114754098360656,0.9016393442622951
HANCOCK,17,tma_block_dropout_30pct_rows,full_learned_nonnegative,90,ABSTAIN,12,0.09836065573770492,0.9016393442622951
HANCOCK,17,tma_block_dropout_30pct_rows,full_learned_nonnegative,80,AUGMENT,81,0.6639344262295082,0.8032786885245902
HANCOCK,17,tma_block_dropout_30pct_rows,full_learned_nonnegative,80,FALLBACK,17,0.13934426229508196,0.8032786885245902
HANCOCK,17,tma_block_dropout_30pct_rows,full_learned_nonnegative,80,ABSTAIN,24,0.19672131147540983,0.8032786885245902
HANCOCK,17,blood_and_tma_dropout_30pct_rows,ood_only,100,AUGMENT,85,0.6967213114754098,1.0
HANCOCK,17,blood_and_tma_dropout_30pct_rows,ood_only,100,FALLBACK,37,0.30327868852459017,1.0
HANCOCK,17,blood_and_tma_dropout_30pct_rows,ood_only,100,ABSTAIN,0,0.0,1.0
HANCOCK,17,blood_and_tma_dropout_30pct_rows,ood_only,90,AUGMENT,69,0.5655737704918032,0.9016393442622951
HANCOCK,17,blood_and_tma_dropout_30pct_rows,ood_only,90,FALLBACK,41,0.3360655737704918,0.9016393442622951
HANCOCK,17,blood_and_tma_dropout_30pct_rows,ood_only,90,ABSTAIN,12,0.09836065573770492,0.9016393442622951
HANCOCK,17,blood_and_tma_dropout_30pct_rows,ood_only,80,AUGMENT,56,0.45901639344262296,0.8032786885245902
HANCOCK,17,blood_and_tma_dropout_30pct_rows,ood_only,80,FALLBACK,42,0.3442622950819672,0.8032786885245902
HANCOCK,17,blood_and_tma_dropout_30pct_rows,ood_only,80,ABSTAIN,24,0.19672131147540983,0.8032786885245902
HANCOCK,17,blood_and_tma_dropout_30pct_rows,uncertainty_only,100,AUGMENT,85,0.6967213114754098,1.0
HANCOCK,17,blood_and_tma_dropout_30pct_rows,uncertainty_only,100,FALLBACK,37,0.30327868852459017,1.0
HANCOCK,17,blood_and_tma_dropout_30pct_rows,uncertainty_only,100,ABSTAIN,0,0.0,1.0
HANCOCK,17,blood_and_tma_dropout_30pct_rows,uncertainty_only,90,AUGMENT,69,0.5655737704918032,0.9016393442622951
HANCOCK,17,blood_and_tma_dropout_30pct_rows,uncertainty_only,90,FALLBACK,41,0.3360655737704918,0.9016393442622951
HANCOCK,17,blood_and_tma_dropout_30pct_rows,uncertainty_only,90,ABSTAIN,12,0.09836065573770492,0.9016393442622951
HANCOCK,17,blood_and_tma_dropout_30pct_rows,uncertainty_only,80,AUGMENT,58,0.47540983606557374,0.8032786885245902
HANCOCK,17,blood_and_tma_dropout_30pct_rows,uncertainty_only,80,FALLBACK,40,0.32786885245901637,0.8032786885245902
HANCOCK,17,blood_and_tma_dropout_30pct_rows,uncertainty_only,80,ABSTAIN,24,0.19672131147540983,0.8032786885245902
HANCOCK,17,blood_and_tma_dropout_30pct_rows,full_equal_weight,100,AUGMENT,84,0.6885245901639344,1.0
HANCOCK,17,blood_and_tma_dropout_30pct_rows,full_equal_weight,100,FALLBACK,38,0.3114754098360656,1.0
HANCOCK,17,blood_and_tma_dropout_30pct_rows,full_equal_weight,100,ABSTAIN,0,0.0,1.0
HANCOCK,17,blood_and_tma_dropout_30pct_rows,full_equal_weight,90,AUGMENT,69,0.5655737704918032,0.9016393442622951
HANCOCK,17,blood_and_tma_dropout_30pct_rows,full_equal_weight,90,FALLBACK,41,0.3360655737704918,0.9016393442622951
HANCOCK,17,blood_and_tma_dropout_30pct_rows,full_equal_weight,90,ABSTAIN,12,0.09836065573770492,0.9016393442622951
HANCOCK,17,blood_and_tma_dropout_30pct_rows,full_equal_weight,80,AUGMENT,57,0.4672131147540984,0.8032786885245902
HANCOCK,17,blood_and_tma_dropout_30pct_rows,full_equal_weight,80,FALLBACK,41,0.3360655737704918,0.8032786885245902
HANCOCK,17,blood_and_tma_dropout_30pct_rows,full_equal_weight,80,ABSTAIN,24,0.19672131147540983,0.8032786885245902
HANCOCK,17,blood_and_tma_dropout_30pct_rows,full_learned_nonnegative,100,AUGMENT,84,0.6885245901639344,1.0
HANCOCK,17,blood_and_tma_dropout_30pct_rows,full_learned_nonnegative,100,FALLBACK,38,0.3114754098360656,1.0
HANCOCK,17,blood_and_tma_dropout_30pct_rows,full_learned_nonnegative,100,ABSTAIN,0,0.0,1.0
HANCOCK,17,blood_and_tma_dropout_30pct_rows,full_learned_nonnegative,90,AUGMENT,71,0.5819672131147541,0.9016393442622951
HANCOCK,17,blood_and_tma_dropout_30pct_rows,full_learned_nonnegative,90,FALLBACK,39,0.319672131147541,0.9016393442622951
HANCOCK,17,blood_and_tma_dropout_30pct_rows,full_learned_nonnegative,90,ABSTAIN,12,0.09836065573770492,0.9016393442622951
HANCOCK,17,blood_and_tma_dropout_30pct_rows,full_learned_nonnegative,80,AUGMENT,61,0.5,0.8032786885245902
HANCOCK,17,blood_and_tma_dropout_30pct_rows,full_learned_nonnegative,80,FALLBACK,37,0.30327868852459017,0.8032786885245902
HANCOCK,17,blood_and_tma_dropout_30pct_rows,full_learned_nonnegative,80,ABSTAIN,24,0.19672131147540983,0.8032786885245902
HANCOCK,17,oropharynx_targeted_tma_dropout,ood_only,100,AUGMENT,122,1.0,1.0
HANCOCK,17,oropharynx_targeted_tma_dropout,ood_only,100,FALLBACK,0,0.0,1.0
HANCOCK,17,oropharynx_targeted_tma_dropout,ood_only,100,ABSTAIN,0,0.0,1.0
HANCOCK,17,oropharynx_targeted_tma_dropout,ood_only,90,AUGMENT,100,0.819672131147541,0.9016393442622951
HANCOCK,17,oropharynx_targeted_tma_dropout,ood_only,90,FALLBACK,10,0.08196721311475409,0.9016393442622951
HANCOCK,17,oropharynx_targeted_tma_dropout,ood_only,90,ABSTAIN,12,0.09836065573770492,0.9016393442622951
HANCOCK,17,oropharynx_targeted_tma_dropout,ood_only,80,AUGMENT,79,0.6475409836065574,0.8032786885245902
HANCOCK,17,oropharynx_targeted_tma_dropout,ood_only,80,FALLBACK,19,0.1557377049180328,0.8032786885245902
HANCOCK,17,oropharynx_targeted_tma_dropout,ood_only,80,ABSTAIN,24,0.19672131147540983,0.8032786885245902
HANCOCK,17,oropharynx_targeted_tma_dropout,uncertainty_only,100,AUGMENT,122,1.0,1.0
HANCOCK,17,oropharynx_targeted_tma_dropout,uncertainty_only,100,FALLBACK,0,0.0,1.0
HANCOCK,17,oropharynx_targeted_tma_dropout,uncertainty_only,100,ABSTAIN,0,0.0,1.0
HANCOCK,17,oropharynx_targeted_tma_dropout,uncertainty_only,90,AUGMENT,101,0.8278688524590164,0.9016393442622951
HANCOCK,17,oropharynx_targeted_tma_dropout,uncertainty_only,90,FALLBACK,9,0.07377049180327869,0.9016393442622951
HANCOCK,17,oropharynx_targeted_tma_dropout,uncertainty_only,90,ABSTAIN,12,0.09836065573770492,0.9016393442622951
HANCOCK,17,oropharynx_targeted_tma_dropout,uncertainty_only,80,AUGMENT,83,0.680327868852459,0.8032786885245902
HANCOCK,17,oropharynx_targeted_tma_dropout,uncertainty_only,80,FALLBACK,15,0.12295081967213115,0.8032786885245902
HANCOCK,17,oropharynx_targeted_tma_dropout,uncertainty_only,80,ABSTAIN,24,0.19672131147540983,0.8032786885245902
HANCOCK,17,oropharynx_targeted_tma_dropout,full_equal_weight,100,AUGMENT,121,0.9918032786885246,1.0
HANCOCK,17,oropharynx_targeted_tma_dropout,full_equal_weight,100,FALLBACK,1,0.00819672131147541,1.0
HANCOCK,17,oropharynx_targeted_tma_dropout,full_equal_weight,100,ABSTAIN,0,0.0,1.0
HANCOCK,17,oropharynx_targeted_tma_dropout,full_equal_weight,90,AUGMENT,102,0.8360655737704918,0.9016393442622951
HANCOCK,17,oropharynx_targeted_tma_dropout,full_equal_weight,90,FALLBACK,8,0.06557377049180328,0.9016393442622951
HANCOCK,17,oropharynx_targeted_tma_dropout,full_equal_weight,90,ABSTAIN,12,0.09836065573770492,0.9016393442622951
HANCOCK,17,oropharynx_targeted_tma_dropout,full_equal_weight,80,AUGMENT,82,0.6721311475409836,0.8032786885245902
HANCOCK,17,oropharynx_targeted_tma_dropout,full_equal_weight,80,FALLBACK,16,0.13114754098360656,0.8032786885245902
HANCOCK,17,oropharynx_targeted_tma_dropout,full_equal_weight,80,ABSTAIN,24,0.19672131147540983,0.8032786885245902
HANCOCK,17,oropharynx_targeted_tma_dropout,full_learned_nonnegative,100,AUGMENT,121,0.9918032786885246,1.0
HANCOCK,17,oropharynx_targeted_tma_dropout,full_learned_nonnegative,100,FALLBACK,1,0.00819672131147541,1.0
HANCOCK,17,oropharynx_targeted_tma_dropout,full_learned_nonnegative,100,ABSTAIN,0,0.0,1.0
HANCOCK,17,oropharynx_targeted_tma_dropout,full_learned_nonnegative,90,AUGMENT,98,0.8032786885245902,0.9016393442622951
HANCOCK,17,oropharynx_targeted_tma_dropout,full_learned_nonnegative,90,FALLBACK,12,0.09836065573770492,0.9016393442622951
HANCOCK,17,oropharynx_targeted_tma_dropout,full_learned_nonnegative,90,ABSTAIN,12,0.09836065573770492,0.9016393442622951
HANCOCK,17,oropharynx_targeted_tma_dropout,full_learned_nonnegative,80,AUGMENT,86,0.7049180327868853,0.8032786885245902
HANCOCK,17,oropharynx_targeted_tma_dropout,full_learned_nonnegative,80,FALLBACK,12,0.09836065573770492,0.8032786885245902
HANCOCK,17,oropharynx_targeted_tma_dropout,full_learned_nonnegative,80,ABSTAIN,24,0.19672131147540983,0.8032786885245902
HANCOCK,29,clean,ood_only,100,AUGMENT,122,1.0,1.0
HANCOCK,29,clean,ood_only,100,FALLBACK,0,0.0,1.0
HANCOCK,29,clean,ood_only,100,ABSTAIN,0,0.0,1.0
HANCOCK,29,clean,ood_only,90,AUGMENT,100,0.819672131147541,0.9016393442622951
HANCOCK,29,clean,ood_only,90,FALLBACK,10,0.08196721311475409,0.9016393442622951
HANCOCK,29,clean,ood_only,90,ABSTAIN,12,0.09836065573770492,0.9016393442622951
HANCOCK,29,clean,ood_only,80,AUGMENT,78,0.639344262295082,0.8032786885245902
HANCOCK,29,clean,ood_only,80,FALLBACK,20,0.16393442622950818,0.8032786885245902
HANCOCK,29,clean,ood_only,80,ABSTAIN,24,0.19672131147540983,0.8032786885245902
HANCOCK,29,clean,uncertainty_only,100,AUGMENT,122,1.0,1.0
HANCOCK,29,clean,uncertainty_only,100,FALLBACK,0,0.0,1.0
HANCOCK,29,clean,uncertainty_only,100,ABSTAIN,0,0.0,1.0
HANCOCK,29,clean,uncertainty_only,90,AUGMENT,101,0.8278688524590164,0.9016393442622951
HANCOCK,29,clean,uncertainty_only,90,FALLBACK,9,0.07377049180327869,0.9016393442622951
HANCOCK,29,clean,uncertainty_only,90,ABSTAIN,12,0.09836065573770492,0.9016393442622951
HANCOCK,29,clean,uncertainty_only,80,AUGMENT,84,0.6885245901639344,0.8032786885245902
HANCOCK,29,clean,uncertainty_only,80,FALLBACK,14,0.11475409836065574,0.8032786885245902
HANCOCK,29,clean,uncertainty_only,80,ABSTAIN,24,0.19672131147540983,0.8032786885245902
HANCOCK,29,clean,full_equal_weight,100,AUGMENT,122,1.0,1.0
HANCOCK,29,clean,full_equal_weight,100,FALLBACK,0,0.0,1.0
HANCOCK,29,clean,full_equal_weight,100,ABSTAIN,0,0.0,1.0
HANCOCK,29,clean,full_equal_weight,90,AUGMENT,101,0.8278688524590164,0.9016393442622951
HANCOCK,29,clean,full_equal_weight,90,FALLBACK,9,0.07377049180327869,0.9016393442622951
HANCOCK,29,clean,full_equal_weight,90,ABSTAIN,12,0.09836065573770492,0.9016393442622951
HANCOCK,29,clean,full_equal_weight,80,AUGMENT,82,0.6721311475409836,0.8032786885245902
HANCOCK,29,clean,full_equal_weight,80,FALLBACK,16,0.13114754098360656,0.8032786885245902
HANCOCK,29,clean,full_equal_weight,80,ABSTAIN,24,0.19672131147540983,0.8032786885245902
HANCOCK,29,clean,full_learned_nonnegative,100,AUGMENT,122,1.0,1.0
HANCOCK,29,clean,full_learned_nonnegative,100,FALLBACK,0,0.0,1.0
HANCOCK,29,clean,full_learned_nonnegative,100,ABSTAIN,0,0.0,1.0
HANCOCK,29,clean,full_learned_nonnegative,90,AUGMENT,103,0.8442622950819673,0.9016393442622951
HANCOCK,29,clean,full_learned_nonnegative,90,FALLBACK,7,0.05737704918032787,0.9016393442622951
HANCOCK,29,clean,full_learned_nonnegative,90,ABSTAIN,12,0.09836065573770492,0.9016393442622951
HANCOCK,29,clean,full_learned_nonnegative,80,AUGMENT,84,0.6885245901639344,0.8032786885245902
HANCOCK,29,clean,full_learned_nonnegative,80,FALLBACK,14,0.11475409836065574,0.8032786885245902
HANCOCK,29,clean,full_learned_nonnegative,80,ABSTAIN,24,0.19672131147540983,0.8032786885245902
HANCOCK,29,random_cell_dropout_10pct,ood_only,100,AUGMENT,122,1.0,1.0
HANCOCK,29,random_cell_dropout_10pct,ood_only,100,FALLBACK,0,0.0,1.0
HANCOCK,29,random_cell_dropout_10pct,ood_only,100,ABSTAIN,0,0.0,1.0
HANCOCK,29,random_cell_dropout_10pct,ood_only,90,AUGMENT,58,0.47540983606557374,0.9016393442622951
HANCOCK,29,random_cell_dropout_10pct,ood_only,90,FALLBACK,52,0.4262295081967213,0.9016393442622951
HANCOCK,29,random_cell_dropout_10pct,ood_only,90,ABSTAIN,12,0.09836065573770492,0.9016393442622951
HANCOCK,29,random_cell_dropout_10pct,ood_only,80,AUGMENT,30,0.2459016393442623,0.8032786885245902
HANCOCK,29,random_cell_dropout_10pct,ood_only,80,FALLBACK,68,0.5573770491803278,0.8032786885245902
HANCOCK,29,random_cell_dropout_10pct,ood_only,80,ABSTAIN,24,0.19672131147540983,0.8032786885245902
HANCOCK,29,random_cell_dropout_10pct,uncertainty_only,100,AUGMENT,122,1.0,1.0
HANCOCK,29,random_cell_dropout_10pct,uncertainty_only,100,FALLBACK,0,0.0,1.0
HANCOCK,29,random_cell_dropout_10pct,uncertainty_only,100,ABSTAIN,0,0.0,1.0
HANCOCK,29,random_cell_dropout_10pct,uncertainty_only,90,AUGMENT,103,0.8442622950819673,0.9016393442622951
HANCOCK,29,random_cell_dropout_10pct,uncertainty_only,90,FALLBACK,7,0.05737704918032787,0.9016393442622951
HANCOCK,29,random_cell_dropout_10pct,uncertainty_only,90,ABSTAIN,12,0.09836065573770492,0.9016393442622951
HANCOCK,29,random_cell_dropout_10pct,uncertainty_only,80,AUGMENT,87,0.7131147540983607,0.8032786885245902
HANCOCK,29,random_cell_dropout_10pct,uncertainty_only,80,FALLBACK,11,0.09016393442622951,0.8032786885245902
HANCOCK,29,random_cell_dropout_10pct,uncertainty_only,80,ABSTAIN,24,0.19672131147540983,0.8032786885245902
HANCOCK,29,random_cell_dropout_10pct,full_equal_weight,100,AUGMENT,122,1.0,1.0
HANCOCK,29,random_cell_dropout_10pct,full_equal_weight,100,FALLBACK,0,0.0,1.0
HANCOCK,29,random_cell_dropout_10pct,full_equal_weight,100,ABSTAIN,0,0.0,1.0
HANCOCK,29,random_cell_dropout_10pct,full_equal_weight,90,AUGMENT,100,0.819672131147541,0.9016393442622951
HANCOCK,29,random_cell_dropout_10pct,full_equal_weight,90,FALLBACK,10,0.08196721311475409,0.9016393442622951
HANCOCK,29,random_cell_dropout_10pct,full_equal_weight,90,ABSTAIN,12,0.09836065573770492,0.9016393442622951
HANCOCK,29,random_cell_dropout_10pct,full_equal_weight,80,AUGMENT,79,0.6475409836065574,0.8032786885245902
HANCOCK,29,random_cell_dropout_10pct,full_equal_weight,80,FALLBACK,19,0.1557377049180328,0.8032786885245902
HANCOCK,29,random_cell_dropout_10pct,full_equal_weight,80,ABSTAIN,24,0.19672131147540983,0.8032786885245902
HANCOCK,29,random_cell_dropout_10pct,full_learned_nonnegative,100,AUGMENT,122,1.0,1.0
HANCOCK,29,random_cell_dropout_10pct,full_learned_nonnegative,100,FALLBACK,0,0.0,1.0
HANCOCK,29,random_cell_dropout_10pct,full_learned_nonnegative,100,ABSTAIN,0,0.0,1.0
HANCOCK,29,random_cell_dropout_10pct,full_learned_nonnegative,90,AUGMENT,105,0.860655737704918,0.9016393442622951
HANCOCK,29,random_cell_dropout_10pct,full_learned_nonnegative,90,FALLBACK,5,0.040983606557377046,0.9016393442622951
HANCOCK,29,random_cell_dropout_10pct,full_learned_nonnegative,90,ABSTAIN,12,0.09836065573770492,0.9016393442622951
HANCOCK,29,random_cell_dropout_10pct,full_learned_nonnegative,80,AUGMENT,86,0.7049180327868853,0.8032786885245902
HANCOCK,29,random_cell_dropout_10pct,full_learned_nonnegative,80,FALLBACK,12,0.09836065573770492,0.8032786885245902
HANCOCK,29,random_cell_dropout_10pct,full_learned_nonnegative,80,ABSTAIN,24,0.19672131147540983,0.8032786885245902
HANCOCK,29,random_cell_dropout_30pct,ood_only,100,AUGMENT,122,1.0,1.0
HANCOCK,29,random_cell_dropout_30pct,ood_only,100,FALLBACK,0,0.0,1.0
HANCOCK,29,random_cell_dropout_30pct,ood_only,100,ABSTAIN,0,0.0,1.0
HANCOCK,29,random_cell_dropout_30pct,ood_only,90,AUGMENT,21,0.1721311475409836,0.9016393442622951
HANCOCK,29,random_cell_dropout_30pct,ood_only,90,FALLBACK,89,0.7295081967213115,0.9016393442622951
HANCOCK,29,random_cell_dropout_30pct,ood_only,90,ABSTAIN,12,0.09836065573770492,0.9016393442622951
HANCOCK,29,random_cell_dropout_30pct,ood_only,80,AUGMENT,3,0.02459016393442623,0.8032786885245902
HANCOCK,29,random_cell_dropout_30pct,ood_only,80,FALLBACK,95,0.7786885245901639,0.8032786885245902
HANCOCK,29,random_cell_dropout_30pct,ood_only,80,ABSTAIN,24,0.19672131147540983,0.8032786885245902
HANCOCK,29,random_cell_dropout_30pct,uncertainty_only,100,AUGMENT,122,1.0,1.0
HANCOCK,29,random_cell_dropout_30pct,uncertainty_only,100,FALLBACK,0,0.0,1.0
HANCOCK,29,random_cell_dropout_30pct,uncertainty_only,100,ABSTAIN,0,0.0,1.0
HANCOCK,29,random_cell_dropout_30pct,uncertainty_only,90,AUGMENT,104,0.8524590163934426,0.9016393442622951
HANCOCK,29,random_cell_dropout_30pct,uncertainty_only,90,FALLBACK,6,0.04918032786885246,0.9016393442622951
HANCOCK,29,random_cell_dropout_30pct,uncertainty_only,90,ABSTAIN,12,0.09836065573770492,0.9016393442622951
HANCOCK,29,random_cell_dropout_30pct,uncertainty_only,80,AUGMENT,89,0.7295081967213115,0.8032786885245902
HANCOCK,29,random_cell_dropout_30pct,uncertainty_only,80,FALLBACK,9,0.07377049180327869,0.8032786885245902
HANCOCK,29,random_cell_dropout_30pct,uncertainty_only,80,ABSTAIN,24,0.19672131147540983,0.8032786885245902
HANCOCK,29,random_cell_dropout_30pct,full_equal_weight,100,AUGMENT,122,1.0,1.0
HANCOCK,29,random_cell_dropout_30pct,full_equal_weight,100,FALLBACK,0,0.0,1.0
HANCOCK,29,random_cell_dropout_30pct,full_equal_weight,100,ABSTAIN,0,0.0,1.0
HANCOCK,29,random_cell_dropout_30pct,full_equal_weight,90,AUGMENT,100,0.819672131147541,0.9016393442622951
HANCOCK,29,random_cell_dropout_30pct,full_equal_weight,90,FALLBACK,10,0.08196721311475409,0.9016393442622951
HANCOCK,29,random_cell_dropout_30pct,full_equal_weight,90,ABSTAIN,12,0.09836065573770492,0.9016393442622951
HANCOCK,29,random_cell_dropout_30pct,full_equal_weight,80,AUGMENT,72,0.5901639344262295,0.8032786885245902
HANCOCK,29,random_cell_dropout_30pct,full_equal_weight,80,FALLBACK,26,0.21311475409836064,0.8032786885245902
HANCOCK,29,random_cell_dropout_30pct,full_equal_weight,80,ABSTAIN,24,0.19672131147540983,0.8032786885245902
HANCOCK,29,random_cell_dropout_30pct,full_learned_nonnegative,100,AUGMENT,122,1.0,1.0
HANCOCK,29,random_cell_dropout_30pct,full_learned_nonnegative,100,FALLBACK,0,0.0,1.0
HANCOCK,29,random_cell_dropout_30pct,full_learned_nonnegative,100,ABSTAIN,0,0.0,1.0
HANCOCK,29,random_cell_dropout_30pct,full_learned_nonnegative,90,AUGMENT,104,0.8524590163934426,0.9016393442622951
HANCOCK,29,random_cell_dropout_30pct,full_learned_nonnegative,90,FALLBACK,6,0.04918032786885246,0.9016393442622951
HANCOCK,29,random_cell_dropout_30pct,full_learned_nonnegative,90,ABSTAIN,12,0.09836065573770492,0.9016393442622951
HANCOCK,29,random_cell_dropout_30pct,full_learned_nonnegative,80,AUGMENT,88,0.7213114754098361,0.8032786885245902
HANCOCK,29,random_cell_dropout_30pct,full_learned_nonnegative,80,FALLBACK,10,0.08196721311475409,0.8032786885245902
HANCOCK,29,random_cell_dropout_30pct,full_learned_nonnegative,80,ABSTAIN,24,0.19672131147540983,0.8032786885245902
HANCOCK,29,measurement_noise_0.5sd,ood_only,100,AUGMENT,122,1.0,1.0
HANCOCK,29,measurement_noise_0.5sd,ood_only,100,FALLBACK,0,0.0,1.0
HANCOCK,29,measurement_noise_0.5sd,ood_only,100,ABSTAIN,0,0.0,1.0
HANCOCK,29,measurement_noise_0.5sd,ood_only,90,AUGMENT,83,0.680327868852459,0.9016393442622951
HANCOCK,29,measurement_noise_0.5sd,ood_only,90,FALLBACK,27,0.22131147540983606,0.9016393442622951
HANCOCK,29,measurement_noise_0.5sd,ood_only,90,ABSTAIN,12,0.09836065573770492,0.9016393442622951
HANCOCK,29,measurement_noise_0.5sd,ood_only,80,AUGMENT,60,0.4918032786885246,0.8032786885245902
HANCOCK,29,measurement_noise_0.5sd,ood_only,80,FALLBACK,38,0.3114754098360656,0.8032786885245902
HANCOCK,29,measurement_noise_0.5sd,ood_only,80,ABSTAIN,24,0.19672131147540983,0.8032786885245902
HANCOCK,29,measurement_noise_0.5sd,uncertainty_only,100,AUGMENT,122,1.0,1.0
HANCOCK,29,measurement_noise_0.5sd,uncertainty_only,100,FALLBACK,0,0.0,1.0
HANCOCK,29,measurement_noise_0.5sd,uncertainty_only,100,ABSTAIN,0,0.0,1.0
HANCOCK,29,measurement_noise_0.5sd,uncertainty_only,90,AUGMENT,100,0.819672131147541,0.9016393442622951
HANCOCK,29,measurement_noise_0.5sd,uncertainty_only,90,FALLBACK,10,0.08196721311475409,0.9016393442622951
HANCOCK,29,measurement_noise_0.5sd,uncertainty_only,90,ABSTAIN,12,0.09836065573770492,0.9016393442622951
HANCOCK,29,measurement_noise_0.5sd,uncertainty_only,80,AUGMENT,81,0.6639344262295082,0.8032786885245902
HANCOCK,29,measurement_noise_0.5sd,uncertainty_only,80,FALLBACK,17,0.13934426229508196,0.8032786885245902
HANCOCK,29,measurement_noise_0.5sd,uncertainty_only,80,ABSTAIN,24,0.19672131147540983,0.8032786885245902
HANCOCK,29,measurement_noise_0.5sd,full_equal_weight,100,AUGMENT,120,0.9836065573770492,1.0
HANCOCK,29,measurement_noise_0.5sd,full_equal_weight,100,FALLBACK,2,0.01639344262295082,1.0
HANCOCK,29,measurement_noise_0.5sd,full_equal_weight,100,ABSTAIN,0,0.0,1.0
HANCOCK,29,measurement_noise_0.5sd,full_equal_weight,90,AUGMENT,96,0.7868852459016393,0.9016393442622951
HANCOCK,29,measurement_noise_0.5sd,full_equal_weight,90,FALLBACK,14,0.11475409836065574,0.9016393442622951
HANCOCK,29,measurement_noise_0.5sd,full_equal_weight,90,ABSTAIN,12,0.09836065573770492,0.9016393442622951
HANCOCK,29,measurement_noise_0.5sd,full_equal_weight,80,AUGMENT,84,0.6885245901639344,0.8032786885245902
HANCOCK,29,measurement_noise_0.5sd,full_equal_weight,80,FALLBACK,14,0.11475409836065574,0.8032786885245902
HANCOCK,29,measurement_noise_0.5sd,full_equal_weight,80,ABSTAIN,24,0.19672131147540983,0.8032786885245902
HANCOCK,29,measurement_noise_0.5sd,full_learned_nonnegative,100,AUGMENT,122,1.0,1.0
HANCOCK,29,measurement_noise_0.5sd,full_learned_nonnegative,100,FALLBACK,0,0.0,1.0
HANCOCK,29,measurement_noise_0.5sd,full_learned_nonnegative,100,ABSTAIN,0,0.0,1.0
HANCOCK,29,measurement_noise_0.5sd,full_learned_nonnegative,90,AUGMENT,104,0.8524590163934426,0.9016393442622951
HANCOCK,29,measurement_noise_0.5sd,full_learned_nonnegative,90,FALLBACK,6,0.04918032786885246,0.9016393442622951
HANCOCK,29,measurement_noise_0.5sd,full_learned_nonnegative,90,ABSTAIN,12,0.09836065573770492,0.9016393442622951
HANCOCK,29,measurement_noise_0.5sd,full_learned_nonnegative,80,AUGMENT,81,0.6639344262295082,0.8032786885245902
HANCOCK,29,measurement_noise_0.5sd,full_learned_nonnegative,80,FALLBACK,17,0.13934426229508196,0.8032786885245902
HANCOCK,29,measurement_noise_0.5sd,full_learned_nonnegative,80,ABSTAIN,24,0.19672131147540983,0.8032786885245902
HANCOCK,29,location_shift_1sd,ood_only,100,AUGMENT,122,1.0,1.0
HANCOCK,29,location_shift_1sd,ood_only,100,FALLBACK,0,0.0,1.0
HANCOCK,29,location_shift_1sd,ood_only,100,ABSTAIN,0,0.0,1.0
HANCOCK,29,location_shift_1sd,ood_only,90,AUGMENT,82,0.6721311475409836,0.9016393442622951
HANCOCK,29,location_shift_1sd,ood_only,90,FALLBACK,28,0.22950819672131148,0.9016393442622951
HANCOCK,29,location_shift_1sd,ood_only,90,ABSTAIN,12,0.09836065573770492,0.9016393442622951
HANCOCK,29,location_shift_1sd,ood_only,80,AUGMENT,51,0.4180327868852459,0.8032786885245902
HANCOCK,29,location_shift_1sd,ood_only,80,FALLBACK,47,0.38524590163934425,0.8032786885245902
HANCOCK,29,location_shift_1sd,ood_only,80,ABSTAIN,24,0.19672131147540983,0.8032786885245902
HANCOCK,29,location_shift_1sd,uncertainty_only,100,AUGMENT,122,1.0,1.0
HANCOCK,29,location_shift_1sd,uncertainty_only,100,FALLBACK,0,0.0,1.0
HANCOCK,29,location_shift_1sd,uncertainty_only,100,ABSTAIN,0,0.0,1.0
HANCOCK,29,location_shift_1sd,uncertainty_only,90,AUGMENT,93,0.7622950819672131,0.9016393442622951
HANCOCK,29,location_shift_1sd,uncertainty_only,90,FALLBACK,17,0.13934426229508196,0.9016393442622951
HANCOCK,29,location_shift_1sd,uncertainty_only,90,ABSTAIN,12,0.09836065573770492,0.9016393442622951
HANCOCK,29,location_shift_1sd,uncertainty_only,80,AUGMENT,71,0.5819672131147541,0.8032786885245902
HANCOCK,29,location_shift_1sd,uncertainty_only,80,FALLBACK,27,0.22131147540983606,0.8032786885245902
HANCOCK,29,location_shift_1sd,uncertainty_only,80,ABSTAIN,24,0.19672131147540983,0.8032786885245902
HANCOCK,29,location_shift_1sd,full_equal_weight,100,AUGMENT,122,1.0,1.0
HANCOCK,29,location_shift_1sd,full_equal_weight,100,FALLBACK,0,0.0,1.0
HANCOCK,29,location_shift_1sd,full_equal_weight,100,ABSTAIN,0,0.0,1.0
HANCOCK,29,location_shift_1sd,full_equal_weight,90,AUGMENT,92,0.7540983606557377,0.9016393442622951
HANCOCK,29,location_shift_1sd,full_equal_weight,90,FALLBACK,18,0.14754098360655737,0.9016393442622951
HANCOCK,29,location_shift_1sd,full_equal_weight,90,ABSTAIN,12,0.09836065573770492,0.9016393442622951
HANCOCK,29,location_shift_1sd,full_equal_weight,80,AUGMENT,74,0.6065573770491803,0.8032786885245902
HANCOCK,29,location_shift_1sd,full_equal_weight,80,FALLBACK,24,0.19672131147540983,0.8032786885245902
HANCOCK,29,location_shift_1sd,full_equal_weight,80,ABSTAIN,24,0.19672131147540983,0.8032786885245902
HANCOCK,29,location_shift_1sd,full_learned_nonnegative,100,AUGMENT,122,1.0,1.0
HANCOCK,29,location_shift_1sd,full_learned_nonnegative,100,FALLBACK,0,0.0,1.0
HANCOCK,29,location_shift_1sd,full_learned_nonnegative,100,ABSTAIN,0,0.0,1.0
HANCOCK,29,location_shift_1sd,full_learned_nonnegative,90,AUGMENT,99,0.8114754098360656,0.9016393442622951
HANCOCK,29,location_shift_1sd,full_learned_nonnegative,90,FALLBACK,11,0.09016393442622951,0.9016393442622951
HANCOCK,29,location_shift_1sd,full_learned_nonnegative,90,ABSTAIN,12,0.09836065573770492,0.9016393442622951
HANCOCK,29,location_shift_1sd,full_learned_nonnegative,80,AUGMENT,70,0.5737704918032787,0.8032786885245902
HANCOCK,29,location_shift_1sd,full_learned_nonnegative,80,FALLBACK,28,0.22950819672131148,0.8032786885245902
HANCOCK,29,location_shift_1sd,full_learned_nonnegative,80,ABSTAIN,24,0.19672131147540983,0.8032786885245902
HANCOCK,29,row_permutation_negative_control,ood_only,100,AUGMENT,122,1.0,1.0
HANCOCK,29,row_permutation_negative_control,ood_only,100,FALLBACK,0,0.0,1.0
HANCOCK,29,row_permutation_negative_control,ood_only,100,ABSTAIN,0,0.0,1.0
HANCOCK,29,row_permutation_negative_control,ood_only,90,AUGMENT,98,0.8032786885245902,0.9016393442622951
HANCOCK,29,row_permutation_negative_control,ood_only,90,FALLBACK,12,0.09836065573770492,0.9016393442622951
HANCOCK,29,row_permutation_negative_control,ood_only,90,ABSTAIN,12,0.09836065573770492,0.9016393442622951
HANCOCK,29,row_permutation_negative_control,ood_only,80,AUGMENT,77,0.6311475409836066,0.8032786885245902
HANCOCK,29,row_permutation_negative_control,ood_only,80,FALLBACK,21,0.1721311475409836,0.8032786885245902
HANCOCK,29,row_permutation_negative_control,ood_only,80,ABSTAIN,24,0.19672131147540983,0.8032786885245902
HANCOCK,29,row_permutation_negative_control,uncertainty_only,100,AUGMENT,122,1.0,1.0
HANCOCK,29,row_permutation_negative_control,uncertainty_only,100,FALLBACK,0,0.0,1.0
HANCOCK,29,row_permutation_negative_control,uncertainty_only,100,ABSTAIN,0,0.0,1.0
HANCOCK,29,row_permutation_negative_control,uncertainty_only,90,AUGMENT,103,0.8442622950819673,0.9016393442622951
HANCOCK,29,row_permutation_negative_control,uncertainty_only,90,FALLBACK,7,0.05737704918032787,0.9016393442622951
HANCOCK,29,row_permutation_negative_control,uncertainty_only,90,ABSTAIN,12,0.09836065573770492,0.9016393442622951
HANCOCK,29,row_permutation_negative_control,uncertainty_only,80,AUGMENT,84,0.6885245901639344,0.8032786885245902
HANCOCK,29,row_permutation_negative_control,uncertainty_only,80,FALLBACK,14,0.11475409836065574,0.8032786885245902
HANCOCK,29,row_permutation_negative_control,uncertainty_only,80,ABSTAIN,24,0.19672131147540983,0.8032786885245902
HANCOCK,29,row_permutation_negative_control,full_equal_weight,100,AUGMENT,121,0.9918032786885246,1.0
HANCOCK,29,row_permutation_negative_control,full_equal_weight,100,FALLBACK,1,0.00819672131147541,1.0
HANCOCK,29,row_permutation_negative_control,full_equal_weight,100,ABSTAIN,0,0.0,1.0
HANCOCK,29,row_permutation_negative_control,full_equal_weight,90,AUGMENT,103,0.8442622950819673,0.9016393442622951
HANCOCK,29,row_permutation_negative_control,full_equal_weight,90,FALLBACK,7,0.05737704918032787,0.9016393442622951
HANCOCK,29,row_permutation_negative_control,full_equal_weight,90,ABSTAIN,12,0.09836065573770492,0.9016393442622951
HANCOCK,29,row_permutation_negative_control,full_equal_weight,80,AUGMENT,84,0.6885245901639344,0.8032786885245902
HANCOCK,29,row_permutation_negative_control,full_equal_weight,80,FALLBACK,14,0.11475409836065574,0.8032786885245902
HANCOCK,29,row_permutation_negative_control,full_equal_weight,80,ABSTAIN,24,0.19672131147540983,0.8032786885245902
HANCOCK,29,row_permutation_negative_control,full_learned_nonnegative,100,AUGMENT,122,1.0,1.0
HANCOCK,29,row_permutation_negative_control,full_learned_nonnegative,100,FALLBACK,0,0.0,1.0
HANCOCK,29,row_permutation_negative_control,full_learned_nonnegative,100,ABSTAIN,0,0.0,1.0
HANCOCK,29,row_permutation_negative_control,full_learned_nonnegative,90,AUGMENT,104,0.8524590163934426,0.9016393442622951
HANCOCK,29,row_permutation_negative_control,full_learned_nonnegative,90,FALLBACK,6,0.04918032786885246,0.9016393442622951
HANCOCK,29,row_permutation_negative_control,full_learned_nonnegative,90,ABSTAIN,12,0.09836065573770492,0.9016393442622951
HANCOCK,29,row_permutation_negative_control,full_learned_nonnegative,80,AUGMENT,83,0.680327868852459,0.8032786885245902
HANCOCK,29,row_permutation_negative_control,full_learned_nonnegative,80,FALLBACK,15,0.12295081967213115,0.8032786885245902
HANCOCK,29,row_permutation_negative_control,full_learned_nonnegative,80,ABSTAIN,24,0.19672131147540983,0.8032786885245902
HANCOCK,29,complete_modality_dropout,ood_only,100,AUGMENT,0,0.0,1.0
HANCOCK,29,complete_modality_dropout,ood_only,100,FALLBACK,122,1.0,1.0
HANCOCK,29,complete_modality_dropout,ood_only,100,ABSTAIN,0,0.0,1.0
HANCOCK,29,complete_modality_dropout,ood_only,90,AUGMENT,0,0.0,0.9016393442622951
HANCOCK,29,complete_modality_dropout,ood_only,90,FALLBACK,110,0.9016393442622951,0.9016393442622951
HANCOCK,29,complete_modality_dropout,ood_only,90,ABSTAIN,12,0.09836065573770492,0.9016393442622951
HANCOCK,29,complete_modality_dropout,ood_only,80,AUGMENT,0,0.0,0.8032786885245902
HANCOCK,29,complete_modality_dropout,ood_only,80,FALLBACK,98,0.8032786885245902,0.8032786885245902
HANCOCK,29,complete_modality_dropout,ood_only,80,ABSTAIN,24,0.19672131147540983,0.8032786885245902
HANCOCK,29,complete_modality_dropout,uncertainty_only,100,AUGMENT,0,0.0,1.0
HANCOCK,29,complete_modality_dropout,uncertainty_only,100,FALLBACK,122,1.0,1.0
HANCOCK,29,complete_modality_dropout,uncertainty_only,100,ABSTAIN,0,0.0,1.0
HANCOCK,29,complete_modality_dropout,uncertainty_only,90,AUGMENT,0,0.0,0.9016393442622951
HANCOCK,29,complete_modality_dropout,uncertainty_only,90,FALLBACK,110,0.9016393442622951,0.9016393442622951
HANCOCK,29,complete_modality_dropout,uncertainty_only,90,ABSTAIN,12,0.09836065573770492,0.9016393442622951
HANCOCK,29,complete_modality_dropout,uncertainty_only,80,AUGMENT,0,0.0,0.8032786885245902
HANCOCK,29,complete_modality_dropout,uncertainty_only,80,FALLBACK,98,0.8032786885245902,0.8032786885245902
HANCOCK,29,complete_modality_dropout,uncertainty_only,80,ABSTAIN,24,0.19672131147540983,0.8032786885245902
HANCOCK,29,complete_modality_dropout,full_equal_weight,100,AUGMENT,0,0.0,1.0
HANCOCK,29,complete_modality_dropout,full_equal_weight,100,FALLBACK,122,1.0,1.0
HANCOCK,29,complete_modality_dropout,full_equal_weight,100,ABSTAIN,0,0.0,1.0
HANCOCK,29,complete_modality_dropout,full_equal_weight,90,AUGMENT,0,0.0,0.9016393442622951
HANCOCK,29,complete_modality_dropout,full_equal_weight,90,FALLBACK,110,0.9016393442622951,0.9016393442622951
HANCOCK,29,complete_modality_dropout,full_equal_weight,90,ABSTAIN,12,0.09836065573770492,0.9016393442622951
HANCOCK,29,complete_modality_dropout,full_equal_weight,80,AUGMENT,0,0.0,0.8032786885245902
HANCOCK,29,complete_modality_dropout,full_equal_weight,80,FALLBACK,98,0.8032786885245902,0.8032786885245902
HANCOCK,29,complete_modality_dropout,full_equal_weight,80,ABSTAIN,24,0.19672131147540983,0.8032786885245902
HANCOCK,29,complete_modality_dropout,full_learned_nonnegative,100,AUGMENT,0,0.0,1.0
HANCOCK,29,complete_modality_dropout,full_learned_nonnegative,100,FALLBACK,122,1.0,1.0
HANCOCK,29,complete_modality_dropout,full_learned_nonnegative,100,ABSTAIN,0,0.0,1.0
HANCOCK,29,complete_modality_dropout,full_learned_nonnegative,90,AUGMENT,0,0.0,0.9016393442622951
HANCOCK,29,complete_modality_dropout,full_learned_nonnegative,90,FALLBACK,110,0.9016393442622951,0.9016393442622951
HANCOCK,29,complete_modality_dropout,full_learned_nonnegative,90,ABSTAIN,12,0.09836065573770492,0.9016393442622951
HANCOCK,29,complete_modality_dropout,full_learned_nonnegative,80,AUGMENT,0,0.0,0.8032786885245902
HANCOCK,29,complete_modality_dropout,full_learned_nonnegative,80,FALLBACK,98,0.8032786885245902,0.8032786885245902
HANCOCK,29,complete_modality_dropout,full_learned_nonnegative,80,ABSTAIN,24,0.19672131147540983,0.8032786885245902
HANCOCK,29,blood_block_dropout_30pct_rows,ood_only,100,AUGMENT,120,0.9836065573770492,1.0
HANCOCK,29,blood_block_dropout_30pct_rows,ood_only,100,FALLBACK,2,0.01639344262295082,1.0
HANCOCK,29,blood_block_dropout_30pct_rows,ood_only,100,ABSTAIN,0,0.0,1.0
HANCOCK,29,blood_block_dropout_30pct_rows,ood_only,90,AUGMENT,101,0.8278688524590164,0.9016393442622951
HANCOCK,29,blood_block_dropout_30pct_rows,ood_only,90,FALLBACK,9,0.07377049180327869,0.9016393442622951
HANCOCK,29,blood_block_dropout_30pct_rows,ood_only,90,ABSTAIN,12,0.09836065573770492,0.9016393442622951
HANCOCK,29,blood_block_dropout_30pct_rows,ood_only,80,AUGMENT,81,0.6639344262295082,0.8032786885245902
HANCOCK,29,blood_block_dropout_30pct_rows,ood_only,80,FALLBACK,17,0.13934426229508196,0.8032786885245902
HANCOCK,29,blood_block_dropout_30pct_rows,ood_only,80,ABSTAIN,24,0.19672131147540983,0.8032786885245902
HANCOCK,29,blood_block_dropout_30pct_rows,uncertainty_only,100,AUGMENT,120,0.9836065573770492,1.0
HANCOCK,29,blood_block_dropout_30pct_rows,uncertainty_only,100,FALLBACK,2,0.01639344262295082,1.0
HANCOCK,29,blood_block_dropout_30pct_rows,uncertainty_only,100,ABSTAIN,0,0.0,1.0
HANCOCK,29,blood_block_dropout_30pct_rows,uncertainty_only,90,AUGMENT,103,0.8442622950819673,0.9016393442622951
HANCOCK,29,blood_block_dropout_30pct_rows,uncertainty_only,90,FALLBACK,7,0.05737704918032787,0.9016393442622951
HANCOCK,29,blood_block_dropout_30pct_rows,uncertainty_only,90,ABSTAIN,12,0.09836065573770492,0.9016393442622951
HANCOCK,29,blood_block_dropout_30pct_rows,uncertainty_only,80,AUGMENT,87,0.7131147540983607,0.8032786885245902
HANCOCK,29,blood_block_dropout_30pct_rows,uncertainty_only,80,FALLBACK,11,0.09016393442622951,0.8032786885245902
HANCOCK,29,blood_block_dropout_30pct_rows,uncertainty_only,80,ABSTAIN,24,0.19672131147540983,0.8032786885245902
HANCOCK,29,blood_block_dropout_30pct_rows,full_equal_weight,100,AUGMENT,120,0.9836065573770492,1.0
HANCOCK,29,blood_block_dropout_30pct_rows,full_equal_weight,100,FALLBACK,2,0.01639344262295082,1.0
HANCOCK,29,blood_block_dropout_30pct_rows,full_equal_weight,100,ABSTAIN,0,0.0,1.0
HANCOCK,29,blood_block_dropout_30pct_rows,full_equal_weight,90,AUGMENT,106,0.8688524590163934,0.9016393442622951
HANCOCK,29,blood_block_dropout_30pct_rows,full_equal_weight,90,FALLBACK,4,0.03278688524590164,0.9016393442622951
HANCOCK,29,blood_block_dropout_30pct_rows,full_equal_weight,90,ABSTAIN,12,0.09836065573770492,0.9016393442622951
HANCOCK,29,blood_block_dropout_30pct_rows,full_equal_weight,80,AUGMENT,90,0.7377049180327869,0.8032786885245902
HANCOCK,29,blood_block_dropout_30pct_rows,full_equal_weight,80,FALLBACK,8,0.06557377049180328,0.8032786885245902
HANCOCK,29,blood_block_dropout_30pct_rows,full_equal_weight,80,ABSTAIN,24,0.19672131147540983,0.8032786885245902
HANCOCK,29,blood_block_dropout_30pct_rows,full_learned_nonnegative,100,AUGMENT,120,0.9836065573770492,1.0
HANCOCK,29,blood_block_dropout_30pct_rows,full_learned_nonnegative,100,FALLBACK,2,0.01639344262295082,1.0
HANCOCK,29,blood_block_dropout_30pct_rows,full_learned_nonnegative,100,ABSTAIN,0,0.0,1.0
HANCOCK,29,blood_block_dropout_30pct_rows,full_learned_nonnegative,90,AUGMENT,104,0.8524590163934426,0.9016393442622951
HANCOCK,29,blood_block_dropout_30pct_rows,full_learned_nonnegative,90,FALLBACK,6,0.04918032786885246,0.9016393442622951
HANCOCK,29,blood_block_dropout_30pct_rows,full_learned_nonnegative,90,ABSTAIN,12,0.09836065573770492,0.9016393442622951
HANCOCK,29,blood_block_dropout_30pct_rows,full_learned_nonnegative,80,AUGMENT,89,0.7295081967213115,0.8032786885245902
HANCOCK,29,blood_block_dropout_30pct_rows,full_learned_nonnegative,80,FALLBACK,9,0.07377049180327869,0.8032786885245902
HANCOCK,29,blood_block_dropout_30pct_rows,full_learned_nonnegative,80,ABSTAIN,24,0.19672131147540983,0.8032786885245902
HANCOCK,29,tma_block_dropout_30pct_rows,ood_only,100,AUGMENT,115,0.9426229508196722,1.0
HANCOCK,29,tma_block_dropout_30pct_rows,ood_only,100,FALLBACK,7,0.05737704918032787,1.0
HANCOCK,29,tma_block_dropout_30pct_rows,ood_only,100,ABSTAIN,0,0.0,1.0
HANCOCK,29,tma_block_dropout_30pct_rows,ood_only,90,AUGMENT,85,0.6967213114754098,0.9016393442622951
HANCOCK,29,tma_block_dropout_30pct_rows,ood_only,90,FALLBACK,25,0.20491803278688525,0.9016393442622951
HANCOCK,29,tma_block_dropout_30pct_rows,ood_only,90,ABSTAIN,12,0.09836065573770492,0.9016393442622951
HANCOCK,29,tma_block_dropout_30pct_rows,ood_only,80,AUGMENT,64,0.5245901639344263,0.8032786885245902
HANCOCK,29,tma_block_dropout_30pct_rows,ood_only,80,FALLBACK,34,0.2786885245901639,0.8032786885245902
HANCOCK,29,tma_block_dropout_30pct_rows,ood_only,80,ABSTAIN,24,0.19672131147540983,0.8032786885245902
HANCOCK,29,tma_block_dropout_30pct_rows,uncertainty_only,100,AUGMENT,115,0.9426229508196722,1.0
HANCOCK,29,tma_block_dropout_30pct_rows,uncertainty_only,100,FALLBACK,7,0.05737704918032787,1.0
HANCOCK,29,tma_block_dropout_30pct_rows,uncertainty_only,100,ABSTAIN,0,0.0,1.0
HANCOCK,29,tma_block_dropout_30pct_rows,uncertainty_only,90,AUGMENT,94,0.7704918032786885,0.9016393442622951
HANCOCK,29,tma_block_dropout_30pct_rows,uncertainty_only,90,FALLBACK,16,0.13114754098360656,0.9016393442622951
HANCOCK,29,tma_block_dropout_30pct_rows,uncertainty_only,90,ABSTAIN,12,0.09836065573770492,0.9016393442622951
HANCOCK,29,tma_block_dropout_30pct_rows,uncertainty_only,80,AUGMENT,78,0.639344262295082,0.8032786885245902
HANCOCK,29,tma_block_dropout_30pct_rows,uncertainty_only,80,FALLBACK,20,0.16393442622950818,0.8032786885245902
HANCOCK,29,tma_block_dropout_30pct_rows,uncertainty_only,80,ABSTAIN,24,0.19672131147540983,0.8032786885245902
HANCOCK,29,tma_block_dropout_30pct_rows,full_equal_weight,100,AUGMENT,115,0.9426229508196722,1.0
HANCOCK,29,tma_block_dropout_30pct_rows,full_equal_weight,100,FALLBACK,7,0.05737704918032787,1.0
HANCOCK,29,tma_block_dropout_30pct_rows,full_equal_weight,100,ABSTAIN,0,0.0,1.0
HANCOCK,29,tma_block_dropout_30pct_rows,full_equal_weight,90,AUGMENT,93,0.7622950819672131,0.9016393442622951
HANCOCK,29,tma_block_dropout_30pct_rows,full_equal_weight,90,FALLBACK,17,0.13934426229508196,0.9016393442622951
HANCOCK,29,tma_block_dropout_30pct_rows,full_equal_weight,90,ABSTAIN,12,0.09836065573770492,0.9016393442622951
HANCOCK,29,tma_block_dropout_30pct_rows,full_equal_weight,80,AUGMENT,77,0.6311475409836066,0.8032786885245902
HANCOCK,29,tma_block_dropout_30pct_rows,full_equal_weight,80,FALLBACK,21,0.1721311475409836,0.8032786885245902
HANCOCK,29,tma_block_dropout_30pct_rows,full_equal_weight,80,ABSTAIN,24,0.19672131147540983,0.8032786885245902
HANCOCK,29,tma_block_dropout_30pct_rows,full_learned_nonnegative,100,AUGMENT,115,0.9426229508196722,1.0
HANCOCK,29,tma_block_dropout_30pct_rows,full_learned_nonnegative,100,FALLBACK,7,0.05737704918032787,1.0
HANCOCK,29,tma_block_dropout_30pct_rows,full_learned_nonnegative,100,ABSTAIN,0,0.0,1.0
HANCOCK,29,tma_block_dropout_30pct_rows,full_learned_nonnegative,90,AUGMENT,96,0.7868852459016393,0.9016393442622951
HANCOCK,29,tma_block_dropout_30pct_rows,full_learned_nonnegative,90,FALLBACK,14,0.11475409836065574,0.9016393442622951
HANCOCK,29,tma_block_dropout_30pct_rows,full_learned_nonnegative,90,ABSTAIN,12,0.09836065573770492,0.9016393442622951
HANCOCK,29,tma_block_dropout_30pct_rows,full_learned_nonnegative,80,AUGMENT,79,0.6475409836065574,0.8032786885245902
HANCOCK,29,tma_block_dropout_30pct_rows,full_learned_nonnegative,80,FALLBACK,19,0.1557377049180328,0.8032786885245902
HANCOCK,29,tma_block_dropout_30pct_rows,full_learned_nonnegative,80,ABSTAIN,24,0.19672131147540983,0.8032786885245902
HANCOCK,29,blood_and_tma_dropout_30pct_rows,ood_only,100,AUGMENT,85,0.6967213114754098,1.0
HANCOCK,29,blood_and_tma_dropout_30pct_rows,ood_only,100,FALLBACK,37,0.30327868852459017,1.0
HANCOCK,29,blood_and_tma_dropout_30pct_rows,ood_only,100,ABSTAIN,0,0.0,1.0
HANCOCK,29,blood_and_tma_dropout_30pct_rows,ood_only,90,AUGMENT,70,0.5737704918032787,0.9016393442622951
HANCOCK,29,blood_and_tma_dropout_30pct_rows,ood_only,90,FALLBACK,40,0.32786885245901637,0.9016393442622951
HANCOCK,29,blood_and_tma_dropout_30pct_rows,ood_only,90,ABSTAIN,12,0.09836065573770492,0.9016393442622951
HANCOCK,29,blood_and_tma_dropout_30pct_rows,ood_only,80,AUGMENT,59,0.48360655737704916,0.8032786885245902
HANCOCK,29,blood_and_tma_dropout_30pct_rows,ood_only,80,FALLBACK,39,0.319672131147541,0.8032786885245902
HANCOCK,29,blood_and_tma_dropout_30pct_rows,ood_only,80,ABSTAIN,24,0.19672131147540983,0.8032786885245902
HANCOCK,29,blood_and_tma_dropout_30pct_rows,uncertainty_only,100,AUGMENT,85,0.6967213114754098,1.0
HANCOCK,29,blood_and_tma_dropout_30pct_rows,uncertainty_only,100,FALLBACK,37,0.30327868852459017,1.0
HANCOCK,29,blood_and_tma_dropout_30pct_rows,uncertainty_only,100,ABSTAIN,0,0.0,1.0
HANCOCK,29,blood_and_tma_dropout_30pct_rows,uncertainty_only,90,AUGMENT,72,0.5901639344262295,0.9016393442622951
HANCOCK,29,blood_and_tma_dropout_30pct_rows,uncertainty_only,90,FALLBACK,38,0.3114754098360656,0.9016393442622951
HANCOCK,29,blood_and_tma_dropout_30pct_rows,uncertainty_only,90,ABSTAIN,12,0.09836065573770492,0.9016393442622951
HANCOCK,29,blood_and_tma_dropout_30pct_rows,uncertainty_only,80,AUGMENT,60,0.4918032786885246,0.8032786885245902
HANCOCK,29,blood_and_tma_dropout_30pct_rows,uncertainty_only,80,FALLBACK,38,0.3114754098360656,0.8032786885245902
HANCOCK,29,blood_and_tma_dropout_30pct_rows,uncertainty_only,80,ABSTAIN,24,0.19672131147540983,0.8032786885245902
HANCOCK,29,blood_and_tma_dropout_30pct_rows,full_equal_weight,100,AUGMENT,85,0.6967213114754098,1.0
HANCOCK,29,blood_and_tma_dropout_30pct_rows,full_equal_weight,100,FALLBACK,37,0.30327868852459017,1.0
HANCOCK,29,blood_and_tma_dropout_30pct_rows,full_equal_weight,100,ABSTAIN,0,0.0,1.0
HANCOCK,29,blood_and_tma_dropout_30pct_rows,full_equal_weight,90,AUGMENT,74,0.6065573770491803,0.9016393442622951
HANCOCK,29,blood_and_tma_dropout_30pct_rows,full_equal_weight,90,FALLBACK,36,0.29508196721311475,0.9016393442622951
HANCOCK,29,blood_and_tma_dropout_30pct_rows,full_equal_weight,90,ABSTAIN,12,0.09836065573770492,0.9016393442622951
HANCOCK,29,blood_and_tma_dropout_30pct_rows,full_equal_weight,80,AUGMENT,63,0.5163934426229508,0.8032786885245902
HANCOCK,29,blood_and_tma_dropout_30pct_rows,full_equal_weight,80,FALLBACK,35,0.28688524590163933,0.8032786885245902
HANCOCK,29,blood_and_tma_dropout_30pct_rows,full_equal_weight,80,ABSTAIN,24,0.19672131147540983,0.8032786885245902
HANCOCK,29,blood_and_tma_dropout_30pct_rows,full_learned_nonnegative,100,AUGMENT,85,0.6967213114754098,1.0
HANCOCK,29,blood_and_tma_dropout_30pct_rows,full_learned_nonnegative,100,FALLBACK,37,0.30327868852459017,1.0
HANCOCK,29,blood_and_tma_dropout_30pct_rows,full_learned_nonnegative,100,ABSTAIN,0,0.0,1.0
HANCOCK,29,blood_and_tma_dropout_30pct_rows,full_learned_nonnegative,90,AUGMENT,73,0.5983606557377049,0.9016393442622951
HANCOCK,29,blood_and_tma_dropout_30pct_rows,full_learned_nonnegative,90,FALLBACK,37,0.30327868852459017,0.9016393442622951
HANCOCK,29,blood_and_tma_dropout_30pct_rows,full_learned_nonnegative,90,ABSTAIN,12,0.09836065573770492,0.9016393442622951
HANCOCK,29,blood_and_tma_dropout_30pct_rows,full_learned_nonnegative,80,AUGMENT,62,0.5081967213114754,0.8032786885245902
HANCOCK,29,blood_and_tma_dropout_30pct_rows,full_learned_nonnegative,80,FALLBACK,36,0.29508196721311475,0.8032786885245902
HANCOCK,29,blood_and_tma_dropout_30pct_rows,full_learned_nonnegative,80,ABSTAIN,24,0.19672131147540983,0.8032786885245902
HANCOCK,29,oropharynx_targeted_tma_dropout,ood_only,100,AUGMENT,122,1.0,1.0
HANCOCK,29,oropharynx_targeted_tma_dropout,ood_only,100,FALLBACK,0,0.0,1.0
HANCOCK,29,oropharynx_targeted_tma_dropout,ood_only,100,ABSTAIN,0,0.0,1.0
HANCOCK,29,oropharynx_targeted_tma_dropout,ood_only,90,AUGMENT,100,0.819672131147541,0.9016393442622951
HANCOCK,29,oropharynx_targeted_tma_dropout,ood_only,90,FALLBACK,10,0.08196721311475409,0.9016393442622951
HANCOCK,29,oropharynx_targeted_tma_dropout,ood_only,90,ABSTAIN,12,0.09836065573770492,0.9016393442622951
HANCOCK,29,oropharynx_targeted_tma_dropout,ood_only,80,AUGMENT,78,0.639344262295082,0.8032786885245902
HANCOCK,29,oropharynx_targeted_tma_dropout,ood_only,80,FALLBACK,20,0.16393442622950818,0.8032786885245902
HANCOCK,29,oropharynx_targeted_tma_dropout,ood_only,80,ABSTAIN,24,0.19672131147540983,0.8032786885245902
HANCOCK,29,oropharynx_targeted_tma_dropout,uncertainty_only,100,AUGMENT,122,1.0,1.0
HANCOCK,29,oropharynx_targeted_tma_dropout,uncertainty_only,100,FALLBACK,0,0.0,1.0
HANCOCK,29,oropharynx_targeted_tma_dropout,uncertainty_only,100,ABSTAIN,0,0.0,1.0
HANCOCK,29,oropharynx_targeted_tma_dropout,uncertainty_only,90,AUGMENT,101,0.8278688524590164,0.9016393442622951
HANCOCK,29,oropharynx_targeted_tma_dropout,uncertainty_only,90,FALLBACK,9,0.07377049180327869,0.9016393442622951
HANCOCK,29,oropharynx_targeted_tma_dropout,uncertainty_only,90,ABSTAIN,12,0.09836065573770492,0.9016393442622951
HANCOCK,29,oropharynx_targeted_tma_dropout,uncertainty_only,80,AUGMENT,84,0.6885245901639344,0.8032786885245902
HANCOCK,29,oropharynx_targeted_tma_dropout,uncertainty_only,80,FALLBACK,14,0.11475409836065574,0.8032786885245902
HANCOCK,29,oropharynx_targeted_tma_dropout,uncertainty_only,80,ABSTAIN,24,0.19672131147540983,0.8032786885245902
HANCOCK,29,oropharynx_targeted_tma_dropout,full_equal_weight,100,AUGMENT,122,1.0,1.0
HANCOCK,29,oropharynx_targeted_tma_dropout,full_equal_weight,100,FALLBACK,0,0.0,1.0
HANCOCK,29,oropharynx_targeted_tma_dropout,full_equal_weight,100,ABSTAIN,0,0.0,1.0
HANCOCK,29,oropharynx_targeted_tma_dropout,full_equal_weight,90,AUGMENT,104,0.8524590163934426,0.9016393442622951
HANCOCK,29,oropharynx_targeted_tma_dropout,full_equal_weight,90,FALLBACK,6,0.04918032786885246,0.9016393442622951
HANCOCK,29,oropharynx_targeted_tma_dropout,full_equal_weight,90,ABSTAIN,12,0.09836065573770492,0.9016393442622951
HANCOCK,29,oropharynx_targeted_tma_dropout,full_equal_weight,80,AUGMENT,85,0.6967213114754098,0.8032786885245902
HANCOCK,29,oropharynx_targeted_tma_dropout,full_equal_weight,80,FALLBACK,13,0.10655737704918032,0.8032786885245902
HANCOCK,29,oropharynx_targeted_tma_dropout,full_equal_weight,80,ABSTAIN,24,0.19672131147540983,0.8032786885245902
HANCOCK,29,oropharynx_targeted_tma_dropout,full_learned_nonnegative,100,AUGMENT,122,1.0,1.0
HANCOCK,29,oropharynx_targeted_tma_dropout,full_learned_nonnegative,100,FALLBACK,0,0.0,1.0
HANCOCK,29,oropharynx_targeted_tma_dropout,full_learned_nonnegative,100,ABSTAIN,0,0.0,1.0
HANCOCK,29,oropharynx_targeted_tma_dropout,full_learned_nonnegative,90,AUGMENT,103,0.8442622950819673,0.9016393442622951
HANCOCK,29,oropharynx_targeted_tma_dropout,full_learned_nonnegative,90,FALLBACK,7,0.05737704918032787,0.9016393442622951
HANCOCK,29,oropharynx_targeted_tma_dropout,full_learned_nonnegative,90,ABSTAIN,12,0.09836065573770492,0.9016393442622951
HANCOCK,29,oropharynx_targeted_tma_dropout,full_learned_nonnegative,80,AUGMENT,84,0.6885245901639344,0.8032786885245902
HANCOCK,29,oropharynx_targeted_tma_dropout,full_learned_nonnegative,80,FALLBACK,14,0.11475409836065574,0.8032786885245902
HANCOCK,29,oropharynx_targeted_tma_dropout,full_learned_nonnegative,80,ABSTAIN,24,0.19672131147540983,0.8032786885245902
HANCOCK,43,clean,ood_only,100,AUGMENT,122,1.0,1.0
HANCOCK,43,clean,ood_only,100,FALLBACK,0,0.0,1.0
HANCOCK,43,clean,ood_only,100,ABSTAIN,0,0.0,1.0
HANCOCK,43,clean,ood_only,90,AUGMENT,100,0.819672131147541,0.9016393442622951
HANCOCK,43,clean,ood_only,90,FALLBACK,10,0.08196721311475409,0.9016393442622951
HANCOCK,43,clean,ood_only,90,ABSTAIN,12,0.09836065573770492,0.9016393442622951
HANCOCK,43,clean,ood_only,80,AUGMENT,78,0.639344262295082,0.8032786885245902
HANCOCK,43,clean,ood_only,80,FALLBACK,20,0.16393442622950818,0.8032786885245902
HANCOCK,43,clean,ood_only,80,ABSTAIN,24,0.19672131147540983,0.8032786885245902
HANCOCK,43,clean,uncertainty_only,100,AUGMENT,122,1.0,1.0
HANCOCK,43,clean,uncertainty_only,100,FALLBACK,0,0.0,1.0
HANCOCK,43,clean,uncertainty_only,100,ABSTAIN,0,0.0,1.0
HANCOCK,43,clean,uncertainty_only,90,AUGMENT,101,0.8278688524590164,0.9016393442622951
HANCOCK,43,clean,uncertainty_only,90,FALLBACK,9,0.07377049180327869,0.9016393442622951
HANCOCK,43,clean,uncertainty_only,90,ABSTAIN,12,0.09836065573770492,0.9016393442622951
HANCOCK,43,clean,uncertainty_only,80,AUGMENT,85,0.6967213114754098,0.8032786885245902
HANCOCK,43,clean,uncertainty_only,80,FALLBACK,13,0.10655737704918032,0.8032786885245902
HANCOCK,43,clean,uncertainty_only,80,ABSTAIN,24,0.19672131147540983,0.8032786885245902
HANCOCK,43,clean,full_equal_weight,100,AUGMENT,122,1.0,1.0
HANCOCK,43,clean,full_equal_weight,100,FALLBACK,0,0.0,1.0
HANCOCK,43,clean,full_equal_weight,100,ABSTAIN,0,0.0,1.0
HANCOCK,43,clean,full_equal_weight,90,AUGMENT,103,0.8442622950819673,0.9016393442622951
HANCOCK,43,clean,full_equal_weight,90,FALLBACK,7,0.05737704918032787,0.9016393442622951
HANCOCK,43,clean,full_equal_weight,90,ABSTAIN,12,0.09836065573770492,0.9016393442622951
HANCOCK,43,clean,full_equal_weight,80,AUGMENT,82,0.6721311475409836,0.8032786885245902
HANCOCK,43,clean,full_equal_weight,80,FALLBACK,16,0.13114754098360656,0.8032786885245902
HANCOCK,43,clean,full_equal_weight,80,ABSTAIN,24,0.19672131147540983,0.8032786885245902
HANCOCK,43,clean,full_learned_nonnegative,100,AUGMENT,122,1.0,1.0
HANCOCK,43,clean,full_learned_nonnegative,100,FALLBACK,0,0.0,1.0
HANCOCK,43,clean,full_learned_nonnegative,100,ABSTAIN,0,0.0,1.0
HANCOCK,43,clean,full_learned_nonnegative,90,AUGMENT,103,0.8442622950819673,0.9016393442622951
HANCOCK,43,clean,full_learned_nonnegative,90,FALLBACK,7,0.05737704918032787,0.9016393442622951
HANCOCK,43,clean,full_learned_nonnegative,90,ABSTAIN,12,0.09836065573770492,0.9016393442622951
HANCOCK,43,clean,full_learned_nonnegative,80,AUGMENT,85,0.6967213114754098,0.8032786885245902
HANCOCK,43,clean,full_learned_nonnegative,80,FALLBACK,13,0.10655737704918032,0.8032786885245902
HANCOCK,43,clean,full_learned_nonnegative,80,ABSTAIN,24,0.19672131147540983,0.8032786885245902
HANCOCK,43,random_cell_dropout_10pct,ood_only,100,AUGMENT,122,1.0,1.0
HANCOCK,43,random_cell_dropout_10pct,ood_only,100,FALLBACK,0,0.0,1.0
HANCOCK,43,random_cell_dropout_10pct,ood_only,100,ABSTAIN,0,0.0,1.0
HANCOCK,43,random_cell_dropout_10pct,ood_only,90,AUGMENT,51,0.4180327868852459,0.9016393442622951
HANCOCK,43,random_cell_dropout_10pct,ood_only,90,FALLBACK,59,0.48360655737704916,0.9016393442622951
HANCOCK,43,random_cell_dropout_10pct,ood_only,90,ABSTAIN,12,0.09836065573770492,0.9016393442622951
HANCOCK,43,random_cell_dropout_10pct,ood_only,80,AUGMENT,24,0.19672131147540983,0.8032786885245902
HANCOCK,43,random_cell_dropout_10pct,ood_only,80,FALLBACK,74,0.6065573770491803,0.8032786885245902
HANCOCK,43,random_cell_dropout_10pct,ood_only,80,ABSTAIN,24,0.19672131147540983,0.8032786885245902
HANCOCK,43,random_cell_dropout_10pct,uncertainty_only,100,AUGMENT,122,1.0,1.0
HANCOCK,43,random_cell_dropout_10pct,uncertainty_only,100,FALLBACK,0,0.0,1.0
HANCOCK,43,random_cell_dropout_10pct,uncertainty_only,100,ABSTAIN,0,0.0,1.0
HANCOCK,43,random_cell_dropout_10pct,uncertainty_only,90,AUGMENT,102,0.8360655737704918,0.9016393442622951
HANCOCK,43,random_cell_dropout_10pct,uncertainty_only,90,FALLBACK,8,0.06557377049180328,0.9016393442622951
HANCOCK,43,random_cell_dropout_10pct,uncertainty_only,90,ABSTAIN,12,0.09836065573770492,0.9016393442622951
HANCOCK,43,random_cell_dropout_10pct,uncertainty_only,80,AUGMENT,91,0.7459016393442623,0.8032786885245902
HANCOCK,43,random_cell_dropout_10pct,uncertainty_only,80,FALLBACK,7,0.05737704918032787,0.8032786885245902
HANCOCK,43,random_cell_dropout_10pct,uncertainty_only,80,ABSTAIN,24,0.19672131147540983,0.8032786885245902
HANCOCK,43,random_cell_dropout_10pct,full_equal_weight,100,AUGMENT,121,0.9918032786885246,1.0
HANCOCK,43,random_cell_dropout_10pct,full_equal_weight,100,FALLBACK,1,0.00819672131147541,1.0
HANCOCK,43,random_cell_dropout_10pct,full_equal_weight,100,ABSTAIN,0,0.0,1.0
HANCOCK,43,random_cell_dropout_10pct,full_equal_weight,90,AUGMENT,97,0.7950819672131147,0.9016393442622951
HANCOCK,43,random_cell_dropout_10pct,full_equal_weight,90,FALLBACK,13,0.10655737704918032,0.9016393442622951
HANCOCK,43,random_cell_dropout_10pct,full_equal_weight,90,ABSTAIN,12,0.09836065573770492,0.9016393442622951
HANCOCK,43,random_cell_dropout_10pct,full_equal_weight,80,AUGMENT,82,0.6721311475409836,0.8032786885245902
HANCOCK,43,random_cell_dropout_10pct,full_equal_weight,80,FALLBACK,16,0.13114754098360656,0.8032786885245902
HANCOCK,43,random_cell_dropout_10pct,full_equal_weight,80,ABSTAIN,24,0.19672131147540983,0.8032786885245902
HANCOCK,43,random_cell_dropout_10pct,full_learned_nonnegative,100,AUGMENT,122,1.0,1.0
HANCOCK,43,random_cell_dropout_10pct,full_learned_nonnegative,100,FALLBACK,0,0.0,1.0
HANCOCK,43,random_cell_dropout_10pct,full_learned_nonnegative,100,ABSTAIN,0,0.0,1.0
HANCOCK,43,random_cell_dropout_10pct,full_learned_nonnegative,90,AUGMENT,103,0.8442622950819673,0.9016393442622951
HANCOCK,43,random_cell_dropout_10pct,full_learned_nonnegative,90,FALLBACK,7,0.05737704918032787,0.9016393442622951
HANCOCK,43,random_cell_dropout_10pct,full_learned_nonnegative,90,ABSTAIN,12,0.09836065573770492,0.9016393442622951
HANCOCK,43,random_cell_dropout_10pct,full_learned_nonnegative,80,AUGMENT,89,0.7295081967213115,0.8032786885245902
HANCOCK,43,random_cell_dropout_10pct,full_learned_nonnegative,80,FALLBACK,9,0.07377049180327869,0.8032786885245902
HANCOCK,43,random_cell_dropout_10pct,full_learned_nonnegative,80,ABSTAIN,24,0.19672131147540983,0.8032786885245902
HANCOCK,43,random_cell_dropout_30pct,ood_only,100,AUGMENT,120,0.9836065573770492,1.0
HANCOCK,43,random_cell_dropout_30pct,ood_only,100,FALLBACK,2,0.01639344262295082,1.0
HANCOCK,43,random_cell_dropout_30pct,ood_only,100,ABSTAIN,0,0.0,1.0
HANCOCK,43,random_cell_dropout_30pct,ood_only,90,AUGMENT,21,0.1721311475409836,0.9016393442622951
HANCOCK,43,random_cell_dropout_30pct,ood_only,90,FALLBACK,89,0.7295081967213115,0.9016393442622951
HANCOCK,43,random_cell_dropout_30pct,ood_only,90,ABSTAIN,12,0.09836065573770492,0.9016393442622951
HANCOCK,43,random_cell_dropout_30pct,ood_only,80,AUGMENT,5,0.040983606557377046,0.8032786885245902
HANCOCK,43,random_cell_dropout_30pct,ood_only,80,FALLBACK,93,0.7622950819672131,0.8032786885245902
HANCOCK,43,random_cell_dropout_30pct,ood_only,80,ABSTAIN,24,0.19672131147540983,0.8032786885245902
HANCOCK,43,random_cell_dropout_30pct,uncertainty_only,100,AUGMENT,122,1.0,1.0
HANCOCK,43,random_cell_dropout_30pct,uncertainty_only,100,FALLBACK,0,0.0,1.0
HANCOCK,43,random_cell_dropout_30pct,uncertainty_only,100,ABSTAIN,0,0.0,1.0
HANCOCK,43,random_cell_dropout_30pct,uncertainty_only,90,AUGMENT,107,0.8770491803278688,0.9016393442622951
HANCOCK,43,random_cell_dropout_30pct,uncertainty_only,90,FALLBACK,3,0.02459016393442623,0.9016393442622951
HANCOCK,43,random_cell_dropout_30pct,uncertainty_only,90,ABSTAIN,12,0.09836065573770492,0.9016393442622951
HANCOCK,43,random_cell_dropout_30pct,uncertainty_only,80,AUGMENT,92,0.7540983606557377,0.8032786885245902
HANCOCK,43,random_cell_dropout_30pct,uncertainty_only,80,FALLBACK,6,0.04918032786885246,0.8032786885245902
HANCOCK,43,random_cell_dropout_30pct,uncertainty_only,80,ABSTAIN,24,0.19672131147540983,0.8032786885245902
HANCOCK,43,random_cell_dropout_30pct,full_equal_weight,100,AUGMENT,120,0.9836065573770492,1.0
HANCOCK,43,random_cell_dropout_30pct,full_equal_weight,100,FALLBACK,2,0.01639344262295082,1.0
HANCOCK,43,random_cell_dropout_30pct,full_equal_weight,100,ABSTAIN,0,0.0,1.0
HANCOCK,43,random_cell_dropout_30pct,full_equal_weight,90,AUGMENT,95,0.7786885245901639,0.9016393442622951
HANCOCK,43,random_cell_dropout_30pct,full_equal_weight,90,FALLBACK,15,0.12295081967213115,0.9016393442622951
HANCOCK,43,random_cell_dropout_30pct,full_equal_weight,90,ABSTAIN,12,0.09836065573770492,0.9016393442622951
HANCOCK,43,random_cell_dropout_30pct,full_equal_weight,80,AUGMENT,77,0.6311475409836066,0.8032786885245902
HANCOCK,43,random_cell_dropout_30pct,full_equal_weight,80,FALLBACK,21,0.1721311475409836,0.8032786885245902
HANCOCK,43,random_cell_dropout_30pct,full_equal_weight,80,ABSTAIN,24,0.19672131147540983,0.8032786885245902
HANCOCK,43,random_cell_dropout_30pct,full_learned_nonnegative,100,AUGMENT,121,0.9918032786885246,1.0
HANCOCK,43,random_cell_dropout_30pct,full_learned_nonnegative,100,FALLBACK,1,0.00819672131147541,1.0
HANCOCK,43,random_cell_dropout_30pct,full_learned_nonnegative,100,ABSTAIN,0,0.0,1.0
HANCOCK,43,random_cell_dropout_30pct,full_learned_nonnegative,90,AUGMENT,105,0.860655737704918,0.9016393442622951
HANCOCK,43,random_cell_dropout_30pct,full_learned_nonnegative,90,FALLBACK,5,0.040983606557377046,0.9016393442622951
HANCOCK,43,random_cell_dropout_30pct,full_learned_nonnegative,90,ABSTAIN,12,0.09836065573770492,0.9016393442622951
HANCOCK,43,random_cell_dropout_30pct,full_learned_nonnegative,80,AUGMENT,91,0.7459016393442623,0.8032786885245902
HANCOCK,43,random_cell_dropout_30pct,full_learned_nonnegative,80,FALLBACK,7,0.05737704918032787,0.8032786885245902
HANCOCK,43,random_cell_dropout_30pct,full_learned_nonnegative,80,ABSTAIN,24,0.19672131147540983,0.8032786885245902
HANCOCK,43,measurement_noise_0.5sd,ood_only,100,AUGMENT,122,1.0,1.0
HANCOCK,43,measurement_noise_0.5sd,ood_only,100,FALLBACK,0,0.0,1.0
HANCOCK,43,measurement_noise_0.5sd,ood_only,100,ABSTAIN,0,0.0,1.0
HANCOCK,43,measurement_noise_0.5sd,ood_only,90,AUGMENT,82,0.6721311475409836,0.9016393442622951
HANCOCK,43,measurement_noise_0.5sd,ood_only,90,FALLBACK,28,0.22950819672131148,0.9016393442622951
HANCOCK,43,measurement_noise_0.5sd,ood_only,90,ABSTAIN,12,0.09836065573770492,0.9016393442622951
HANCOCK,43,measurement_noise_0.5sd,ood_only,80,AUGMENT,57,0.4672131147540984,0.8032786885245902
HANCOCK,43,measurement_noise_0.5sd,ood_only,80,FALLBACK,41,0.3360655737704918,0.8032786885245902
HANCOCK,43,measurement_noise_0.5sd,ood_only,80,ABSTAIN,24,0.19672131147540983,0.8032786885245902
HANCOCK,43,measurement_noise_0.5sd,uncertainty_only,100,AUGMENT,122,1.0,1.0
HANCOCK,43,measurement_noise_0.5sd,uncertainty_only,100,FALLBACK,0,0.0,1.0
HANCOCK,43,measurement_noise_0.5sd,uncertainty_only,100,ABSTAIN,0,0.0,1.0
HANCOCK,43,measurement_noise_0.5sd,uncertainty_only,90,AUGMENT,100,0.819672131147541,0.9016393442622951
HANCOCK,43,measurement_noise_0.5sd,uncertainty_only,90,FALLBACK,10,0.08196721311475409,0.9016393442622951
HANCOCK,43,measurement_noise_0.5sd,uncertainty_only,90,ABSTAIN,12,0.09836065573770492,0.9016393442622951
HANCOCK,43,measurement_noise_0.5sd,uncertainty_only,80,AUGMENT,79,0.6475409836065574,0.8032786885245902
HANCOCK,43,measurement_noise_0.5sd,uncertainty_only,80,FALLBACK,19,0.1557377049180328,0.8032786885245902
HANCOCK,43,measurement_noise_0.5sd,uncertainty_only,80,ABSTAIN,24,0.19672131147540983,0.8032786885245902
HANCOCK,43,measurement_noise_0.5sd,full_equal_weight,100,AUGMENT,122,1.0,1.0
HANCOCK,43,measurement_noise_0.5sd,full_equal_weight,100,FALLBACK,0,0.0,1.0
HANCOCK,43,measurement_noise_0.5sd,full_equal_weight,100,ABSTAIN,0,0.0,1.0
HANCOCK,43,measurement_noise_0.5sd,full_equal_weight,90,AUGMENT,93,0.7622950819672131,0.9016393442622951
HANCOCK,43,measurement_noise_0.5sd,full_equal_weight,90,FALLBACK,17,0.13934426229508196,0.9016393442622951
HANCOCK,43,measurement_noise_0.5sd,full_equal_weight,90,ABSTAIN,12,0.09836065573770492,0.9016393442622951
HANCOCK,43,measurement_noise_0.5sd,full_equal_weight,80,AUGMENT,79,0.6475409836065574,0.8032786885245902
HANCOCK,43,measurement_noise_0.5sd,full_equal_weight,80,FALLBACK,19,0.1557377049180328,0.8032786885245902
HANCOCK,43,measurement_noise_0.5sd,full_equal_weight,80,ABSTAIN,24,0.19672131147540983,0.8032786885245902
HANCOCK,43,measurement_noise_0.5sd,full_learned_nonnegative,100,AUGMENT,122,1.0,1.0
HANCOCK,43,measurement_noise_0.5sd,full_learned_nonnegative,100,FALLBACK,0,0.0,1.0
HANCOCK,43,measurement_noise_0.5sd,full_learned_nonnegative,100,ABSTAIN,0,0.0,1.0
HANCOCK,43,measurement_noise_0.5sd,full_learned_nonnegative,90,AUGMENT,99,0.8114754098360656,0.9016393442622951
HANCOCK,43,measurement_noise_0.5sd,full_learned_nonnegative,90,FALLBACK,11,0.09016393442622951,0.9016393442622951
HANCOCK,43,measurement_noise_0.5sd,full_learned_nonnegative,90,ABSTAIN,12,0.09836065573770492,0.9016393442622951
HANCOCK,43,measurement_noise_0.5sd,full_learned_nonnegative,80,AUGMENT,78,0.639344262295082,0.8032786885245902
HANCOCK,43,measurement_noise_0.5sd,full_learned_nonnegative,80,FALLBACK,20,0.16393442622950818,0.8032786885245902
HANCOCK,43,measurement_noise_0.5sd,full_learned_nonnegative,80,ABSTAIN,24,0.19672131147540983,0.8032786885245902
HANCOCK,43,location_shift_1sd,ood_only,100,AUGMENT,122,1.0,1.0
HANCOCK,43,location_shift_1sd,ood_only,100,FALLBACK,0,0.0,1.0
HANCOCK,43,location_shift_1sd,ood_only,100,ABSTAIN,0,0.0,1.0
HANCOCK,43,location_shift_1sd,ood_only,90,AUGMENT,74,0.6065573770491803,0.9016393442622951
HANCOCK,43,location_shift_1sd,ood_only,90,FALLBACK,36,0.29508196721311475,0.9016393442622951
HANCOCK,43,location_shift_1sd,ood_only,90,ABSTAIN,12,0.09836065573770492,0.9016393442622951
HANCOCK,43,location_shift_1sd,ood_only,80,AUGMENT,47,0.38524590163934425,0.8032786885245902
HANCOCK,43,location_shift_1sd,ood_only,80,FALLBACK,51,0.4180327868852459,0.8032786885245902
HANCOCK,43,location_shift_1sd,ood_only,80,ABSTAIN,24,0.19672131147540983,0.8032786885245902
HANCOCK,43,location_shift_1sd,uncertainty_only,100,AUGMENT,122,1.0,1.0
HANCOCK,43,location_shift_1sd,uncertainty_only,100,FALLBACK,0,0.0,1.0
HANCOCK,43,location_shift_1sd,uncertainty_only,100,ABSTAIN,0,0.0,1.0
HANCOCK,43,location_shift_1sd,uncertainty_only,90,AUGMENT,99,0.8114754098360656,0.9016393442622951
HANCOCK,43,location_shift_1sd,uncertainty_only,90,FALLBACK,11,0.09016393442622951,0.9016393442622951
HANCOCK,43,location_shift_1sd,uncertainty_only,90,ABSTAIN,12,0.09836065573770492,0.9016393442622951
HANCOCK,43,location_shift_1sd,uncertainty_only,80,AUGMENT,78,0.639344262295082,0.8032786885245902
HANCOCK,43,location_shift_1sd,uncertainty_only,80,FALLBACK,20,0.16393442622950818,0.8032786885245902
HANCOCK,43,location_shift_1sd,uncertainty_only,80,ABSTAIN,24,0.19672131147540983,0.8032786885245902
HANCOCK,43,location_shift_1sd,full_equal_weight,100,AUGMENT,122,1.0,1.0
HANCOCK,43,location_shift_1sd,full_equal_weight,100,FALLBACK,0,0.0,1.0
HANCOCK,43,location_shift_1sd,full_equal_weight,100,ABSTAIN,0,0.0,1.0
HANCOCK,43,location_shift_1sd,full_equal_weight,90,AUGMENT,93,0.7622950819672131,0.9016393442622951
HANCOCK,43,location_shift_1sd,full_equal_weight,90,FALLBACK,17,0.13934426229508196,0.9016393442622951
HANCOCK,43,location_shift_1sd,full_equal_weight,90,ABSTAIN,12,0.09836065573770492,0.9016393442622951
HANCOCK,43,location_shift_1sd,full_equal_weight,80,AUGMENT,70,0.5737704918032787,0.8032786885245902
HANCOCK,43,location_shift_1sd,full_equal_weight,80,FALLBACK,28,0.22950819672131148,0.8032786885245902
HANCOCK,43,location_shift_1sd,full_equal_weight,80,ABSTAIN,24,0.19672131147540983,0.8032786885245902
HANCOCK,43,location_shift_1sd,full_learned_nonnegative,100,AUGMENT,121,0.9918032786885246,1.0
HANCOCK,43,location_shift_1sd,full_learned_nonnegative,100,FALLBACK,1,0.00819672131147541,1.0
HANCOCK,43,location_shift_1sd,full_learned_nonnegative,100,ABSTAIN,0,0.0,1.0
HANCOCK,43,location_shift_1sd,full_learned_nonnegative,90,AUGMENT,97,0.7950819672131147,0.9016393442622951
HANCOCK,43,location_shift_1sd,full_learned_nonnegative,90,FALLBACK,13,0.10655737704918032,0.9016393442622951
HANCOCK,43,location_shift_1sd,full_learned_nonnegative,90,ABSTAIN,12,0.09836065573770492,0.9016393442622951
HANCOCK,43,location_shift_1sd,full_learned_nonnegative,80,AUGMENT,77,0.6311475409836066,0.8032786885245902
HANCOCK,43,location_shift_1sd,full_learned_nonnegative,80,FALLBACK,21,0.1721311475409836,0.8032786885245902
HANCOCK,43,location_shift_1sd,full_learned_nonnegative,80,ABSTAIN,24,0.19672131147540983,0.8032786885245902
HANCOCK,43,row_permutation_negative_control,ood_only,100,AUGMENT,122,1.0,1.0
HANCOCK,43,row_permutation_negative_control,ood_only,100,FALLBACK,0,0.0,1.0
HANCOCK,43,row_permutation_negative_control,ood_only,100,ABSTAIN,0,0.0,1.0
HANCOCK,43,row_permutation_negative_control,ood_only,90,AUGMENT,99,0.8114754098360656,0.9016393442622951
HANCOCK,43,row_permutation_negative_control,ood_only,90,FALLBACK,11,0.09016393442622951,0.9016393442622951
HANCOCK,43,row_permutation_negative_control,ood_only,90,ABSTAIN,12,0.09836065573770492,0.9016393442622951
HANCOCK,43,row_permutation_negative_control,ood_only,80,AUGMENT,76,0.6229508196721312,0.8032786885245902
HANCOCK,43,row_permutation_negative_control,ood_only,80,FALLBACK,22,0.18032786885245902,0.8032786885245902
HANCOCK,43,row_permutation_negative_control,ood_only,80,ABSTAIN,24,0.19672131147540983,0.8032786885245902
HANCOCK,43,row_permutation_negative_control,uncertainty_only,100,AUGMENT,122,1.0,1.0
HANCOCK,43,row_permutation_negative_control,uncertainty_only,100,FALLBACK,0,0.0,1.0
HANCOCK,43,row_permutation_negative_control,uncertainty_only,100,ABSTAIN,0,0.0,1.0
HANCOCK,43,row_permutation_negative_control,uncertainty_only,90,AUGMENT,101,0.8278688524590164,0.9016393442622951
HANCOCK,43,row_permutation_negative_control,uncertainty_only,90,FALLBACK,9,0.07377049180327869,0.9016393442622951
HANCOCK,43,row_permutation_negative_control,uncertainty_only,90,ABSTAIN,12,0.09836065573770492,0.9016393442622951
HANCOCK,43,row_permutation_negative_control,uncertainty_only,80,AUGMENT,84,0.6885245901639344,0.8032786885245902
HANCOCK,43,row_permutation_negative_control,uncertainty_only,80,FALLBACK,14,0.11475409836065574,0.8032786885245902
HANCOCK,43,row_permutation_negative_control,uncertainty_only,80,ABSTAIN,24,0.19672131147540983,0.8032786885245902
HANCOCK,43,row_permutation_negative_control,full_equal_weight,100,AUGMENT,121,0.9918032786885246,1.0
HANCOCK,43,row_permutation_negative_control,full_equal_weight,100,FALLBACK,1,0.00819672131147541,1.0
HANCOCK,43,row_permutation_negative_control,full_equal_weight,100,ABSTAIN,0,0.0,1.0
HANCOCK,43,row_permutation_negative_control,full_equal_weight,90,AUGMENT,99,0.8114754098360656,0.9016393442622951
HANCOCK,43,row_permutation_negative_control,full_equal_weight,90,FALLBACK,11,0.09016393442622951,0.9016393442622951
HANCOCK,43,row_permutation_negative_control,full_equal_weight,90,ABSTAIN,12,0.09836065573770492,0.9016393442622951
HANCOCK,43,row_permutation_negative_control,full_equal_weight,80,AUGMENT,81,0.6639344262295082,0.8032786885245902
HANCOCK,43,row_permutation_negative_control,full_equal_weight,80,FALLBACK,17,0.13934426229508196,0.8032786885245902
HANCOCK,43,row_permutation_negative_control,full_equal_weight,80,ABSTAIN,24,0.19672131147540983,0.8032786885245902
HANCOCK,43,row_permutation_negative_control,full_learned_nonnegative,100,AUGMENT,122,1.0,1.0
HANCOCK,43,row_permutation_negative_control,full_learned_nonnegative,100,FALLBACK,0,0.0,1.0
HANCOCK,43,row_permutation_negative_control,full_learned_nonnegative,100,ABSTAIN,0,0.0,1.0
HANCOCK,43,row_permutation_negative_control,full_learned_nonnegative,90,AUGMENT,101,0.8278688524590164,0.9016393442622951
HANCOCK,43,row_permutation_negative_control,full_learned_nonnegative,90,FALLBACK,9,0.07377049180327869,0.9016393442622951
HANCOCK,43,row_permutation_negative_control,full_learned_nonnegative,90,ABSTAIN,12,0.09836065573770492,0.9016393442622951
HANCOCK,43,row_permutation_negative_control,full_learned_nonnegative,80,AUGMENT,82,0.6721311475409836,0.8032786885245902
HANCOCK,43,row_permutation_negative_control,full_learned_nonnegative,80,FALLBACK,16,0.13114754098360656,0.8032786885245902
HANCOCK,43,row_permutation_negative_control,full_learned_nonnegative,80,ABSTAIN,24,0.19672131147540983,0.8032786885245902
HANCOCK,43,complete_modality_dropout,ood_only,100,AUGMENT,0,0.0,1.0
HANCOCK,43,complete_modality_dropout,ood_only,100,FALLBACK,122,1.0,1.0
HANCOCK,43,complete_modality_dropout,ood_only,100,ABSTAIN,0,0.0,1.0
HANCOCK,43,complete_modality_dropout,ood_only,90,AUGMENT,0,0.0,0.9016393442622951
HANCOCK,43,complete_modality_dropout,ood_only,90,FALLBACK,110,0.9016393442622951,0.9016393442622951
HANCOCK,43,complete_modality_dropout,ood_only,90,ABSTAIN,12,0.09836065573770492,0.9016393442622951
HANCOCK,43,complete_modality_dropout,ood_only,80,AUGMENT,0,0.0,0.8032786885245902
HANCOCK,43,complete_modality_dropout,ood_only,80,FALLBACK,98,0.8032786885245902,0.8032786885245902
HANCOCK,43,complete_modality_dropout,ood_only,80,ABSTAIN,24,0.19672131147540983,0.8032786885245902
HANCOCK,43,complete_modality_dropout,uncertainty_only,100,AUGMENT,0,0.0,1.0
HANCOCK,43,complete_modality_dropout,uncertainty_only,100,FALLBACK,122,1.0,1.0
HANCOCK,43,complete_modality_dropout,uncertainty_only,100,ABSTAIN,0,0.0,1.0
HANCOCK,43,complete_modality_dropout,uncertainty_only,90,AUGMENT,0,0.0,0.9016393442622951
HANCOCK,43,complete_modality_dropout,uncertainty_only,90,FALLBACK,110,0.9016393442622951,0.9016393442622951
HANCOCK,43,complete_modality_dropout,uncertainty_only,90,ABSTAIN,12,0.09836065573770492,0.9016393442622951
HANCOCK,43,complete_modality_dropout,uncertainty_only,80,AUGMENT,0,0.0,0.8032786885245902
HANCOCK,43,complete_modality_dropout,uncertainty_only,80,FALLBACK,98,0.8032786885245902,0.8032786885245902
HANCOCK,43,complete_modality_dropout,uncertainty_only,80,ABSTAIN,24,0.19672131147540983,0.8032786885245902
HANCOCK,43,complete_modality_dropout,full_equal_weight,100,AUGMENT,0,0.0,1.0
HANCOCK,43,complete_modality_dropout,full_equal_weight,100,FALLBACK,122,1.0,1.0
HANCOCK,43,complete_modality_dropout,full_equal_weight,100,ABSTAIN,0,0.0,1.0
HANCOCK,43,complete_modality_dropout,full_equal_weight,90,AUGMENT,0,0.0,0.9016393442622951
HANCOCK,43,complete_modality_dropout,full_equal_weight,90,FALLBACK,110,0.9016393442622951,0.9016393442622951
HANCOCK,43,complete_modality_dropout,full_equal_weight,90,ABSTAIN,12,0.09836065573770492,0.9016393442622951
HANCOCK,43,complete_modality_dropout,full_equal_weight,80,AUGMENT,0,0.0,0.8032786885245902
HANCOCK,43,complete_modality_dropout,full_equal_weight,80,FALLBACK,98,0.8032786885245902,0.8032786885245902
HANCOCK,43,complete_modality_dropout,full_equal_weight,80,ABSTAIN,24,0.19672131147540983,0.8032786885245902
HANCOCK,43,complete_modality_dropout,full_learned_nonnegative,100,AUGMENT,0,0.0,1.0
HANCOCK,43,complete_modality_dropout,full_learned_nonnegative,100,FALLBACK,122,1.0,1.0
HANCOCK,43,complete_modality_dropout,full_learned_nonnegative,100,ABSTAIN,0,0.0,1.0
HANCOCK,43,complete_modality_dropout,full_learned_nonnegative,90,AUGMENT,0,0.0,0.9016393442622951
HANCOCK,43,complete_modality_dropout,full_learned_nonnegative,90,FALLBACK,110,0.9016393442622951,0.9016393442622951
HANCOCK,43,complete_modality_dropout,full_learned_nonnegative,90,ABSTAIN,12,0.09836065573770492,0.9016393442622951
HANCOCK,43,complete_modality_dropout,full_learned_nonnegative,80,AUGMENT,0,0.0,0.8032786885245902
HANCOCK,43,complete_modality_dropout,full_learned_nonnegative,80,FALLBACK,98,0.8032786885245902,0.8032786885245902
HANCOCK,43,complete_modality_dropout,full_learned_nonnegative,80,ABSTAIN,24,0.19672131147540983,0.8032786885245902
HANCOCK,43,blood_block_dropout_30pct_rows,ood_only,100,AUGMENT,121,0.9918032786885246,1.0
HANCOCK,43,blood_block_dropout_30pct_rows,ood_only,100,FALLBACK,1,0.00819672131147541,1.0
HANCOCK,43,blood_block_dropout_30pct_rows,ood_only,100,ABSTAIN,0,0.0,1.0
HANCOCK,43,blood_block_dropout_30pct_rows,ood_only,90,AUGMENT,99,0.8114754098360656,0.9016393442622951
HANCOCK,43,blood_block_dropout_30pct_rows,ood_only,90,FALLBACK,11,0.09016393442622951,0.9016393442622951
HANCOCK,43,blood_block_dropout_30pct_rows,ood_only,90,ABSTAIN,12,0.09836065573770492,0.9016393442622951
HANCOCK,43,blood_block_dropout_30pct_rows,ood_only,80,AUGMENT,79,0.6475409836065574,0.8032786885245902
HANCOCK,43,blood_block_dropout_30pct_rows,ood_only,80,FALLBACK,19,0.1557377049180328,0.8032786885245902
HANCOCK,43,blood_block_dropout_30pct_rows,ood_only,80,ABSTAIN,24,0.19672131147540983,0.8032786885245902
HANCOCK,43,blood_block_dropout_30pct_rows,uncertainty_only,100,AUGMENT,121,0.9918032786885246,1.0
HANCOCK,43,blood_block_dropout_30pct_rows,uncertainty_only,100,FALLBACK,1,0.00819672131147541,1.0
HANCOCK,43,blood_block_dropout_30pct_rows,uncertainty_only,100,ABSTAIN,0,0.0,1.0
HANCOCK,43,blood_block_dropout_30pct_rows,uncertainty_only,90,AUGMENT,101,0.8278688524590164,0.9016393442622951
HANCOCK,43,blood_block_dropout_30pct_rows,uncertainty_only,90,FALLBACK,9,0.07377049180327869,0.9016393442622951
HANCOCK,43,blood_block_dropout_30pct_rows,uncertainty_only,90,ABSTAIN,12,0.09836065573770492,0.9016393442622951
HANCOCK,43,blood_block_dropout_30pct_rows,uncertainty_only,80,AUGMENT,86,0.7049180327868853,0.8032786885245902
HANCOCK,43,blood_block_dropout_30pct_rows,uncertainty_only,80,FALLBACK,12,0.09836065573770492,0.8032786885245902
HANCOCK,43,blood_block_dropout_30pct_rows,uncertainty_only,80,ABSTAIN,24,0.19672131147540983,0.8032786885245902
HANCOCK,43,blood_block_dropout_30pct_rows,full_equal_weight,100,AUGMENT,121,0.9918032786885246,1.0
HANCOCK,43,blood_block_dropout_30pct_rows,full_equal_weight,100,FALLBACK,1,0.00819672131147541,1.0
HANCOCK,43,blood_block_dropout_30pct_rows,full_equal_weight,100,ABSTAIN,0,0.0,1.0
HANCOCK,43,blood_block_dropout_30pct_rows,full_equal_weight,90,AUGMENT,97,0.7950819672131147,0.9016393442622951
HANCOCK,43,blood_block_dropout_30pct_rows,full_equal_weight,90,FALLBACK,13,0.10655737704918032,0.9016393442622951
HANCOCK,43,blood_block_dropout_30pct_rows,full_equal_weight,90,ABSTAIN,12,0.09836065573770492,0.9016393442622951
HANCOCK,43,blood_block_dropout_30pct_rows,full_equal_weight,80,AUGMENT,84,0.6885245901639344,0.8032786885245902
HANCOCK,43,blood_block_dropout_30pct_rows,full_equal_weight,80,FALLBACK,14,0.11475409836065574,0.8032786885245902
HANCOCK,43,blood_block_dropout_30pct_rows,full_equal_weight,80,ABSTAIN,24,0.19672131147540983,0.8032786885245902
HANCOCK,43,blood_block_dropout_30pct_rows,full_learned_nonnegative,100,AUGMENT,121,0.9918032786885246,1.0
HANCOCK,43,blood_block_dropout_30pct_rows,full_learned_nonnegative,100,FALLBACK,1,0.00819672131147541,1.0
HANCOCK,43,blood_block_dropout_30pct_rows,full_learned_nonnegative,100,ABSTAIN,0,0.0,1.0
HANCOCK,43,blood_block_dropout_30pct_rows,full_learned_nonnegative,90,AUGMENT,102,0.8360655737704918,0.9016393442622951
HANCOCK,43,blood_block_dropout_30pct_rows,full_learned_nonnegative,90,FALLBACK,8,0.06557377049180328,0.9016393442622951
HANCOCK,43,blood_block_dropout_30pct_rows,full_learned_nonnegative,90,ABSTAIN,12,0.09836065573770492,0.9016393442622951
HANCOCK,43,blood_block_dropout_30pct_rows,full_learned_nonnegative,80,AUGMENT,85,0.6967213114754098,0.8032786885245902
HANCOCK,43,blood_block_dropout_30pct_rows,full_learned_nonnegative,80,FALLBACK,13,0.10655737704918032,0.8032786885245902
HANCOCK,43,blood_block_dropout_30pct_rows,full_learned_nonnegative,80,ABSTAIN,24,0.19672131147540983,0.8032786885245902
HANCOCK,43,tma_block_dropout_30pct_rows,ood_only,100,AUGMENT,116,0.9508196721311475,1.0
HANCOCK,43,tma_block_dropout_30pct_rows,ood_only,100,FALLBACK,6,0.04918032786885246,1.0
HANCOCK,43,tma_block_dropout_30pct_rows,ood_only,100,ABSTAIN,0,0.0,1.0
HANCOCK,43,tma_block_dropout_30pct_rows,ood_only,90,AUGMENT,87,0.7131147540983607,0.9016393442622951
HANCOCK,43,tma_block_dropout_30pct_rows,ood_only,90,FALLBACK,23,0.1885245901639344,0.9016393442622951
HANCOCK,43,tma_block_dropout_30pct_rows,ood_only,90,ABSTAIN,12,0.09836065573770492,0.9016393442622951
HANCOCK,43,tma_block_dropout_30pct_rows,ood_only,80,AUGMENT,64,0.5245901639344263,0.8032786885245902
HANCOCK,43,tma_block_dropout_30pct_rows,ood_only,80,FALLBACK,34,0.2786885245901639,0.8032786885245902
HANCOCK,43,tma_block_dropout_30pct_rows,ood_only,80,ABSTAIN,24,0.19672131147540983,0.8032786885245902
HANCOCK,43,tma_block_dropout_30pct_rows,uncertainty_only,100,AUGMENT,116,0.9508196721311475,1.0
HANCOCK,43,tma_block_dropout_30pct_rows,uncertainty_only,100,FALLBACK,6,0.04918032786885246,1.0
HANCOCK,43,tma_block_dropout_30pct_rows,uncertainty_only,100,ABSTAIN,0,0.0,1.0
HANCOCK,43,tma_block_dropout_30pct_rows,uncertainty_only,90,AUGMENT,96,0.7868852459016393,0.9016393442622951
HANCOCK,43,tma_block_dropout_30pct_rows,uncertainty_only,90,FALLBACK,14,0.11475409836065574,0.9016393442622951
HANCOCK,43,tma_block_dropout_30pct_rows,uncertainty_only,90,ABSTAIN,12,0.09836065573770492,0.9016393442622951
HANCOCK,43,tma_block_dropout_30pct_rows,uncertainty_only,80,AUGMENT,81,0.6639344262295082,0.8032786885245902
HANCOCK,43,tma_block_dropout_30pct_rows,uncertainty_only,80,FALLBACK,17,0.13934426229508196,0.8032786885245902
HANCOCK,43,tma_block_dropout_30pct_rows,uncertainty_only,80,ABSTAIN,24,0.19672131147540983,0.8032786885245902
HANCOCK,43,tma_block_dropout_30pct_rows,full_equal_weight,100,AUGMENT,116,0.9508196721311475,1.0
HANCOCK,43,tma_block_dropout_30pct_rows,full_equal_weight,100,FALLBACK,6,0.04918032786885246,1.0
HANCOCK,43,tma_block_dropout_30pct_rows,full_equal_weight,100,ABSTAIN,0,0.0,1.0
HANCOCK,43,tma_block_dropout_30pct_rows,full_equal_weight,90,AUGMENT,93,0.7622950819672131,0.9016393442622951
HANCOCK,43,tma_block_dropout_30pct_rows,full_equal_weight,90,FALLBACK,17,0.13934426229508196,0.9016393442622951
HANCOCK,43,tma_block_dropout_30pct_rows,full_equal_weight,90,ABSTAIN,12,0.09836065573770492,0.9016393442622951
HANCOCK,43,tma_block_dropout_30pct_rows,full_equal_weight,80,AUGMENT,77,0.6311475409836066,0.8032786885245902
HANCOCK,43,tma_block_dropout_30pct_rows,full_equal_weight,80,FALLBACK,21,0.1721311475409836,0.8032786885245902
HANCOCK,43,tma_block_dropout_30pct_rows,full_equal_weight,80,ABSTAIN,24,0.19672131147540983,0.8032786885245902
HANCOCK,43,tma_block_dropout_30pct_rows,full_learned_nonnegative,100,AUGMENT,116,0.9508196721311475,1.0
HANCOCK,43,tma_block_dropout_30pct_rows,full_learned_nonnegative,100,FALLBACK,6,0.04918032786885246,1.0
HANCOCK,43,tma_block_dropout_30pct_rows,full_learned_nonnegative,100,ABSTAIN,0,0.0,1.0
HANCOCK,43,tma_block_dropout_30pct_rows,full_learned_nonnegative,90,AUGMENT,96,0.7868852459016393,0.9016393442622951
HANCOCK,43,tma_block_dropout_30pct_rows,full_learned_nonnegative,90,FALLBACK,14,0.11475409836065574,0.9016393442622951
HANCOCK,43,tma_block_dropout_30pct_rows,full_learned_nonnegative,90,ABSTAIN,12,0.09836065573770492,0.9016393442622951
HANCOCK,43,tma_block_dropout_30pct_rows,full_learned_nonnegative,80,AUGMENT,78,0.639344262295082,0.8032786885245902
HANCOCK,43,tma_block_dropout_30pct_rows,full_learned_nonnegative,80,FALLBACK,20,0.16393442622950818,0.8032786885245902
HANCOCK,43,tma_block_dropout_30pct_rows,full_learned_nonnegative,80,ABSTAIN,24,0.19672131147540983,0.8032786885245902
HANCOCK,43,blood_and_tma_dropout_30pct_rows,ood_only,100,AUGMENT,85,0.6967213114754098,1.0
HANCOCK,43,blood_and_tma_dropout_30pct_rows,ood_only,100,FALLBACK,37,0.30327868852459017,1.0
HANCOCK,43,blood_and_tma_dropout_30pct_rows,ood_only,100,ABSTAIN,0,0.0,1.0
HANCOCK,43,blood_and_tma_dropout_30pct_rows,ood_only,90,AUGMENT,70,0.5737704918032787,0.9016393442622951
HANCOCK,43,blood_and_tma_dropout_30pct_rows,ood_only,90,FALLBACK,40,0.32786885245901637,0.9016393442622951
HANCOCK,43,blood_and_tma_dropout_30pct_rows,ood_only,90,ABSTAIN,12,0.09836065573770492,0.9016393442622951
HANCOCK,43,blood_and_tma_dropout_30pct_rows,ood_only,80,AUGMENT,53,0.4344262295081967,0.8032786885245902
HANCOCK,43,blood_and_tma_dropout_30pct_rows,ood_only,80,FALLBACK,45,0.36885245901639346,0.8032786885245902
HANCOCK,43,blood_and_tma_dropout_30pct_rows,ood_only,80,ABSTAIN,24,0.19672131147540983,0.8032786885245902
HANCOCK,43,blood_and_tma_dropout_30pct_rows,uncertainty_only,100,AUGMENT,85,0.6967213114754098,1.0
HANCOCK,43,blood_and_tma_dropout_30pct_rows,uncertainty_only,100,FALLBACK,37,0.30327868852459017,1.0
HANCOCK,43,blood_and_tma_dropout_30pct_rows,uncertainty_only,100,ABSTAIN,0,0.0,1.0
HANCOCK,43,blood_and_tma_dropout_30pct_rows,uncertainty_only,90,AUGMENT,66,0.5409836065573771,0.9016393442622951
HANCOCK,43,blood_and_tma_dropout_30pct_rows,uncertainty_only,90,FALLBACK,44,0.36065573770491804,0.9016393442622951
HANCOCK,43,blood_and_tma_dropout_30pct_rows,uncertainty_only,90,ABSTAIN,12,0.09836065573770492,0.9016393442622951
HANCOCK,43,blood_and_tma_dropout_30pct_rows,uncertainty_only,80,AUGMENT,56,0.45901639344262296,0.8032786885245902
HANCOCK,43,blood_and_tma_dropout_30pct_rows,uncertainty_only,80,FALLBACK,42,0.3442622950819672,0.8032786885245902
HANCOCK,43,blood_and_tma_dropout_30pct_rows,uncertainty_only,80,ABSTAIN,24,0.19672131147540983,0.8032786885245902
HANCOCK,43,blood_and_tma_dropout_30pct_rows,full_equal_weight,100,AUGMENT,85,0.6967213114754098,1.0
HANCOCK,43,blood_and_tma_dropout_30pct_rows,full_equal_weight,100,FALLBACK,37,0.30327868852459017,1.0
HANCOCK,43,blood_and_tma_dropout_30pct_rows,full_equal_weight,100,ABSTAIN,0,0.0,1.0
HANCOCK,43,blood_and_tma_dropout_30pct_rows,full_equal_weight,90,AUGMENT,70,0.5737704918032787,0.9016393442622951
HANCOCK,43,blood_and_tma_dropout_30pct_rows,full_equal_weight,90,FALLBACK,40,0.32786885245901637,0.9016393442622951
HANCOCK,43,blood_and_tma_dropout_30pct_rows,full_equal_weight,90,ABSTAIN,12,0.09836065573770492,0.9016393442622951
HANCOCK,43,blood_and_tma_dropout_30pct_rows,full_equal_weight,80,AUGMENT,59,0.48360655737704916,0.8032786885245902
HANCOCK,43,blood_and_tma_dropout_30pct_rows,full_equal_weight,80,FALLBACK,39,0.319672131147541,0.8032786885245902
HANCOCK,43,blood_and_tma_dropout_30pct_rows,full_equal_weight,80,ABSTAIN,24,0.19672131147540983,0.8032786885245902
HANCOCK,43,blood_and_tma_dropout_30pct_rows,full_learned_nonnegative,100,AUGMENT,85,0.6967213114754098,1.0
HANCOCK,43,blood_and_tma_dropout_30pct_rows,full_learned_nonnegative,100,FALLBACK,37,0.30327868852459017,1.0
HANCOCK,43,blood_and_tma_dropout_30pct_rows,full_learned_nonnegative,100,ABSTAIN,0,0.0,1.0
HANCOCK,43,blood_and_tma_dropout_30pct_rows,full_learned_nonnegative,90,AUGMENT,69,0.5655737704918032,0.9016393442622951
HANCOCK,43,blood_and_tma_dropout_30pct_rows,full_learned_nonnegative,90,FALLBACK,41,0.3360655737704918,0.9016393442622951
HANCOCK,43,blood_and_tma_dropout_30pct_rows,full_learned_nonnegative,90,ABSTAIN,12,0.09836065573770492,0.9016393442622951
HANCOCK,43,blood_and_tma_dropout_30pct_rows,full_learned_nonnegative,80,AUGMENT,55,0.45081967213114754,0.8032786885245902
HANCOCK,43,blood_and_tma_dropout_30pct_rows,full_learned_nonnegative,80,FALLBACK,43,0.3524590163934426,0.8032786885245902
HANCOCK,43,blood_and_tma_dropout_30pct_rows,full_learned_nonnegative,80,ABSTAIN,24,0.19672131147540983,0.8032786885245902
HANCOCK,43,oropharynx_targeted_tma_dropout,ood_only,100,AUGMENT,122,1.0,1.0
HANCOCK,43,oropharynx_targeted_tma_dropout,ood_only,100,FALLBACK,0,0.0,1.0
HANCOCK,43,oropharynx_targeted_tma_dropout,ood_only,100,ABSTAIN,0,0.0,1.0
HANCOCK,43,oropharynx_targeted_tma_dropout,ood_only,90,AUGMENT,100,0.819672131147541,0.9016393442622951
HANCOCK,43,oropharynx_targeted_tma_dropout,ood_only,90,FALLBACK,10,0.08196721311475409,0.9016393442622951
HANCOCK,43,oropharynx_targeted_tma_dropout,ood_only,90,ABSTAIN,12,0.09836065573770492,0.9016393442622951
HANCOCK,43,oropharynx_targeted_tma_dropout,ood_only,80,AUGMENT,78,0.639344262295082,0.8032786885245902
HANCOCK,43,oropharynx_targeted_tma_dropout,ood_only,80,FALLBACK,20,0.16393442622950818,0.8032786885245902
HANCOCK,43,oropharynx_targeted_tma_dropout,ood_only,80,ABSTAIN,24,0.19672131147540983,0.8032786885245902
HANCOCK,43,oropharynx_targeted_tma_dropout,uncertainty_only,100,AUGMENT,122,1.0,1.0
HANCOCK,43,oropharynx_targeted_tma_dropout,uncertainty_only,100,FALLBACK,0,0.0,1.0
HANCOCK,43,oropharynx_targeted_tma_dropout,uncertainty_only,100,ABSTAIN,0,0.0,1.0
HANCOCK,43,oropharynx_targeted_tma_dropout,uncertainty_only,90,AUGMENT,101,0.8278688524590164,0.9016393442622951
HANCOCK,43,oropharynx_targeted_tma_dropout,uncertainty_only,90,FALLBACK,9,0.07377049180327869,0.9016393442622951
HANCOCK,43,oropharynx_targeted_tma_dropout,uncertainty_only,90,ABSTAIN,12,0.09836065573770492,0.9016393442622951
HANCOCK,43,oropharynx_targeted_tma_dropout,uncertainty_only,80,AUGMENT,85,0.6967213114754098,0.8032786885245902
HANCOCK,43,oropharynx_targeted_tma_dropout,uncertainty_only,80,FALLBACK,13,0.10655737704918032,0.8032786885245902
HANCOCK,43,oropharynx_targeted_tma_dropout,uncertainty_only,80,ABSTAIN,24,0.19672131147540983,0.8032786885245902
HANCOCK,43,oropharynx_targeted_tma_dropout,full_equal_weight,100,AUGMENT,121,0.9918032786885246,1.0
HANCOCK,43,oropharynx_targeted_tma_dropout,full_equal_weight,100,FALLBACK,1,0.00819672131147541,1.0
HANCOCK,43,oropharynx_targeted_tma_dropout,full_equal_weight,100,ABSTAIN,0,0.0,1.0
HANCOCK,43,oropharynx_targeted_tma_dropout,full_equal_weight,90,AUGMENT,100,0.819672131147541,0.9016393442622951
HANCOCK,43,oropharynx_targeted_tma_dropout,full_equal_weight,90,FALLBACK,10,0.08196721311475409,0.9016393442622951
HANCOCK,43,oropharynx_targeted_tma_dropout,full_equal_weight,90,ABSTAIN,12,0.09836065573770492,0.9016393442622951
HANCOCK,43,oropharynx_targeted_tma_dropout,full_equal_weight,80,AUGMENT,85,0.6967213114754098,0.8032786885245902
HANCOCK,43,oropharynx_targeted_tma_dropout,full_equal_weight,80,FALLBACK,13,0.10655737704918032,0.8032786885245902
HANCOCK,43,oropharynx_targeted_tma_dropout,full_equal_weight,80,ABSTAIN,24,0.19672131147540983,0.8032786885245902
HANCOCK,43,oropharynx_targeted_tma_dropout,full_learned_nonnegative,100,AUGMENT,122,1.0,1.0
HANCOCK,43,oropharynx_targeted_tma_dropout,full_learned_nonnegative,100,FALLBACK,0,0.0,1.0
HANCOCK,43,oropharynx_targeted_tma_dropout,full_learned_nonnegative,100,ABSTAIN,0,0.0,1.0
HANCOCK,43,oropharynx_targeted_tma_dropout,full_learned_nonnegative,90,AUGMENT,103,0.8442622950819673,0.9016393442622951
HANCOCK,43,oropharynx_targeted_tma_dropout,full_learned_nonnegative,90,FALLBACK,7,0.05737704918032787,0.9016393442622951
HANCOCK,43,oropharynx_targeted_tma_dropout,full_learned_nonnegative,90,ABSTAIN,12,0.09836065573770492,0.9016393442622951
HANCOCK,43,oropharynx_targeted_tma_dropout,full_learned_nonnegative,80,AUGMENT,85,0.6967213114754098,0.8032786885245902
HANCOCK,43,oropharynx_targeted_tma_dropout,full_learned_nonnegative,80,FALLBACK,13,0.10655737704918032,0.8032786885245902
HANCOCK,43,oropharynx_targeted_tma_dropout,full_learned_nonnegative,80,ABSTAIN,24,0.19672131147540983,0.8032786885245902
HANCOCK,71,clean,ood_only,100,AUGMENT,122,1.0,1.0
HANCOCK,71,clean,ood_only,100,FALLBACK,0,0.0,1.0
HANCOCK,71,clean,ood_only,100,ABSTAIN,0,0.0,1.0
HANCOCK,71,clean,ood_only,90,AUGMENT,100,0.819672131147541,0.9016393442622951
HANCOCK,71,clean,ood_only,90,FALLBACK,10,0.08196721311475409,0.9016393442622951
HANCOCK,71,clean,ood_only,90,ABSTAIN,12,0.09836065573770492,0.9016393442622951
HANCOCK,71,clean,ood_only,80,AUGMENT,81,0.6639344262295082,0.8114754098360656
HANCOCK,71,clean,ood_only,80,FALLBACK,18,0.14754098360655737,0.8114754098360656
HANCOCK,71,clean,ood_only,80,ABSTAIN,23,0.1885245901639344,0.8114754098360656
HANCOCK,71,clean,uncertainty_only,100,AUGMENT,122,1.0,1.0
HANCOCK,71,clean,uncertainty_only,100,FALLBACK,0,0.0,1.0
HANCOCK,71,clean,uncertainty_only,100,ABSTAIN,0,0.0,1.0
HANCOCK,71,clean,uncertainty_only,90,AUGMENT,100,0.819672131147541,0.9016393442622951
HANCOCK,71,clean,uncertainty_only,90,FALLBACK,10,0.08196721311475409,0.9016393442622951
HANCOCK,71,clean,uncertainty_only,90,ABSTAIN,12,0.09836065573770492,0.9016393442622951
HANCOCK,71,clean,uncertainty_only,80,AUGMENT,82,0.6721311475409836,0.8032786885245902
HANCOCK,71,clean,uncertainty_only,80,FALLBACK,16,0.13114754098360656,0.8032786885245902
HANCOCK,71,clean,uncertainty_only,80,ABSTAIN,24,0.19672131147540983,0.8032786885245902
HANCOCK,71,clean,full_equal_weight,100,AUGMENT,122,1.0,1.0
HANCOCK,71,clean,full_equal_weight,100,FALLBACK,0,0.0,1.0
HANCOCK,71,clean,full_equal_weight,100,ABSTAIN,0,0.0,1.0
HANCOCK,71,clean,full_equal_weight,90,AUGMENT,100,0.819672131147541,0.9016393442622951
HANCOCK,71,clean,full_equal_weight,90,FALLBACK,10,0.08196721311475409,0.9016393442622951
HANCOCK,71,clean,full_equal_weight,90,ABSTAIN,12,0.09836065573770492,0.9016393442622951
HANCOCK,71,clean,full_equal_weight,80,AUGMENT,84,0.6885245901639344,0.8032786885245902
HANCOCK,71,clean,full_equal_weight,80,FALLBACK,14,0.11475409836065574,0.8032786885245902
HANCOCK,71,clean,full_equal_weight,80,ABSTAIN,24,0.19672131147540983,0.8032786885245902
HANCOCK,71,clean,full_learned_nonnegative,100,AUGMENT,122,1.0,1.0
HANCOCK,71,clean,full_learned_nonnegative,100,FALLBACK,0,0.0,1.0
HANCOCK,71,clean,full_learned_nonnegative,100,ABSTAIN,0,0.0,1.0
HANCOCK,71,clean,full_learned_nonnegative,90,AUGMENT,100,0.819672131147541,0.9016393442622951
HANCOCK,71,clean,full_learned_nonnegative,90,FALLBACK,10,0.08196721311475409,0.9016393442622951
HANCOCK,71,clean,full_learned_nonnegative,90,ABSTAIN,12,0.09836065573770492,0.9016393442622951
HANCOCK,71,clean,full_learned_nonnegative,80,AUGMENT,84,0.6885245901639344,0.8032786885245902
HANCOCK,71,clean,full_learned_nonnegative,80,FALLBACK,14,0.11475409836065574,0.8032786885245902
HANCOCK,71,clean,full_learned_nonnegative,80,ABSTAIN,24,0.19672131147540983,0.8032786885245902
HANCOCK,71,random_cell_dropout_10pct,ood_only,100,AUGMENT,122,1.0,1.0
HANCOCK,71,random_cell_dropout_10pct,ood_only,100,FALLBACK,0,0.0,1.0
HANCOCK,71,random_cell_dropout_10pct,ood_only,100,ABSTAIN,0,0.0,1.0
HANCOCK,71,random_cell_dropout_10pct,ood_only,90,AUGMENT,61,0.5,0.9016393442622951
HANCOCK,71,random_cell_dropout_10pct,ood_only,90,FALLBACK,49,0.4016393442622951,0.9016393442622951
HANCOCK,71,random_cell_dropout_10pct,ood_only,90,ABSTAIN,12,0.09836065573770492,0.9016393442622951
HANCOCK,71,random_cell_dropout_10pct,ood_only,80,AUGMENT,28,0.22950819672131148,0.8114754098360656
HANCOCK,71,random_cell_dropout_10pct,ood_only,80,FALLBACK,71,0.5819672131147541,0.8114754098360656
HANCOCK,71,random_cell_dropout_10pct,ood_only,80,ABSTAIN,23,0.1885245901639344,0.8114754098360656
HANCOCK,71,random_cell_dropout_10pct,uncertainty_only,100,AUGMENT,122,1.0,1.0
HANCOCK,71,random_cell_dropout_10pct,uncertainty_only,100,FALLBACK,0,0.0,1.0
HANCOCK,71,random_cell_dropout_10pct,uncertainty_only,100,ABSTAIN,0,0.0,1.0
HANCOCK,71,random_cell_dropout_10pct,uncertainty_only,90,AUGMENT,101,0.8278688524590164,0.9016393442622951
HANCOCK,71,random_cell_dropout_10pct,uncertainty_only,90,FALLBACK,9,0.07377049180327869,0.9016393442622951
HANCOCK,71,random_cell_dropout_10pct,uncertainty_only,90,ABSTAIN,12,0.09836065573770492,0.9016393442622951
HANCOCK,71,random_cell_dropout_10pct,uncertainty_only,80,AUGMENT,84,0.6885245901639344,0.8032786885245902
HANCOCK,71,random_cell_dropout_10pct,uncertainty_only,80,FALLBACK,14,0.11475409836065574,0.8032786885245902
HANCOCK,71,random_cell_dropout_10pct,uncertainty_only,80,ABSTAIN,24,0.19672131147540983,0.8032786885245902
HANCOCK,71,random_cell_dropout_10pct,full_equal_weight,100,AUGMENT,122,1.0,1.0
HANCOCK,71,random_cell_dropout_10pct,full_equal_weight,100,FALLBACK,0,0.0,1.0
HANCOCK,71,random_cell_dropout_10pct,full_equal_weight,100,ABSTAIN,0,0.0,1.0
HANCOCK,71,random_cell_dropout_10pct,full_equal_weight,90,AUGMENT,93,0.7622950819672131,0.9016393442622951
HANCOCK,71,random_cell_dropout_10pct,full_equal_weight,90,FALLBACK,17,0.13934426229508196,0.9016393442622951
HANCOCK,71,random_cell_dropout_10pct,full_equal_weight,90,ABSTAIN,12,0.09836065573770492,0.9016393442622951
HANCOCK,71,random_cell_dropout_10pct,full_equal_weight,80,AUGMENT,84,0.6885245901639344,0.8032786885245902
HANCOCK,71,random_cell_dropout_10pct,full_equal_weight,80,FALLBACK,14,0.11475409836065574,0.8032786885245902
HANCOCK,71,random_cell_dropout_10pct,full_equal_weight,80,ABSTAIN,24,0.19672131147540983,0.8032786885245902
HANCOCK,71,random_cell_dropout_10pct,full_learned_nonnegative,100,AUGMENT,121,0.9918032786885246,1.0
HANCOCK,71,random_cell_dropout_10pct,full_learned_nonnegative,100,FALLBACK,1,0.00819672131147541,1.0
HANCOCK,71,random_cell_dropout_10pct,full_learned_nonnegative,100,ABSTAIN,0,0.0,1.0
HANCOCK,71,random_cell_dropout_10pct,full_learned_nonnegative,90,AUGMENT,102,0.8360655737704918,0.9016393442622951
HANCOCK,71,random_cell_dropout_10pct,full_learned_nonnegative,90,FALLBACK,8,0.06557377049180328,0.9016393442622951
HANCOCK,71,random_cell_dropout_10pct,full_learned_nonnegative,90,ABSTAIN,12,0.09836065573770492,0.9016393442622951
HANCOCK,71,random_cell_dropout_10pct,full_learned_nonnegative,80,AUGMENT,88,0.7213114754098361,0.8032786885245902
HANCOCK,71,random_cell_dropout_10pct,full_learned_nonnegative,80,FALLBACK,10,0.08196721311475409,0.8032786885245902
HANCOCK,71,random_cell_dropout_10pct,full_learned_nonnegative,80,ABSTAIN,24,0.19672131147540983,0.8032786885245902
HANCOCK,71,random_cell_dropout_30pct,ood_only,100,AUGMENT,122,1.0,1.0
HANCOCK,71,random_cell_dropout_30pct,ood_only,100,FALLBACK,0,0.0,1.0
HANCOCK,71,random_cell_dropout_30pct,ood_only,100,ABSTAIN,0,0.0,1.0
HANCOCK,71,random_cell_dropout_30pct,ood_only,90,AUGMENT,18,0.14754098360655737,0.9016393442622951
HANCOCK,71,random_cell_dropout_30pct,ood_only,90,FALLBACK,92,0.7540983606557377,0.9016393442622951
HANCOCK,71,random_cell_dropout_30pct,ood_only,90,ABSTAIN,12,0.09836065573770492,0.9016393442622951
HANCOCK,71,random_cell_dropout_30pct,ood_only,80,AUGMENT,7,0.05737704918032787,0.8114754098360656
HANCOCK,71,random_cell_dropout_30pct,ood_only,80,FALLBACK,92,0.7540983606557377,0.8114754098360656
HANCOCK,71,random_cell_dropout_30pct,ood_only,80,ABSTAIN,23,0.1885245901639344,0.8114754098360656
HANCOCK,71,random_cell_dropout_30pct,uncertainty_only,100,AUGMENT,122,1.0,1.0
HANCOCK,71,random_cell_dropout_30pct,uncertainty_only,100,FALLBACK,0,0.0,1.0
HANCOCK,71,random_cell_dropout_30pct,uncertainty_only,100,ABSTAIN,0,0.0,1.0
HANCOCK,71,random_cell_dropout_30pct,uncertainty_only,90,AUGMENT,104,0.8524590163934426,0.9016393442622951
HANCOCK,71,random_cell_dropout_30pct,uncertainty_only,90,FALLBACK,6,0.04918032786885246,0.9016393442622951
HANCOCK,71,random_cell_dropout_30pct,uncertainty_only,90,ABSTAIN,12,0.09836065573770492,0.9016393442622951
HANCOCK,71,random_cell_dropout_30pct,uncertainty_only,80,AUGMENT,91,0.7459016393442623,0.8032786885245902
HANCOCK,71,random_cell_dropout_30pct,uncertainty_only,80,FALLBACK,7,0.05737704918032787,0.8032786885245902
HANCOCK,71,random_cell_dropout_30pct,uncertainty_only,80,ABSTAIN,24,0.19672131147540983,0.8032786885245902
HANCOCK,71,random_cell_dropout_30pct,full_equal_weight,100,AUGMENT,122,1.0,1.0
HANCOCK,71,random_cell_dropout_30pct,full_equal_weight,100,FALLBACK,0,0.0,1.0
HANCOCK,71,random_cell_dropout_30pct,full_equal_weight,100,ABSTAIN,0,0.0,1.0
HANCOCK,71,random_cell_dropout_30pct,full_equal_weight,90,AUGMENT,95,0.7786885245901639,0.9016393442622951
HANCOCK,71,random_cell_dropout_30pct,full_equal_weight,90,FALLBACK,15,0.12295081967213115,0.9016393442622951
HANCOCK,71,random_cell_dropout_30pct,full_equal_weight,90,ABSTAIN,12,0.09836065573770492,0.9016393442622951
HANCOCK,71,random_cell_dropout_30pct,full_equal_weight,80,AUGMENT,81,0.6639344262295082,0.8032786885245902
HANCOCK,71,random_cell_dropout_30pct,full_equal_weight,80,FALLBACK,17,0.13934426229508196,0.8032786885245902
HANCOCK,71,random_cell_dropout_30pct,full_equal_weight,80,ABSTAIN,24,0.19672131147540983,0.8032786885245902
HANCOCK,71,random_cell_dropout_30pct,full_learned_nonnegative,100,AUGMENT,122,1.0,1.0
HANCOCK,71,random_cell_dropout_30pct,full_learned_nonnegative,100,FALLBACK,0,0.0,1.0
HANCOCK,71,random_cell_dropout_30pct,full_learned_nonnegative,100,ABSTAIN,0,0.0,1.0
HANCOCK,71,random_cell_dropout_30pct,full_learned_nonnegative,90,AUGMENT,107,0.8770491803278688,0.9016393442622951
HANCOCK,71,random_cell_dropout_30pct,full_learned_nonnegative,90,FALLBACK,3,0.02459016393442623,0.9016393442622951
HANCOCK,71,random_cell_dropout_30pct,full_learned_nonnegative,90,ABSTAIN,12,0.09836065573770492,0.9016393442622951
HANCOCK,71,random_cell_dropout_30pct,full_learned_nonnegative,80,AUGMENT,93,0.7622950819672131,0.8032786885245902
HANCOCK,71,random_cell_dropout_30pct,full_learned_nonnegative,80,FALLBACK,5,0.040983606557377046,0.8032786885245902
HANCOCK,71,random_cell_dropout_30pct,full_learned_nonnegative,80,ABSTAIN,24,0.19672131147540983,0.8032786885245902
HANCOCK,71,measurement_noise_0.5sd,ood_only,100,AUGMENT,121,0.9918032786885246,1.0
HANCOCK,71,measurement_noise_0.5sd,ood_only,100,FALLBACK,1,0.00819672131147541,1.0
HANCOCK,71,measurement_noise_0.5sd,ood_only,100,ABSTAIN,0,0.0,1.0
HANCOCK,71,measurement_noise_0.5sd,ood_only,90,AUGMENT,78,0.639344262295082,0.9016393442622951
HANCOCK,71,measurement_noise_0.5sd,ood_only,90,FALLBACK,32,0.26229508196721313,0.9016393442622951
HANCOCK,71,measurement_noise_0.5sd,ood_only,90,ABSTAIN,12,0.09836065573770492,0.9016393442622951
HANCOCK,71,measurement_noise_0.5sd,ood_only,80,AUGMENT,53,0.4344262295081967,0.8114754098360656
HANCOCK,71,measurement_noise_0.5sd,ood_only,80,FALLBACK,46,0.3770491803278688,0.8114754098360656
HANCOCK,71,measurement_noise_0.5sd,ood_only,80,ABSTAIN,23,0.1885245901639344,0.8114754098360656
HANCOCK,71,measurement_noise_0.5sd,uncertainty_only,100,AUGMENT,122,1.0,1.0
HANCOCK,71,measurement_noise_0.5sd,uncertainty_only,100,FALLBACK,0,0.0,1.0
HANCOCK,71,measurement_noise_0.5sd,uncertainty_only,100,ABSTAIN,0,0.0,1.0
HANCOCK,71,measurement_noise_0.5sd,uncertainty_only,90,AUGMENT,98,0.8032786885245902,0.9016393442622951
HANCOCK,71,measurement_noise_0.5sd,uncertainty_only,90,FALLBACK,12,0.09836065573770492,0.9016393442622951
HANCOCK,71,measurement_noise_0.5sd,uncertainty_only,90,ABSTAIN,12,0.09836065573770492,0.9016393442622951
HANCOCK,71,measurement_noise_0.5sd,uncertainty_only,80,AUGMENT,78,0.639344262295082,0.8032786885245902
HANCOCK,71,measurement_noise_0.5sd,uncertainty_only,80,FALLBACK,20,0.16393442622950818,0.8032786885245902
HANCOCK,71,measurement_noise_0.5sd,uncertainty_only,80,ABSTAIN,24,0.19672131147540983,0.8032786885245902
HANCOCK,71,measurement_noise_0.5sd,full_equal_weight,100,AUGMENT,121,0.9918032786885246,1.0
HANCOCK,71,measurement_noise_0.5sd,full_equal_weight,100,FALLBACK,1,0.00819672131147541,1.0
HANCOCK,71,measurement_noise_0.5sd,full_equal_weight,100,ABSTAIN,0,0.0,1.0
HANCOCK,71,measurement_noise_0.5sd,full_equal_weight,90,AUGMENT,95,0.7786885245901639,0.9016393442622951
HANCOCK,71,measurement_noise_0.5sd,full_equal_weight,90,FALLBACK,15,0.12295081967213115,0.9016393442622951
HANCOCK,71,measurement_noise_0.5sd,full_equal_weight,90,ABSTAIN,12,0.09836065573770492,0.9016393442622951
HANCOCK,71,measurement_noise_0.5sd,full_equal_weight,80,AUGMENT,79,0.6475409836065574,0.8032786885245902
HANCOCK,71,measurement_noise_0.5sd,full_equal_weight,80,FALLBACK,19,0.1557377049180328,0.8032786885245902
HANCOCK,71,measurement_noise_0.5sd,full_equal_weight,80,ABSTAIN,24,0.19672131147540983,0.8032786885245902
HANCOCK,71,measurement_noise_0.5sd,full_learned_nonnegative,100,AUGMENT,122,1.0,1.0
HANCOCK,71,measurement_noise_0.5sd,full_learned_nonnegative,100,FALLBACK,0,0.0,1.0
HANCOCK,71,measurement_noise_0.5sd,full_learned_nonnegative,100,ABSTAIN,0,0.0,1.0
HANCOCK,71,measurement_noise_0.5sd,full_learned_nonnegative,90,AUGMENT,99,0.8114754098360656,0.9016393442622951
HANCOCK,71,measurement_noise_0.5sd,full_learned_nonnegative,90,FALLBACK,11,0.09016393442622951,0.9016393442622951
HANCOCK,71,measurement_noise_0.5sd,full_learned_nonnegative,90,ABSTAIN,12,0.09836065573770492,0.9016393442622951
HANCOCK,71,measurement_noise_0.5sd,full_learned_nonnegative,80,AUGMENT,84,0.6885245901639344,0.8032786885245902
HANCOCK,71,measurement_noise_0.5sd,full_learned_nonnegative,80,FALLBACK,14,0.11475409836065574,0.8032786885245902
HANCOCK,71,measurement_noise_0.5sd,full_learned_nonnegative,80,ABSTAIN,24,0.19672131147540983,0.8032786885245902
HANCOCK,71,location_shift_1sd,ood_only,100,AUGMENT,122,1.0,1.0
HANCOCK,71,location_shift_1sd,ood_only,100,FALLBACK,0,0.0,1.0
HANCOCK,71,location_shift_1sd,ood_only,100,ABSTAIN,0,0.0,1.0
HANCOCK,71,location_shift_1sd,ood_only,90,AUGMENT,74,0.6065573770491803,0.9016393442622951
HANCOCK,71,location_shift_1sd,ood_only,90,FALLBACK,36,0.29508196721311475,0.9016393442622951
HANCOCK,71,location_shift_1sd,ood_only,90,ABSTAIN,12,0.09836065573770492,0.9016393442622951
HANCOCK,71,location_shift_1sd,ood_only,80,AUGMENT,51,0.4180327868852459,0.8114754098360656
HANCOCK,71,location_shift_1sd,ood_only,80,FALLBACK,48,0.39344262295081966,0.8114754098360656
HANCOCK,71,location_shift_1sd,ood_only,80,ABSTAIN,23,0.1885245901639344,0.8114754098360656
HANCOCK,71,location_shift_1sd,uncertainty_only,100,AUGMENT,122,1.0,1.0
HANCOCK,71,location_shift_1sd,uncertainty_only,100,FALLBACK,0,0.0,1.0
HANCOCK,71,location_shift_1sd,uncertainty_only,100,ABSTAIN,0,0.0,1.0
HANCOCK,71,location_shift_1sd,uncertainty_only,90,AUGMENT,100,0.819672131147541,0.9016393442622951
HANCOCK,71,location_shift_1sd,uncertainty_only,90,FALLBACK,10,0.08196721311475409,0.9016393442622951
HANCOCK,71,location_shift_1sd,uncertainty_only,90,ABSTAIN,12,0.09836065573770492,0.9016393442622951
HANCOCK,71,location_shift_1sd,uncertainty_only,80,AUGMENT,78,0.639344262295082,0.8032786885245902
HANCOCK,71,location_shift_1sd,uncertainty_only,80,FALLBACK,20,0.16393442622950818,0.8032786885245902
HANCOCK,71,location_shift_1sd,uncertainty_only,80,ABSTAIN,24,0.19672131147540983,0.8032786885245902
HANCOCK,71,location_shift_1sd,full_equal_weight,100,AUGMENT,120,0.9836065573770492,1.0
HANCOCK,71,location_shift_1sd,full_equal_weight,100,FALLBACK,2,0.01639344262295082,1.0
HANCOCK,71,location_shift_1sd,full_equal_weight,100,ABSTAIN,0,0.0,1.0
HANCOCK,71,location_shift_1sd,full_equal_weight,90,AUGMENT,92,0.7540983606557377,0.9016393442622951
HANCOCK,71,location_shift_1sd,full_equal_weight,90,FALLBACK,18,0.14754098360655737,0.9016393442622951
HANCOCK,71,location_shift_1sd,full_equal_weight,90,ABSTAIN,12,0.09836065573770492,0.9016393442622951
HANCOCK,71,location_shift_1sd,full_equal_weight,80,AUGMENT,80,0.6557377049180327,0.8032786885245902
HANCOCK,71,location_shift_1sd,full_equal_weight,80,FALLBACK,18,0.14754098360655737,0.8032786885245902
HANCOCK,71,location_shift_1sd,full_equal_weight,80,ABSTAIN,24,0.19672131147540983,0.8032786885245902
HANCOCK,71,location_shift_1sd,full_learned_nonnegative,100,AUGMENT,121,0.9918032786885246,1.0
HANCOCK,71,location_shift_1sd,full_learned_nonnegative,100,FALLBACK,1,0.00819672131147541,1.0
HANCOCK,71,location_shift_1sd,full_learned_nonnegative,100,ABSTAIN,0,0.0,1.0
HANCOCK,71,location_shift_1sd,full_learned_nonnegative,90,AUGMENT,98,0.8032786885245902,0.9016393442622951
HANCOCK,71,location_shift_1sd,full_learned_nonnegative,90,FALLBACK,12,0.09836065573770492,0.9016393442622951
HANCOCK,71,location_shift_1sd,full_learned_nonnegative,90,ABSTAIN,12,0.09836065573770492,0.9016393442622951
HANCOCK,71,location_shift_1sd,full_learned_nonnegative,80,AUGMENT,83,0.680327868852459,0.8032786885245902
HANCOCK,71,location_shift_1sd,full_learned_nonnegative,80,FALLBACK,15,0.12295081967213115,0.8032786885245902
HANCOCK,71,location_shift_1sd,full_learned_nonnegative,80,ABSTAIN,24,0.19672131147540983,0.8032786885245902
HANCOCK,71,row_permutation_negative_control,ood_only,100,AUGMENT,122,1.0,1.0
HANCOCK,71,row_permutation_negative_control,ood_only,100,FALLBACK,0,0.0,1.0
HANCOCK,71,row_permutation_negative_control,ood_only,100,ABSTAIN,0,0.0,1.0
HANCOCK,71,row_permutation_negative_control,ood_only,90,AUGMENT,100,0.819672131147541,0.9016393442622951
HANCOCK,71,row_permutation_negative_control,ood_only,90,FALLBACK,10,0.08196721311475409,0.9016393442622951
HANCOCK,71,row_permutation_negative_control,ood_only,90,ABSTAIN,12,0.09836065573770492,0.9016393442622951
HANCOCK,71,row_permutation_negative_control,ood_only,80,AUGMENT,83,0.680327868852459,0.8114754098360656
HANCOCK,71,row_permutation_negative_control,ood_only,80,FALLBACK,16,0.13114754098360656,0.8114754098360656
HANCOCK,71,row_permutation_negative_control,ood_only,80,ABSTAIN,23,0.1885245901639344,0.8114754098360656
HANCOCK,71,row_permutation_negative_control,uncertainty_only,100,AUGMENT,122,1.0,1.0
HANCOCK,71,row_permutation_negative_control,uncertainty_only,100,FALLBACK,0,0.0,1.0
HANCOCK,71,row_permutation_negative_control,uncertainty_only,100,ABSTAIN,0,0.0,1.0
HANCOCK,71,row_permutation_negative_control,uncertainty_only,90,AUGMENT,100,0.819672131147541,0.9016393442622951
HANCOCK,71,row_permutation_negative_control,uncertainty_only,90,FALLBACK,10,0.08196721311475409,0.9016393442622951
HANCOCK,71,row_permutation_negative_control,uncertainty_only,90,ABSTAIN,12,0.09836065573770492,0.9016393442622951
HANCOCK,71,row_permutation_negative_control,uncertainty_only,80,AUGMENT,83,0.680327868852459,0.8032786885245902
HANCOCK,71,row_permutation_negative_control,uncertainty_only,80,FALLBACK,15,0.12295081967213115,0.8032786885245902
HANCOCK,71,row_permutation_negative_control,uncertainty_only,80,ABSTAIN,24,0.19672131147540983,0.8032786885245902
HANCOCK,71,row_permutation_negative_control,full_equal_weight,100,AUGMENT,121,0.9918032786885246,1.0
HANCOCK,71,row_permutation_negative_control,full_equal_weight,100,FALLBACK,1,0.00819672131147541,1.0
HANCOCK,71,row_permutation_negative_control,full_equal_weight,100,ABSTAIN,0,0.0,1.0
HANCOCK,71,row_permutation_negative_control,full_equal_weight,90,AUGMENT,98,0.8032786885245902,0.9016393442622951
HANCOCK,71,row_permutation_negative_control,full_equal_weight,90,FALLBACK,12,0.09836065573770492,0.9016393442622951
HANCOCK,71,row_permutation_negative_control,full_equal_weight,90,ABSTAIN,12,0.09836065573770492,0.9016393442622951
HANCOCK,71,row_permutation_negative_control,full_equal_weight,80,AUGMENT,84,0.6885245901639344,0.8032786885245902
HANCOCK,71,row_permutation_negative_control,full_equal_weight,80,FALLBACK,14,0.11475409836065574,0.8032786885245902
HANCOCK,71,row_permutation_negative_control,full_equal_weight,80,ABSTAIN,24,0.19672131147540983,0.8032786885245902
HANCOCK,71,row_permutation_negative_control,full_learned_nonnegative,100,AUGMENT,122,1.0,1.0
HANCOCK,71,row_permutation_negative_control,full_learned_nonnegative,100,FALLBACK,0,0.0,1.0
HANCOCK,71,row_permutation_negative_control,full_learned_nonnegative,100,ABSTAIN,0,0.0,1.0
HANCOCK,71,row_permutation_negative_control,full_learned_nonnegative,90,AUGMENT,100,0.819672131147541,0.9016393442622951
HANCOCK,71,row_permutation_negative_control,full_learned_nonnegative,90,FALLBACK,10,0.08196721311475409,0.9016393442622951
HANCOCK,71,row_permutation_negative_control,full_learned_nonnegative,90,ABSTAIN,12,0.09836065573770492,0.9016393442622951
HANCOCK,71,row_permutation_negative_control,full_learned_nonnegative,80,AUGMENT,88,0.7213114754098361,0.8032786885245902
HANCOCK,71,row_permutation_negative_control,full_learned_nonnegative,80,FALLBACK,10,0.08196721311475409,0.8032786885245902
HANCOCK,71,row_permutation_negative_control,full_learned_nonnegative,80,ABSTAIN,24,0.19672131147540983,0.8032786885245902
HANCOCK,71,complete_modality_dropout,ood_only,100,AUGMENT,0,0.0,1.0
HANCOCK,71,complete_modality_dropout,ood_only,100,FALLBACK,122,1.0,1.0
HANCOCK,71,complete_modality_dropout,ood_only,100,ABSTAIN,0,0.0,1.0
HANCOCK,71,complete_modality_dropout,ood_only,90,AUGMENT,0,0.0,0.9016393442622951
HANCOCK,71,complete_modality_dropout,ood_only,90,FALLBACK,110,0.9016393442622951,0.9016393442622951
HANCOCK,71,complete_modality_dropout,ood_only,90,ABSTAIN,12,0.09836065573770492,0.9016393442622951
HANCOCK,71,complete_modality_dropout,ood_only,80,AUGMENT,0,0.0,0.8114754098360656
HANCOCK,71,complete_modality_dropout,ood_only,80,FALLBACK,99,0.8114754098360656,0.8114754098360656
HANCOCK,71,complete_modality_dropout,ood_only,80,ABSTAIN,23,0.1885245901639344,0.8114754098360656
HANCOCK,71,complete_modality_dropout,uncertainty_only,100,AUGMENT,0,0.0,1.0
HANCOCK,71,complete_modality_dropout,uncertainty_only,100,FALLBACK,122,1.0,1.0
HANCOCK,71,complete_modality_dropout,uncertainty_only,100,ABSTAIN,0,0.0,1.0
HANCOCK,71,complete_modality_dropout,uncertainty_only,90,AUGMENT,0,0.0,0.9016393442622951
HANCOCK,71,complete_modality_dropout,uncertainty_only,90,FALLBACK,110,0.9016393442622951,0.9016393442622951
HANCOCK,71,complete_modality_dropout,uncertainty_only,90,ABSTAIN,12,0.09836065573770492,0.9016393442622951
HANCOCK,71,complete_modality_dropout,uncertainty_only,80,AUGMENT,0,0.0,0.8032786885245902
HANCOCK,71,complete_modality_dropout,uncertainty_only,80,FALLBACK,98,0.8032786885245902,0.8032786885245902
HANCOCK,71,complete_modality_dropout,uncertainty_only,80,ABSTAIN,24,0.19672131147540983,0.8032786885245902
HANCOCK,71,complete_modality_dropout,full_equal_weight,100,AUGMENT,0,0.0,1.0
HANCOCK,71,complete_modality_dropout,full_equal_weight,100,FALLBACK,122,1.0,1.0
HANCOCK,71,complete_modality_dropout,full_equal_weight,100,ABSTAIN,0,0.0,1.0
HANCOCK,71,complete_modality_dropout,full_equal_weight,90,AUGMENT,0,0.0,0.9016393442622951
HANCOCK,71,complete_modality_dropout,full_equal_weight,90,FALLBACK,110,0.9016393442622951,0.9016393442622951
HANCOCK,71,complete_modality_dropout,full_equal_weight,90,ABSTAIN,12,0.09836065573770492,0.9016393442622951
HANCOCK,71,complete_modality_dropout,full_equal_weight,80,AUGMENT,0,0.0,0.8032786885245902
HANCOCK,71,complete_modality_dropout,full_equal_weight,80,FALLBACK,98,0.8032786885245902,0.8032786885245902
HANCOCK,71,complete_modality_dropout,full_equal_weight,80,ABSTAIN,24,0.19672131147540983,0.8032786885245902
HANCOCK,71,complete_modality_dropout,full_learned_nonnegative,100,AUGMENT,0,0.0,1.0
HANCOCK,71,complete_modality_dropout,full_learned_nonnegative,100,FALLBACK,122,1.0,1.0
HANCOCK,71,complete_modality_dropout,full_learned_nonnegative,100,ABSTAIN,0,0.0,1.0
HANCOCK,71,complete_modality_dropout,full_learned_nonnegative,90,AUGMENT,0,0.0,0.9016393442622951
HANCOCK,71,complete_modality_dropout,full_learned_nonnegative,90,FALLBACK,110,0.9016393442622951,0.9016393442622951
HANCOCK,71,complete_modality_dropout,full_learned_nonnegative,90,ABSTAIN,12,0.09836065573770492,0.9016393442622951
HANCOCK,71,complete_modality_dropout,full_learned_nonnegative,80,AUGMENT,0,0.0,0.8032786885245902
HANCOCK,71,complete_modality_dropout,full_learned_nonnegative,80,FALLBACK,98,0.8032786885245902,0.8032786885245902
HANCOCK,71,complete_modality_dropout,full_learned_nonnegative,80,ABSTAIN,24,0.19672131147540983,0.8032786885245902
HANCOCK,71,blood_block_dropout_30pct_rows,ood_only,100,AUGMENT,119,0.9754098360655737,1.0
HANCOCK,71,blood_block_dropout_30pct_rows,ood_only,100,FALLBACK,3,0.02459016393442623,1.0
HANCOCK,71,blood_block_dropout_30pct_rows,ood_only,100,ABSTAIN,0,0.0,1.0
HANCOCK,71,blood_block_dropout_30pct_rows,ood_only,90,AUGMENT,99,0.8114754098360656,0.9016393442622951
HANCOCK,71,blood_block_dropout_30pct_rows,ood_only,90,FALLBACK,11,0.09016393442622951,0.9016393442622951
HANCOCK,71,blood_block_dropout_30pct_rows,ood_only,90,ABSTAIN,12,0.09836065573770492,0.9016393442622951
HANCOCK,71,blood_block_dropout_30pct_rows,ood_only,80,AUGMENT,83,0.680327868852459,0.8114754098360656
HANCOCK,71,blood_block_dropout_30pct_rows,ood_only,80,FALLBACK,16,0.13114754098360656,0.8114754098360656
HANCOCK,71,blood_block_dropout_30pct_rows,ood_only,80,ABSTAIN,23,0.1885245901639344,0.8114754098360656
HANCOCK,71,blood_block_dropout_30pct_rows,uncertainty_only,100,AUGMENT,119,0.9754098360655737,1.0
HANCOCK,71,blood_block_dropout_30pct_rows,uncertainty_only,100,FALLBACK,3,0.02459016393442623,1.0
HANCOCK,71,blood_block_dropout_30pct_rows,uncertainty_only,100,ABSTAIN,0,0.0,1.0
HANCOCK,71,blood_block_dropout_30pct_rows,uncertainty_only,90,AUGMENT,101,0.8278688524590164,0.9016393442622951
HANCOCK,71,blood_block_dropout_30pct_rows,uncertainty_only,90,FALLBACK,9,0.07377049180327869,0.9016393442622951
HANCOCK,71,blood_block_dropout_30pct_rows,uncertainty_only,90,ABSTAIN,12,0.09836065573770492,0.9016393442622951
HANCOCK,71,blood_block_dropout_30pct_rows,uncertainty_only,80,AUGMENT,84,0.6885245901639344,0.8032786885245902
HANCOCK,71,blood_block_dropout_30pct_rows,uncertainty_only,80,FALLBACK,14,0.11475409836065574,0.8032786885245902
HANCOCK,71,blood_block_dropout_30pct_rows,uncertainty_only,80,ABSTAIN,24,0.19672131147540983,0.8032786885245902
HANCOCK,71,blood_block_dropout_30pct_rows,full_equal_weight,100,AUGMENT,119,0.9754098360655737,1.0
HANCOCK,71,blood_block_dropout_30pct_rows,full_equal_weight,100,FALLBACK,3,0.02459016393442623,1.0
HANCOCK,71,blood_block_dropout_30pct_rows,full_equal_weight,100,ABSTAIN,0,0.0,1.0
HANCOCK,71,blood_block_dropout_30pct_rows,full_equal_weight,90,AUGMENT,102,0.8360655737704918,0.9016393442622951
HANCOCK,71,blood_block_dropout_30pct_rows,full_equal_weight,90,FALLBACK,8,0.06557377049180328,0.9016393442622951
HANCOCK,71,blood_block_dropout_30pct_rows,full_equal_weight,90,ABSTAIN,12,0.09836065573770492,0.9016393442622951
HANCOCK,71,blood_block_dropout_30pct_rows,full_equal_weight,80,AUGMENT,87,0.7131147540983607,0.8032786885245902
HANCOCK,71,blood_block_dropout_30pct_rows,full_equal_weight,80,FALLBACK,11,0.09016393442622951,0.8032786885245902
HANCOCK,71,blood_block_dropout_30pct_rows,full_equal_weight,80,ABSTAIN,24,0.19672131147540983,0.8032786885245902
HANCOCK,71,blood_block_dropout_30pct_rows,full_learned_nonnegative,100,AUGMENT,118,0.9672131147540983,1.0
HANCOCK,71,blood_block_dropout_30pct_rows,full_learned_nonnegative,100,FALLBACK,4,0.03278688524590164,1.0
HANCOCK,71,blood_block_dropout_30pct_rows,full_learned_nonnegative,100,ABSTAIN,0,0.0,1.0
HANCOCK,71,blood_block_dropout_30pct_rows,full_learned_nonnegative,90,AUGMENT,102,0.8360655737704918,0.9016393442622951
HANCOCK,71,blood_block_dropout_30pct_rows,full_learned_nonnegative,90,FALLBACK,8,0.06557377049180328,0.9016393442622951
HANCOCK,71,blood_block_dropout_30pct_rows,full_learned_nonnegative,90,ABSTAIN,12,0.09836065573770492,0.9016393442622951
HANCOCK,71,blood_block_dropout_30pct_rows,full_learned_nonnegative,80,AUGMENT,87,0.7131147540983607,0.8032786885245902
HANCOCK,71,blood_block_dropout_30pct_rows,full_learned_nonnegative,80,FALLBACK,11,0.09016393442622951,0.8032786885245902
HANCOCK,71,blood_block_dropout_30pct_rows,full_learned_nonnegative,80,ABSTAIN,24,0.19672131147540983,0.8032786885245902
HANCOCK,71,tma_block_dropout_30pct_rows,ood_only,100,AUGMENT,115,0.9426229508196722,1.0
HANCOCK,71,tma_block_dropout_30pct_rows,ood_only,100,FALLBACK,7,0.05737704918032787,1.0
HANCOCK,71,tma_block_dropout_30pct_rows,ood_only,100,ABSTAIN,0,0.0,1.0
HANCOCK,71,tma_block_dropout_30pct_rows,ood_only,90,AUGMENT,85,0.6967213114754098,0.9016393442622951
HANCOCK,71,tma_block_dropout_30pct_rows,ood_only,90,FALLBACK,25,0.20491803278688525,0.9016393442622951
HANCOCK,71,tma_block_dropout_30pct_rows,ood_only,90,ABSTAIN,12,0.09836065573770492,0.9016393442622951
HANCOCK,71,tma_block_dropout_30pct_rows,ood_only,80,AUGMENT,62,0.5081967213114754,0.8114754098360656
HANCOCK,71,tma_block_dropout_30pct_rows,ood_only,80,FALLBACK,37,0.30327868852459017,0.8114754098360656
HANCOCK,71,tma_block_dropout_30pct_rows,ood_only,80,ABSTAIN,23,0.1885245901639344,0.8114754098360656
HANCOCK,71,tma_block_dropout_30pct_rows,uncertainty_only,100,AUGMENT,115,0.9426229508196722,1.0
HANCOCK,71,tma_block_dropout_30pct_rows,uncertainty_only,100,FALLBACK,7,0.05737704918032787,1.0
HANCOCK,71,tma_block_dropout_30pct_rows,uncertainty_only,100,ABSTAIN,0,0.0,1.0
HANCOCK,71,tma_block_dropout_30pct_rows,uncertainty_only,90,AUGMENT,94,0.7704918032786885,0.9016393442622951
HANCOCK,71,tma_block_dropout_30pct_rows,uncertainty_only,90,FALLBACK,16,0.13114754098360656,0.9016393442622951
HANCOCK,71,tma_block_dropout_30pct_rows,uncertainty_only,90,ABSTAIN,12,0.09836065573770492,0.9016393442622951
HANCOCK,71,tma_block_dropout_30pct_rows,uncertainty_only,80,AUGMENT,77,0.6311475409836066,0.8032786885245902
HANCOCK,71,tma_block_dropout_30pct_rows,uncertainty_only,80,FALLBACK,21,0.1721311475409836,0.8032786885245902
HANCOCK,71,tma_block_dropout_30pct_rows,uncertainty_only,80,ABSTAIN,24,0.19672131147540983,0.8032786885245902
HANCOCK,71,tma_block_dropout_30pct_rows,full_equal_weight,100,AUGMENT,114,0.9344262295081968,1.0
HANCOCK,71,tma_block_dropout_30pct_rows,full_equal_weight,100,FALLBACK,8,0.06557377049180328,1.0
HANCOCK,71,tma_block_dropout_30pct_rows,full_equal_weight,100,ABSTAIN,0,0.0,1.0
HANCOCK,71,tma_block_dropout_30pct_rows,full_equal_weight,90,AUGMENT,89,0.7295081967213115,0.9016393442622951
HANCOCK,71,tma_block_dropout_30pct_rows,full_equal_weight,90,FALLBACK,21,0.1721311475409836,0.9016393442622951
HANCOCK,71,tma_block_dropout_30pct_rows,full_equal_weight,90,ABSTAIN,12,0.09836065573770492,0.9016393442622951
HANCOCK,71,tma_block_dropout_30pct_rows,full_equal_weight,80,AUGMENT,75,0.6147540983606558,0.8032786885245902
HANCOCK,71,tma_block_dropout_30pct_rows,full_equal_weight,80,FALLBACK,23,0.1885245901639344,0.8032786885245902
HANCOCK,71,tma_block_dropout_30pct_rows,full_equal_weight,80,ABSTAIN,24,0.19672131147540983,0.8032786885245902
HANCOCK,71,tma_block_dropout_30pct_rows,full_learned_nonnegative,100,AUGMENT,114,0.9344262295081968,1.0
HANCOCK,71,tma_block_dropout_30pct_rows,full_learned_nonnegative,100,FALLBACK,8,0.06557377049180328,1.0
HANCOCK,71,tma_block_dropout_30pct_rows,full_learned_nonnegative,100,ABSTAIN,0,0.0,1.0
HANCOCK,71,tma_block_dropout_30pct_rows,full_learned_nonnegative,90,AUGMENT,91,0.7459016393442623,0.9016393442622951
HANCOCK,71,tma_block_dropout_30pct_rows,full_learned_nonnegative,90,FALLBACK,19,0.1557377049180328,0.9016393442622951
HANCOCK,71,tma_block_dropout_30pct_rows,full_learned_nonnegative,90,ABSTAIN,12,0.09836065573770492,0.9016393442622951
HANCOCK,71,tma_block_dropout_30pct_rows,full_learned_nonnegative,80,AUGMENT,78,0.639344262295082,0.8032786885245902
HANCOCK,71,tma_block_dropout_30pct_rows,full_learned_nonnegative,80,FALLBACK,20,0.16393442622950818,0.8032786885245902
HANCOCK,71,tma_block_dropout_30pct_rows,full_learned_nonnegative,80,ABSTAIN,24,0.19672131147540983,0.8032786885245902
HANCOCK,71,blood_and_tma_dropout_30pct_rows,ood_only,100,AUGMENT,85,0.6967213114754098,1.0
HANCOCK,71,blood_and_tma_dropout_30pct_rows,ood_only,100,FALLBACK,37,0.30327868852459017,1.0
HANCOCK,71,blood_and_tma_dropout_30pct_rows,ood_only,100,ABSTAIN,0,0.0,1.0
HANCOCK,71,blood_and_tma_dropout_30pct_rows,ood_only,90,AUGMENT,70,0.5737704918032787,0.9016393442622951
HANCOCK,71,blood_and_tma_dropout_30pct_rows,ood_only,90,FALLBACK,40,0.32786885245901637,0.9016393442622951
HANCOCK,71,blood_and_tma_dropout_30pct_rows,ood_only,90,ABSTAIN,12,0.09836065573770492,0.9016393442622951
HANCOCK,71,blood_and_tma_dropout_30pct_rows,ood_only,80,AUGMENT,54,0.4426229508196721,0.8114754098360656
HANCOCK,71,blood_and_tma_dropout_30pct_rows,ood_only,80,FALLBACK,45,0.36885245901639346,0.8114754098360656
HANCOCK,71,blood_and_tma_dropout_30pct_rows,ood_only,80,ABSTAIN,23,0.1885245901639344,0.8114754098360656
HANCOCK,71,blood_and_tma_dropout_30pct_rows,uncertainty_only,100,AUGMENT,85,0.6967213114754098,1.0
HANCOCK,71,blood_and_tma_dropout_30pct_rows,uncertainty_only,100,FALLBACK,37,0.30327868852459017,1.0
HANCOCK,71,blood_and_tma_dropout_30pct_rows,uncertainty_only,100,ABSTAIN,0,0.0,1.0
HANCOCK,71,blood_and_tma_dropout_30pct_rows,uncertainty_only,90,AUGMENT,68,0.5573770491803278,0.9016393442622951
HANCOCK,71,blood_and_tma_dropout_30pct_rows,uncertainty_only,90,FALLBACK,42,0.3442622950819672,0.9016393442622951
HANCOCK,71,blood_and_tma_dropout_30pct_rows,uncertainty_only,90,ABSTAIN,12,0.09836065573770492,0.9016393442622951
HANCOCK,71,blood_and_tma_dropout_30pct_rows,uncertainty_only,80,AUGMENT,55,0.45081967213114754,0.8032786885245902
HANCOCK,71,blood_and_tma_dropout_30pct_rows,uncertainty_only,80,FALLBACK,43,0.3524590163934426,0.8032786885245902
HANCOCK,71,blood_and_tma_dropout_30pct_rows,uncertainty_only,80,ABSTAIN,24,0.19672131147540983,0.8032786885245902
HANCOCK,71,blood_and_tma_dropout_30pct_rows,full_equal_weight,100,AUGMENT,85,0.6967213114754098,1.0
HANCOCK,71,blood_and_tma_dropout_30pct_rows,full_equal_weight,100,FALLBACK,37,0.30327868852459017,1.0
HANCOCK,71,blood_and_tma_dropout_30pct_rows,full_equal_weight,100,ABSTAIN,0,0.0,1.0
HANCOCK,71,blood_and_tma_dropout_30pct_rows,full_equal_weight,90,AUGMENT,66,0.5409836065573771,0.9016393442622951
HANCOCK,71,blood_and_tma_dropout_30pct_rows,full_equal_weight,90,FALLBACK,44,0.36065573770491804,0.9016393442622951
HANCOCK,71,blood_and_tma_dropout_30pct_rows,full_equal_weight,90,ABSTAIN,12,0.09836065573770492,0.9016393442622951
HANCOCK,71,blood_and_tma_dropout_30pct_rows,full_equal_weight,80,AUGMENT,54,0.4426229508196721,0.8032786885245902
HANCOCK,71,blood_and_tma_dropout_30pct_rows,full_equal_weight,80,FALLBACK,44,0.36065573770491804,0.8032786885245902
HANCOCK,71,blood_and_tma_dropout_30pct_rows,full_equal_weight,80,ABSTAIN,24,0.19672131147540983,0.8032786885245902
HANCOCK,71,blood_and_tma_dropout_30pct_rows,full_learned_nonnegative,100,AUGMENT,84,0.6885245901639344,1.0
HANCOCK,71,blood_and_tma_dropout_30pct_rows,full_learned_nonnegative,100,FALLBACK,38,0.3114754098360656,1.0
HANCOCK,71,blood_and_tma_dropout_30pct_rows,full_learned_nonnegative,100,ABSTAIN,0,0.0,1.0
HANCOCK,71,blood_and_tma_dropout_30pct_rows,full_learned_nonnegative,90,AUGMENT,67,0.5491803278688525,0.9016393442622951
HANCOCK,71,blood_and_tma_dropout_30pct_rows,full_learned_nonnegative,90,FALLBACK,43,0.3524590163934426,0.9016393442622951
HANCOCK,71,blood_and_tma_dropout_30pct_rows,full_learned_nonnegative,90,ABSTAIN,12,0.09836065573770492,0.9016393442622951
HANCOCK,71,blood_and_tma_dropout_30pct_rows,full_learned_nonnegative,80,AUGMENT,55,0.45081967213114754,0.8032786885245902
HANCOCK,71,blood_and_tma_dropout_30pct_rows,full_learned_nonnegative,80,FALLBACK,43,0.3524590163934426,0.8032786885245902
HANCOCK,71,blood_and_tma_dropout_30pct_rows,full_learned_nonnegative,80,ABSTAIN,24,0.19672131147540983,0.8032786885245902
HANCOCK,71,oropharynx_targeted_tma_dropout,ood_only,100,AUGMENT,122,1.0,1.0
HANCOCK,71,oropharynx_targeted_tma_dropout,ood_only,100,FALLBACK,0,0.0,1.0
HANCOCK,71,oropharynx_targeted_tma_dropout,ood_only,100,ABSTAIN,0,0.0,1.0
HANCOCK,71,oropharynx_targeted_tma_dropout,ood_only,90,AUGMENT,100,0.819672131147541,0.9016393442622951
HANCOCK,71,oropharynx_targeted_tma_dropout,ood_only,90,FALLBACK,10,0.08196721311475409,0.9016393442622951
HANCOCK,71,oropharynx_targeted_tma_dropout,ood_only,90,ABSTAIN,12,0.09836065573770492,0.9016393442622951
HANCOCK,71,oropharynx_targeted_tma_dropout,ood_only,80,AUGMENT,81,0.6639344262295082,0.8114754098360656
HANCOCK,71,oropharynx_targeted_tma_dropout,ood_only,80,FALLBACK,18,0.14754098360655737,0.8114754098360656
HANCOCK,71,oropharynx_targeted_tma_dropout,ood_only,80,ABSTAIN,23,0.1885245901639344,0.8114754098360656
HANCOCK,71,oropharynx_targeted_tma_dropout,uncertainty_only,100,AUGMENT,122,1.0,1.0
HANCOCK,71,oropharynx_targeted_tma_dropout,uncertainty_only,100,FALLBACK,0,0.0,1.0
HANCOCK,71,oropharynx_targeted_tma_dropout,uncertainty_only,100,ABSTAIN,0,0.0,1.0
HANCOCK,71,oropharynx_targeted_tma_dropout,uncertainty_only,90,AUGMENT,100,0.819672131147541,0.9016393442622951
HANCOCK,71,oropharynx_targeted_tma_dropout,uncertainty_only,90,FALLBACK,10,0.08196721311475409,0.9016393442622951
HANCOCK,71,oropharynx_targeted_tma_dropout,uncertainty_only,90,ABSTAIN,12,0.09836065573770492,0.9016393442622951
HANCOCK,71,oropharynx_targeted_tma_dropout,uncertainty_only,80,AUGMENT,82,0.6721311475409836,0.8032786885245902
HANCOCK,71,oropharynx_targeted_tma_dropout,uncertainty_only,80,FALLBACK,16,0.13114754098360656,0.8032786885245902
HANCOCK,71,oropharynx_targeted_tma_dropout,uncertainty_only,80,ABSTAIN,24,0.19672131147540983,0.8032786885245902
HANCOCK,71,oropharynx_targeted_tma_dropout,full_equal_weight,100,AUGMENT,122,1.0,1.0
HANCOCK,71,oropharynx_targeted_tma_dropout,full_equal_weight,100,FALLBACK,0,0.0,1.0
HANCOCK,71,oropharynx_targeted_tma_dropout,full_equal_weight,100,ABSTAIN,0,0.0,1.0
HANCOCK,71,oropharynx_targeted_tma_dropout,full_equal_weight,90,AUGMENT,101,0.8278688524590164,0.9016393442622951
HANCOCK,71,oropharynx_targeted_tma_dropout,full_equal_weight,90,FALLBACK,9,0.07377049180327869,0.9016393442622951
HANCOCK,71,oropharynx_targeted_tma_dropout,full_equal_weight,90,ABSTAIN,12,0.09836065573770492,0.9016393442622951
HANCOCK,71,oropharynx_targeted_tma_dropout,full_equal_weight,80,AUGMENT,86,0.7049180327868853,0.8032786885245902
HANCOCK,71,oropharynx_targeted_tma_dropout,full_equal_weight,80,FALLBACK,12,0.09836065573770492,0.8032786885245902
HANCOCK,71,oropharynx_targeted_tma_dropout,full_equal_weight,80,ABSTAIN,24,0.19672131147540983,0.8032786885245902
HANCOCK,71,oropharynx_targeted_tma_dropout,full_learned_nonnegative,100,AUGMENT,122,1.0,1.0
HANCOCK,71,oropharynx_targeted_tma_dropout,full_learned_nonnegative,100,FALLBACK,0,0.0,1.0
HANCOCK,71,oropharynx_targeted_tma_dropout,full_learned_nonnegative,100,ABSTAIN,0,0.0,1.0
HANCOCK,71,oropharynx_targeted_tma_dropout,full_learned_nonnegative,90,AUGMENT,100,0.819672131147541,0.9016393442622951
HANCOCK,71,oropharynx_targeted_tma_dropout,full_learned_nonnegative,90,FALLBACK,10,0.08196721311475409,0.9016393442622951
HANCOCK,71,oropharynx_targeted_tma_dropout,full_learned_nonnegative,90,ABSTAIN,12,0.09836065573770492,0.9016393442622951
HANCOCK,71,oropharynx_targeted_tma_dropout,full_learned_nonnegative,80,AUGMENT,86,0.7049180327868853,0.8032786885245902
HANCOCK,71,oropharynx_targeted_tma_dropout,full_learned_nonnegative,80,FALLBACK,12,0.09836065573770492,0.8032786885245902
HANCOCK,71,oropharynx_targeted_tma_dropout,full_learned_nonnegative,80,ABSTAIN,24,0.19672131147540983,0.8032786885245902
HANCOCK,101,clean,ood_only,100,AUGMENT,122,1.0,1.0
HANCOCK,101,clean,ood_only,100,FALLBACK,0,0.0,1.0
HANCOCK,101,clean,ood_only,100,ABSTAIN,0,0.0,1.0
HANCOCK,101,clean,ood_only,90,AUGMENT,100,0.819672131147541,0.9016393442622951
HANCOCK,101,clean,ood_only,90,FALLBACK,10,0.08196721311475409,0.9016393442622951
HANCOCK,101,clean,ood_only,90,ABSTAIN,12,0.09836065573770492,0.9016393442622951
HANCOCK,101,clean,ood_only,80,AUGMENT,78,0.639344262295082,0.8032786885245902
HANCOCK,101,clean,ood_only,80,FALLBACK,20,0.16393442622950818,0.8032786885245902
HANCOCK,101,clean,ood_only,80,ABSTAIN,24,0.19672131147540983,0.8032786885245902
HANCOCK,101,clean,uncertainty_only,100,AUGMENT,122,1.0,1.0
HANCOCK,101,clean,uncertainty_only,100,FALLBACK,0,0.0,1.0
HANCOCK,101,clean,uncertainty_only,100,ABSTAIN,0,0.0,1.0
HANCOCK,101,clean,uncertainty_only,90,AUGMENT,101,0.8278688524590164,0.9016393442622951
HANCOCK,101,clean,uncertainty_only,90,FALLBACK,9,0.07377049180327869,0.9016393442622951
HANCOCK,101,clean,uncertainty_only,90,ABSTAIN,12,0.09836065573770492,0.9016393442622951
HANCOCK,101,clean,uncertainty_only,80,AUGMENT,82,0.6721311475409836,0.8032786885245902
HANCOCK,101,clean,uncertainty_only,80,FALLBACK,16,0.13114754098360656,0.8032786885245902
HANCOCK,101,clean,uncertainty_only,80,ABSTAIN,24,0.19672131147540983,0.8032786885245902
HANCOCK,101,clean,full_equal_weight,100,AUGMENT,122,1.0,1.0
HANCOCK,101,clean,full_equal_weight,100,FALLBACK,0,0.0,1.0
HANCOCK,101,clean,full_equal_weight,100,ABSTAIN,0,0.0,1.0
HANCOCK,101,clean,full_equal_weight,90,AUGMENT,102,0.8360655737704918,0.9016393442622951
HANCOCK,101,clean,full_equal_weight,90,FALLBACK,8,0.06557377049180328,0.9016393442622951
HANCOCK,101,clean,full_equal_weight,90,ABSTAIN,12,0.09836065573770492,0.9016393442622951
HANCOCK,101,clean,full_equal_weight,80,AUGMENT,84,0.6885245901639344,0.8032786885245902
HANCOCK,101,clean,full_equal_weight,80,FALLBACK,14,0.11475409836065574,0.8032786885245902
HANCOCK,101,clean,full_equal_weight,80,ABSTAIN,24,0.19672131147540983,0.8032786885245902
HANCOCK,101,clean,full_learned_nonnegative,100,AUGMENT,122,1.0,1.0
HANCOCK,101,clean,full_learned_nonnegative,100,FALLBACK,0,0.0,1.0
HANCOCK,101,clean,full_learned_nonnegative,100,ABSTAIN,0,0.0,1.0
HANCOCK,101,clean,full_learned_nonnegative,90,AUGMENT,102,0.8360655737704918,0.9016393442622951
HANCOCK,101,clean,full_learned_nonnegative,90,FALLBACK,8,0.06557377049180328,0.9016393442622951
HANCOCK,101,clean,full_learned_nonnegative,90,ABSTAIN,12,0.09836065573770492,0.9016393442622951
HANCOCK,101,clean,full_learned_nonnegative,80,AUGMENT,84,0.6885245901639344,0.8032786885245902
HANCOCK,101,clean,full_learned_nonnegative,80,FALLBACK,14,0.11475409836065574,0.8032786885245902
HANCOCK,101,clean,full_learned_nonnegative,80,ABSTAIN,24,0.19672131147540983,0.8032786885245902
HANCOCK,101,random_cell_dropout_10pct,ood_only,100,AUGMENT,122,1.0,1.0
HANCOCK,101,random_cell_dropout_10pct,ood_only,100,FALLBACK,0,0.0,1.0
HANCOCK,101,random_cell_dropout_10pct,ood_only,100,ABSTAIN,0,0.0,1.0
HANCOCK,101,random_cell_dropout_10pct,ood_only,90,AUGMENT,55,0.45081967213114754,0.9016393442622951
HANCOCK,101,random_cell_dropout_10pct,ood_only,90,FALLBACK,55,0.45081967213114754,0.9016393442622951
HANCOCK,101,random_cell_dropout_10pct,ood_only,90,ABSTAIN,12,0.09836065573770492,0.9016393442622951
HANCOCK,101,random_cell_dropout_10pct,ood_only,80,AUGMENT,29,0.23770491803278687,0.8032786885245902
HANCOCK,101,random_cell_dropout_10pct,ood_only,80,FALLBACK,69,0.5655737704918032,0.8032786885245902
HANCOCK,101,random_cell_dropout_10pct,ood_only,80,ABSTAIN,24,0.19672131147540983,0.8032786885245902
HANCOCK,101,random_cell_dropout_10pct,uncertainty_only,100,AUGMENT,122,1.0,1.0
HANCOCK,101,random_cell_dropout_10pct,uncertainty_only,100,FALLBACK,0,0.0,1.0
HANCOCK,101,random_cell_dropout_10pct,uncertainty_only,100,ABSTAIN,0,0.0,1.0
HANCOCK,101,random_cell_dropout_10pct,uncertainty_only,90,AUGMENT,100,0.819672131147541,0.9016393442622951
HANCOCK,101,random_cell_dropout_10pct,uncertainty_only,90,FALLBACK,10,0.08196721311475409,0.9016393442622951
HANCOCK,101,random_cell_dropout_10pct,uncertainty_only,90,ABSTAIN,12,0.09836065573770492,0.9016393442622951
HANCOCK,101,random_cell_dropout_10pct,uncertainty_only,80,AUGMENT,82,0.6721311475409836,0.8032786885245902
HANCOCK,101,random_cell_dropout_10pct,uncertainty_only,80,FALLBACK,16,0.13114754098360656,0.8032786885245902
HANCOCK,101,random_cell_dropout_10pct,uncertainty_only,80,ABSTAIN,24,0.19672131147540983,0.8032786885245902
HANCOCK,101,random_cell_dropout_10pct,full_equal_weight,100,AUGMENT,122,1.0,1.0
HANCOCK,101,random_cell_dropout_10pct,full_equal_weight,100,FALLBACK,0,0.0,1.0
HANCOCK,101,random_cell_dropout_10pct,full_equal_weight,100,ABSTAIN,0,0.0,1.0
HANCOCK,101,random_cell_dropout_10pct,full_equal_weight,90,AUGMENT,92,0.7540983606557377,0.9016393442622951
HANCOCK,101,random_cell_dropout_10pct,full_equal_weight,90,FALLBACK,18,0.14754098360655737,0.9016393442622951
HANCOCK,101,random_cell_dropout_10pct,full_equal_weight,90,ABSTAIN,12,0.09836065573770492,0.9016393442622951
HANCOCK,101,random_cell_dropout_10pct,full_equal_weight,80,AUGMENT,74,0.6065573770491803,0.8032786885245902
HANCOCK,101,random_cell_dropout_10pct,full_equal_weight,80,FALLBACK,24,0.19672131147540983,0.8032786885245902
HANCOCK,101,random_cell_dropout_10pct,full_equal_weight,80,ABSTAIN,24,0.19672131147540983,0.8032786885245902
HANCOCK,101,random_cell_dropout_10pct,full_learned_nonnegative,100,AUGMENT,121,0.9918032786885246,1.0
HANCOCK,101,random_cell_dropout_10pct,full_learned_nonnegative,100,FALLBACK,1,0.00819672131147541,1.0
HANCOCK,101,random_cell_dropout_10pct,full_learned_nonnegative,100,ABSTAIN,0,0.0,1.0
HANCOCK,101,random_cell_dropout_10pct,full_learned_nonnegative,90,AUGMENT,102,0.8360655737704918,0.9016393442622951
HANCOCK,101,random_cell_dropout_10pct,full_learned_nonnegative,90,FALLBACK,8,0.06557377049180328,0.9016393442622951
HANCOCK,101,random_cell_dropout_10pct,full_learned_nonnegative,90,ABSTAIN,12,0.09836065573770492,0.9016393442622951
HANCOCK,101,random_cell_dropout_10pct,full_learned_nonnegative,80,AUGMENT,87,0.7131147540983607,0.8032786885245902
HANCOCK,101,random_cell_dropout_10pct,full_learned_nonnegative,80,FALLBACK,11,0.09016393442622951,0.8032786885245902
HANCOCK,101,random_cell_dropout_10pct,full_learned_nonnegative,80,ABSTAIN,24,0.19672131147540983,0.8032786885245902
HANCOCK,101,random_cell_dropout_30pct,ood_only,100,AUGMENT,122,1.0,1.0
HANCOCK,101,random_cell_dropout_30pct,ood_only,100,FALLBACK,0,0.0,1.0
HANCOCK,101,random_cell_dropout_30pct,ood_only,100,ABSTAIN,0,0.0,1.0
HANCOCK,101,random_cell_dropout_30pct,ood_only,90,AUGMENT,16,0.13114754098360656,0.9016393442622951
HANCOCK,101,random_cell_dropout_30pct,ood_only,90,FALLBACK,94,0.7704918032786885,0.9016393442622951
HANCOCK,101,random_cell_dropout_30pct,ood_only,90,ABSTAIN,12,0.09836065573770492,0.9016393442622951
HANCOCK,101,random_cell_dropout_30pct,ood_only,80,AUGMENT,3,0.02459016393442623,0.8032786885245902
HANCOCK,101,random_cell_dropout_30pct,ood_only,80,FALLBACK,95,0.7786885245901639,0.8032786885245902
HANCOCK,101,random_cell_dropout_30pct,ood_only,80,ABSTAIN,24,0.19672131147540983,0.8032786885245902
HANCOCK,101,random_cell_dropout_30pct,uncertainty_only,100,AUGMENT,122,1.0,1.0
HANCOCK,101,random_cell_dropout_30pct,uncertainty_only,100,FALLBACK,0,0.0,1.0
HANCOCK,101,random_cell_dropout_30pct,uncertainty_only,100,ABSTAIN,0,0.0,1.0
HANCOCK,101,random_cell_dropout_30pct,uncertainty_only,90,AUGMENT,104,0.8524590163934426,0.9016393442622951
HANCOCK,101,random_cell_dropout_30pct,uncertainty_only,90,FALLBACK,6,0.04918032786885246,0.9016393442622951
HANCOCK,101,random_cell_dropout_30pct,uncertainty_only,90,ABSTAIN,12,0.09836065573770492,0.9016393442622951
HANCOCK,101,random_cell_dropout_30pct,uncertainty_only,80,AUGMENT,87,0.7131147540983607,0.8032786885245902
HANCOCK,101,random_cell_dropout_30pct,uncertainty_only,80,FALLBACK,11,0.09016393442622951,0.8032786885245902
HANCOCK,101,random_cell_dropout_30pct,uncertainty_only,80,ABSTAIN,24,0.19672131147540983,0.8032786885245902
HANCOCK,101,random_cell_dropout_30pct,full_equal_weight,100,AUGMENT,122,1.0,1.0
HANCOCK,101,random_cell_dropout_30pct,full_equal_weight,100,FALLBACK,0,0.0,1.0
HANCOCK,101,random_cell_dropout_30pct,full_equal_weight,100,ABSTAIN,0,0.0,1.0
HANCOCK,101,random_cell_dropout_30pct,full_equal_weight,90,AUGMENT,96,0.7868852459016393,0.9016393442622951
HANCOCK,101,random_cell_dropout_30pct,full_equal_weight,90,FALLBACK,14,0.11475409836065574,0.9016393442622951
HANCOCK,101,random_cell_dropout_30pct,full_equal_weight,90,ABSTAIN,12,0.09836065573770492,0.9016393442622951
HANCOCK,101,random_cell_dropout_30pct,full_equal_weight,80,AUGMENT,72,0.5901639344262295,0.8032786885245902
HANCOCK,101,random_cell_dropout_30pct,full_equal_weight,80,FALLBACK,26,0.21311475409836064,0.8032786885245902
HANCOCK,101,random_cell_dropout_30pct,full_equal_weight,80,ABSTAIN,24,0.19672131147540983,0.8032786885245902
HANCOCK,101,random_cell_dropout_30pct,full_learned_nonnegative,100,AUGMENT,122,1.0,1.0
HANCOCK,101,random_cell_dropout_30pct,full_learned_nonnegative,100,FALLBACK,0,0.0,1.0
HANCOCK,101,random_cell_dropout_30pct,full_learned_nonnegative,100,ABSTAIN,0,0.0,1.0
HANCOCK,101,random_cell_dropout_30pct,full_learned_nonnegative,90,AUGMENT,105,0.860655737704918,0.9016393442622951
HANCOCK,101,random_cell_dropout_30pct,full_learned_nonnegative,90,FALLBACK,5,0.040983606557377046,0.9016393442622951
HANCOCK,101,random_cell_dropout_30pct,full_learned_nonnegative,90,ABSTAIN,12,0.09836065573770492,0.9016393442622951
HANCOCK,101,random_cell_dropout_30pct,full_learned_nonnegative,80,AUGMENT,88,0.7213114754098361,0.8032786885245902
HANCOCK,101,random_cell_dropout_30pct,full_learned_nonnegative,80,FALLBACK,10,0.08196721311475409,0.8032786885245902
HANCOCK,101,random_cell_dropout_30pct,full_learned_nonnegative,80,ABSTAIN,24,0.19672131147540983,0.8032786885245902
HANCOCK,101,measurement_noise_0.5sd,ood_only,100,AUGMENT,122,1.0,1.0
HANCOCK,101,measurement_noise_0.5sd,ood_only,100,FALLBACK,0,0.0,1.0
HANCOCK,101,measurement_noise_0.5sd,ood_only,100,ABSTAIN,0,0.0,1.0
HANCOCK,101,measurement_noise_0.5sd,ood_only,90,AUGMENT,77,0.6311475409836066,0.9016393442622951
HANCOCK,101,measurement_noise_0.5sd,ood_only,90,FALLBACK,33,0.27049180327868855,0.9016393442622951
HANCOCK,101,measurement_noise_0.5sd,ood_only,90,ABSTAIN,12,0.09836065573770492,0.9016393442622951
HANCOCK,101,measurement_noise_0.5sd,ood_only,80,AUGMENT,49,0.4016393442622951,0.8032786885245902
HANCOCK,101,measurement_noise_0.5sd,ood_only,80,FALLBACK,49,0.4016393442622951,0.8032786885245902
HANCOCK,101,measurement_noise_0.5sd,ood_only,80,ABSTAIN,24,0.19672131147540983,0.8032786885245902
HANCOCK,101,measurement_noise_0.5sd,uncertainty_only,100,AUGMENT,122,1.0,1.0
HANCOCK,101,measurement_noise_0.5sd,uncertainty_only,100,FALLBACK,0,0.0,1.0
HANCOCK,101,measurement_noise_0.5sd,uncertainty_only,100,ABSTAIN,0,0.0,1.0
HANCOCK,101,measurement_noise_0.5sd,uncertainty_only,90,AUGMENT,95,0.7786885245901639,0.9016393442622951
HANCOCK,101,measurement_noise_0.5sd,uncertainty_only,90,FALLBACK,15,0.12295081967213115,0.9016393442622951
HANCOCK,101,measurement_noise_0.5sd,uncertainty_only,90,ABSTAIN,12,0.09836065573770492,0.9016393442622951
HANCOCK,101,measurement_noise_0.5sd,uncertainty_only,80,AUGMENT,76,0.6229508196721312,0.8032786885245902
HANCOCK,101,measurement_noise_0.5sd,uncertainty_only,80,FALLBACK,22,0.18032786885245902,0.8032786885245902
HANCOCK,101,measurement_noise_0.5sd,uncertainty_only,80,ABSTAIN,24,0.19672131147540983,0.8032786885245902
HANCOCK,101,measurement_noise_0.5sd,full_equal_weight,100,AUGMENT,122,1.0,1.0
HANCOCK,101,measurement_noise_0.5sd,full_equal_weight,100,FALLBACK,0,0.0,1.0
HANCOCK,101,measurement_noise_0.5sd,full_equal_weight,100,ABSTAIN,0,0.0,1.0
HANCOCK,101,measurement_noise_0.5sd,full_equal_weight,90,AUGMENT,98,0.8032786885245902,0.9016393442622951
HANCOCK,101,measurement_noise_0.5sd,full_equal_weight,90,FALLBACK,12,0.09836065573770492,0.9016393442622951
HANCOCK,101,measurement_noise_0.5sd,full_equal_weight,90,ABSTAIN,12,0.09836065573770492,0.9016393442622951
HANCOCK,101,measurement_noise_0.5sd,full_equal_weight,80,AUGMENT,75,0.6147540983606558,0.8032786885245902
HANCOCK,101,measurement_noise_0.5sd,full_equal_weight,80,FALLBACK,23,0.1885245901639344,0.8032786885245902
HANCOCK,101,measurement_noise_0.5sd,full_equal_weight,80,ABSTAIN,24,0.19672131147540983,0.8032786885245902
HANCOCK,101,measurement_noise_0.5sd,full_learned_nonnegative,100,AUGMENT,122,1.0,1.0
HANCOCK,101,measurement_noise_0.5sd,full_learned_nonnegative,100,FALLBACK,0,0.0,1.0
HANCOCK,101,measurement_noise_0.5sd,full_learned_nonnegative,100,ABSTAIN,0,0.0,1.0
HANCOCK,101,measurement_noise_0.5sd,full_learned_nonnegative,90,AUGMENT,97,0.7950819672131147,0.9016393442622951
HANCOCK,101,measurement_noise_0.5sd,full_learned_nonnegative,90,FALLBACK,13,0.10655737704918032,0.9016393442622951
HANCOCK,101,measurement_noise_0.5sd,full_learned_nonnegative,90,ABSTAIN,12,0.09836065573770492,0.9016393442622951
HANCOCK,101,measurement_noise_0.5sd,full_learned_nonnegative,80,AUGMENT,76,0.6229508196721312,0.8032786885245902
HANCOCK,101,measurement_noise_0.5sd,full_learned_nonnegative,80,FALLBACK,22,0.18032786885245902,0.8032786885245902
HANCOCK,101,measurement_noise_0.5sd,full_learned_nonnegative,80,ABSTAIN,24,0.19672131147540983,0.8032786885245902
HANCOCK,101,location_shift_1sd,ood_only,100,AUGMENT,122,1.0,1.0
HANCOCK,101,location_shift_1sd,ood_only,100,FALLBACK,0,0.0,1.0
HANCOCK,101,location_shift_1sd,ood_only,100,ABSTAIN,0,0.0,1.0
HANCOCK,101,location_shift_1sd,ood_only,90,AUGMENT,75,0.6147540983606558,0.9016393442622951
HANCOCK,101,location_shift_1sd,ood_only,90,FALLBACK,35,0.28688524590163933,0.9016393442622951
HANCOCK,101,location_shift_1sd,ood_only,90,ABSTAIN,12,0.09836065573770492,0.9016393442622951
HANCOCK,101,location_shift_1sd,ood_only,80,AUGMENT,46,0.3770491803278688,0.8032786885245902
HANCOCK,101,location_shift_1sd,ood_only,80,FALLBACK,52,0.4262295081967213,0.8032786885245902
HANCOCK,101,location_shift_1sd,ood_only,80,ABSTAIN,24,0.19672131147540983,0.8032786885245902
HANCOCK,101,location_shift_1sd,uncertainty_only,100,AUGMENT,122,1.0,1.0
HANCOCK,101,location_shift_1sd,uncertainty_only,100,FALLBACK,0,0.0,1.0
HANCOCK,101,location_shift_1sd,uncertainty_only,100,ABSTAIN,0,0.0,1.0
HANCOCK,101,location_shift_1sd,uncertainty_only,90,AUGMENT,102,0.8360655737704918,0.9016393442622951
HANCOCK,101,location_shift_1sd,uncertainty_only,90,FALLBACK,8,0.06557377049180328,0.9016393442622951
HANCOCK,101,location_shift_1sd,uncertainty_only,90,ABSTAIN,12,0.09836065573770492,0.9016393442622951
HANCOCK,101,location_shift_1sd,uncertainty_only,80,AUGMENT,79,0.6475409836065574,0.8032786885245902
HANCOCK,101,location_shift_1sd,uncertainty_only,80,FALLBACK,19,0.1557377049180328,0.8032786885245902
HANCOCK,101,location_shift_1sd,uncertainty_only,80,ABSTAIN,24,0.19672131147540983,0.8032786885245902
HANCOCK,101,location_shift_1sd,full_equal_weight,100,AUGMENT,122,1.0,1.0
HANCOCK,101,location_shift_1sd,full_equal_weight,100,FALLBACK,0,0.0,1.0
HANCOCK,101,location_shift_1sd,full_equal_weight,100,ABSTAIN,0,0.0,1.0
HANCOCK,101,location_shift_1sd,full_equal_weight,90,AUGMENT,102,0.8360655737704918,0.9016393442622951
HANCOCK,101,location_shift_1sd,full_equal_weight,90,FALLBACK,8,0.06557377049180328,0.9016393442622951
HANCOCK,101,location_shift_1sd,full_equal_weight,90,ABSTAIN,12,0.09836065573770492,0.9016393442622951
HANCOCK,101,location_shift_1sd,full_equal_weight,80,AUGMENT,84,0.6885245901639344,0.8032786885245902
HANCOCK,101,location_shift_1sd,full_equal_weight,80,FALLBACK,14,0.11475409836065574,0.8032786885245902
HANCOCK,101,location_shift_1sd,full_equal_weight,80,ABSTAIN,24,0.19672131147540983,0.8032786885245902
HANCOCK,101,location_shift_1sd,full_learned_nonnegative,100,AUGMENT,122,1.0,1.0
HANCOCK,101,location_shift_1sd,full_learned_nonnegative,100,FALLBACK,0,0.0,1.0
HANCOCK,101,location_shift_1sd,full_learned_nonnegative,100,ABSTAIN,0,0.0,1.0
HANCOCK,101,location_shift_1sd,full_learned_nonnegative,90,AUGMENT,104,0.8524590163934426,0.9016393442622951
HANCOCK,101,location_shift_1sd,full_learned_nonnegative,90,FALLBACK,6,0.04918032786885246,0.9016393442622951
HANCOCK,101,location_shift_1sd,full_learned_nonnegative,90,ABSTAIN,12,0.09836065573770492,0.9016393442622951
HANCOCK,101,location_shift_1sd,full_learned_nonnegative,80,AUGMENT,83,0.680327868852459,0.8032786885245902
HANCOCK,101,location_shift_1sd,full_learned_nonnegative,80,FALLBACK,15,0.12295081967213115,0.8032786885245902
HANCOCK,101,location_shift_1sd,full_learned_nonnegative,80,ABSTAIN,24,0.19672131147540983,0.8032786885245902
HANCOCK,101,row_permutation_negative_control,ood_only,100,AUGMENT,122,1.0,1.0
HANCOCK,101,row_permutation_negative_control,ood_only,100,FALLBACK,0,0.0,1.0
HANCOCK,101,row_permutation_negative_control,ood_only,100,ABSTAIN,0,0.0,1.0
HANCOCK,101,row_permutation_negative_control,ood_only,90,AUGMENT,98,0.8032786885245902,0.9016393442622951
HANCOCK,101,row_permutation_negative_control,ood_only,90,FALLBACK,12,0.09836065573770492,0.9016393442622951
HANCOCK,101,row_permutation_negative_control,ood_only,90,ABSTAIN,12,0.09836065573770492,0.9016393442622951
HANCOCK,101,row_permutation_negative_control,ood_only,80,AUGMENT,80,0.6557377049180327,0.8032786885245902
HANCOCK,101,row_permutation_negative_control,ood_only,80,FALLBACK,18,0.14754098360655737,0.8032786885245902
HANCOCK,101,row_permutation_negative_control,ood_only,80,ABSTAIN,24,0.19672131147540983,0.8032786885245902
HANCOCK,101,row_permutation_negative_control,uncertainty_only,100,AUGMENT,122,1.0,1.0
HANCOCK,101,row_permutation_negative_control,uncertainty_only,100,FALLBACK,0,0.0,1.0
HANCOCK,101,row_permutation_negative_control,uncertainty_only,100,ABSTAIN,0,0.0,1.0
HANCOCK,101,row_permutation_negative_control,uncertainty_only,90,AUGMENT,100,0.819672131147541,0.9016393442622951
HANCOCK,101,row_permutation_negative_control,uncertainty_only,90,FALLBACK,10,0.08196721311475409,0.9016393442622951
HANCOCK,101,row_permutation_negative_control,uncertainty_only,90,ABSTAIN,12,0.09836065573770492,0.9016393442622951
HANCOCK,101,row_permutation_negative_control,uncertainty_only,80,AUGMENT,79,0.6475409836065574,0.8032786885245902
HANCOCK,101,row_permutation_negative_control,uncertainty_only,80,FALLBACK,19,0.1557377049180328,0.8032786885245902
HANCOCK,101,row_permutation_negative_control,uncertainty_only,80,ABSTAIN,24,0.19672131147540983,0.8032786885245902
HANCOCK,101,row_permutation_negative_control,full_equal_weight,100,AUGMENT,121,0.9918032786885246,1.0
HANCOCK,101,row_permutation_negative_control,full_equal_weight,100,FALLBACK,1,0.00819672131147541,1.0
HANCOCK,101,row_permutation_negative_control,full_equal_weight,100,ABSTAIN,0,0.0,1.0
HANCOCK,101,row_permutation_negative_control,full_equal_weight,90,AUGMENT,103,0.8442622950819673,0.9016393442622951
HANCOCK,101,row_permutation_negative_control,full_equal_weight,90,FALLBACK,7,0.05737704918032787,0.9016393442622951
HANCOCK,101,row_permutation_negative_control,full_equal_weight,90,ABSTAIN,12,0.09836065573770492,0.9016393442622951
HANCOCK,101,row_permutation_negative_control,full_equal_weight,80,AUGMENT,78,0.639344262295082,0.8032786885245902
HANCOCK,101,row_permutation_negative_control,full_equal_weight,80,FALLBACK,20,0.16393442622950818,0.8032786885245902
HANCOCK,101,row_permutation_negative_control,full_equal_weight,80,ABSTAIN,24,0.19672131147540983,0.8032786885245902
HANCOCK,101,row_permutation_negative_control,full_learned_nonnegative,100,AUGMENT,122,1.0,1.0
HANCOCK,101,row_permutation_negative_control,full_learned_nonnegative,100,FALLBACK,0,0.0,1.0
HANCOCK,101,row_permutation_negative_control,full_learned_nonnegative,100,ABSTAIN,0,0.0,1.0
HANCOCK,101,row_permutation_negative_control,full_learned_nonnegative,90,AUGMENT,100,0.819672131147541,0.9016393442622951
HANCOCK,101,row_permutation_negative_control,full_learned_nonnegative,90,FALLBACK,10,0.08196721311475409,0.9016393442622951
HANCOCK,101,row_permutation_negative_control,full_learned_nonnegative,90,ABSTAIN,12,0.09836065573770492,0.9016393442622951
HANCOCK,101,row_permutation_negative_control,full_learned_nonnegative,80,AUGMENT,79,0.6475409836065574,0.8032786885245902
HANCOCK,101,row_permutation_negative_control,full_learned_nonnegative,80,FALLBACK,19,0.1557377049180328,0.8032786885245902
HANCOCK,101,row_permutation_negative_control,full_learned_nonnegative,80,ABSTAIN,24,0.19672131147540983,0.8032786885245902
HANCOCK,101,complete_modality_dropout,ood_only,100,AUGMENT,0,0.0,1.0
HANCOCK,101,complete_modality_dropout,ood_only,100,FALLBACK,122,1.0,1.0
HANCOCK,101,complete_modality_dropout,ood_only,100,ABSTAIN,0,0.0,1.0
HANCOCK,101,complete_modality_dropout,ood_only,90,AUGMENT,0,0.0,0.9016393442622951
HANCOCK,101,complete_modality_dropout,ood_only,90,FALLBACK,110,0.9016393442622951,0.9016393442622951
HANCOCK,101,complete_modality_dropout,ood_only,90,ABSTAIN,12,0.09836065573770492,0.9016393442622951
HANCOCK,101,complete_modality_dropout,ood_only,80,AUGMENT,0,0.0,0.8032786885245902
HANCOCK,101,complete_modality_dropout,ood_only,80,FALLBACK,98,0.8032786885245902,0.8032786885245902
HANCOCK,101,complete_modality_dropout,ood_only,80,ABSTAIN,24,0.19672131147540983,0.8032786885245902
HANCOCK,101,complete_modality_dropout,uncertainty_only,100,AUGMENT,0,0.0,1.0
HANCOCK,101,complete_modality_dropout,uncertainty_only,100,FALLBACK,122,1.0,1.0
HANCOCK,101,complete_modality_dropout,uncertainty_only,100,ABSTAIN,0,0.0,1.0
HANCOCK,101,complete_modality_dropout,uncertainty_only,90,AUGMENT,0,0.0,0.9016393442622951
HANCOCK,101,complete_modality_dropout,uncertainty_only,90,FALLBACK,110,0.9016393442622951,0.9016393442622951
HANCOCK,101,complete_modality_dropout,uncertainty_only,90,ABSTAIN,12,0.09836065573770492,0.9016393442622951
HANCOCK,101,complete_modality_dropout,uncertainty_only,80,AUGMENT,0,0.0,0.8032786885245902
HANCOCK,101,complete_modality_dropout,uncertainty_only,80,FALLBACK,98,0.8032786885245902,0.8032786885245902
HANCOCK,101,complete_modality_dropout,uncertainty_only,80,ABSTAIN,24,0.19672131147540983,0.8032786885245902
HANCOCK,101,complete_modality_dropout,full_equal_weight,100,AUGMENT,0,0.0,1.0
HANCOCK,101,complete_modality_dropout,full_equal_weight,100,FALLBACK,122,1.0,1.0
HANCOCK,101,complete_modality_dropout,full_equal_weight,100,ABSTAIN,0,0.0,1.0
HANCOCK,101,complete_modality_dropout,full_equal_weight,90,AUGMENT,0,0.0,0.9016393442622951
HANCOCK,101,complete_modality_dropout,full_equal_weight,90,FALLBACK,110,0.9016393442622951,0.9016393442622951
HANCOCK,101,complete_modality_dropout,full_equal_weight,90,ABSTAIN,12,0.09836065573770492,0.9016393442622951
HANCOCK,101,complete_modality_dropout,full_equal_weight,80,AUGMENT,0,0.0,0.8032786885245902
HANCOCK,101,complete_modality_dropout,full_equal_weight,80,FALLBACK,98,0.8032786885245902,0.8032786885245902
HANCOCK,101,complete_modality_dropout,full_equal_weight,80,ABSTAIN,24,0.19672131147540983,0.8032786885245902
HANCOCK,101,complete_modality_dropout,full_learned_nonnegative,100,AUGMENT,0,0.0,1.0
HANCOCK,101,complete_modality_dropout,full_learned_nonnegative,100,FALLBACK,122,1.0,1.0
HANCOCK,101,complete_modality_dropout,full_learned_nonnegative,100,ABSTAIN,0,0.0,1.0
HANCOCK,101,complete_modality_dropout,full_learned_nonnegative,90,AUGMENT,0,0.0,0.9016393442622951
HANCOCK,101,complete_modality_dropout,full_learned_nonnegative,90,FALLBACK,110,0.9016393442622951,0.9016393442622951
HANCOCK,101,complete_modality_dropout,full_learned_nonnegative,90,ABSTAIN,12,0.09836065573770492,0.9016393442622951
HANCOCK,101,complete_modality_dropout,full_learned_nonnegative,80,AUGMENT,0,0.0,0.8032786885245902
HANCOCK,101,complete_modality_dropout,full_learned_nonnegative,80,FALLBACK,98,0.8032786885245902,0.8032786885245902
HANCOCK,101,complete_modality_dropout,full_learned_nonnegative,80,ABSTAIN,24,0.19672131147540983,0.8032786885245902
HANCOCK,101,blood_block_dropout_30pct_rows,ood_only,100,AUGMENT,121,0.9918032786885246,1.0
HANCOCK,101,blood_block_dropout_30pct_rows,ood_only,100,FALLBACK,1,0.00819672131147541,1.0
HANCOCK,101,blood_block_dropout_30pct_rows,ood_only,100,ABSTAIN,0,0.0,1.0
HANCOCK,101,blood_block_dropout_30pct_rows,ood_only,90,AUGMENT,102,0.8360655737704918,0.9016393442622951
HANCOCK,101,blood_block_dropout_30pct_rows,ood_only,90,FALLBACK,8,0.06557377049180328,0.9016393442622951
HANCOCK,101,blood_block_dropout_30pct_rows,ood_only,90,ABSTAIN,12,0.09836065573770492,0.9016393442622951
HANCOCK,101,blood_block_dropout_30pct_rows,ood_only,80,AUGMENT,83,0.680327868852459,0.8032786885245902
HANCOCK,101,blood_block_dropout_30pct_rows,ood_only,80,FALLBACK,15,0.12295081967213115,0.8032786885245902
HANCOCK,101,blood_block_dropout_30pct_rows,ood_only,80,ABSTAIN,24,0.19672131147540983,0.8032786885245902
HANCOCK,101,blood_block_dropout_30pct_rows,uncertainty_only,100,AUGMENT,121,0.9918032786885246,1.0
HANCOCK,101,blood_block_dropout_30pct_rows,uncertainty_only,100,FALLBACK,1,0.00819672131147541,1.0
HANCOCK,101,blood_block_dropout_30pct_rows,uncertainty_only,100,ABSTAIN,0,0.0,1.0
HANCOCK,101,blood_block_dropout_30pct_rows,uncertainty_only,90,AUGMENT,102,0.8360655737704918,0.9016393442622951
HANCOCK,101,blood_block_dropout_30pct_rows,uncertainty_only,90,FALLBACK,8,0.06557377049180328,0.9016393442622951
HANCOCK,101,blood_block_dropout_30pct_rows,uncertainty_only,90,ABSTAIN,12,0.09836065573770492,0.9016393442622951
HANCOCK,101,blood_block_dropout_30pct_rows,uncertainty_only,80,AUGMENT,85,0.6967213114754098,0.8032786885245902
HANCOCK,101,blood_block_dropout_30pct_rows,uncertainty_only,80,FALLBACK,13,0.10655737704918032,0.8032786885245902
HANCOCK,101,blood_block_dropout_30pct_rows,uncertainty_only,80,ABSTAIN,24,0.19672131147540983,0.8032786885245902
HANCOCK,101,blood_block_dropout_30pct_rows,full_equal_weight,100,AUGMENT,121,0.9918032786885246,1.0
HANCOCK,101,blood_block_dropout_30pct_rows,full_equal_weight,100,FALLBACK,1,0.00819672131147541,1.0
HANCOCK,101,blood_block_dropout_30pct_rows,full_equal_weight,100,ABSTAIN,0,0.0,1.0
HANCOCK,101,blood_block_dropout_30pct_rows,full_equal_weight,90,AUGMENT,106,0.8688524590163934,0.9016393442622951
HANCOCK,101,blood_block_dropout_30pct_rows,full_equal_weight,90,FALLBACK,4,0.03278688524590164,0.9016393442622951
HANCOCK,101,blood_block_dropout_30pct_rows,full_equal_weight,90,ABSTAIN,12,0.09836065573770492,0.9016393442622951
HANCOCK,101,blood_block_dropout_30pct_rows,full_equal_weight,80,AUGMENT,92,0.7540983606557377,0.8032786885245902
HANCOCK,101,blood_block_dropout_30pct_rows,full_equal_weight,80,FALLBACK,6,0.04918032786885246,0.8032786885245902
HANCOCK,101,blood_block_dropout_30pct_rows,full_equal_weight,80,ABSTAIN,24,0.19672131147540983,0.8032786885245902
HANCOCK,101,blood_block_dropout_30pct_rows,full_learned_nonnegative,100,AUGMENT,121,0.9918032786885246,1.0
HANCOCK,101,blood_block_dropout_30pct_rows,full_learned_nonnegative,100,FALLBACK,1,0.00819672131147541,1.0
HANCOCK,101,blood_block_dropout_30pct_rows,full_learned_nonnegative,100,ABSTAIN,0,0.0,1.0
HANCOCK,101,blood_block_dropout_30pct_rows,full_learned_nonnegative,90,AUGMENT,105,0.860655737704918,0.9016393442622951
HANCOCK,101,blood_block_dropout_30pct_rows,full_learned_nonnegative,90,FALLBACK,5,0.040983606557377046,0.9016393442622951
HANCOCK,101,blood_block_dropout_30pct_rows,full_learned_nonnegative,90,ABSTAIN,12,0.09836065573770492,0.9016393442622951
HANCOCK,101,blood_block_dropout_30pct_rows,full_learned_nonnegative,80,AUGMENT,89,0.7295081967213115,0.8032786885245902
HANCOCK,101,blood_block_dropout_30pct_rows,full_learned_nonnegative,80,FALLBACK,9,0.07377049180327869,0.8032786885245902
HANCOCK,101,blood_block_dropout_30pct_rows,full_learned_nonnegative,80,ABSTAIN,24,0.19672131147540983,0.8032786885245902
HANCOCK,101,tma_block_dropout_30pct_rows,ood_only,100,AUGMENT,117,0.9590163934426229,1.0
HANCOCK,101,tma_block_dropout_30pct_rows,ood_only,100,FALLBACK,5,0.040983606557377046,1.0
HANCOCK,101,tma_block_dropout_30pct_rows,ood_only,100,ABSTAIN,0,0.0,1.0
HANCOCK,101,tma_block_dropout_30pct_rows,ood_only,90,AUGMENT,92,0.7540983606557377,0.9016393442622951
HANCOCK,101,tma_block_dropout_30pct_rows,ood_only,90,FALLBACK,18,0.14754098360655737,0.9016393442622951
HANCOCK,101,tma_block_dropout_30pct_rows,ood_only,90,ABSTAIN,12,0.09836065573770492,0.9016393442622951
HANCOCK,101,tma_block_dropout_30pct_rows,ood_only,80,AUGMENT,66,0.5409836065573771,0.8032786885245902
HANCOCK,101,tma_block_dropout_30pct_rows,ood_only,80,FALLBACK,32,0.26229508196721313,0.8032786885245902
HANCOCK,101,tma_block_dropout_30pct_rows,ood_only,80,ABSTAIN,24,0.19672131147540983,0.8032786885245902
HANCOCK,101,tma_block_dropout_30pct_rows,uncertainty_only,100,AUGMENT,117,0.9590163934426229,1.0
HANCOCK,101,tma_block_dropout_30pct_rows,uncertainty_only,100,FALLBACK,5,0.040983606557377046,1.0
HANCOCK,101,tma_block_dropout_30pct_rows,uncertainty_only,100,ABSTAIN,0,0.0,1.0
HANCOCK,101,tma_block_dropout_30pct_rows,uncertainty_only,90,AUGMENT,96,0.7868852459016393,0.9016393442622951
HANCOCK,101,tma_block_dropout_30pct_rows,uncertainty_only,90,FALLBACK,14,0.11475409836065574,0.9016393442622951
HANCOCK,101,tma_block_dropout_30pct_rows,uncertainty_only,90,ABSTAIN,12,0.09836065573770492,0.9016393442622951
HANCOCK,101,tma_block_dropout_30pct_rows,uncertainty_only,80,AUGMENT,79,0.6475409836065574,0.8032786885245902
HANCOCK,101,tma_block_dropout_30pct_rows,uncertainty_only,80,FALLBACK,19,0.1557377049180328,0.8032786885245902
HANCOCK,101,tma_block_dropout_30pct_rows,uncertainty_only,80,ABSTAIN,24,0.19672131147540983,0.8032786885245902
HANCOCK,101,tma_block_dropout_30pct_rows,full_equal_weight,100,AUGMENT,116,0.9508196721311475,1.0
HANCOCK,101,tma_block_dropout_30pct_rows,full_equal_weight,100,FALLBACK,6,0.04918032786885246,1.0
HANCOCK,101,tma_block_dropout_30pct_rows,full_equal_weight,100,ABSTAIN,0,0.0,1.0
HANCOCK,101,tma_block_dropout_30pct_rows,full_equal_weight,90,AUGMENT,97,0.7950819672131147,0.9016393442622951
HANCOCK,101,tma_block_dropout_30pct_rows,full_equal_weight,90,FALLBACK,13,0.10655737704918032,0.9016393442622951
HANCOCK,101,tma_block_dropout_30pct_rows,full_equal_weight,90,ABSTAIN,12,0.09836065573770492,0.9016393442622951
HANCOCK,101,tma_block_dropout_30pct_rows,full_equal_weight,80,AUGMENT,77,0.6311475409836066,0.8032786885245902
HANCOCK,101,tma_block_dropout_30pct_rows,full_equal_weight,80,FALLBACK,21,0.1721311475409836,0.8032786885245902
HANCOCK,101,tma_block_dropout_30pct_rows,full_equal_weight,80,ABSTAIN,24,0.19672131147540983,0.8032786885245902
HANCOCK,101,tma_block_dropout_30pct_rows,full_learned_nonnegative,100,AUGMENT,117,0.9590163934426229,1.0
HANCOCK,101,tma_block_dropout_30pct_rows,full_learned_nonnegative,100,FALLBACK,5,0.040983606557377046,1.0
HANCOCK,101,tma_block_dropout_30pct_rows,full_learned_nonnegative,100,ABSTAIN,0,0.0,1.0
HANCOCK,101,tma_block_dropout_30pct_rows,full_learned_nonnegative,90,AUGMENT,98,0.8032786885245902,0.9016393442622951
HANCOCK,101,tma_block_dropout_30pct_rows,full_learned_nonnegative,90,FALLBACK,12,0.09836065573770492,0.9016393442622951
HANCOCK,101,tma_block_dropout_30pct_rows,full_learned_nonnegative,90,ABSTAIN,12,0.09836065573770492,0.9016393442622951
HANCOCK,101,tma_block_dropout_30pct_rows,full_learned_nonnegative,80,AUGMENT,81,0.6639344262295082,0.8032786885245902
HANCOCK,101,tma_block_dropout_30pct_rows,full_learned_nonnegative,80,FALLBACK,17,0.13934426229508196,0.8032786885245902
HANCOCK,101,tma_block_dropout_30pct_rows,full_learned_nonnegative,80,ABSTAIN,24,0.19672131147540983,0.8032786885245902
HANCOCK,101,blood_and_tma_dropout_30pct_rows,ood_only,100,AUGMENT,85,0.6967213114754098,1.0
HANCOCK,101,blood_and_tma_dropout_30pct_rows,ood_only,100,FALLBACK,37,0.30327868852459017,1.0
HANCOCK,101,blood_and_tma_dropout_30pct_rows,ood_only,100,ABSTAIN,0,0.0,1.0
HANCOCK,101,blood_and_tma_dropout_30pct_rows,ood_only,90,AUGMENT,70,0.5737704918032787,0.9016393442622951
HANCOCK,101,blood_and_tma_dropout_30pct_rows,ood_only,90,FALLBACK,40,0.32786885245901637,0.9016393442622951
HANCOCK,101,blood_and_tma_dropout_30pct_rows,ood_only,90,ABSTAIN,12,0.09836065573770492,0.9016393442622951
HANCOCK,101,blood_and_tma_dropout_30pct_rows,ood_only,80,AUGMENT,56,0.45901639344262296,0.8032786885245902
HANCOCK,101,blood_and_tma_dropout_30pct_rows,ood_only,80,FALLBACK,42,0.3442622950819672,0.8032786885245902
HANCOCK,101,blood_and_tma_dropout_30pct_rows,ood_only,80,ABSTAIN,24,0.19672131147540983,0.8032786885245902
HANCOCK,101,blood_and_tma_dropout_30pct_rows,uncertainty_only,100,AUGMENT,85,0.6967213114754098,1.0
HANCOCK,101,blood_and_tma_dropout_30pct_rows,uncertainty_only,100,FALLBACK,37,0.30327868852459017,1.0
HANCOCK,101,blood_and_tma_dropout_30pct_rows,uncertainty_only,100,ABSTAIN,0,0.0,1.0
HANCOCK,101,blood_and_tma_dropout_30pct_rows,uncertainty_only,90,AUGMENT,69,0.5655737704918032,0.9016393442622951
HANCOCK,101,blood_and_tma_dropout_30pct_rows,uncertainty_only,90,FALLBACK,41,0.3360655737704918,0.9016393442622951
HANCOCK,101,blood_and_tma_dropout_30pct_rows,uncertainty_only,90,ABSTAIN,12,0.09836065573770492,0.9016393442622951
HANCOCK,101,blood_and_tma_dropout_30pct_rows,uncertainty_only,80,AUGMENT,56,0.45901639344262296,0.8032786885245902
HANCOCK,101,blood_and_tma_dropout_30pct_rows,uncertainty_only,80,FALLBACK,42,0.3442622950819672,0.8032786885245902
HANCOCK,101,blood_and_tma_dropout_30pct_rows,uncertainty_only,80,ABSTAIN,24,0.19672131147540983,0.8032786885245902
HANCOCK,101,blood_and_tma_dropout_30pct_rows,full_equal_weight,100,AUGMENT,85,0.6967213114754098,1.0
HANCOCK,101,blood_and_tma_dropout_30pct_rows,full_equal_weight,100,FALLBACK,37,0.30327868852459017,1.0
HANCOCK,101,blood_and_tma_dropout_30pct_rows,full_equal_weight,100,ABSTAIN,0,0.0,1.0
HANCOCK,101,blood_and_tma_dropout_30pct_rows,full_equal_weight,90,AUGMENT,73,0.5983606557377049,0.9016393442622951
HANCOCK,101,blood_and_tma_dropout_30pct_rows,full_equal_weight,90,FALLBACK,37,0.30327868852459017,0.9016393442622951
HANCOCK,101,blood_and_tma_dropout_30pct_rows,full_equal_weight,90,ABSTAIN,12,0.09836065573770492,0.9016393442622951
HANCOCK,101,blood_and_tma_dropout_30pct_rows,full_equal_weight,80,AUGMENT,60,0.4918032786885246,0.8032786885245902
HANCOCK,101,blood_and_tma_dropout_30pct_rows,full_equal_weight,80,FALLBACK,38,0.3114754098360656,0.8032786885245902
HANCOCK,101,blood_and_tma_dropout_30pct_rows,full_equal_weight,80,ABSTAIN,24,0.19672131147540983,0.8032786885245902
HANCOCK,101,blood_and_tma_dropout_30pct_rows,full_learned_nonnegative,100,AUGMENT,85,0.6967213114754098,1.0
HANCOCK,101,blood_and_tma_dropout_30pct_rows,full_learned_nonnegative,100,FALLBACK,37,0.30327868852459017,1.0
HANCOCK,101,blood_and_tma_dropout_30pct_rows,full_learned_nonnegative,100,ABSTAIN,0,0.0,1.0
HANCOCK,101,blood_and_tma_dropout_30pct_rows,full_learned_nonnegative,90,AUGMENT,70,0.5737704918032787,0.9016393442622951
HANCOCK,101,blood_and_tma_dropout_30pct_rows,full_learned_nonnegative,90,FALLBACK,40,0.32786885245901637,0.9016393442622951
HANCOCK,101,blood_and_tma_dropout_30pct_rows,full_learned_nonnegative,90,ABSTAIN,12,0.09836065573770492,0.9016393442622951
HANCOCK,101,blood_and_tma_dropout_30pct_rows,full_learned_nonnegative,80,AUGMENT,57,0.4672131147540984,0.8032786885245902
HANCOCK,101,blood_and_tma_dropout_30pct_rows,full_learned_nonnegative,80,FALLBACK,41,0.3360655737704918,0.8032786885245902
HANCOCK,101,blood_and_tma_dropout_30pct_rows,full_learned_nonnegative,80,ABSTAIN,24,0.19672131147540983,0.8032786885245902
HANCOCK,101,oropharynx_targeted_tma_dropout,ood_only,100,AUGMENT,122,1.0,1.0
HANCOCK,101,oropharynx_targeted_tma_dropout,ood_only,100,FALLBACK,0,0.0,1.0
HANCOCK,101,oropharynx_targeted_tma_dropout,ood_only,100,ABSTAIN,0,0.0,1.0
HANCOCK,101,oropharynx_targeted_tma_dropout,ood_only,90,AUGMENT,100,0.819672131147541,0.9016393442622951
HANCOCK,101,oropharynx_targeted_tma_dropout,ood_only,90,FALLBACK,10,0.08196721311475409,0.9016393442622951
HANCOCK,101,oropharynx_targeted_tma_dropout,ood_only,90,ABSTAIN,12,0.09836065573770492,0.9016393442622951
HANCOCK,101,oropharynx_targeted_tma_dropout,ood_only,80,AUGMENT,78,0.639344262295082,0.8032786885245902
HANCOCK,101,oropharynx_targeted_tma_dropout,ood_only,80,FALLBACK,20,0.16393442622950818,0.8032786885245902
HANCOCK,101,oropharynx_targeted_tma_dropout,ood_only,80,ABSTAIN,24,0.19672131147540983,0.8032786885245902
HANCOCK,101,oropharynx_targeted_tma_dropout,uncertainty_only,100,AUGMENT,122,1.0,1.0
HANCOCK,101,oropharynx_targeted_tma_dropout,uncertainty_only,100,FALLBACK,0,0.0,1.0
HANCOCK,101,oropharynx_targeted_tma_dropout,uncertainty_only,100,ABSTAIN,0,0.0,1.0
HANCOCK,101,oropharynx_targeted_tma_dropout,uncertainty_only,90,AUGMENT,101,0.8278688524590164,0.9016393442622951
HANCOCK,101,oropharynx_targeted_tma_dropout,uncertainty_only,90,FALLBACK,9,0.07377049180327869,0.9016393442622951
HANCOCK,101,oropharynx_targeted_tma_dropout,uncertainty_only,90,ABSTAIN,12,0.09836065573770492,0.9016393442622951
HANCOCK,101,oropharynx_targeted_tma_dropout,uncertainty_only,80,AUGMENT,82,0.6721311475409836,0.8032786885245902
HANCOCK,101,oropharynx_targeted_tma_dropout,uncertainty_only,80,FALLBACK,16,0.13114754098360656,0.8032786885245902
HANCOCK,101,oropharynx_targeted_tma_dropout,uncertainty_only,80,ABSTAIN,24,0.19672131147540983,0.8032786885245902
HANCOCK,101,oropharynx_targeted_tma_dropout,full_equal_weight,100,AUGMENT,122,1.0,1.0
HANCOCK,101,oropharynx_targeted_tma_dropout,full_equal_weight,100,FALLBACK,0,0.0,1.0
HANCOCK,101,oropharynx_targeted_tma_dropout,full_equal_weight,100,ABSTAIN,0,0.0,1.0
HANCOCK,101,oropharynx_targeted_tma_dropout,full_equal_weight,90,AUGMENT,103,0.8442622950819673,0.9016393442622951
HANCOCK,101,oropharynx_targeted_tma_dropout,full_equal_weight,90,FALLBACK,7,0.05737704918032787,0.9016393442622951
HANCOCK,101,oropharynx_targeted_tma_dropout,full_equal_weight,90,ABSTAIN,12,0.09836065573770492,0.9016393442622951
HANCOCK,101,oropharynx_targeted_tma_dropout,full_equal_weight,80,AUGMENT,83,0.680327868852459,0.8032786885245902
HANCOCK,101,oropharynx_targeted_tma_dropout,full_equal_weight,80,FALLBACK,15,0.12295081967213115,0.8032786885245902
HANCOCK,101,oropharynx_targeted_tma_dropout,full_equal_weight,80,ABSTAIN,24,0.19672131147540983,0.8032786885245902
HANCOCK,101,oropharynx_targeted_tma_dropout,full_learned_nonnegative,100,AUGMENT,122,1.0,1.0
HANCOCK,101,oropharynx_targeted_tma_dropout,full_learned_nonnegative,100,FALLBACK,0,0.0,1.0
HANCOCK,101,oropharynx_targeted_tma_dropout,full_learned_nonnegative,100,ABSTAIN,0,0.0,1.0
HANCOCK,101,oropharynx_targeted_tma_dropout,full_learned_nonnegative,90,AUGMENT,102,0.8360655737704918,0.9016393442622951
HANCOCK,101,oropharynx_targeted_tma_dropout,full_learned_nonnegative,90,FALLBACK,8,0.06557377049180328,0.9016393442622951
HANCOCK,101,oropharynx_targeted_tma_dropout,full_learned_nonnegative,90,ABSTAIN,12,0.09836065573770492,0.9016393442622951
HANCOCK,101,oropharynx_targeted_tma_dropout,full_learned_nonnegative,80,AUGMENT,84,0.6885245901639344,0.8032786885245902
HANCOCK,101,oropharynx_targeted_tma_dropout,full_learned_nonnegative,80,FALLBACK,14,0.11475409836065574,0.8032786885245902
HANCOCK,101,oropharynx_targeted_tma_dropout,full_learned_nonnegative,80,ABSTAIN,24,0.19672131147540983,0.8032786885245902
TCGA-HNSC,17,clean,ood_only,100,AUGMENT,104,1.0,1.0
TCGA-HNSC,17,clean,ood_only,100,FALLBACK,0,0.0,1.0
TCGA-HNSC,17,clean,ood_only,100,ABSTAIN,0,0.0,1.0
TCGA-HNSC,17,clean,ood_only,90,AUGMENT,86,0.8269230769230769,0.9038461538461539
TCGA-HNSC,17,clean,ood_only,90,FALLBACK,8,0.07692307692307693,0.9038461538461539
TCGA-HNSC,17,clean,ood_only,90,ABSTAIN,10,0.09615384615384616,0.9038461538461539
TCGA-HNSC,17,clean,ood_only,80,AUGMENT,70,0.6730769230769231,0.8076923076923077
TCGA-HNSC,17,clean,ood_only,80,FALLBACK,14,0.1346153846153846,0.8076923076923077
TCGA-HNSC,17,clean,ood_only,80,ABSTAIN,20,0.19230769230769232,0.8076923076923077
TCGA-HNSC,17,clean,uncertainty_only,100,AUGMENT,104,1.0,1.0
TCGA-HNSC,17,clean,uncertainty_only,100,FALLBACK,0,0.0,1.0
TCGA-HNSC,17,clean,uncertainty_only,100,ABSTAIN,0,0.0,1.0
TCGA-HNSC,17,clean,uncertainty_only,90,AUGMENT,85,0.8173076923076923,0.9038461538461539
TCGA-HNSC,17,clean,uncertainty_only,90,FALLBACK,9,0.08653846153846154,0.9038461538461539
TCGA-HNSC,17,clean,uncertainty_only,90,ABSTAIN,10,0.09615384615384616,0.9038461538461539
TCGA-HNSC,17,clean,uncertainty_only,80,AUGMENT,67,0.6442307692307693,0.8076923076923077
TCGA-HNSC,17,clean,uncertainty_only,80,FALLBACK,17,0.16346153846153846,0.8076923076923077
TCGA-HNSC,17,clean,uncertainty_only,80,ABSTAIN,20,0.19230769230769232,0.8076923076923077
TCGA-HNSC,17,clean,full_equal_weight,100,AUGMENT,104,1.0,1.0
TCGA-HNSC,17,clean,full_equal_weight,100,FALLBACK,0,0.0,1.0
TCGA-HNSC,17,clean,full_equal_weight,100,ABSTAIN,0,0.0,1.0
TCGA-HNSC,17,clean,full_equal_weight,90,AUGMENT,87,0.8365384615384616,0.9038461538461539
TCGA-HNSC,17,clean,full_equal_weight,90,FALLBACK,7,0.0673076923076923,0.9038461538461539
TCGA-HNSC,17,clean,full_equal_weight,90,ABSTAIN,10,0.09615384615384616,0.9038461538461539
TCGA-HNSC,17,clean,full_equal_weight,80,AUGMENT,70,0.6730769230769231,0.8076923076923077
TCGA-HNSC,17,clean,full_equal_weight,80,FALLBACK,14,0.1346153846153846,0.8076923076923077
TCGA-HNSC,17,clean,full_equal_weight,80,ABSTAIN,20,0.19230769230769232,0.8076923076923077
TCGA-HNSC,17,clean,full_learned_nonnegative,100,AUGMENT,104,1.0,1.0
TCGA-HNSC,17,clean,full_learned_nonnegative,100,FALLBACK,0,0.0,1.0
TCGA-HNSC,17,clean,full_learned_nonnegative,100,ABSTAIN,0,0.0,1.0
TCGA-HNSC,17,clean,full_learned_nonnegative,90,AUGMENT,87,0.8365384615384616,0.9038461538461539
TCGA-HNSC,17,clean,full_learned_nonnegative,90,FALLBACK,7,0.0673076923076923,0.9038461538461539
TCGA-HNSC,17,clean,full_learned_nonnegative,90,ABSTAIN,10,0.09615384615384616,0.9038461538461539
TCGA-HNSC,17,clean,full_learned_nonnegative,80,AUGMENT,70,0.6730769230769231,0.8076923076923077
TCGA-HNSC,17,clean,full_learned_nonnegative,80,FALLBACK,14,0.1346153846153846,0.8076923076923077
TCGA-HNSC,17,clean,full_learned_nonnegative,80,ABSTAIN,20,0.19230769230769232,0.8076923076923077
TCGA-HNSC,17,random_cell_dropout_10pct,ood_only,100,AUGMENT,104,1.0,1.0
TCGA-HNSC,17,random_cell_dropout_10pct,ood_only,100,FALLBACK,0,0.0,1.0
TCGA-HNSC,17,random_cell_dropout_10pct,ood_only,100,ABSTAIN,0,0.0,1.0
TCGA-HNSC,17,random_cell_dropout_10pct,ood_only,90,AUGMENT,89,0.8557692307692307,0.9038461538461539
TCGA-HNSC,17,random_cell_dropout_10pct,ood_only,90,FALLBACK,5,0.04807692307692308,0.9038461538461539
TCGA-HNSC,17,random_cell_dropout_10pct,ood_only,90,ABSTAIN,10,0.09615384615384616,0.9038461538461539
TCGA-HNSC,17,random_cell_dropout_10pct,ood_only,80,AUGMENT,77,0.7403846153846154,0.8076923076923077
TCGA-HNSC,17,random_cell_dropout_10pct,ood_only,80,FALLBACK,7,0.0673076923076923,0.8076923076923077
TCGA-HNSC,17,random_cell_dropout_10pct,ood_only,80,ABSTAIN,20,0.19230769230769232,0.8076923076923077
TCGA-HNSC,17,random_cell_dropout_10pct,uncertainty_only,100,AUGMENT,104,1.0,1.0
TCGA-HNSC,17,random_cell_dropout_10pct,uncertainty_only,100,FALLBACK,0,0.0,1.0
TCGA-HNSC,17,random_cell_dropout_10pct,uncertainty_only,100,ABSTAIN,0,0.0,1.0
TCGA-HNSC,17,random_cell_dropout_10pct,uncertainty_only,90,AUGMENT,86,0.8269230769230769,0.9038461538461539
TCGA-HNSC,17,random_cell_dropout_10pct,uncertainty_only,90,FALLBACK,8,0.07692307692307693,0.9038461538461539
TCGA-HNSC,17,random_cell_dropout_10pct,uncertainty_only,90,ABSTAIN,10,0.09615384615384616,0.9038461538461539
TCGA-HNSC,17,random_cell_dropout_10pct,uncertainty_only,80,AUGMENT,71,0.6826923076923077,0.8076923076923077
TCGA-HNSC,17,random_cell_dropout_10pct,uncertainty_only,80,FALLBACK,13,0.125,0.8076923076923077
TCGA-HNSC,17,random_cell_dropout_10pct,uncertainty_only,80,ABSTAIN,20,0.19230769230769232,0.8076923076923077
TCGA-HNSC,17,random_cell_dropout_10pct,full_equal_weight,100,AUGMENT,85,0.8173076923076923,1.0
TCGA-HNSC,17,random_cell_dropout_10pct,full_equal_weight,100,FALLBACK,19,0.18269230769230768,1.0
TCGA-HNSC,17,random_cell_dropout_10pct,full_equal_weight,100,ABSTAIN,0,0.0,1.0
TCGA-HNSC,17,random_cell_dropout_10pct,full_equal_weight,90,AUGMENT,55,0.5288461538461539,0.9038461538461539
TCGA-HNSC,17,random_cell_dropout_10pct,full_equal_weight,90,FALLBACK,39,0.375,0.9038461538461539
TCGA-HNSC,17,random_cell_dropout_10pct,full_equal_weight,90,ABSTAIN,10,0.09615384615384616,0.9038461538461539
TCGA-HNSC,17,random_cell_dropout_10pct,full_equal_weight,80,AUGMENT,43,0.41346153846153844,0.8076923076923077
TCGA-HNSC,17,random_cell_dropout_10pct,full_equal_weight,80,FALLBACK,41,0.3942307692307692,0.8076923076923077
TCGA-HNSC,17,random_cell_dropout_10pct,full_equal_weight,80,ABSTAIN,20,0.19230769230769232,0.8076923076923077
TCGA-HNSC,17,random_cell_dropout_10pct,full_learned_nonnegative,100,AUGMENT,104,1.0,1.0
TCGA-HNSC,17,random_cell_dropout_10pct,full_learned_nonnegative,100,FALLBACK,0,0.0,1.0
TCGA-HNSC,17,random_cell_dropout_10pct,full_learned_nonnegative,100,ABSTAIN,0,0.0,1.0
TCGA-HNSC,17,random_cell_dropout_10pct,full_learned_nonnegative,90,AUGMENT,88,0.8461538461538461,0.9038461538461539
TCGA-HNSC,17,random_cell_dropout_10pct,full_learned_nonnegative,90,FALLBACK,6,0.057692307692307696,0.9038461538461539
TCGA-HNSC,17,random_cell_dropout_10pct,full_learned_nonnegative,90,ABSTAIN,10,0.09615384615384616,0.9038461538461539
TCGA-HNSC,17,random_cell_dropout_10pct,full_learned_nonnegative,80,AUGMENT,78,0.75,0.8076923076923077
TCGA-HNSC,17,random_cell_dropout_10pct,full_learned_nonnegative,80,FALLBACK,6,0.057692307692307696,0.8076923076923077
TCGA-HNSC,17,random_cell_dropout_10pct,full_learned_nonnegative,80,ABSTAIN,20,0.19230769230769232,0.8076923076923077
TCGA-HNSC,17,random_cell_dropout_30pct,ood_only,100,AUGMENT,104,1.0,1.0
TCGA-HNSC,17,random_cell_dropout_30pct,ood_only,100,FALLBACK,0,0.0,1.0
TCGA-HNSC,17,random_cell_dropout_30pct,ood_only,100,ABSTAIN,0,0.0,1.0
TCGA-HNSC,17,random_cell_dropout_30pct,ood_only,90,AUGMENT,93,0.8942307692307693,0.9038461538461539
TCGA-HNSC,17,random_cell_dropout_30pct,ood_only,90,FALLBACK,1,0.009615384615384616,0.9038461538461539
TCGA-HNSC,17,random_cell_dropout_30pct,ood_only,90,ABSTAIN,10,0.09615384615384616,0.9038461538461539
TCGA-HNSC,17,random_cell_dropout_30pct,ood_only,80,AUGMENT,83,0.7980769230769231,0.8076923076923077
TCGA-HNSC,17,random_cell_dropout_30pct,ood_only,80,FALLBACK,1,0.009615384615384616,0.8076923076923077
TCGA-HNSC,17,random_cell_dropout_30pct,ood_only,80,ABSTAIN,20,0.19230769230769232,0.8076923076923077
TCGA-HNSC,17,random_cell_dropout_30pct,uncertainty_only,100,AUGMENT,104,1.0,1.0
TCGA-HNSC,17,random_cell_dropout_30pct,uncertainty_only,100,FALLBACK,0,0.0,1.0
TCGA-HNSC,17,random_cell_dropout_30pct,uncertainty_only,100,ABSTAIN,0,0.0,1.0
TCGA-HNSC,17,random_cell_dropout_30pct,uncertainty_only,90,AUGMENT,90,0.8653846153846154,0.9038461538461539
TCGA-HNSC,17,random_cell_dropout_30pct,uncertainty_only,90,FALLBACK,4,0.038461538461538464,0.9038461538461539
TCGA-HNSC,17,random_cell_dropout_30pct,uncertainty_only,90,ABSTAIN,10,0.09615384615384616,0.9038461538461539
TCGA-HNSC,17,random_cell_dropout_30pct,uncertainty_only,80,AUGMENT,75,0.7211538461538461,0.8076923076923077
TCGA-HNSC,17,random_cell_dropout_30pct,uncertainty_only,80,FALLBACK,9,0.08653846153846154,0.8076923076923077
TCGA-HNSC,17,random_cell_dropout_30pct,uncertainty_only,80,ABSTAIN,20,0.19230769230769232,0.8076923076923077
TCGA-HNSC,17,random_cell_dropout_30pct,full_equal_weight,100,AUGMENT,99,0.9519230769230769,1.0
TCGA-HNSC,17,random_cell_dropout_30pct,full_equal_weight,100,FALLBACK,5,0.04807692307692308,1.0
TCGA-HNSC,17,random_cell_dropout_30pct,full_equal_weight,100,ABSTAIN,0,0.0,1.0
TCGA-HNSC,17,random_cell_dropout_30pct,full_equal_weight,90,AUGMENT,74,0.7115384615384616,0.9038461538461539
TCGA-HNSC,17,random_cell_dropout_30pct,full_equal_weight,90,FALLBACK,20,0.19230769230769232,0.9038461538461539
TCGA-HNSC,17,random_cell_dropout_30pct,full_equal_weight,90,ABSTAIN,10,0.09615384615384616,0.9038461538461539
TCGA-HNSC,17,random_cell_dropout_30pct,full_equal_weight,80,AUGMENT,54,0.5192307692307693,0.8076923076923077
TCGA-HNSC,17,random_cell_dropout_30pct,full_equal_weight,80,FALLBACK,30,0.28846153846153844,0.8076923076923077
TCGA-HNSC,17,random_cell_dropout_30pct,full_equal_weight,80,ABSTAIN,20,0.19230769230769232,0.8076923076923077
TCGA-HNSC,17,random_cell_dropout_30pct,full_learned_nonnegative,100,AUGMENT,104,1.0,1.0
TCGA-HNSC,17,random_cell_dropout_30pct,full_learned_nonnegative,100,FALLBACK,0,0.0,1.0
TCGA-HNSC,17,random_cell_dropout_30pct,full_learned_nonnegative,100,ABSTAIN,0,0.0,1.0
TCGA-HNSC,17,random_cell_dropout_30pct,full_learned_nonnegative,90,AUGMENT,92,0.8846153846153846,0.9038461538461539
TCGA-HNSC,17,random_cell_dropout_30pct,full_learned_nonnegative,90,FALLBACK,2,0.019230769230769232,0.9038461538461539
TCGA-HNSC,17,random_cell_dropout_30pct,full_learned_nonnegative,90,ABSTAIN,10,0.09615384615384616,0.9038461538461539
TCGA-HNSC,17,random_cell_dropout_30pct,full_learned_nonnegative,80,AUGMENT,82,0.7884615384615384,0.8076923076923077
TCGA-HNSC,17,random_cell_dropout_30pct,full_learned_nonnegative,80,FALLBACK,2,0.019230769230769232,0.8076923076923077
TCGA-HNSC,17,random_cell_dropout_30pct,full_learned_nonnegative,80,ABSTAIN,20,0.19230769230769232,0.8076923076923077
TCGA-HNSC,17,measurement_noise_0.5sd,ood_only,100,AUGMENT,101,0.9711538461538461,1.0
TCGA-HNSC,17,measurement_noise_0.5sd,ood_only,100,FALLBACK,3,0.028846153846153848,1.0
TCGA-HNSC,17,measurement_noise_0.5sd,ood_only,100,ABSTAIN,0,0.0,1.0
TCGA-HNSC,17,measurement_noise_0.5sd,ood_only,90,AUGMENT,80,0.7692307692307693,0.9038461538461539
TCGA-HNSC,17,measurement_noise_0.5sd,ood_only,90,FALLBACK,14,0.1346153846153846,0.9038461538461539
TCGA-HNSC,17,measurement_noise_0.5sd,ood_only,90,ABSTAIN,10,0.09615384615384616,0.9038461538461539
TCGA-HNSC,17,measurement_noise_0.5sd,ood_only,80,AUGMENT,56,0.5384615384615384,0.8076923076923077
TCGA-HNSC,17,measurement_noise_0.5sd,ood_only,80,FALLBACK,28,0.2692307692307692,0.8076923076923077
TCGA-HNSC,17,measurement_noise_0.5sd,ood_only,80,ABSTAIN,20,0.19230769230769232,0.8076923076923077
TCGA-HNSC,17,measurement_noise_0.5sd,uncertainty_only,100,AUGMENT,104,1.0,1.0
TCGA-HNSC,17,measurement_noise_0.5sd,uncertainty_only,100,FALLBACK,0,0.0,1.0
TCGA-HNSC,17,measurement_noise_0.5sd,uncertainty_only,100,ABSTAIN,0,0.0,1.0
TCGA-HNSC,17,measurement_noise_0.5sd,uncertainty_only,90,AUGMENT,73,0.7019230769230769,0.9038461538461539
TCGA-HNSC,17,measurement_noise_0.5sd,uncertainty_only,90,FALLBACK,21,0.20192307692307693,0.9038461538461539
TCGA-HNSC,17,measurement_noise_0.5sd,uncertainty_only,90,ABSTAIN,10,0.09615384615384616,0.9038461538461539
TCGA-HNSC,17,measurement_noise_0.5sd,uncertainty_only,80,AUGMENT,51,0.49038461538461536,0.8076923076923077
TCGA-HNSC,17,measurement_noise_0.5sd,uncertainty_only,80,FALLBACK,33,0.3173076923076923,0.8076923076923077
TCGA-HNSC,17,measurement_noise_0.5sd,uncertainty_only,80,ABSTAIN,20,0.19230769230769232,0.8076923076923077
TCGA-HNSC,17,measurement_noise_0.5sd,full_equal_weight,100,AUGMENT,104,1.0,1.0
TCGA-HNSC,17,measurement_noise_0.5sd,full_equal_weight,100,FALLBACK,0,0.0,1.0
TCGA-HNSC,17,measurement_noise_0.5sd,full_equal_weight,100,ABSTAIN,0,0.0,1.0
TCGA-HNSC,17,measurement_noise_0.5sd,full_equal_weight,90,AUGMENT,80,0.7692307692307693,0.9038461538461539
TCGA-HNSC,17,measurement_noise_0.5sd,full_equal_weight,90,FALLBACK,14,0.1346153846153846,0.9038461538461539
TCGA-HNSC,17,measurement_noise_0.5sd,full_equal_weight,90,ABSTAIN,10,0.09615384615384616,0.9038461538461539
TCGA-HNSC,17,measurement_noise_0.5sd,full_equal_weight,80,AUGMENT,59,0.5673076923076923,0.8076923076923077
TCGA-HNSC,17,measurement_noise_0.5sd,full_equal_weight,80,FALLBACK,25,0.2403846153846154,0.8076923076923077
TCGA-HNSC,17,measurement_noise_0.5sd,full_equal_weight,80,ABSTAIN,20,0.19230769230769232,0.8076923076923077
TCGA-HNSC,17,measurement_noise_0.5sd,full_learned_nonnegative,100,AUGMENT,102,0.9807692307692307,1.0
TCGA-HNSC,17,measurement_noise_0.5sd,full_learned_nonnegative,100,FALLBACK,2,0.019230769230769232,1.0
TCGA-HNSC,17,measurement_noise_0.5sd,full_learned_nonnegative,100,ABSTAIN,0,0.0,1.0
TCGA-HNSC,17,measurement_noise_0.5sd,full_learned_nonnegative,90,AUGMENT,79,0.7596153846153846,0.9038461538461539
TCGA-HNSC,17,measurement_noise_0.5sd,full_learned_nonnegative,90,FALLBACK,15,0.14423076923076922,0.9038461538461539
TCGA-HNSC,17,measurement_noise_0.5sd,full_learned_nonnegative,90,ABSTAIN,10,0.09615384615384616,0.9038461538461539
TCGA-HNSC,17,measurement_noise_0.5sd,full_learned_nonnegative,80,AUGMENT,61,0.5865384615384616,0.8076923076923077
TCGA-HNSC,17,measurement_noise_0.5sd,full_learned_nonnegative,80,FALLBACK,23,0.22115384615384615,0.8076923076923077
TCGA-HNSC,17,measurement_noise_0.5sd,full_learned_nonnegative,80,ABSTAIN,20,0.19230769230769232,0.8076923076923077
TCGA-HNSC,17,location_shift_1sd,ood_only,100,AUGMENT,102,0.9807692307692307,1.0
TCGA-HNSC,17,location_shift_1sd,ood_only,100,FALLBACK,2,0.019230769230769232,1.0
TCGA-HNSC,17,location_shift_1sd,ood_only,100,ABSTAIN,0,0.0,1.0
TCGA-HNSC,17,location_shift_1sd,ood_only,90,AUGMENT,71,0.6826923076923077,0.9038461538461539
TCGA-HNSC,17,location_shift_1sd,ood_only,90,FALLBACK,23,0.22115384615384615,0.9038461538461539
TCGA-HNSC,17,location_shift_1sd,ood_only,90,ABSTAIN,10,0.09615384615384616,0.9038461538461539
TCGA-HNSC,17,location_shift_1sd,ood_only,80,AUGMENT,50,0.4807692307692308,0.8076923076923077
TCGA-HNSC,17,location_shift_1sd,ood_only,80,FALLBACK,34,0.3269230769230769,0.8076923076923077
TCGA-HNSC,17,location_shift_1sd,ood_only,80,ABSTAIN,20,0.19230769230769232,0.8076923076923077
TCGA-HNSC,17,location_shift_1sd,uncertainty_only,100,AUGMENT,104,1.0,1.0
TCGA-HNSC,17,location_shift_1sd,uncertainty_only,100,FALLBACK,0,0.0,1.0
TCGA-HNSC,17,location_shift_1sd,uncertainty_only,100,ABSTAIN,0,0.0,1.0
TCGA-HNSC,17,location_shift_1sd,uncertainty_only,90,AUGMENT,78,0.75,0.9038461538461539
TCGA-HNSC,17,location_shift_1sd,uncertainty_only,90,FALLBACK,16,0.15384615384615385,0.9038461538461539
TCGA-HNSC,17,location_shift_1sd,uncertainty_only,90,ABSTAIN,10,0.09615384615384616,0.9038461538461539
TCGA-HNSC,17,location_shift_1sd,uncertainty_only,80,AUGMENT,59,0.5673076923076923,0.8076923076923077
TCGA-HNSC,17,location_shift_1sd,uncertainty_only,80,FALLBACK,25,0.2403846153846154,0.8076923076923077
TCGA-HNSC,17,location_shift_1sd,uncertainty_only,80,ABSTAIN,20,0.19230769230769232,0.8076923076923077
TCGA-HNSC,17,location_shift_1sd,full_equal_weight,100,AUGMENT,103,0.9903846153846154,1.0
TCGA-HNSC,17,location_shift_1sd,full_equal_weight,100,FALLBACK,1,0.009615384615384616,1.0
TCGA-HNSC,17,location_shift_1sd,full_equal_weight,100,ABSTAIN,0,0.0,1.0
TCGA-HNSC,17,location_shift_1sd,full_equal_weight,90,AUGMENT,76,0.7307692307692307,0.9038461538461539
TCGA-HNSC,17,location_shift_1sd,full_equal_weight,90,FALLBACK,18,0.17307692307692307,0.9038461538461539
TCGA-HNSC,17,location_shift_1sd,full_equal_weight,90,ABSTAIN,10,0.09615384615384616,0.9038461538461539
TCGA-HNSC,17,location_shift_1sd,full_equal_weight,80,AUGMENT,63,0.6057692307692307,0.8076923076923077
TCGA-HNSC,17,location_shift_1sd,full_equal_weight,80,FALLBACK,21,0.20192307692307693,0.8076923076923077
TCGA-HNSC,17,location_shift_1sd,full_equal_weight,80,ABSTAIN,20,0.19230769230769232,0.8076923076923077
TCGA-HNSC,17,location_shift_1sd,full_learned_nonnegative,100,AUGMENT,101,0.9711538461538461,1.0
TCGA-HNSC,17,location_shift_1sd,full_learned_nonnegative,100,FALLBACK,3,0.028846153846153848,1.0
TCGA-HNSC,17,location_shift_1sd,full_learned_nonnegative,100,ABSTAIN,0,0.0,1.0
TCGA-HNSC,17,location_shift_1sd,full_learned_nonnegative,90,AUGMENT,75,0.7211538461538461,0.9038461538461539
TCGA-HNSC,17,location_shift_1sd,full_learned_nonnegative,90,FALLBACK,19,0.18269230769230768,0.9038461538461539
TCGA-HNSC,17,location_shift_1sd,full_learned_nonnegative,90,ABSTAIN,10,0.09615384615384616,0.9038461538461539
TCGA-HNSC,17,location_shift_1sd,full_learned_nonnegative,80,AUGMENT,59,0.5673076923076923,0.8076923076923077
TCGA-HNSC,17,location_shift_1sd,full_learned_nonnegative,80,FALLBACK,25,0.2403846153846154,0.8076923076923077
TCGA-HNSC,17,location_shift_1sd,full_learned_nonnegative,80,ABSTAIN,20,0.19230769230769232,0.8076923076923077
TCGA-HNSC,17,row_permutation_negative_control,ood_only,100,AUGMENT,104,1.0,1.0
TCGA-HNSC,17,row_permutation_negative_control,ood_only,100,FALLBACK,0,0.0,1.0
TCGA-HNSC,17,row_permutation_negative_control,ood_only,100,ABSTAIN,0,0.0,1.0
TCGA-HNSC,17,row_permutation_negative_control,ood_only,90,AUGMENT,85,0.8173076923076923,0.9038461538461539
TCGA-HNSC,17,row_permutation_negative_control,ood_only,90,FALLBACK,9,0.08653846153846154,0.9038461538461539
TCGA-HNSC,17,row_permutation_negative_control,ood_only,90,ABSTAIN,10,0.09615384615384616,0.9038461538461539
TCGA-HNSC,17,row_permutation_negative_control,ood_only,80,AUGMENT,70,0.6730769230769231,0.8076923076923077
TCGA-HNSC,17,row_permutation_negative_control,ood_only,80,FALLBACK,14,0.1346153846153846,0.8076923076923077
TCGA-HNSC,17,row_permutation_negative_control,ood_only,80,ABSTAIN,20,0.19230769230769232,0.8076923076923077
TCGA-HNSC,17,row_permutation_negative_control,uncertainty_only,100,AUGMENT,104,1.0,1.0
TCGA-HNSC,17,row_permutation_negative_control,uncertainty_only,100,FALLBACK,0,0.0,1.0
TCGA-HNSC,17,row_permutation_negative_control,uncertainty_only,100,ABSTAIN,0,0.0,1.0
TCGA-HNSC,17,row_permutation_negative_control,uncertainty_only,90,AUGMENT,83,0.7980769230769231,0.9038461538461539
TCGA-HNSC,17,row_permutation_negative_control,uncertainty_only,90,FALLBACK,11,0.10576923076923077,0.9038461538461539
TCGA-HNSC,17,row_permutation_negative_control,uncertainty_only,90,ABSTAIN,10,0.09615384615384616,0.9038461538461539
TCGA-HNSC,17,row_permutation_negative_control,uncertainty_only,80,AUGMENT,68,0.6538461538461539,0.8076923076923077
TCGA-HNSC,17,row_permutation_negative_control,uncertainty_only,80,FALLBACK,16,0.15384615384615385,0.8076923076923077
TCGA-HNSC,17,row_permutation_negative_control,uncertainty_only,80,ABSTAIN,20,0.19230769230769232,0.8076923076923077
TCGA-HNSC,17,row_permutation_negative_control,full_equal_weight,100,AUGMENT,104,1.0,1.0
TCGA-HNSC,17,row_permutation_negative_control,full_equal_weight,100,FALLBACK,0,0.0,1.0
TCGA-HNSC,17,row_permutation_negative_control,full_equal_weight,100,ABSTAIN,0,0.0,1.0
TCGA-HNSC,17,row_permutation_negative_control,full_equal_weight,90,AUGMENT,85,0.8173076923076923,0.9038461538461539
TCGA-HNSC,17,row_permutation_negative_control,full_equal_weight,90,FALLBACK,9,0.08653846153846154,0.9038461538461539
TCGA-HNSC,17,row_permutation_negative_control,full_equal_weight,90,ABSTAIN,10,0.09615384615384616,0.9038461538461539
TCGA-HNSC,17,row_permutation_negative_control,full_equal_weight,80,AUGMENT,71,0.6826923076923077,0.8076923076923077
TCGA-HNSC,17,row_permutation_negative_control,full_equal_weight,80,FALLBACK,13,0.125,0.8076923076923077
TCGA-HNSC,17,row_permutation_negative_control,full_equal_weight,80,ABSTAIN,20,0.19230769230769232,0.8076923076923077
TCGA-HNSC,17,row_permutation_negative_control,full_learned_nonnegative,100,AUGMENT,104,1.0,1.0
TCGA-HNSC,17,row_permutation_negative_control,full_learned_nonnegative,100,FALLBACK,0,0.0,1.0
TCGA-HNSC,17,row_permutation_negative_control,full_learned_nonnegative,100,ABSTAIN,0,0.0,1.0
TCGA-HNSC,17,row_permutation_negative_control,full_learned_nonnegative,90,AUGMENT,86,0.8269230769230769,0.9038461538461539
TCGA-HNSC,17,row_permutation_negative_control,full_learned_nonnegative,90,FALLBACK,8,0.07692307692307693,0.9038461538461539
TCGA-HNSC,17,row_permutation_negative_control,full_learned_nonnegative,90,ABSTAIN,10,0.09615384615384616,0.9038461538461539
TCGA-HNSC,17,row_permutation_negative_control,full_learned_nonnegative,80,AUGMENT,73,0.7019230769230769,0.8076923076923077
TCGA-HNSC,17,row_permutation_negative_control,full_learned_nonnegative,80,FALLBACK,11,0.10576923076923077,0.8076923076923077
TCGA-HNSC,17,row_permutation_negative_control,full_learned_nonnegative,80,ABSTAIN,20,0.19230769230769232,0.8076923076923077
TCGA-HNSC,17,complete_modality_dropout,ood_only,100,AUGMENT,0,0.0,1.0
TCGA-HNSC,17,complete_modality_dropout,ood_only,100,FALLBACK,104,1.0,1.0
TCGA-HNSC,17,complete_modality_dropout,ood_only,100,ABSTAIN,0,0.0,1.0
TCGA-HNSC,17,complete_modality_dropout,ood_only,90,AUGMENT,0,0.0,0.9038461538461539
TCGA-HNSC,17,complete_modality_dropout,ood_only,90,FALLBACK,94,0.9038461538461539,0.9038461538461539
TCGA-HNSC,17,complete_modality_dropout,ood_only,90,ABSTAIN,10,0.09615384615384616,0.9038461538461539
TCGA-HNSC,17,complete_modality_dropout,ood_only,80,AUGMENT,0,0.0,0.8076923076923077
TCGA-HNSC,17,complete_modality_dropout,ood_only,80,FALLBACK,84,0.8076923076923077,0.8076923076923077
TCGA-HNSC,17,complete_modality_dropout,ood_only,80,ABSTAIN,20,0.19230769230769232,0.8076923076923077
TCGA-HNSC,17,complete_modality_dropout,uncertainty_only,100,AUGMENT,0,0.0,1.0
TCGA-HNSC,17,complete_modality_dropout,uncertainty_only,100,FALLBACK,104,1.0,1.0
TCGA-HNSC,17,complete_modality_dropout,uncertainty_only,100,ABSTAIN,0,0.0,1.0
TCGA-HNSC,17,complete_modality_dropout,uncertainty_only,90,AUGMENT,0,0.0,0.9038461538461539
TCGA-HNSC,17,complete_modality_dropout,uncertainty_only,90,FALLBACK,94,0.9038461538461539,0.9038461538461539
TCGA-HNSC,17,complete_modality_dropout,uncertainty_only,90,ABSTAIN,10,0.09615384615384616,0.9038461538461539
TCGA-HNSC,17,complete_modality_dropout,uncertainty_only,80,AUGMENT,0,0.0,0.8076923076923077
TCGA-HNSC,17,complete_modality_dropout,uncertainty_only,80,FALLBACK,84,0.8076923076923077,0.8076923076923077
TCGA-HNSC,17,complete_modality_dropout,uncertainty_only,80,ABSTAIN,20,0.19230769230769232,0.8076923076923077
TCGA-HNSC,17,complete_modality_dropout,full_equal_weight,100,AUGMENT,0,0.0,1.0
TCGA-HNSC,17,complete_modality_dropout,full_equal_weight,100,FALLBACK,104,1.0,1.0
TCGA-HNSC,17,complete_modality_dropout,full_equal_weight,100,ABSTAIN,0,0.0,1.0
TCGA-HNSC,17,complete_modality_dropout,full_equal_weight,90,AUGMENT,0,0.0,0.9038461538461539
TCGA-HNSC,17,complete_modality_dropout,full_equal_weight,90,FALLBACK,94,0.9038461538461539,0.9038461538461539
TCGA-HNSC,17,complete_modality_dropout,full_equal_weight,90,ABSTAIN,10,0.09615384615384616,0.9038461538461539
TCGA-HNSC,17,complete_modality_dropout,full_equal_weight,80,AUGMENT,0,0.0,0.8076923076923077
TCGA-HNSC,17,complete_modality_dropout,full_equal_weight,80,FALLBACK,84,0.8076923076923077,0.8076923076923077
TCGA-HNSC,17,complete_modality_dropout,full_equal_weight,80,ABSTAIN,20,0.19230769230769232,0.8076923076923077
TCGA-HNSC,17,complete_modality_dropout,full_learned_nonnegative,100,AUGMENT,0,0.0,1.0
TCGA-HNSC,17,complete_modality_dropout,full_learned_nonnegative,100,FALLBACK,104,1.0,1.0
TCGA-HNSC,17,complete_modality_dropout,full_learned_nonnegative,100,ABSTAIN,0,0.0,1.0
TCGA-HNSC,17,complete_modality_dropout,full_learned_nonnegative,90,AUGMENT,0,0.0,0.9038461538461539
TCGA-HNSC,17,complete_modality_dropout,full_learned_nonnegative,90,FALLBACK,94,0.9038461538461539,0.9038461538461539
TCGA-HNSC,17,complete_modality_dropout,full_learned_nonnegative,90,ABSTAIN,10,0.09615384615384616,0.9038461538461539
TCGA-HNSC,17,complete_modality_dropout,full_learned_nonnegative,80,AUGMENT,0,0.0,0.8076923076923077
TCGA-HNSC,17,complete_modality_dropout,full_learned_nonnegative,80,FALLBACK,84,0.8076923076923077,0.8076923076923077
TCGA-HNSC,17,complete_modality_dropout,full_learned_nonnegative,80,ABSTAIN,20,0.19230769230769232,0.8076923076923077
TCGA-HNSC,29,clean,ood_only,100,AUGMENT,104,1.0,1.0
TCGA-HNSC,29,clean,ood_only,100,FALLBACK,0,0.0,1.0
TCGA-HNSC,29,clean,ood_only,100,ABSTAIN,0,0.0,1.0
TCGA-HNSC,29,clean,ood_only,90,AUGMENT,86,0.8269230769230769,0.9038461538461539
TCGA-HNSC,29,clean,ood_only,90,FALLBACK,8,0.07692307692307693,0.9038461538461539
TCGA-HNSC,29,clean,ood_only,90,ABSTAIN,10,0.09615384615384616,0.9038461538461539
TCGA-HNSC,29,clean,ood_only,80,AUGMENT,69,0.6634615384615384,0.8076923076923077
TCGA-HNSC,29,clean,ood_only,80,FALLBACK,15,0.14423076923076922,0.8076923076923077
TCGA-HNSC,29,clean,ood_only,80,ABSTAIN,20,0.19230769230769232,0.8076923076923077
TCGA-HNSC,29,clean,uncertainty_only,100,AUGMENT,104,1.0,1.0
TCGA-HNSC,29,clean,uncertainty_only,100,FALLBACK,0,0.0,1.0
TCGA-HNSC,29,clean,uncertainty_only,100,ABSTAIN,0,0.0,1.0
TCGA-HNSC,29,clean,uncertainty_only,90,AUGMENT,85,0.8173076923076923,0.9038461538461539
TCGA-HNSC,29,clean,uncertainty_only,90,FALLBACK,9,0.08653846153846154,0.9038461538461539
TCGA-HNSC,29,clean,uncertainty_only,90,ABSTAIN,10,0.09615384615384616,0.9038461538461539
TCGA-HNSC,29,clean,uncertainty_only,80,AUGMENT,68,0.6538461538461539,0.8076923076923077
TCGA-HNSC,29,clean,uncertainty_only,80,FALLBACK,16,0.15384615384615385,0.8076923076923077
TCGA-HNSC,29,clean,uncertainty_only,80,ABSTAIN,20,0.19230769230769232,0.8076923076923077
TCGA-HNSC,29,clean,full_equal_weight,100,AUGMENT,104,1.0,1.0
TCGA-HNSC,29,clean,full_equal_weight,100,FALLBACK,0,0.0,1.0
TCGA-HNSC,29,clean,full_equal_weight,100,ABSTAIN,0,0.0,1.0
TCGA-HNSC,29,clean,full_equal_weight,90,AUGMENT,85,0.8173076923076923,0.9038461538461539
TCGA-HNSC,29,clean,full_equal_weight,90,FALLBACK,9,0.08653846153846154,0.9038461538461539
TCGA-HNSC,29,clean,full_equal_weight,90,ABSTAIN,10,0.09615384615384616,0.9038461538461539
TCGA-HNSC,29,clean,full_equal_weight,80,AUGMENT,70,0.6730769230769231,0.8076923076923077
TCGA-HNSC,29,clean,full_equal_weight,80,FALLBACK,14,0.1346153846153846,0.8076923076923077
TCGA-HNSC,29,clean,full_equal_weight,80,ABSTAIN,20,0.19230769230769232,0.8076923076923077
TCGA-HNSC,29,clean,full_learned_nonnegative,100,AUGMENT,104,1.0,1.0
TCGA-HNSC,29,clean,full_learned_nonnegative,100,FALLBACK,0,0.0,1.0
TCGA-HNSC,29,clean,full_learned_nonnegative,100,ABSTAIN,0,0.0,1.0
TCGA-HNSC,29,clean,full_learned_nonnegative,90,AUGMENT,84,0.8076923076923077,0.9038461538461539
TCGA-HNSC,29,clean,full_learned_nonnegative,90,FALLBACK,10,0.09615384615384616,0.9038461538461539
TCGA-HNSC,29,clean,full_learned_nonnegative,90,ABSTAIN,10,0.09615384615384616,0.9038461538461539
TCGA-HNSC,29,clean,full_learned_nonnegative,80,AUGMENT,69,0.6634615384615384,0.8076923076923077
TCGA-HNSC,29,clean,full_learned_nonnegative,80,FALLBACK,15,0.14423076923076922,0.8076923076923077
TCGA-HNSC,29,clean,full_learned_nonnegative,80,ABSTAIN,20,0.19230769230769232,0.8076923076923077
TCGA-HNSC,29,random_cell_dropout_10pct,ood_only,100,AUGMENT,104,1.0,1.0
TCGA-HNSC,29,random_cell_dropout_10pct,ood_only,100,FALLBACK,0,0.0,1.0
TCGA-HNSC,29,random_cell_dropout_10pct,ood_only,100,ABSTAIN,0,0.0,1.0
TCGA-HNSC,29,random_cell_dropout_10pct,ood_only,90,AUGMENT,90,0.8653846153846154,0.9038461538461539
TCGA-HNSC,29,random_cell_dropout_10pct,ood_only,90,FALLBACK,4,0.038461538461538464,0.9038461538461539
TCGA-HNSC,29,random_cell_dropout_10pct,ood_only,90,ABSTAIN,10,0.09615384615384616,0.9038461538461539
TCGA-HNSC,29,random_cell_dropout_10pct,ood_only,80,AUGMENT,78,0.75,0.8076923076923077
TCGA-HNSC,29,random_cell_dropout_10pct,ood_only,80,FALLBACK,6,0.057692307692307696,0.8076923076923077
TCGA-HNSC,29,random_cell_dropout_10pct,ood_only,80,ABSTAIN,20,0.19230769230769232,0.8076923076923077
TCGA-HNSC,29,random_cell_dropout_10pct,uncertainty_only,100,AUGMENT,104,1.0,1.0
TCGA-HNSC,29,random_cell_dropout_10pct,uncertainty_only,100,FALLBACK,0,0.0,1.0
TCGA-HNSC,29,random_cell_dropout_10pct,uncertainty_only,100,ABSTAIN,0,0.0,1.0
TCGA-HNSC,29,random_cell_dropout_10pct,uncertainty_only,90,AUGMENT,87,0.8365384615384616,0.9038461538461539
TCGA-HNSC,29,random_cell_dropout_10pct,uncertainty_only,90,FALLBACK,7,0.0673076923076923,0.9038461538461539
TCGA-HNSC,29,random_cell_dropout_10pct,uncertainty_only,90,ABSTAIN,10,0.09615384615384616,0.9038461538461539
TCGA-HNSC,29,random_cell_dropout_10pct,uncertainty_only,80,AUGMENT,73,0.7019230769230769,0.8076923076923077
TCGA-HNSC,29,random_cell_dropout_10pct,uncertainty_only,80,FALLBACK,11,0.10576923076923077,0.8076923076923077
TCGA-HNSC,29,random_cell_dropout_10pct,uncertainty_only,80,ABSTAIN,20,0.19230769230769232,0.8076923076923077
TCGA-HNSC,29,random_cell_dropout_10pct,full_equal_weight,100,AUGMENT,84,0.8076923076923077,1.0
TCGA-HNSC,29,random_cell_dropout_10pct,full_equal_weight,100,FALLBACK,20,0.19230769230769232,1.0
TCGA-HNSC,29,random_cell_dropout_10pct,full_equal_weight,100,ABSTAIN,0,0.0,1.0
TCGA-HNSC,29,random_cell_dropout_10pct,full_equal_weight,90,AUGMENT,52,0.5,0.9038461538461539
TCGA-HNSC,29,random_cell_dropout_10pct,full_equal_weight,90,FALLBACK,42,0.40384615384615385,0.9038461538461539
TCGA-HNSC,29,random_cell_dropout_10pct,full_equal_weight,90,ABSTAIN,10,0.09615384615384616,0.9038461538461539
TCGA-HNSC,29,random_cell_dropout_10pct,full_equal_weight,80,AUGMENT,34,0.3269230769230769,0.8076923076923077
TCGA-HNSC,29,random_cell_dropout_10pct,full_equal_weight,80,FALLBACK,50,0.4807692307692308,0.8076923076923077
TCGA-HNSC,29,random_cell_dropout_10pct,full_equal_weight,80,ABSTAIN,20,0.19230769230769232,0.8076923076923077
TCGA-HNSC,29,random_cell_dropout_10pct,full_learned_nonnegative,100,AUGMENT,101,0.9711538461538461,1.0
TCGA-HNSC,29,random_cell_dropout_10pct,full_learned_nonnegative,100,FALLBACK,3,0.028846153846153848,1.0
TCGA-HNSC,29,random_cell_dropout_10pct,full_learned_nonnegative,100,ABSTAIN,0,0.0,1.0
TCGA-HNSC,29,random_cell_dropout_10pct,full_learned_nonnegative,90,AUGMENT,87,0.8365384615384616,0.9038461538461539
TCGA-HNSC,29,random_cell_dropout_10pct,full_learned_nonnegative,90,FALLBACK,7,0.0673076923076923,0.9038461538461539
TCGA-HNSC,29,random_cell_dropout_10pct,full_learned_nonnegative,90,ABSTAIN,10,0.09615384615384616,0.9038461538461539
TCGA-HNSC,29,random_cell_dropout_10pct,full_learned_nonnegative,80,AUGMENT,74,0.7115384615384616,0.8076923076923077
TCGA-HNSC,29,random_cell_dropout_10pct,full_learned_nonnegative,80,FALLBACK,10,0.09615384615384616,0.8076923076923077
TCGA-HNSC,29,random_cell_dropout_10pct,full_learned_nonnegative,80,ABSTAIN,20,0.19230769230769232,0.8076923076923077
TCGA-HNSC,29,random_cell_dropout_30pct,ood_only,100,AUGMENT,104,1.0,1.0
TCGA-HNSC,29,random_cell_dropout_30pct,ood_only,100,FALLBACK,0,0.0,1.0
TCGA-HNSC,29,random_cell_dropout_30pct,ood_only,100,ABSTAIN,0,0.0,1.0
TCGA-HNSC,29,random_cell_dropout_30pct,ood_only,90,AUGMENT,94,0.9038461538461539,0.9038461538461539
TCGA-HNSC,29,random_cell_dropout_30pct,ood_only,90,FALLBACK,0,0.0,0.9038461538461539
TCGA-HNSC,29,random_cell_dropout_30pct,ood_only,90,ABSTAIN,10,0.09615384615384616,0.9038461538461539
TCGA-HNSC,29,random_cell_dropout_30pct,ood_only,80,AUGMENT,84,0.8076923076923077,0.8076923076923077
TCGA-HNSC,29,random_cell_dropout_30pct,ood_only,80,FALLBACK,0,0.0,0.8076923076923077
TCGA-HNSC,29,random_cell_dropout_30pct,ood_only,80,ABSTAIN,20,0.19230769230769232,0.8076923076923077
TCGA-HNSC,29,random_cell_dropout_30pct,uncertainty_only,100,AUGMENT,104,1.0,1.0
TCGA-HNSC,29,random_cell_dropout_30pct,uncertainty_only,100,FALLBACK,0,0.0,1.0
TCGA-HNSC,29,random_cell_dropout_30pct,uncertainty_only,100,ABSTAIN,0,0.0,1.0
TCGA-HNSC,29,random_cell_dropout_30pct,uncertainty_only,90,AUGMENT,87,0.8365384615384616,0.9038461538461539
TCGA-HNSC,29,random_cell_dropout_30pct,uncertainty_only,90,FALLBACK,7,0.0673076923076923,0.9038461538461539
TCGA-HNSC,29,random_cell_dropout_30pct,uncertainty_only,90,ABSTAIN,10,0.09615384615384616,0.9038461538461539
TCGA-HNSC,29,random_cell_dropout_30pct,uncertainty_only,80,AUGMENT,72,0.6923076923076923,0.8076923076923077
TCGA-HNSC,29,random_cell_dropout_30pct,uncertainty_only,80,FALLBACK,12,0.11538461538461539,0.8076923076923077
TCGA-HNSC,29,random_cell_dropout_30pct,uncertainty_only,80,ABSTAIN,20,0.19230769230769232,0.8076923076923077
TCGA-HNSC,29,random_cell_dropout_30pct,full_equal_weight,100,AUGMENT,101,0.9711538461538461,1.0
TCGA-HNSC,29,random_cell_dropout_30pct,full_equal_weight,100,FALLBACK,3,0.028846153846153848,1.0
TCGA-HNSC,29,random_cell_dropout_30pct,full_equal_weight,100,ABSTAIN,0,0.0,1.0
TCGA-HNSC,29,random_cell_dropout_30pct,full_equal_weight,90,AUGMENT,74,0.7115384615384616,0.9038461538461539
TCGA-HNSC,29,random_cell_dropout_30pct,full_equal_weight,90,FALLBACK,20,0.19230769230769232,0.9038461538461539
TCGA-HNSC,29,random_cell_dropout_30pct,full_equal_weight,90,ABSTAIN,10,0.09615384615384616,0.9038461538461539
TCGA-HNSC,29,random_cell_dropout_30pct,full_equal_weight,80,AUGMENT,53,0.5096153846153846,0.8076923076923077
TCGA-HNSC,29,random_cell_dropout_30pct,full_equal_weight,80,FALLBACK,31,0.2980769230769231,0.8076923076923077
TCGA-HNSC,29,random_cell_dropout_30pct,full_equal_weight,80,ABSTAIN,20,0.19230769230769232,0.8076923076923077
TCGA-HNSC,29,random_cell_dropout_30pct,full_learned_nonnegative,100,AUGMENT,104,1.0,1.0
TCGA-HNSC,29,random_cell_dropout_30pct,full_learned_nonnegative,100,FALLBACK,0,0.0,1.0
TCGA-HNSC,29,random_cell_dropout_30pct,full_learned_nonnegative,100,ABSTAIN,0,0.0,1.0
TCGA-HNSC,29,random_cell_dropout_30pct,full_learned_nonnegative,90,AUGMENT,94,0.9038461538461539,0.9038461538461539
TCGA-HNSC,29,random_cell_dropout_30pct,full_learned_nonnegative,90,FALLBACK,0,0.0,0.9038461538461539
TCGA-HNSC,29,random_cell_dropout_30pct,full_learned_nonnegative,90,ABSTAIN,10,0.09615384615384616,0.9038461538461539
TCGA-HNSC,29,random_cell_dropout_30pct,full_learned_nonnegative,80,AUGMENT,84,0.8076923076923077,0.8076923076923077
TCGA-HNSC,29,random_cell_dropout_30pct,full_learned_nonnegative,80,FALLBACK,0,0.0,0.8076923076923077
TCGA-HNSC,29,random_cell_dropout_30pct,full_learned_nonnegative,80,ABSTAIN,20,0.19230769230769232,0.8076923076923077
TCGA-HNSC,29,measurement_noise_0.5sd,ood_only,100,AUGMENT,100,0.9615384615384616,1.0
TCGA-HNSC,29,measurement_noise_0.5sd,ood_only,100,FALLBACK,4,0.038461538461538464,1.0
TCGA-HNSC,29,measurement_noise_0.5sd,ood_only,100,ABSTAIN,0,0.0,1.0
TCGA-HNSC,29,measurement_noise_0.5sd,ood_only,90,AUGMENT,80,0.7692307692307693,0.9038461538461539
TCGA-HNSC,29,measurement_noise_0.5sd,ood_only,90,FALLBACK,14,0.1346153846153846,0.9038461538461539
TCGA-HNSC,29,measurement_noise_0.5sd,ood_only,90,ABSTAIN,10,0.09615384615384616,0.9038461538461539
TCGA-HNSC,29,measurement_noise_0.5sd,ood_only,80,AUGMENT,68,0.6538461538461539,0.8076923076923077
TCGA-HNSC,29,measurement_noise_0.5sd,ood_only,80,FALLBACK,16,0.15384615384615385,0.8076923076923077
TCGA-HNSC,29,measurement_noise_0.5sd,ood_only,80,ABSTAIN,20,0.19230769230769232,0.8076923076923077
TCGA-HNSC,29,measurement_noise_0.5sd,uncertainty_only,100,AUGMENT,104,1.0,1.0
TCGA-HNSC,29,measurement_noise_0.5sd,uncertainty_only,100,FALLBACK,0,0.0,1.0
TCGA-HNSC,29,measurement_noise_0.5sd,uncertainty_only,100,ABSTAIN,0,0.0,1.0
TCGA-HNSC,29,measurement_noise_0.5sd,uncertainty_only,90,AUGMENT,76,0.7307692307692307,0.9038461538461539
TCGA-HNSC,29,measurement_noise_0.5sd,uncertainty_only,90,FALLBACK,18,0.17307692307692307,0.9038461538461539
TCGA-HNSC,29,measurement_noise_0.5sd,uncertainty_only,90,ABSTAIN,10,0.09615384615384616,0.9038461538461539
TCGA-HNSC,29,measurement_noise_0.5sd,uncertainty_only,80,AUGMENT,57,0.5480769230769231,0.8076923076923077
TCGA-HNSC,29,measurement_noise_0.5sd,uncertainty_only,80,FALLBACK,27,0.25961538461538464,0.8076923076923077
TCGA-HNSC,29,measurement_noise_0.5sd,uncertainty_only,80,ABSTAIN,20,0.19230769230769232,0.8076923076923077
TCGA-HNSC,29,measurement_noise_0.5sd,full_equal_weight,100,AUGMENT,101,0.9711538461538461,1.0
TCGA-HNSC,29,measurement_noise_0.5sd,full_equal_weight,100,FALLBACK,3,0.028846153846153848,1.0
TCGA-HNSC,29,measurement_noise_0.5sd,full_equal_weight,100,ABSTAIN,0,0.0,1.0
TCGA-HNSC,29,measurement_noise_0.5sd,full_equal_weight,90,AUGMENT,78,0.75,0.9038461538461539
TCGA-HNSC,29,measurement_noise_0.5sd,full_equal_weight,90,FALLBACK,16,0.15384615384615385,0.9038461538461539
TCGA-HNSC,29,measurement_noise_0.5sd,full_equal_weight,90,ABSTAIN,10,0.09615384615384616,0.9038461538461539
TCGA-HNSC,29,measurement_noise_0.5sd,full_equal_weight,80,AUGMENT,62,0.5961538461538461,0.8076923076923077
TCGA-HNSC,29,measurement_noise_0.5sd,full_equal_weight,80,FALLBACK,22,0.21153846153846154,0.8076923076923077
TCGA-HNSC,29,measurement_noise_0.5sd,full_equal_weight,80,ABSTAIN,20,0.19230769230769232,0.8076923076923077
TCGA-HNSC,29,measurement_noise_0.5sd,full_learned_nonnegative,100,AUGMENT,99,0.9519230769230769,1.0
TCGA-HNSC,29,measurement_noise_0.5sd,full_learned_nonnegative,100,FALLBACK,5,0.04807692307692308,1.0
TCGA-HNSC,29,measurement_noise_0.5sd,full_learned_nonnegative,100,ABSTAIN,0,0.0,1.0
TCGA-HNSC,29,measurement_noise_0.5sd,full_learned_nonnegative,90,AUGMENT,78,0.75,0.9038461538461539
TCGA-HNSC,29,measurement_noise_0.5sd,full_learned_nonnegative,90,FALLBACK,16,0.15384615384615385,0.9038461538461539
TCGA-HNSC,29,measurement_noise_0.5sd,full_learned_nonnegative,90,ABSTAIN,10,0.09615384615384616,0.9038461538461539
TCGA-HNSC,29,measurement_noise_0.5sd,full_learned_nonnegative,80,AUGMENT,62,0.5961538461538461,0.8076923076923077
TCGA-HNSC,29,measurement_noise_0.5sd,full_learned_nonnegative,80,FALLBACK,22,0.21153846153846154,0.8076923076923077
TCGA-HNSC,29,measurement_noise_0.5sd,full_learned_nonnegative,80,ABSTAIN,20,0.19230769230769232,0.8076923076923077
TCGA-HNSC,29,location_shift_1sd,ood_only,100,AUGMENT,102,0.9807692307692307,1.0
TCGA-HNSC,29,location_shift_1sd,ood_only,100,FALLBACK,2,0.019230769230769232,1.0
TCGA-HNSC,29,location_shift_1sd,ood_only,100,ABSTAIN,0,0.0,1.0
TCGA-HNSC,29,location_shift_1sd,ood_only,90,AUGMENT,67,0.6442307692307693,0.9038461538461539
TCGA-HNSC,29,location_shift_1sd,ood_only,90,FALLBACK,27,0.25961538461538464,0.9038461538461539
TCGA-HNSC,29,location_shift_1sd,ood_only,90,ABSTAIN,10,0.09615384615384616,0.9038461538461539
TCGA-HNSC,29,location_shift_1sd,ood_only,80,AUGMENT,55,0.5288461538461539,0.8076923076923077
TCGA-HNSC,29,location_shift_1sd,ood_only,80,FALLBACK,29,0.27884615384615385,0.8076923076923077
TCGA-HNSC,29,location_shift_1sd,ood_only,80,ABSTAIN,20,0.19230769230769232,0.8076923076923077
TCGA-HNSC,29,location_shift_1sd,uncertainty_only,100,AUGMENT,104,1.0,1.0
TCGA-HNSC,29,location_shift_1sd,uncertainty_only,100,FALLBACK,0,0.0,1.0
TCGA-HNSC,29,location_shift_1sd,uncertainty_only,100,ABSTAIN,0,0.0,1.0
TCGA-HNSC,29,location_shift_1sd,uncertainty_only,90,AUGMENT,72,0.6923076923076923,0.9038461538461539
TCGA-HNSC,29,location_shift_1sd,uncertainty_only,90,FALLBACK,22,0.21153846153846154,0.9038461538461539
TCGA-HNSC,29,location_shift_1sd,uncertainty_only,90,ABSTAIN,10,0.09615384615384616,0.9038461538461539
TCGA-HNSC,29,location_shift_1sd,uncertainty_only,80,AUGMENT,57,0.5480769230769231,0.8076923076923077
TCGA-HNSC,29,location_shift_1sd,uncertainty_only,80,FALLBACK,27,0.25961538461538464,0.8076923076923077
TCGA-HNSC,29,location_shift_1sd,uncertainty_only,80,ABSTAIN,20,0.19230769230769232,0.8076923076923077
TCGA-HNSC,29,location_shift_1sd,full_equal_weight,100,AUGMENT,101,0.9711538461538461,1.0
TCGA-HNSC,29,location_shift_1sd,full_equal_weight,100,FALLBACK,3,0.028846153846153848,1.0
TCGA-HNSC,29,location_shift_1sd,full_equal_weight,100,ABSTAIN,0,0.0,1.0
TCGA-HNSC,29,location_shift_1sd,full_equal_weight,90,AUGMENT,74,0.7115384615384616,0.9038461538461539
TCGA-HNSC,29,location_shift_1sd,full_equal_weight,90,FALLBACK,20,0.19230769230769232,0.9038461538461539
TCGA-HNSC,29,location_shift_1sd,full_equal_weight,90,ABSTAIN,10,0.09615384615384616,0.9038461538461539
TCGA-HNSC,29,location_shift_1sd,full_equal_weight,80,AUGMENT,53,0.5096153846153846,0.8076923076923077
TCGA-HNSC,29,location_shift_1sd,full_equal_weight,80,FALLBACK,31,0.2980769230769231,0.8076923076923077
TCGA-HNSC,29,location_shift_1sd,full_equal_weight,80,ABSTAIN,20,0.19230769230769232,0.8076923076923077
TCGA-HNSC,29,location_shift_1sd,full_learned_nonnegative,100,AUGMENT,97,0.9326923076923077,1.0
TCGA-HNSC,29,location_shift_1sd,full_learned_nonnegative,100,FALLBACK,7,0.0673076923076923,1.0
TCGA-HNSC,29,location_shift_1sd,full_learned_nonnegative,100,ABSTAIN,0,0.0,1.0
TCGA-HNSC,29,location_shift_1sd,full_learned_nonnegative,90,AUGMENT,67,0.6442307692307693,0.9038461538461539
TCGA-HNSC,29,location_shift_1sd,full_learned_nonnegative,90,FALLBACK,27,0.25961538461538464,0.9038461538461539
TCGA-HNSC,29,location_shift_1sd,full_learned_nonnegative,90,ABSTAIN,10,0.09615384615384616,0.9038461538461539
TCGA-HNSC,29,location_shift_1sd,full_learned_nonnegative,80,AUGMENT,48,0.46153846153846156,0.8076923076923077
TCGA-HNSC,29,location_shift_1sd,full_learned_nonnegative,80,FALLBACK,36,0.34615384615384615,0.8076923076923077
TCGA-HNSC,29,location_shift_1sd,full_learned_nonnegative,80,ABSTAIN,20,0.19230769230769232,0.8076923076923077
TCGA-HNSC,29,row_permutation_negative_control,ood_only,100,AUGMENT,104,1.0,1.0
TCGA-HNSC,29,row_permutation_negative_control,ood_only,100,FALLBACK,0,0.0,1.0
TCGA-HNSC,29,row_permutation_negative_control,ood_only,100,ABSTAIN,0,0.0,1.0
TCGA-HNSC,29,row_permutation_negative_control,ood_only,90,AUGMENT,84,0.8076923076923077,0.9038461538461539
TCGA-HNSC,29,row_permutation_negative_control,ood_only,90,FALLBACK,10,0.09615384615384616,0.9038461538461539
TCGA-HNSC,29,row_permutation_negative_control,ood_only,90,ABSTAIN,10,0.09615384615384616,0.9038461538461539
TCGA-HNSC,29,row_permutation_negative_control,ood_only,80,AUGMENT,68,0.6538461538461539,0.8076923076923077
TCGA-HNSC,29,row_permutation_negative_control,ood_only,80,FALLBACK,16,0.15384615384615385,0.8076923076923077
TCGA-HNSC,29,row_permutation_negative_control,ood_only,80,ABSTAIN,20,0.19230769230769232,0.8076923076923077
TCGA-HNSC,29,row_permutation_negative_control,uncertainty_only,100,AUGMENT,104,1.0,1.0
TCGA-HNSC,29,row_permutation_negative_control,uncertainty_only,100,FALLBACK,0,0.0,1.0
TCGA-HNSC,29,row_permutation_negative_control,uncertainty_only,100,ABSTAIN,0,0.0,1.0
TCGA-HNSC,29,row_permutation_negative_control,uncertainty_only,90,AUGMENT,85,0.8173076923076923,0.9038461538461539
TCGA-HNSC,29,row_permutation_negative_control,uncertainty_only,90,FALLBACK,9,0.08653846153846154,0.9038461538461539
TCGA-HNSC,29,row_permutation_negative_control,uncertainty_only,90,ABSTAIN,10,0.09615384615384616,0.9038461538461539
TCGA-HNSC,29,row_permutation_negative_control,uncertainty_only,80,AUGMENT,70,0.6730769230769231,0.8076923076923077
TCGA-HNSC,29,row_permutation_negative_control,uncertainty_only,80,FALLBACK,14,0.1346153846153846,0.8076923076923077
TCGA-HNSC,29,row_permutation_negative_control,uncertainty_only,80,ABSTAIN,20,0.19230769230769232,0.8076923076923077
TCGA-HNSC,29,row_permutation_negative_control,full_equal_weight,100,AUGMENT,103,0.9903846153846154,1.0
TCGA-HNSC,29,row_permutation_negative_control,full_equal_weight,100,FALLBACK,1,0.009615384615384616,1.0
TCGA-HNSC,29,row_permutation_negative_control,full_equal_weight,100,ABSTAIN,0,0.0,1.0
TCGA-HNSC,29,row_permutation_negative_control,full_equal_weight,90,AUGMENT,83,0.7980769230769231,0.9038461538461539
TCGA-HNSC,29,row_permutation_negative_control,full_equal_weight,90,FALLBACK,11,0.10576923076923077,0.9038461538461539
TCGA-HNSC,29,row_permutation_negative_control,full_equal_weight,90,ABSTAIN,10,0.09615384615384616,0.9038461538461539
TCGA-HNSC,29,row_permutation_negative_control,full_equal_weight,80,AUGMENT,68,0.6538461538461539,0.8076923076923077
TCGA-HNSC,29,row_permutation_negative_control,full_equal_weight,80,FALLBACK,16,0.15384615384615385,0.8076923076923077
TCGA-HNSC,29,row_permutation_negative_control,full_equal_weight,80,ABSTAIN,20,0.19230769230769232,0.8076923076923077
TCGA-HNSC,29,row_permutation_negative_control,full_learned_nonnegative,100,AUGMENT,101,0.9711538461538461,1.0
TCGA-HNSC,29,row_permutation_negative_control,full_learned_nonnegative,100,FALLBACK,3,0.028846153846153848,1.0
TCGA-HNSC,29,row_permutation_negative_control,full_learned_nonnegative,100,ABSTAIN,0,0.0,1.0
TCGA-HNSC,29,row_permutation_negative_control,full_learned_nonnegative,90,AUGMENT,85,0.8173076923076923,0.9038461538461539
TCGA-HNSC,29,row_permutation_negative_control,full_learned_nonnegative,90,FALLBACK,9,0.08653846153846154,0.9038461538461539
TCGA-HNSC,29,row_permutation_negative_control,full_learned_nonnegative,90,ABSTAIN,10,0.09615384615384616,0.9038461538461539
TCGA-HNSC,29,row_permutation_negative_control,full_learned_nonnegative,80,AUGMENT,72,0.6923076923076923,0.8076923076923077
TCGA-HNSC,29,row_permutation_negative_control,full_learned_nonnegative,80,FALLBACK,12,0.11538461538461539,0.8076923076923077
TCGA-HNSC,29,row_permutation_negative_control,full_learned_nonnegative,80,ABSTAIN,20,0.19230769230769232,0.8076923076923077
TCGA-HNSC,29,complete_modality_dropout,ood_only,100,AUGMENT,0,0.0,1.0
TCGA-HNSC,29,complete_modality_dropout,ood_only,100,FALLBACK,104,1.0,1.0
TCGA-HNSC,29,complete_modality_dropout,ood_only,100,ABSTAIN,0,0.0,1.0
TCGA-HNSC,29,complete_modality_dropout,ood_only,90,AUGMENT,0,0.0,0.9038461538461539
TCGA-HNSC,29,complete_modality_dropout,ood_only,90,FALLBACK,94,0.9038461538461539,0.9038461538461539
TCGA-HNSC,29,complete_modality_dropout,ood_only,90,ABSTAIN,10,0.09615384615384616,0.9038461538461539
TCGA-HNSC,29,complete_modality_dropout,ood_only,80,AUGMENT,0,0.0,0.8076923076923077
TCGA-HNSC,29,complete_modality_dropout,ood_only,80,FALLBACK,84,0.8076923076923077,0.8076923076923077
TCGA-HNSC,29,complete_modality_dropout,ood_only,80,ABSTAIN,20,0.19230769230769232,0.8076923076923077
TCGA-HNSC,29,complete_modality_dropout,uncertainty_only,100,AUGMENT,0,0.0,1.0
TCGA-HNSC,29,complete_modality_dropout,uncertainty_only,100,FALLBACK,104,1.0,1.0
TCGA-HNSC,29,complete_modality_dropout,uncertainty_only,100,ABSTAIN,0,0.0,1.0
TCGA-HNSC,29,complete_modality_dropout,uncertainty_only,90,AUGMENT,0,0.0,0.9038461538461539
TCGA-HNSC,29,complete_modality_dropout,uncertainty_only,90,FALLBACK,94,0.9038461538461539,0.9038461538461539
TCGA-HNSC,29,complete_modality_dropout,uncertainty_only,90,ABSTAIN,10,0.09615384615384616,0.9038461538461539
TCGA-HNSC,29,complete_modality_dropout,uncertainty_only,80,AUGMENT,0,0.0,0.8076923076923077
TCGA-HNSC,29,complete_modality_dropout,uncertainty_only,80,FALLBACK,84,0.8076923076923077,0.8076923076923077
TCGA-HNSC,29,complete_modality_dropout,uncertainty_only,80,ABSTAIN,20,0.19230769230769232,0.8076923076923077
TCGA-HNSC,29,complete_modality_dropout,full_equal_weight,100,AUGMENT,0,0.0,1.0
TCGA-HNSC,29,complete_modality_dropout,full_equal_weight,100,FALLBACK,104,1.0,1.0
TCGA-HNSC,29,complete_modality_dropout,full_equal_weight,100,ABSTAIN,0,0.0,1.0
TCGA-HNSC,29,complete_modality_dropout,full_equal_weight,90,AUGMENT,0,0.0,0.9038461538461539
TCGA-HNSC,29,complete_modality_dropout,full_equal_weight,90,FALLBACK,94,0.9038461538461539,0.9038461538461539
TCGA-HNSC,29,complete_modality_dropout,full_equal_weight,90,ABSTAIN,10,0.09615384615384616,0.9038461538461539
TCGA-HNSC,29,complete_modality_dropout,full_equal_weight,80,AUGMENT,0,0.0,0.8076923076923077
TCGA-HNSC,29,complete_modality_dropout,full_equal_weight,80,FALLBACK,84,0.8076923076923077,0.8076923076923077
TCGA-HNSC,29,complete_modality_dropout,full_equal_weight,80,ABSTAIN,20,0.19230769230769232,0.8076923076923077
TCGA-HNSC,29,complete_modality_dropout,full_learned_nonnegative,100,AUGMENT,0,0.0,1.0
TCGA-HNSC,29,complete_modality_dropout,full_learned_nonnegative,100,FALLBACK,104,1.0,1.0
TCGA-HNSC,29,complete_modality_dropout,full_learned_nonnegative,100,ABSTAIN,0,0.0,1.0
TCGA-HNSC,29,complete_modality_dropout,full_learned_nonnegative,90,AUGMENT,0,0.0,0.9038461538461539
TCGA-HNSC,29,complete_modality_dropout,full_learned_nonnegative,90,FALLBACK,94,0.9038461538461539,0.9038461538461539
TCGA-HNSC,29,complete_modality_dropout,full_learned_nonnegative,90,ABSTAIN,10,0.09615384615384616,0.9038461538461539
TCGA-HNSC,29,complete_modality_dropout,full_learned_nonnegative,80,AUGMENT,0,0.0,0.8076923076923077
TCGA-HNSC,29,complete_modality_dropout,full_learned_nonnegative,80,FALLBACK,84,0.8076923076923077,0.8076923076923077
TCGA-HNSC,29,complete_modality_dropout,full_learned_nonnegative,80,ABSTAIN,20,0.19230769230769232,0.8076923076923077
TCGA-HNSC,43,clean,ood_only,100,AUGMENT,104,1.0,1.0
TCGA-HNSC,43,clean,ood_only,100,FALLBACK,0,0.0,1.0
TCGA-HNSC,43,clean,ood_only,100,ABSTAIN,0,0.0,1.0
TCGA-HNSC,43,clean,ood_only,90,AUGMENT,86,0.8269230769230769,0.9038461538461539
TCGA-HNSC,43,clean,ood_only,90,FALLBACK,8,0.07692307692307693,0.9038461538461539
TCGA-HNSC,43,clean,ood_only,90,ABSTAIN,10,0.09615384615384616,0.9038461538461539
TCGA-HNSC,43,clean,ood_only,80,AUGMENT,68,0.6538461538461539,0.8076923076923077
TCGA-HNSC,43,clean,ood_only,80,FALLBACK,16,0.15384615384615385,0.8076923076923077
TCGA-HNSC,43,clean,ood_only,80,ABSTAIN,20,0.19230769230769232,0.8076923076923077
TCGA-HNSC,43,clean,uncertainty_only,100,AUGMENT,104,1.0,1.0
TCGA-HNSC,43,clean,uncertainty_only,100,FALLBACK,0,0.0,1.0
TCGA-HNSC,43,clean,uncertainty_only,100,ABSTAIN,0,0.0,1.0
TCGA-HNSC,43,clean,uncertainty_only,90,AUGMENT,84,0.8076923076923077,0.9038461538461539
TCGA-HNSC,43,clean,uncertainty_only,90,FALLBACK,10,0.09615384615384616,0.9038461538461539
TCGA-HNSC,43,clean,uncertainty_only,90,ABSTAIN,10,0.09615384615384616,0.9038461538461539
TCGA-HNSC,43,clean,uncertainty_only,80,AUGMENT,68,0.6538461538461539,0.8076923076923077
TCGA-HNSC,43,clean,uncertainty_only,80,FALLBACK,16,0.15384615384615385,0.8076923076923077
TCGA-HNSC,43,clean,uncertainty_only,80,ABSTAIN,20,0.19230769230769232,0.8076923076923077
TCGA-HNSC,43,clean,full_equal_weight,100,AUGMENT,104,1.0,1.0
TCGA-HNSC,43,clean,full_equal_weight,100,FALLBACK,0,0.0,1.0
TCGA-HNSC,43,clean,full_equal_weight,100,ABSTAIN,0,0.0,1.0
TCGA-HNSC,43,clean,full_equal_weight,90,AUGMENT,85,0.8173076923076923,0.9038461538461539
TCGA-HNSC,43,clean,full_equal_weight,90,FALLBACK,9,0.08653846153846154,0.9038461538461539
TCGA-HNSC,43,clean,full_equal_weight,90,ABSTAIN,10,0.09615384615384616,0.9038461538461539
TCGA-HNSC,43,clean,full_equal_weight,80,AUGMENT,67,0.6442307692307693,0.8076923076923077
TCGA-HNSC,43,clean,full_equal_weight,80,FALLBACK,17,0.16346153846153846,0.8076923076923077
TCGA-HNSC,43,clean,full_equal_weight,80,ABSTAIN,20,0.19230769230769232,0.8076923076923077
TCGA-HNSC,43,clean,full_learned_nonnegative,100,AUGMENT,104,1.0,1.0
TCGA-HNSC,43,clean,full_learned_nonnegative,100,FALLBACK,0,0.0,1.0
TCGA-HNSC,43,clean,full_learned_nonnegative,100,ABSTAIN,0,0.0,1.0
TCGA-HNSC,43,clean,full_learned_nonnegative,90,AUGMENT,86,0.8269230769230769,0.9038461538461539
TCGA-HNSC,43,clean,full_learned_nonnegative,90,FALLBACK,8,0.07692307692307693,0.9038461538461539
TCGA-HNSC,43,clean,full_learned_nonnegative,90,ABSTAIN,10,0.09615384615384616,0.9038461538461539
TCGA-HNSC,43,clean,full_learned_nonnegative,80,AUGMENT,68,0.6538461538461539,0.8076923076923077
TCGA-HNSC,43,clean,full_learned_nonnegative,80,FALLBACK,16,0.15384615384615385,0.8076923076923077
TCGA-HNSC,43,clean,full_learned_nonnegative,80,ABSTAIN,20,0.19230769230769232,0.8076923076923077
TCGA-HNSC,43,random_cell_dropout_10pct,ood_only,100,AUGMENT,104,1.0,1.0
TCGA-HNSC,43,random_cell_dropout_10pct,ood_only,100,FALLBACK,0,0.0,1.0
TCGA-HNSC,43,random_cell_dropout_10pct,ood_only,100,ABSTAIN,0,0.0,1.0
TCGA-HNSC,43,random_cell_dropout_10pct,ood_only,90,AUGMENT,88,0.8461538461538461,0.9038461538461539
TCGA-HNSC,43,random_cell_dropout_10pct,ood_only,90,FALLBACK,6,0.057692307692307696,0.9038461538461539
TCGA-HNSC,43,random_cell_dropout_10pct,ood_only,90,ABSTAIN,10,0.09615384615384616,0.9038461538461539
TCGA-HNSC,43,random_cell_dropout_10pct,ood_only,80,AUGMENT,77,0.7403846153846154,0.8076923076923077
TCGA-HNSC,43,random_cell_dropout_10pct,ood_only,80,FALLBACK,7,0.0673076923076923,0.8076923076923077
TCGA-HNSC,43,random_cell_dropout_10pct,ood_only,80,ABSTAIN,20,0.19230769230769232,0.8076923076923077
TCGA-HNSC,43,random_cell_dropout_10pct,uncertainty_only,100,AUGMENT,104,1.0,1.0
TCGA-HNSC,43,random_cell_dropout_10pct,uncertainty_only,100,FALLBACK,0,0.0,1.0
TCGA-HNSC,43,random_cell_dropout_10pct,uncertainty_only,100,ABSTAIN,0,0.0,1.0
TCGA-HNSC,43,random_cell_dropout_10pct,uncertainty_only,90,AUGMENT,88,0.8461538461538461,0.9038461538461539
TCGA-HNSC,43,random_cell_dropout_10pct,uncertainty_only,90,FALLBACK,6,0.057692307692307696,0.9038461538461539
TCGA-HNSC,43,random_cell_dropout_10pct,uncertainty_only,90,ABSTAIN,10,0.09615384615384616,0.9038461538461539
TCGA-HNSC,43,random_cell_dropout_10pct,uncertainty_only,80,AUGMENT,72,0.6923076923076923,0.8076923076923077
TCGA-HNSC,43,random_cell_dropout_10pct,uncertainty_only,80,FALLBACK,12,0.11538461538461539,0.8076923076923077
TCGA-HNSC,43,random_cell_dropout_10pct,uncertainty_only,80,ABSTAIN,20,0.19230769230769232,0.8076923076923077
TCGA-HNSC,43,random_cell_dropout_10pct,full_equal_weight,100,AUGMENT,92,0.8846153846153846,1.0
TCGA-HNSC,43,random_cell_dropout_10pct,full_equal_weight,100,FALLBACK,12,0.11538461538461539,1.0
TCGA-HNSC,43,random_cell_dropout_10pct,full_equal_weight,100,ABSTAIN,0,0.0,1.0
TCGA-HNSC,43,random_cell_dropout_10pct,full_equal_weight,90,AUGMENT,60,0.5769230769230769,0.9038461538461539
TCGA-HNSC,43,random_cell_dropout_10pct,full_equal_weight,90,FALLBACK,34,0.3269230769230769,0.9038461538461539
TCGA-HNSC,43,random_cell_dropout_10pct,full_equal_weight,90,ABSTAIN,10,0.09615384615384616,0.9038461538461539
TCGA-HNSC,43,random_cell_dropout_10pct,full_equal_weight,80,AUGMENT,31,0.2980769230769231,0.8076923076923077
TCGA-HNSC,43,random_cell_dropout_10pct,full_equal_weight,80,FALLBACK,53,0.5096153846153846,0.8076923076923077
TCGA-HNSC,43,random_cell_dropout_10pct,full_equal_weight,80,ABSTAIN,20,0.19230769230769232,0.8076923076923077
TCGA-HNSC,43,random_cell_dropout_10pct,full_learned_nonnegative,100,AUGMENT,104,1.0,1.0
TCGA-HNSC,43,random_cell_dropout_10pct,full_learned_nonnegative,100,FALLBACK,0,0.0,1.0
TCGA-HNSC,43,random_cell_dropout_10pct,full_learned_nonnegative,100,ABSTAIN,0,0.0,1.0
TCGA-HNSC,43,random_cell_dropout_10pct,full_learned_nonnegative,90,AUGMENT,89,0.8557692307692307,0.9038461538461539
TCGA-HNSC,43,random_cell_dropout_10pct,full_learned_nonnegative,90,FALLBACK,5,0.04807692307692308,0.9038461538461539
TCGA-HNSC,43,random_cell_dropout_10pct,full_learned_nonnegative,90,ABSTAIN,10,0.09615384615384616,0.9038461538461539
TCGA-HNSC,43,random_cell_dropout_10pct,full_learned_nonnegative,80,AUGMENT,71,0.6826923076923077,0.8076923076923077
TCGA-HNSC,43,random_cell_dropout_10pct,full_learned_nonnegative,80,FALLBACK,13,0.125,0.8076923076923077
TCGA-HNSC,43,random_cell_dropout_10pct,full_learned_nonnegative,80,ABSTAIN,20,0.19230769230769232,0.8076923076923077
TCGA-HNSC,43,random_cell_dropout_30pct,ood_only,100,AUGMENT,104,1.0,1.0
TCGA-HNSC,43,random_cell_dropout_30pct,ood_only,100,FALLBACK,0,0.0,1.0
TCGA-HNSC,43,random_cell_dropout_30pct,ood_only,100,ABSTAIN,0,0.0,1.0
TCGA-HNSC,43,random_cell_dropout_30pct,ood_only,90,AUGMENT,94,0.9038461538461539,0.9038461538461539
TCGA-HNSC,43,random_cell_dropout_30pct,ood_only,90,FALLBACK,0,0.0,0.9038461538461539
TCGA-HNSC,43,random_cell_dropout_30pct,ood_only,90,ABSTAIN,10,0.09615384615384616,0.9038461538461539
TCGA-HNSC,43,random_cell_dropout_30pct,ood_only,80,AUGMENT,83,0.7980769230769231,0.8076923076923077
TCGA-HNSC,43,random_cell_dropout_30pct,ood_only,80,FALLBACK,1,0.009615384615384616,0.8076923076923077
TCGA-HNSC,43,random_cell_dropout_30pct,ood_only,80,ABSTAIN,20,0.19230769230769232,0.8076923076923077
TCGA-HNSC,43,random_cell_dropout_30pct,uncertainty_only,100,AUGMENT,104,1.0,1.0
TCGA-HNSC,43,random_cell_dropout_30pct,uncertainty_only,100,FALLBACK,0,0.0,1.0
TCGA-HNSC,43,random_cell_dropout_30pct,uncertainty_only,100,ABSTAIN,0,0.0,1.0
TCGA-HNSC,43,random_cell_dropout_30pct,uncertainty_only,90,AUGMENT,87,0.8365384615384616,0.9038461538461539
TCGA-HNSC,43,random_cell_dropout_30pct,uncertainty_only,90,FALLBACK,7,0.0673076923076923,0.9038461538461539
TCGA-HNSC,43,random_cell_dropout_30pct,uncertainty_only,90,ABSTAIN,10,0.09615384615384616,0.9038461538461539
TCGA-HNSC,43,random_cell_dropout_30pct,uncertainty_only,80,AUGMENT,76,0.7307692307692307,0.8076923076923077
TCGA-HNSC,43,random_cell_dropout_30pct,uncertainty_only,80,FALLBACK,8,0.07692307692307693,0.8076923076923077
TCGA-HNSC,43,random_cell_dropout_30pct,uncertainty_only,80,ABSTAIN,20,0.19230769230769232,0.8076923076923077
TCGA-HNSC,43,random_cell_dropout_30pct,full_equal_weight,100,AUGMENT,97,0.9326923076923077,1.0
TCGA-HNSC,43,random_cell_dropout_30pct,full_equal_weight,100,FALLBACK,7,0.0673076923076923,1.0
TCGA-HNSC,43,random_cell_dropout_30pct,full_equal_weight,100,ABSTAIN,0,0.0,1.0
TCGA-HNSC,43,random_cell_dropout_30pct,full_equal_weight,90,AUGMENT,69,0.6634615384615384,0.9038461538461539
TCGA-HNSC,43,random_cell_dropout_30pct,full_equal_weight,90,FALLBACK,25,0.2403846153846154,0.9038461538461539
TCGA-HNSC,43,random_cell_dropout_30pct,full_equal_weight,90,ABSTAIN,10,0.09615384615384616,0.9038461538461539
TCGA-HNSC,43,random_cell_dropout_30pct,full_equal_weight,80,AUGMENT,45,0.4326923076923077,0.8076923076923077
TCGA-HNSC,43,random_cell_dropout_30pct,full_equal_weight,80,FALLBACK,39,0.375,0.8076923076923077
TCGA-HNSC,43,random_cell_dropout_30pct,full_equal_weight,80,ABSTAIN,20,0.19230769230769232,0.8076923076923077
TCGA-HNSC,43,random_cell_dropout_30pct,full_learned_nonnegative,100,AUGMENT,104,1.0,1.0
TCGA-HNSC,43,random_cell_dropout_30pct,full_learned_nonnegative,100,FALLBACK,0,0.0,1.0
TCGA-HNSC,43,random_cell_dropout_30pct,full_learned_nonnegative,100,ABSTAIN,0,0.0,1.0
TCGA-HNSC,43,random_cell_dropout_30pct,full_learned_nonnegative,90,AUGMENT,93,0.8942307692307693,0.9038461538461539
TCGA-HNSC,43,random_cell_dropout_30pct,full_learned_nonnegative,90,FALLBACK,1,0.009615384615384616,0.9038461538461539
TCGA-HNSC,43,random_cell_dropout_30pct,full_learned_nonnegative,90,ABSTAIN,10,0.09615384615384616,0.9038461538461539
TCGA-HNSC,43,random_cell_dropout_30pct,full_learned_nonnegative,80,AUGMENT,80,0.7692307692307693,0.8076923076923077
TCGA-HNSC,43,random_cell_dropout_30pct,full_learned_nonnegative,80,FALLBACK,4,0.038461538461538464,0.8076923076923077
TCGA-HNSC,43,random_cell_dropout_30pct,full_learned_nonnegative,80,ABSTAIN,20,0.19230769230769232,0.8076923076923077
TCGA-HNSC,43,measurement_noise_0.5sd,ood_only,100,AUGMENT,104,1.0,1.0
TCGA-HNSC,43,measurement_noise_0.5sd,ood_only,100,FALLBACK,0,0.0,1.0
TCGA-HNSC,43,measurement_noise_0.5sd,ood_only,100,ABSTAIN,0,0.0,1.0
TCGA-HNSC,43,measurement_noise_0.5sd,ood_only,90,AUGMENT,78,0.75,0.9038461538461539
TCGA-HNSC,43,measurement_noise_0.5sd,ood_only,90,FALLBACK,16,0.15384615384615385,0.9038461538461539
TCGA-HNSC,43,measurement_noise_0.5sd,ood_only,90,ABSTAIN,10,0.09615384615384616,0.9038461538461539
TCGA-HNSC,43,measurement_noise_0.5sd,ood_only,80,AUGMENT,60,0.5769230769230769,0.8076923076923077
TCGA-HNSC,43,measurement_noise_0.5sd,ood_only,80,FALLBACK,24,0.23076923076923078,0.8076923076923077
TCGA-HNSC,43,measurement_noise_0.5sd,ood_only,80,ABSTAIN,20,0.19230769230769232,0.8076923076923077
TCGA-HNSC,43,measurement_noise_0.5sd,uncertainty_only,100,AUGMENT,104,1.0,1.0
TCGA-HNSC,43,measurement_noise_0.5sd,uncertainty_only,100,FALLBACK,0,0.0,1.0
TCGA-HNSC,43,measurement_noise_0.5sd,uncertainty_only,100,ABSTAIN,0,0.0,1.0
TCGA-HNSC,43,measurement_noise_0.5sd,uncertainty_only,90,AUGMENT,74,0.7115384615384616,0.9038461538461539
TCGA-HNSC,43,measurement_noise_0.5sd,uncertainty_only,90,FALLBACK,20,0.19230769230769232,0.9038461538461539
TCGA-HNSC,43,measurement_noise_0.5sd,uncertainty_only,90,ABSTAIN,10,0.09615384615384616,0.9038461538461539
TCGA-HNSC,43,measurement_noise_0.5sd,uncertainty_only,80,AUGMENT,53,0.5096153846153846,0.8076923076923077
TCGA-HNSC,43,measurement_noise_0.5sd,uncertainty_only,80,FALLBACK,31,0.2980769230769231,0.8076923076923077
TCGA-HNSC,43,measurement_noise_0.5sd,uncertainty_only,80,ABSTAIN,20,0.19230769230769232,0.8076923076923077
TCGA-HNSC,43,measurement_noise_0.5sd,full_equal_weight,100,AUGMENT,103,0.9903846153846154,1.0
TCGA-HNSC,43,measurement_noise_0.5sd,full_equal_weight,100,FALLBACK,1,0.009615384615384616,1.0
TCGA-HNSC,43,measurement_noise_0.5sd,full_equal_weight,100,ABSTAIN,0,0.0,1.0
TCGA-HNSC,43,measurement_noise_0.5sd,full_equal_weight,90,AUGMENT,71,0.6826923076923077,0.9038461538461539
TCGA-HNSC,43,measurement_noise_0.5sd,full_equal_weight,90,FALLBACK,23,0.22115384615384615,0.9038461538461539
TCGA-HNSC,43,measurement_noise_0.5sd,full_equal_weight,90,ABSTAIN,10,0.09615384615384616,0.9038461538461539
TCGA-HNSC,43,measurement_noise_0.5sd,full_equal_weight,80,AUGMENT,58,0.5576923076923077,0.8076923076923077
TCGA-HNSC,43,measurement_noise_0.5sd,full_equal_weight,80,FALLBACK,26,0.25,0.8076923076923077
TCGA-HNSC,43,measurement_noise_0.5sd,full_equal_weight,80,ABSTAIN,20,0.19230769230769232,0.8076923076923077
TCGA-HNSC,43,measurement_noise_0.5sd,full_learned_nonnegative,100,AUGMENT,104,1.0,1.0
TCGA-HNSC,43,measurement_noise_0.5sd,full_learned_nonnegative,100,FALLBACK,0,0.0,1.0
TCGA-HNSC,43,measurement_noise_0.5sd,full_learned_nonnegative,100,ABSTAIN,0,0.0,1.0
TCGA-HNSC,43,measurement_noise_0.5sd,full_learned_nonnegative,90,AUGMENT,80,0.7692307692307693,0.9038461538461539
TCGA-HNSC,43,measurement_noise_0.5sd,full_learned_nonnegative,90,FALLBACK,14,0.1346153846153846,0.9038461538461539
TCGA-HNSC,43,measurement_noise_0.5sd,full_learned_nonnegative,90,ABSTAIN,10,0.09615384615384616,0.9038461538461539
TCGA-HNSC,43,measurement_noise_0.5sd,full_learned_nonnegative,80,AUGMENT,58,0.5576923076923077,0.8076923076923077
TCGA-HNSC,43,measurement_noise_0.5sd,full_learned_nonnegative,80,FALLBACK,26,0.25,0.8076923076923077
TCGA-HNSC,43,measurement_noise_0.5sd,full_learned_nonnegative,80,ABSTAIN,20,0.19230769230769232,0.8076923076923077
TCGA-HNSC,43,location_shift_1sd,ood_only,100,AUGMENT,104,1.0,1.0
TCGA-HNSC,43,location_shift_1sd,ood_only,100,FALLBACK,0,0.0,1.0
TCGA-HNSC,43,location_shift_1sd,ood_only,100,ABSTAIN,0,0.0,1.0
TCGA-HNSC,43,location_shift_1sd,ood_only,90,AUGMENT,68,0.6538461538461539,0.9038461538461539
TCGA-HNSC,43,location_shift_1sd,ood_only,90,FALLBACK,26,0.25,0.9038461538461539
TCGA-HNSC,43,location_shift_1sd,ood_only,90,ABSTAIN,10,0.09615384615384616,0.9038461538461539
TCGA-HNSC,43,location_shift_1sd,ood_only,80,AUGMENT,48,0.46153846153846156,0.8076923076923077
TCGA-HNSC,43,location_shift_1sd,ood_only,80,FALLBACK,36,0.34615384615384615,0.8076923076923077
TCGA-HNSC,43,location_shift_1sd,ood_only,80,ABSTAIN,20,0.19230769230769232,0.8076923076923077
TCGA-HNSC,43,location_shift_1sd,uncertainty_only,100,AUGMENT,104,1.0,1.0
TCGA-HNSC,43,location_shift_1sd,uncertainty_only,100,FALLBACK,0,0.0,1.0
TCGA-HNSC,43,location_shift_1sd,uncertainty_only,100,ABSTAIN,0,0.0,1.0
TCGA-HNSC,43,location_shift_1sd,uncertainty_only,90,AUGMENT,63,0.6057692307692307,0.9038461538461539
TCGA-HNSC,43,location_shift_1sd,uncertainty_only,90,FALLBACK,31,0.2980769230769231,0.9038461538461539
TCGA-HNSC,43,location_shift_1sd,uncertainty_only,90,ABSTAIN,10,0.09615384615384616,0.9038461538461539
TCGA-HNSC,43,location_shift_1sd,uncertainty_only,80,AUGMENT,36,0.34615384615384615,0.8076923076923077
TCGA-HNSC,43,location_shift_1sd,uncertainty_only,80,FALLBACK,48,0.46153846153846156,0.8076923076923077
TCGA-HNSC,43,location_shift_1sd,uncertainty_only,80,ABSTAIN,20,0.19230769230769232,0.8076923076923077
TCGA-HNSC,43,location_shift_1sd,full_equal_weight,100,AUGMENT,104,1.0,1.0
TCGA-HNSC,43,location_shift_1sd,full_equal_weight,100,FALLBACK,0,0.0,1.0
TCGA-HNSC,43,location_shift_1sd,full_equal_weight,100,ABSTAIN,0,0.0,1.0
TCGA-HNSC,43,location_shift_1sd,full_equal_weight,90,AUGMENT,68,0.6538461538461539,0.9038461538461539
TCGA-HNSC,43,location_shift_1sd,full_equal_weight,90,FALLBACK,26,0.25,0.9038461538461539
TCGA-HNSC,43,location_shift_1sd,full_equal_weight,90,ABSTAIN,10,0.09615384615384616,0.9038461538461539
TCGA-HNSC,43,location_shift_1sd,full_equal_weight,80,AUGMENT,39,0.375,0.8076923076923077
TCGA-HNSC,43,location_shift_1sd,full_equal_weight,80,FALLBACK,45,0.4326923076923077,0.8076923076923077
TCGA-HNSC,43,location_shift_1sd,full_equal_weight,80,ABSTAIN,20,0.19230769230769232,0.8076923076923077
TCGA-HNSC,43,location_shift_1sd,full_learned_nonnegative,100,AUGMENT,104,1.0,1.0
TCGA-HNSC,43,location_shift_1sd,full_learned_nonnegative,100,FALLBACK,0,0.0,1.0
TCGA-HNSC,43,location_shift_1sd,full_learned_nonnegative,100,ABSTAIN,0,0.0,1.0
TCGA-HNSC,43,location_shift_1sd,full_learned_nonnegative,90,AUGMENT,75,0.7211538461538461,0.9038461538461539
TCGA-HNSC,43,location_shift_1sd,full_learned_nonnegative,90,FALLBACK,19,0.18269230769230768,0.9038461538461539
TCGA-HNSC,43,location_shift_1sd,full_learned_nonnegative,90,ABSTAIN,10,0.09615384615384616,0.9038461538461539
TCGA-HNSC,43,location_shift_1sd,full_learned_nonnegative,80,AUGMENT,56,0.5384615384615384,0.8076923076923077
TCGA-HNSC,43,location_shift_1sd,full_learned_nonnegative,80,FALLBACK,28,0.2692307692307692,0.8076923076923077
TCGA-HNSC,43,location_shift_1sd,full_learned_nonnegative,80,ABSTAIN,20,0.19230769230769232,0.8076923076923077
TCGA-HNSC,43,row_permutation_negative_control,ood_only,100,AUGMENT,104,1.0,1.0
TCGA-HNSC,43,row_permutation_negative_control,ood_only,100,FALLBACK,0,0.0,1.0
TCGA-HNSC,43,row_permutation_negative_control,ood_only,100,ABSTAIN,0,0.0,1.0
TCGA-HNSC,43,row_permutation_negative_control,ood_only,90,AUGMENT,84,0.8076923076923077,0.9038461538461539
TCGA-HNSC,43,row_permutation_negative_control,ood_only,90,FALLBACK,10,0.09615384615384616,0.9038461538461539
TCGA-HNSC,43,row_permutation_negative_control,ood_only,90,ABSTAIN,10,0.09615384615384616,0.9038461538461539
TCGA-HNSC,43,row_permutation_negative_control,ood_only,80,AUGMENT,66,0.6346153846153846,0.8076923076923077
TCGA-HNSC,43,row_permutation_negative_control,ood_only,80,FALLBACK,18,0.17307692307692307,0.8076923076923077
TCGA-HNSC,43,row_permutation_negative_control,ood_only,80,ABSTAIN,20,0.19230769230769232,0.8076923076923077
TCGA-HNSC,43,row_permutation_negative_control,uncertainty_only,100,AUGMENT,104,1.0,1.0
TCGA-HNSC,43,row_permutation_negative_control,uncertainty_only,100,FALLBACK,0,0.0,1.0
TCGA-HNSC,43,row_permutation_negative_control,uncertainty_only,100,ABSTAIN,0,0.0,1.0
TCGA-HNSC,43,row_permutation_negative_control,uncertainty_only,90,AUGMENT,81,0.7788461538461539,0.9038461538461539
TCGA-HNSC,43,row_permutation_negative_control,uncertainty_only,90,FALLBACK,13,0.125,0.9038461538461539
TCGA-HNSC,43,row_permutation_negative_control,uncertainty_only,90,ABSTAIN,10,0.09615384615384616,0.9038461538461539
TCGA-HNSC,43,row_permutation_negative_control,uncertainty_only,80,AUGMENT,69,0.6634615384615384,0.8076923076923077
TCGA-HNSC,43,row_permutation_negative_control,uncertainty_only,80,FALLBACK,15,0.14423076923076922,0.8076923076923077
TCGA-HNSC,43,row_permutation_negative_control,uncertainty_only,80,ABSTAIN,20,0.19230769230769232,0.8076923076923077
TCGA-HNSC,43,row_permutation_negative_control,full_equal_weight,100,AUGMENT,104,1.0,1.0
TCGA-HNSC,43,row_permutation_negative_control,full_equal_weight,100,FALLBACK,0,0.0,1.0
TCGA-HNSC,43,row_permutation_negative_control,full_equal_weight,100,ABSTAIN,0,0.0,1.0
TCGA-HNSC,43,row_permutation_negative_control,full_equal_weight,90,AUGMENT,83,0.7980769230769231,0.9038461538461539
TCGA-HNSC,43,row_permutation_negative_control,full_equal_weight,90,FALLBACK,11,0.10576923076923077,0.9038461538461539
TCGA-HNSC,43,row_permutation_negative_control,full_equal_weight,90,ABSTAIN,10,0.09615384615384616,0.9038461538461539
TCGA-HNSC,43,row_permutation_negative_control,full_equal_weight,80,AUGMENT,65,0.625,0.8076923076923077
TCGA-HNSC,43,row_permutation_negative_control,full_equal_weight,80,FALLBACK,19,0.18269230769230768,0.8076923076923077
TCGA-HNSC,43,row_permutation_negative_control,full_equal_weight,80,ABSTAIN,20,0.19230769230769232,0.8076923076923077
TCGA-HNSC,43,row_permutation_negative_control,full_learned_nonnegative,100,AUGMENT,104,1.0,1.0
TCGA-HNSC,43,row_permutation_negative_control,full_learned_nonnegative,100,FALLBACK,0,0.0,1.0
TCGA-HNSC,43,row_permutation_negative_control,full_learned_nonnegative,100,ABSTAIN,0,0.0,1.0
TCGA-HNSC,43,row_permutation_negative_control,full_learned_nonnegative,90,AUGMENT,85,0.8173076923076923,0.9038461538461539
TCGA-HNSC,43,row_permutation_negative_control,full_learned_nonnegative,90,FALLBACK,9,0.08653846153846154,0.9038461538461539
TCGA-HNSC,43,row_permutation_negative_control,full_learned_nonnegative,90,ABSTAIN,10,0.09615384615384616,0.9038461538461539
TCGA-HNSC,43,row_permutation_negative_control,full_learned_nonnegative,80,AUGMENT,62,0.5961538461538461,0.8076923076923077
TCGA-HNSC,43,row_permutation_negative_control,full_learned_nonnegative,80,FALLBACK,22,0.21153846153846154,0.8076923076923077
TCGA-HNSC,43,row_permutation_negative_control,full_learned_nonnegative,80,ABSTAIN,20,0.19230769230769232,0.8076923076923077
TCGA-HNSC,43,complete_modality_dropout,ood_only,100,AUGMENT,0,0.0,1.0
TCGA-HNSC,43,complete_modality_dropout,ood_only,100,FALLBACK,104,1.0,1.0
TCGA-HNSC,43,complete_modality_dropout,ood_only,100,ABSTAIN,0,0.0,1.0
TCGA-HNSC,43,complete_modality_dropout,ood_only,90,AUGMENT,0,0.0,0.9038461538461539
TCGA-HNSC,43,complete_modality_dropout,ood_only,90,FALLBACK,94,0.9038461538461539,0.9038461538461539
TCGA-HNSC,43,complete_modality_dropout,ood_only,90,ABSTAIN,10,0.09615384615384616,0.9038461538461539
TCGA-HNSC,43,complete_modality_dropout,ood_only,80,AUGMENT,0,0.0,0.8076923076923077
TCGA-HNSC,43,complete_modality_dropout,ood_only,80,FALLBACK,84,0.8076923076923077,0.8076923076923077
TCGA-HNSC,43,complete_modality_dropout,ood_only,80,ABSTAIN,20,0.19230769230769232,0.8076923076923077
TCGA-HNSC,43,complete_modality_dropout,uncertainty_only,100,AUGMENT,0,0.0,1.0
TCGA-HNSC,43,complete_modality_dropout,uncertainty_only,100,FALLBACK,104,1.0,1.0
TCGA-HNSC,43,complete_modality_dropout,uncertainty_only,100,ABSTAIN,0,0.0,1.0
TCGA-HNSC,43,complete_modality_dropout,uncertainty_only,90,AUGMENT,0,0.0,0.9038461538461539
TCGA-HNSC,43,complete_modality_dropout,uncertainty_only,90,FALLBACK,94,0.9038461538461539,0.9038461538461539
TCGA-HNSC,43,complete_modality_dropout,uncertainty_only,90,ABSTAIN,10,0.09615384615384616,0.9038461538461539
TCGA-HNSC,43,complete_modality_dropout,uncertainty_only,80,AUGMENT,0,0.0,0.8076923076923077
TCGA-HNSC,43,complete_modality_dropout,uncertainty_only,80,FALLBACK,84,0.8076923076923077,0.8076923076923077
TCGA-HNSC,43,complete_modality_dropout,uncertainty_only,80,ABSTAIN,20,0.19230769230769232,0.8076923076923077
TCGA-HNSC,43,complete_modality_dropout,full_equal_weight,100,AUGMENT,0,0.0,1.0
TCGA-HNSC,43,complete_modality_dropout,full_equal_weight,100,FALLBACK,104,1.0,1.0
TCGA-HNSC,43,complete_modality_dropout,full_equal_weight,100,ABSTAIN,0,0.0,1.0
TCGA-HNSC,43,complete_modality_dropout,full_equal_weight,90,AUGMENT,0,0.0,0.9038461538461539
TCGA-HNSC,43,complete_modality_dropout,full_equal_weight,90,FALLBACK,94,0.9038461538461539,0.9038461538461539
TCGA-HNSC,43,complete_modality_dropout,full_equal_weight,90,ABSTAIN,10,0.09615384615384616,0.9038461538461539
TCGA-HNSC,43,complete_modality_dropout,full_equal_weight,80,AUGMENT,0,0.0,0.8076923076923077
TCGA-HNSC,43,complete_modality_dropout,full_equal_weight,80,FALLBACK,84,0.8076923076923077,0.8076923076923077
TCGA-HNSC,43,complete_modality_dropout,full_equal_weight,80,ABSTAIN,20,0.19230769230769232,0.8076923076923077
TCGA-HNSC,43,complete_modality_dropout,full_learned_nonnegative,100,AUGMENT,0,0.0,1.0
TCGA-HNSC,43,complete_modality_dropout,full_learned_nonnegative,100,FALLBACK,104,1.0,1.0
TCGA-HNSC,43,complete_modality_dropout,full_learned_nonnegative,100,ABSTAIN,0,0.0,1.0
TCGA-HNSC,43,complete_modality_dropout,full_learned_nonnegative,90,AUGMENT,0,0.0,0.9038461538461539
TCGA-HNSC,43,complete_modality_dropout,full_learned_nonnegative,90,FALLBACK,94,0.9038461538461539,0.9038461538461539
TCGA-HNSC,43,complete_modality_dropout,full_learned_nonnegative,90,ABSTAIN,10,0.09615384615384616,0.9038461538461539
TCGA-HNSC,43,complete_modality_dropout,full_learned_nonnegative,80,AUGMENT,0,0.0,0.8076923076923077
TCGA-HNSC,43,complete_modality_dropout,full_learned_nonnegative,80,FALLBACK,84,0.8076923076923077,0.8076923076923077
TCGA-HNSC,43,complete_modality_dropout,full_learned_nonnegative,80,ABSTAIN,20,0.19230769230769232,0.8076923076923077
TCGA-HNSC,71,clean,ood_only,100,AUGMENT,104,1.0,1.0
TCGA-HNSC,71,clean,ood_only,100,FALLBACK,0,0.0,1.0
TCGA-HNSC,71,clean,ood_only,100,ABSTAIN,0,0.0,1.0
TCGA-HNSC,71,clean,ood_only,90,AUGMENT,86,0.8269230769230769,0.9038461538461539
TCGA-HNSC,71,clean,ood_only,90,FALLBACK,8,0.07692307692307693,0.9038461538461539
TCGA-HNSC,71,clean,ood_only,90,ABSTAIN,10,0.09615384615384616,0.9038461538461539
TCGA-HNSC,71,clean,ood_only,80,AUGMENT,70,0.6730769230769231,0.8173076923076923
TCGA-HNSC,71,clean,ood_only,80,FALLBACK,15,0.14423076923076922,0.8173076923076923
TCGA-HNSC,71,clean,ood_only,80,ABSTAIN,19,0.18269230769230768,0.8173076923076923
TCGA-HNSC,71,clean,uncertainty_only,100,AUGMENT,104,1.0,1.0
TCGA-HNSC,71,clean,uncertainty_only,100,FALLBACK,0,0.0,1.0
TCGA-HNSC,71,clean,uncertainty_only,100,ABSTAIN,0,0.0,1.0
TCGA-HNSC,71,clean,uncertainty_only,90,AUGMENT,85,0.8173076923076923,0.9038461538461539
TCGA-HNSC,71,clean,uncertainty_only,90,FALLBACK,9,0.08653846153846154,0.9038461538461539
TCGA-HNSC,71,clean,uncertainty_only,90,ABSTAIN,10,0.09615384615384616,0.9038461538461539
TCGA-HNSC,71,clean,uncertainty_only,80,AUGMENT,70,0.6730769230769231,0.8076923076923077
TCGA-HNSC,71,clean,uncertainty_only,80,FALLBACK,14,0.1346153846153846,0.8076923076923077
TCGA-HNSC,71,clean,uncertainty_only,80,ABSTAIN,20,0.19230769230769232,0.8076923076923077
TCGA-HNSC,71,clean,full_equal_weight,100,AUGMENT,104,1.0,1.0
TCGA-HNSC,71,clean,full_equal_weight,100,FALLBACK,0,0.0,1.0
TCGA-HNSC,71,clean,full_equal_weight,100,ABSTAIN,0,0.0,1.0
TCGA-HNSC,71,clean,full_equal_weight,90,AUGMENT,85,0.8173076923076923,0.9038461538461539
TCGA-HNSC,71,clean,full_equal_weight,90,FALLBACK,9,0.08653846153846154,0.9038461538461539
TCGA-HNSC,71,clean,full_equal_weight,90,ABSTAIN,10,0.09615384615384616,0.9038461538461539
TCGA-HNSC,71,clean,full_equal_weight,80,AUGMENT,71,0.6826923076923077,0.8076923076923077
TCGA-HNSC,71,clean,full_equal_weight,80,FALLBACK,13,0.125,0.8076923076923077
TCGA-HNSC,71,clean,full_equal_weight,80,ABSTAIN,20,0.19230769230769232,0.8076923076923077
TCGA-HNSC,71,clean,full_learned_nonnegative,100,AUGMENT,104,1.0,1.0
TCGA-HNSC,71,clean,full_learned_nonnegative,100,FALLBACK,0,0.0,1.0
TCGA-HNSC,71,clean,full_learned_nonnegative,100,ABSTAIN,0,0.0,1.0
TCGA-HNSC,71,clean,full_learned_nonnegative,90,AUGMENT,86,0.8269230769230769,0.9038461538461539
TCGA-HNSC,71,clean,full_learned_nonnegative,90,FALLBACK,8,0.07692307692307693,0.9038461538461539
TCGA-HNSC,71,clean,full_learned_nonnegative,90,ABSTAIN,10,0.09615384615384616,0.9038461538461539
TCGA-HNSC,71,clean,full_learned_nonnegative,80,AUGMENT,68,0.6538461538461539,0.8076923076923077
TCGA-HNSC,71,clean,full_learned_nonnegative,80,FALLBACK,16,0.15384615384615385,0.8076923076923077
TCGA-HNSC,71,clean,full_learned_nonnegative,80,ABSTAIN,20,0.19230769230769232,0.8076923076923077
TCGA-HNSC,71,random_cell_dropout_10pct,ood_only,100,AUGMENT,104,1.0,1.0
TCGA-HNSC,71,random_cell_dropout_10pct,ood_only,100,FALLBACK,0,0.0,1.0
TCGA-HNSC,71,random_cell_dropout_10pct,ood_only,100,ABSTAIN,0,0.0,1.0
TCGA-HNSC,71,random_cell_dropout_10pct,ood_only,90,AUGMENT,89,0.8557692307692307,0.9038461538461539
TCGA-HNSC,71,random_cell_dropout_10pct,ood_only,90,FALLBACK,5,0.04807692307692308,0.9038461538461539
TCGA-HNSC,71,random_cell_dropout_10pct,ood_only,90,ABSTAIN,10,0.09615384615384616,0.9038461538461539
TCGA-HNSC,71,random_cell_dropout_10pct,ood_only,80,AUGMENT,81,0.7788461538461539,0.8173076923076923
TCGA-HNSC,71,random_cell_dropout_10pct,ood_only,80,FALLBACK,4,0.038461538461538464,0.8173076923076923
TCGA-HNSC,71,random_cell_dropout_10pct,ood_only,80,ABSTAIN,19,0.18269230769230768,0.8173076923076923
TCGA-HNSC,71,random_cell_dropout_10pct,uncertainty_only,100,AUGMENT,104,1.0,1.0
TCGA-HNSC,71,random_cell_dropout_10pct,uncertainty_only,100,FALLBACK,0,0.0,1.0
TCGA-HNSC,71,random_cell_dropout_10pct,uncertainty_only,100,ABSTAIN,0,0.0,1.0
TCGA-HNSC,71,random_cell_dropout_10pct,uncertainty_only,90,AUGMENT,86,0.8269230769230769,0.9038461538461539
TCGA-HNSC,71,random_cell_dropout_10pct,uncertainty_only,90,FALLBACK,8,0.07692307692307693,0.9038461538461539
TCGA-HNSC,71,random_cell_dropout_10pct,uncertainty_only,90,ABSTAIN,10,0.09615384615384616,0.9038461538461539
TCGA-HNSC,71,random_cell_dropout_10pct,uncertainty_only,80,AUGMENT,72,0.6923076923076923,0.8076923076923077
TCGA-HNSC,71,random_cell_dropout_10pct,uncertainty_only,80,FALLBACK,12,0.11538461538461539,0.8076923076923077
TCGA-HNSC,71,random_cell_dropout_10pct,uncertainty_only,80,ABSTAIN,20,0.19230769230769232,0.8076923076923077
TCGA-HNSC,71,random_cell_dropout_10pct,full_equal_weight,100,AUGMENT,85,0.8173076923076923,1.0
TCGA-HNSC,71,random_cell_dropout_10pct,full_equal_weight,100,FALLBACK,19,0.18269230769230768,1.0
TCGA-HNSC,71,random_cell_dropout_10pct,full_equal_weight,100,ABSTAIN,0,0.0,1.0
TCGA-HNSC,71,random_cell_dropout_10pct,full_equal_weight,90,AUGMENT,53,0.5096153846153846,0.9038461538461539
TCGA-HNSC,71,random_cell_dropout_10pct,full_equal_weight,90,FALLBACK,41,0.3942307692307692,0.9038461538461539
TCGA-HNSC,71,random_cell_dropout_10pct,full_equal_weight,90,ABSTAIN,10,0.09615384615384616,0.9038461538461539
TCGA-HNSC,71,random_cell_dropout_10pct,full_equal_weight,80,AUGMENT,28,0.2692307692307692,0.8076923076923077
TCGA-HNSC,71,random_cell_dropout_10pct,full_equal_weight,80,FALLBACK,56,0.5384615384615384,0.8076923076923077
TCGA-HNSC,71,random_cell_dropout_10pct,full_equal_weight,80,ABSTAIN,20,0.19230769230769232,0.8076923076923077
TCGA-HNSC,71,random_cell_dropout_10pct,full_learned_nonnegative,100,AUGMENT,103,0.9903846153846154,1.0
TCGA-HNSC,71,random_cell_dropout_10pct,full_learned_nonnegative,100,FALLBACK,1,0.009615384615384616,1.0
TCGA-HNSC,71,random_cell_dropout_10pct,full_learned_nonnegative,100,ABSTAIN,0,0.0,1.0
TCGA-HNSC,71,random_cell_dropout_10pct,full_learned_nonnegative,90,AUGMENT,87,0.8365384615384616,0.9038461538461539
TCGA-HNSC,71,random_cell_dropout_10pct,full_learned_nonnegative,90,FALLBACK,7,0.0673076923076923,0.9038461538461539
TCGA-HNSC,71,random_cell_dropout_10pct,full_learned_nonnegative,90,ABSTAIN,10,0.09615384615384616,0.9038461538461539
TCGA-HNSC,71,random_cell_dropout_10pct,full_learned_nonnegative,80,AUGMENT,69,0.6634615384615384,0.8076923076923077
TCGA-HNSC,71,random_cell_dropout_10pct,full_learned_nonnegative,80,FALLBACK,15,0.14423076923076922,0.8076923076923077
TCGA-HNSC,71,random_cell_dropout_10pct,full_learned_nonnegative,80,ABSTAIN,20,0.19230769230769232,0.8076923076923077
TCGA-HNSC,71,random_cell_dropout_30pct,ood_only,100,AUGMENT,104,1.0,1.0
TCGA-HNSC,71,random_cell_dropout_30pct,ood_only,100,FALLBACK,0,0.0,1.0
TCGA-HNSC,71,random_cell_dropout_30pct,ood_only,100,ABSTAIN,0,0.0,1.0
TCGA-HNSC,71,random_cell_dropout_30pct,ood_only,90,AUGMENT,94,0.9038461538461539,0.9038461538461539
TCGA-HNSC,71,random_cell_dropout_30pct,ood_only,90,FALLBACK,0,0.0,0.9038461538461539
TCGA-HNSC,71,random_cell_dropout_30pct,ood_only,90,ABSTAIN,10,0.09615384615384616,0.9038461538461539
TCGA-HNSC,71,random_cell_dropout_30pct,ood_only,80,AUGMENT,84,0.8076923076923077,0.8173076923076923
TCGA-HNSC,71,random_cell_dropout_30pct,ood_only,80,FALLBACK,1,0.009615384615384616,0.8173076923076923
TCGA-HNSC,71,random_cell_dropout_30pct,ood_only,80,ABSTAIN,19,0.18269230769230768,0.8173076923076923
TCGA-HNSC,71,random_cell_dropout_30pct,uncertainty_only,100,AUGMENT,104,1.0,1.0
TCGA-HNSC,71,random_cell_dropout_30pct,uncertainty_only,100,FALLBACK,0,0.0,1.0
TCGA-HNSC,71,random_cell_dropout_30pct,uncertainty_only,100,ABSTAIN,0,0.0,1.0
TCGA-HNSC,71,random_cell_dropout_30pct,uncertainty_only,90,AUGMENT,90,0.8653846153846154,0.9038461538461539
TCGA-HNSC,71,random_cell_dropout_30pct,uncertainty_only,90,FALLBACK,4,0.038461538461538464,0.9038461538461539
TCGA-HNSC,71,random_cell_dropout_30pct,uncertainty_only,90,ABSTAIN,10,0.09615384615384616,0.9038461538461539
TCGA-HNSC,71,random_cell_dropout_30pct,uncertainty_only,80,AUGMENT,79,0.7596153846153846,0.8076923076923077
TCGA-HNSC,71,random_cell_dropout_30pct,uncertainty_only,80,FALLBACK,5,0.04807692307692308,0.8076923076923077
TCGA-HNSC,71,random_cell_dropout_30pct,uncertainty_only,80,ABSTAIN,20,0.19230769230769232,0.8076923076923077
TCGA-HNSC,71,random_cell_dropout_30pct,full_equal_weight,100,AUGMENT,98,0.9423076923076923,1.0
TCGA-HNSC,71,random_cell_dropout_30pct,full_equal_weight,100,FALLBACK,6,0.057692307692307696,1.0
TCGA-HNSC,71,random_cell_dropout_30pct,full_equal_weight,100,ABSTAIN,0,0.0,1.0
TCGA-HNSC,71,random_cell_dropout_30pct,full_equal_weight,90,AUGMENT,67,0.6442307692307693,0.9038461538461539
TCGA-HNSC,71,random_cell_dropout_30pct,full_equal_weight,90,FALLBACK,27,0.25961538461538464,0.9038461538461539
TCGA-HNSC,71,random_cell_dropout_30pct,full_equal_weight,90,ABSTAIN,10,0.09615384615384616,0.9038461538461539
TCGA-HNSC,71,random_cell_dropout_30pct,full_equal_weight,80,AUGMENT,46,0.4423076923076923,0.8076923076923077
TCGA-HNSC,71,random_cell_dropout_30pct,full_equal_weight,80,FALLBACK,38,0.36538461538461536,0.8076923076923077
TCGA-HNSC,71,random_cell_dropout_30pct,full_equal_weight,80,ABSTAIN,20,0.19230769230769232,0.8076923076923077
TCGA-HNSC,71,random_cell_dropout_30pct,full_learned_nonnegative,100,AUGMENT,104,1.0,1.0
TCGA-HNSC,71,random_cell_dropout_30pct,full_learned_nonnegative,100,FALLBACK,0,0.0,1.0
TCGA-HNSC,71,random_cell_dropout_30pct,full_learned_nonnegative,100,ABSTAIN,0,0.0,1.0
TCGA-HNSC,71,random_cell_dropout_30pct,full_learned_nonnegative,90,AUGMENT,94,0.9038461538461539,0.9038461538461539
TCGA-HNSC,71,random_cell_dropout_30pct,full_learned_nonnegative,90,FALLBACK,0,0.0,0.9038461538461539
TCGA-HNSC,71,random_cell_dropout_30pct,full_learned_nonnegative,90,ABSTAIN,10,0.09615384615384616,0.9038461538461539
TCGA-HNSC,71,random_cell_dropout_30pct,full_learned_nonnegative,80,AUGMENT,80,0.7692307692307693,0.8076923076923077
TCGA-HNSC,71,random_cell_dropout_30pct,full_learned_nonnegative,80,FALLBACK,4,0.038461538461538464,0.8076923076923077
TCGA-HNSC,71,random_cell_dropout_30pct,full_learned_nonnegative,80,ABSTAIN,20,0.19230769230769232,0.8076923076923077
TCGA-HNSC,71,measurement_noise_0.5sd,ood_only,100,AUGMENT,104,1.0,1.0
TCGA-HNSC,71,measurement_noise_0.5sd,ood_only,100,FALLBACK,0,0.0,1.0
TCGA-HNSC,71,measurement_noise_0.5sd,ood_only,100,ABSTAIN,0,0.0,1.0
TCGA-HNSC,71,measurement_noise_0.5sd,ood_only,90,AUGMENT,80,0.7692307692307693,0.9038461538461539
TCGA-HNSC,71,measurement_noise_0.5sd,ood_only,90,FALLBACK,14,0.1346153846153846,0.9038461538461539
TCGA-HNSC,71,measurement_noise_0.5sd,ood_only,90,ABSTAIN,10,0.09615384615384616,0.9038461538461539
TCGA-HNSC,71,measurement_noise_0.5sd,ood_only,80,AUGMENT,57,0.5480769230769231,0.8173076923076923
TCGA-HNSC,71,measurement_noise_0.5sd,ood_only,80,FALLBACK,28,0.2692307692307692,0.8173076923076923
TCGA-HNSC,71,measurement_noise_0.5sd,ood_only,80,ABSTAIN,19,0.18269230769230768,0.8173076923076923
TCGA-HNSC,71,measurement_noise_0.5sd,uncertainty_only,100,AUGMENT,104,1.0,1.0
TCGA-HNSC,71,measurement_noise_0.5sd,uncertainty_only,100,FALLBACK,0,0.0,1.0
TCGA-HNSC,71,measurement_noise_0.5sd,uncertainty_only,100,ABSTAIN,0,0.0,1.0
TCGA-HNSC,71,measurement_noise_0.5sd,uncertainty_only,90,AUGMENT,71,0.6826923076923077,0.9038461538461539
TCGA-HNSC,71,measurement_noise_0.5sd,uncertainty_only,90,FALLBACK,23,0.22115384615384615,0.9038461538461539
TCGA-HNSC,71,measurement_noise_0.5sd,uncertainty_only,90,ABSTAIN,10,0.09615384615384616,0.9038461538461539
TCGA-HNSC,71,measurement_noise_0.5sd,uncertainty_only,80,AUGMENT,53,0.5096153846153846,0.8076923076923077
TCGA-HNSC,71,measurement_noise_0.5sd,uncertainty_only,80,FALLBACK,31,0.2980769230769231,0.8076923076923077
TCGA-HNSC,71,measurement_noise_0.5sd,uncertainty_only,80,ABSTAIN,20,0.19230769230769232,0.8076923076923077
TCGA-HNSC,71,measurement_noise_0.5sd,full_equal_weight,100,AUGMENT,103,0.9903846153846154,1.0
TCGA-HNSC,71,measurement_noise_0.5sd,full_equal_weight,100,FALLBACK,1,0.009615384615384616,1.0
TCGA-HNSC,71,measurement_noise_0.5sd,full_equal_weight,100,ABSTAIN,0,0.0,1.0
TCGA-HNSC,71,measurement_noise_0.5sd,full_equal_weight,90,AUGMENT,77,0.7403846153846154,0.9038461538461539
TCGA-HNSC,71,measurement_noise_0.5sd,full_equal_weight,90,FALLBACK,17,0.16346153846153846,0.9038461538461539
TCGA-HNSC,71,measurement_noise_0.5sd,full_equal_weight,90,ABSTAIN,10,0.09615384615384616,0.9038461538461539
TCGA-HNSC,71,measurement_noise_0.5sd,full_equal_weight,80,AUGMENT,56,0.5384615384615384,0.8076923076923077
TCGA-HNSC,71,measurement_noise_0.5sd,full_equal_weight,80,FALLBACK,28,0.2692307692307692,0.8076923076923077
TCGA-HNSC,71,measurement_noise_0.5sd,full_equal_weight,80,ABSTAIN,20,0.19230769230769232,0.8076923076923077
TCGA-HNSC,71,measurement_noise_0.5sd,full_learned_nonnegative,100,AUGMENT,100,0.9615384615384616,1.0
TCGA-HNSC,71,measurement_noise_0.5sd,full_learned_nonnegative,100,FALLBACK,4,0.038461538461538464,1.0
TCGA-HNSC,71,measurement_noise_0.5sd,full_learned_nonnegative,100,ABSTAIN,0,0.0,1.0
TCGA-HNSC,71,measurement_noise_0.5sd,full_learned_nonnegative,90,AUGMENT,77,0.7403846153846154,0.9038461538461539
TCGA-HNSC,71,measurement_noise_0.5sd,full_learned_nonnegative,90,FALLBACK,17,0.16346153846153846,0.9038461538461539
TCGA-HNSC,71,measurement_noise_0.5sd,full_learned_nonnegative,90,ABSTAIN,10,0.09615384615384616,0.9038461538461539
TCGA-HNSC,71,measurement_noise_0.5sd,full_learned_nonnegative,80,AUGMENT,49,0.47115384615384615,0.8076923076923077
TCGA-HNSC,71,measurement_noise_0.5sd,full_learned_nonnegative,80,FALLBACK,35,0.33653846153846156,0.8076923076923077
TCGA-HNSC,71,measurement_noise_0.5sd,full_learned_nonnegative,80,ABSTAIN,20,0.19230769230769232,0.8076923076923077
TCGA-HNSC,71,location_shift_1sd,ood_only,100,AUGMENT,104,1.0,1.0
TCGA-HNSC,71,location_shift_1sd,ood_only,100,FALLBACK,0,0.0,1.0
TCGA-HNSC,71,location_shift_1sd,ood_only,100,ABSTAIN,0,0.0,1.0
TCGA-HNSC,71,location_shift_1sd,ood_only,90,AUGMENT,65,0.625,0.9038461538461539
TCGA-HNSC,71,location_shift_1sd,ood_only,90,FALLBACK,29,0.27884615384615385,0.9038461538461539
TCGA-HNSC,71,location_shift_1sd,ood_only,90,ABSTAIN,10,0.09615384615384616,0.9038461538461539
TCGA-HNSC,71,location_shift_1sd,ood_only,80,AUGMENT,44,0.4230769230769231,0.8173076923076923
TCGA-HNSC,71,location_shift_1sd,ood_only,80,FALLBACK,41,0.3942307692307692,0.8173076923076923
TCGA-HNSC,71,location_shift_1sd,ood_only,80,ABSTAIN,19,0.18269230769230768,0.8173076923076923
TCGA-HNSC,71,location_shift_1sd,uncertainty_only,100,AUGMENT,104,1.0,1.0
TCGA-HNSC,71,location_shift_1sd,uncertainty_only,100,FALLBACK,0,0.0,1.0
TCGA-HNSC,71,location_shift_1sd,uncertainty_only,100,ABSTAIN,0,0.0,1.0
TCGA-HNSC,71,location_shift_1sd,uncertainty_only,90,AUGMENT,67,0.6442307692307693,0.9038461538461539
TCGA-HNSC,71,location_shift_1sd,uncertainty_only,90,FALLBACK,27,0.25961538461538464,0.9038461538461539
TCGA-HNSC,71,location_shift_1sd,uncertainty_only,90,ABSTAIN,10,0.09615384615384616,0.9038461538461539
TCGA-HNSC,71,location_shift_1sd,uncertainty_only,80,AUGMENT,46,0.4423076923076923,0.8076923076923077
TCGA-HNSC,71,location_shift_1sd,uncertainty_only,80,FALLBACK,38,0.36538461538461536,0.8076923076923077
TCGA-HNSC,71,location_shift_1sd,uncertainty_only,80,ABSTAIN,20,0.19230769230769232,0.8076923076923077
TCGA-HNSC,71,location_shift_1sd,full_equal_weight,100,AUGMENT,103,0.9903846153846154,1.0
TCGA-HNSC,71,location_shift_1sd,full_equal_weight,100,FALLBACK,1,0.009615384615384616,1.0
TCGA-HNSC,71,location_shift_1sd,full_equal_weight,100,ABSTAIN,0,0.0,1.0
TCGA-HNSC,71,location_shift_1sd,full_equal_weight,90,AUGMENT,72,0.6923076923076923,0.9038461538461539
TCGA-HNSC,71,location_shift_1sd,full_equal_weight,90,FALLBACK,22,0.21153846153846154,0.9038461538461539
TCGA-HNSC,71,location_shift_1sd,full_equal_weight,90,ABSTAIN,10,0.09615384615384616,0.9038461538461539
TCGA-HNSC,71,location_shift_1sd,full_equal_weight,80,AUGMENT,43,0.41346153846153844,0.8076923076923077
TCGA-HNSC,71,location_shift_1sd,full_equal_weight,80,FALLBACK,41,0.3942307692307692,0.8076923076923077
TCGA-HNSC,71,location_shift_1sd,full_equal_weight,80,ABSTAIN,20,0.19230769230769232,0.8076923076923077
TCGA-HNSC,71,location_shift_1sd,full_learned_nonnegative,100,AUGMENT,101,0.9711538461538461,1.0
TCGA-HNSC,71,location_shift_1sd,full_learned_nonnegative,100,FALLBACK,3,0.028846153846153848,1.0
TCGA-HNSC,71,location_shift_1sd,full_learned_nonnegative,100,ABSTAIN,0,0.0,1.0
TCGA-HNSC,71,location_shift_1sd,full_learned_nonnegative,90,AUGMENT,59,0.5673076923076923,0.9038461538461539
TCGA-HNSC,71,location_shift_1sd,full_learned_nonnegative,90,FALLBACK,35,0.33653846153846156,0.9038461538461539
TCGA-HNSC,71,location_shift_1sd,full_learned_nonnegative,90,ABSTAIN,10,0.09615384615384616,0.9038461538461539
TCGA-HNSC,71,location_shift_1sd,full_learned_nonnegative,80,AUGMENT,39,0.375,0.8076923076923077
TCGA-HNSC,71,location_shift_1sd,full_learned_nonnegative,80,FALLBACK,45,0.4326923076923077,0.8076923076923077
TCGA-HNSC,71,location_shift_1sd,full_learned_nonnegative,80,ABSTAIN,20,0.19230769230769232,0.8076923076923077
TCGA-HNSC,71,row_permutation_negative_control,ood_only,100,AUGMENT,104,1.0,1.0
TCGA-HNSC,71,row_permutation_negative_control,ood_only,100,FALLBACK,0,0.0,1.0
TCGA-HNSC,71,row_permutation_negative_control,ood_only,100,ABSTAIN,0,0.0,1.0
TCGA-HNSC,71,row_permutation_negative_control,ood_only,90,AUGMENT,86,0.8269230769230769,0.9038461538461539
TCGA-HNSC,71,row_permutation_negative_control,ood_only,90,FALLBACK,8,0.07692307692307693,0.9038461538461539
TCGA-HNSC,71,row_permutation_negative_control,ood_only,90,ABSTAIN,10,0.09615384615384616,0.9038461538461539
TCGA-HNSC,71,row_permutation_negative_control,ood_only,80,AUGMENT,70,0.6730769230769231,0.8173076923076923
TCGA-HNSC,71,row_permutation_negative_control,ood_only,80,FALLBACK,15,0.14423076923076922,0.8173076923076923
TCGA-HNSC,71,row_permutation_negative_control,ood_only,80,ABSTAIN,19,0.18269230769230768,0.8173076923076923
TCGA-HNSC,71,row_permutation_negative_control,uncertainty_only,100,AUGMENT,104,1.0,1.0
TCGA-HNSC,71,row_permutation_negative_control,uncertainty_only,100,FALLBACK,0,0.0,1.0
TCGA-HNSC,71,row_permutation_negative_control,uncertainty_only,100,ABSTAIN,0,0.0,1.0
TCGA-HNSC,71,row_permutation_negative_control,uncertainty_only,90,AUGMENT,87,0.8365384615384616,0.9038461538461539
TCGA-HNSC,71,row_permutation_negative_control,uncertainty_only,90,FALLBACK,7,0.0673076923076923,0.9038461538461539
TCGA-HNSC,71,row_permutation_negative_control,uncertainty_only,90,ABSTAIN,10,0.09615384615384616,0.9038461538461539
TCGA-HNSC,71,row_permutation_negative_control,uncertainty_only,80,AUGMENT,72,0.6923076923076923,0.8076923076923077
TCGA-HNSC,71,row_permutation_negative_control,uncertainty_only,80,FALLBACK,12,0.11538461538461539,0.8076923076923077
TCGA-HNSC,71,row_permutation_negative_control,uncertainty_only,80,ABSTAIN,20,0.19230769230769232,0.8076923076923077
TCGA-HNSC,71,row_permutation_negative_control,full_equal_weight,100,AUGMENT,104,1.0,1.0
TCGA-HNSC,71,row_permutation_negative_control,full_equal_weight,100,FALLBACK,0,0.0,1.0
TCGA-HNSC,71,row_permutation_negative_control,full_equal_weight,100,ABSTAIN,0,0.0,1.0
TCGA-HNSC,71,row_permutation_negative_control,full_equal_weight,90,AUGMENT,80,0.7692307692307693,0.9038461538461539
TCGA-HNSC,71,row_permutation_negative_control,full_equal_weight,90,FALLBACK,14,0.1346153846153846,0.9038461538461539
TCGA-HNSC,71,row_permutation_negative_control,full_equal_weight,90,ABSTAIN,10,0.09615384615384616,0.9038461538461539
TCGA-HNSC,71,row_permutation_negative_control,full_equal_weight,80,AUGMENT,61,0.5865384615384616,0.8076923076923077
TCGA-HNSC,71,row_permutation_negative_control,full_equal_weight,80,FALLBACK,23,0.22115384615384615,0.8076923076923077
TCGA-HNSC,71,row_permutation_negative_control,full_equal_weight,80,ABSTAIN,20,0.19230769230769232,0.8076923076923077
TCGA-HNSC,71,row_permutation_negative_control,full_learned_nonnegative,100,AUGMENT,101,0.9711538461538461,1.0
TCGA-HNSC,71,row_permutation_negative_control,full_learned_nonnegative,100,FALLBACK,3,0.028846153846153848,1.0
TCGA-HNSC,71,row_permutation_negative_control,full_learned_nonnegative,100,ABSTAIN,0,0.0,1.0
TCGA-HNSC,71,row_permutation_negative_control,full_learned_nonnegative,90,AUGMENT,87,0.8365384615384616,0.9038461538461539
TCGA-HNSC,71,row_permutation_negative_control,full_learned_nonnegative,90,FALLBACK,7,0.0673076923076923,0.9038461538461539
TCGA-HNSC,71,row_permutation_negative_control,full_learned_nonnegative,90,ABSTAIN,10,0.09615384615384616,0.9038461538461539
TCGA-HNSC,71,row_permutation_negative_control,full_learned_nonnegative,80,AUGMENT,66,0.6346153846153846,0.8076923076923077
TCGA-HNSC,71,row_permutation_negative_control,full_learned_nonnegative,80,FALLBACK,18,0.17307692307692307,0.8076923076923077
TCGA-HNSC,71,row_permutation_negative_control,full_learned_nonnegative,80,ABSTAIN,20,0.19230769230769232,0.8076923076923077
TCGA-HNSC,71,complete_modality_dropout,ood_only,100,AUGMENT,0,0.0,1.0
TCGA-HNSC,71,complete_modality_dropout,ood_only,100,FALLBACK,104,1.0,1.0
TCGA-HNSC,71,complete_modality_dropout,ood_only,100,ABSTAIN,0,0.0,1.0
TCGA-HNSC,71,complete_modality_dropout,ood_only,90,AUGMENT,0,0.0,0.9038461538461539
TCGA-HNSC,71,complete_modality_dropout,ood_only,90,FALLBACK,94,0.9038461538461539,0.9038461538461539
TCGA-HNSC,71,complete_modality_dropout,ood_only,90,ABSTAIN,10,0.09615384615384616,0.9038461538461539
TCGA-HNSC,71,complete_modality_dropout,ood_only,80,AUGMENT,0,0.0,0.8173076923076923
TCGA-HNSC,71,complete_modality_dropout,ood_only,80,FALLBACK,85,0.8173076923076923,0.8173076923076923
TCGA-HNSC,71,complete_modality_dropout,ood_only,80,ABSTAIN,19,0.18269230769230768,0.8173076923076923
TCGA-HNSC,71,complete_modality_dropout,uncertainty_only,100,AUGMENT,0,0.0,1.0
TCGA-HNSC,71,complete_modality_dropout,uncertainty_only,100,FALLBACK,104,1.0,1.0
TCGA-HNSC,71,complete_modality_dropout,uncertainty_only,100,ABSTAIN,0,0.0,1.0
TCGA-HNSC,71,complete_modality_dropout,uncertainty_only,90,AUGMENT,0,0.0,0.9038461538461539
TCGA-HNSC,71,complete_modality_dropout,uncertainty_only,90,FALLBACK,94,0.9038461538461539,0.9038461538461539
TCGA-HNSC,71,complete_modality_dropout,uncertainty_only,90,ABSTAIN,10,0.09615384615384616,0.9038461538461539
TCGA-HNSC,71,complete_modality_dropout,uncertainty_only,80,AUGMENT,0,0.0,0.8076923076923077
TCGA-HNSC,71,complete_modality_dropout,uncertainty_only,80,FALLBACK,84,0.8076923076923077,0.8076923076923077
TCGA-HNSC,71,complete_modality_dropout,uncertainty_only,80,ABSTAIN,20,0.19230769230769232,0.8076923076923077
TCGA-HNSC,71,complete_modality_dropout,full_equal_weight,100,AUGMENT,0,0.0,1.0
TCGA-HNSC,71,complete_modality_dropout,full_equal_weight,100,FALLBACK,104,1.0,1.0
TCGA-HNSC,71,complete_modality_dropout,full_equal_weight,100,ABSTAIN,0,0.0,1.0
TCGA-HNSC,71,complete_modality_dropout,full_equal_weight,90,AUGMENT,0,0.0,0.9038461538461539
TCGA-HNSC,71,complete_modality_dropout,full_equal_weight,90,FALLBACK,94,0.9038461538461539,0.9038461538461539
TCGA-HNSC,71,complete_modality_dropout,full_equal_weight,90,ABSTAIN,10,0.09615384615384616,0.9038461538461539
TCGA-HNSC,71,complete_modality_dropout,full_equal_weight,80,AUGMENT,0,0.0,0.8076923076923077
TCGA-HNSC,71,complete_modality_dropout,full_equal_weight,80,FALLBACK,84,0.8076923076923077,0.8076923076923077
TCGA-HNSC,71,complete_modality_dropout,full_equal_weight,80,ABSTAIN,20,0.19230769230769232,0.8076923076923077
TCGA-HNSC,71,complete_modality_dropout,full_learned_nonnegative,100,AUGMENT,0,0.0,1.0
TCGA-HNSC,71,complete_modality_dropout,full_learned_nonnegative,100,FALLBACK,104,1.0,1.0
TCGA-HNSC,71,complete_modality_dropout,full_learned_nonnegative,100,ABSTAIN,0,0.0,1.0
TCGA-HNSC,71,complete_modality_dropout,full_learned_nonnegative,90,AUGMENT,0,0.0,0.9038461538461539
TCGA-HNSC,71,complete_modality_dropout,full_learned_nonnegative,90,FALLBACK,94,0.9038461538461539,0.9038461538461539
TCGA-HNSC,71,complete_modality_dropout,full_learned_nonnegative,90,ABSTAIN,10,0.09615384615384616,0.9038461538461539
TCGA-HNSC,71,complete_modality_dropout,full_learned_nonnegative,80,AUGMENT,0,0.0,0.8076923076923077
TCGA-HNSC,71,complete_modality_dropout,full_learned_nonnegative,80,FALLBACK,84,0.8076923076923077,0.8076923076923077
TCGA-HNSC,71,complete_modality_dropout,full_learned_nonnegative,80,ABSTAIN,20,0.19230769230769232,0.8076923076923077
TCGA-HNSC,101,clean,ood_only,100,AUGMENT,104,1.0,1.0
TCGA-HNSC,101,clean,ood_only,100,FALLBACK,0,0.0,1.0
TCGA-HNSC,101,clean,ood_only,100,ABSTAIN,0,0.0,1.0
TCGA-HNSC,101,clean,ood_only,90,AUGMENT,86,0.8269230769230769,0.9134615384615384
TCGA-HNSC,101,clean,ood_only,90,FALLBACK,9,0.08653846153846154,0.9134615384615384
TCGA-HNSC,101,clean,ood_only,90,ABSTAIN,9,0.08653846153846154,0.9134615384615384
TCGA-HNSC,101,clean,ood_only,80,AUGMENT,70,0.6730769230769231,0.8076923076923077
TCGA-HNSC,101,clean,ood_only,80,FALLBACK,14,0.1346153846153846,0.8076923076923077
TCGA-HNSC,101,clean,ood_only,80,ABSTAIN,20,0.19230769230769232,0.8076923076923077
TCGA-HNSC,101,clean,uncertainty_only,100,AUGMENT,104,1.0,1.0
TCGA-HNSC,101,clean,uncertainty_only,100,FALLBACK,0,0.0,1.0
TCGA-HNSC,101,clean,uncertainty_only,100,ABSTAIN,0,0.0,1.0
TCGA-HNSC,101,clean,uncertainty_only,90,AUGMENT,85,0.8173076923076923,0.9038461538461539
TCGA-HNSC,101,clean,uncertainty_only,90,FALLBACK,9,0.08653846153846154,0.9038461538461539
TCGA-HNSC,101,clean,uncertainty_only,90,ABSTAIN,10,0.09615384615384616,0.9038461538461539
TCGA-HNSC,101,clean,uncertainty_only,80,AUGMENT,68,0.6538461538461539,0.8173076923076923
TCGA-HNSC,101,clean,uncertainty_only,80,FALLBACK,17,0.16346153846153846,0.8173076923076923
TCGA-HNSC,101,clean,uncertainty_only,80,ABSTAIN,19,0.18269230769230768,0.8173076923076923
TCGA-HNSC,101,clean,full_equal_weight,100,AUGMENT,104,1.0,1.0
TCGA-HNSC,101,clean,full_equal_weight,100,FALLBACK,0,0.0,1.0
TCGA-HNSC,101,clean,full_equal_weight,100,ABSTAIN,0,0.0,1.0
TCGA-HNSC,101,clean,full_equal_weight,90,AUGMENT,84,0.8076923076923077,0.9038461538461539
TCGA-HNSC,101,clean,full_equal_weight,90,FALLBACK,10,0.09615384615384616,0.9038461538461539
TCGA-HNSC,101,clean,full_equal_weight,90,ABSTAIN,10,0.09615384615384616,0.9038461538461539
TCGA-HNSC,101,clean,full_equal_weight,80,AUGMENT,66,0.6346153846153846,0.8076923076923077
TCGA-HNSC,101,clean,full_equal_weight,80,FALLBACK,18,0.17307692307692307,0.8076923076923077
TCGA-HNSC,101,clean,full_equal_weight,80,ABSTAIN,20,0.19230769230769232,0.8076923076923077
TCGA-HNSC,101,clean,full_learned_nonnegative,100,AUGMENT,104,1.0,1.0
TCGA-HNSC,101,clean,full_learned_nonnegative,100,FALLBACK,0,0.0,1.0
TCGA-HNSC,101,clean,full_learned_nonnegative,100,ABSTAIN,0,0.0,1.0
TCGA-HNSC,101,clean,full_learned_nonnegative,90,AUGMENT,84,0.8076923076923077,0.9038461538461539
TCGA-HNSC,101,clean,full_learned_nonnegative,90,FALLBACK,10,0.09615384615384616,0.9038461538461539
TCGA-HNSC,101,clean,full_learned_nonnegative,90,ABSTAIN,10,0.09615384615384616,0.9038461538461539
TCGA-HNSC,101,clean,full_learned_nonnegative,80,AUGMENT,67,0.6442307692307693,0.8076923076923077
TCGA-HNSC,101,clean,full_learned_nonnegative,80,FALLBACK,17,0.16346153846153846,0.8076923076923077
TCGA-HNSC,101,clean,full_learned_nonnegative,80,ABSTAIN,20,0.19230769230769232,0.8076923076923077
TCGA-HNSC,101,random_cell_dropout_10pct,ood_only,100,AUGMENT,104,1.0,1.0
TCGA-HNSC,101,random_cell_dropout_10pct,ood_only,100,FALLBACK,0,0.0,1.0
TCGA-HNSC,101,random_cell_dropout_10pct,ood_only,100,ABSTAIN,0,0.0,1.0
TCGA-HNSC,101,random_cell_dropout_10pct,ood_only,90,AUGMENT,88,0.8461538461538461,0.9134615384615384
TCGA-HNSC,101,random_cell_dropout_10pct,ood_only,90,FALLBACK,7,0.0673076923076923,0.9134615384615384
TCGA-HNSC,101,random_cell_dropout_10pct,ood_only,90,ABSTAIN,9,0.08653846153846154,0.9134615384615384
TCGA-HNSC,101,random_cell_dropout_10pct,ood_only,80,AUGMENT,78,0.75,0.8076923076923077
TCGA-HNSC,101,random_cell_dropout_10pct,ood_only,80,FALLBACK,6,0.057692307692307696,0.8076923076923077
TCGA-HNSC,101,random_cell_dropout_10pct,ood_only,80,ABSTAIN,20,0.19230769230769232,0.8076923076923077
TCGA-HNSC,101,random_cell_dropout_10pct,uncertainty_only,100,AUGMENT,104,1.0,1.0
TCGA-HNSC,101,random_cell_dropout_10pct,uncertainty_only,100,FALLBACK,0,0.0,1.0
TCGA-HNSC,101,random_cell_dropout_10pct,uncertainty_only,100,ABSTAIN,0,0.0,1.0
TCGA-HNSC,101,random_cell_dropout_10pct,uncertainty_only,90,AUGMENT,88,0.8461538461538461,0.9038461538461539
TCGA-HNSC,101,random_cell_dropout_10pct,uncertainty_only,90,FALLBACK,6,0.057692307692307696,0.9038461538461539
TCGA-HNSC,101,random_cell_dropout_10pct,uncertainty_only,90,ABSTAIN,10,0.09615384615384616,0.9038461538461539
TCGA-HNSC,101,random_cell_dropout_10pct,uncertainty_only,80,AUGMENT,73,0.7019230769230769,0.8173076923076923
TCGA-HNSC,101,random_cell_dropout_10pct,uncertainty_only,80,FALLBACK,12,0.11538461538461539,0.8173076923076923
TCGA-HNSC,101,random_cell_dropout_10pct,uncertainty_only,80,ABSTAIN,19,0.18269230769230768,0.8173076923076923
TCGA-HNSC,101,random_cell_dropout_10pct,full_equal_weight,100,AUGMENT,81,0.7788461538461539,1.0
TCGA-HNSC,101,random_cell_dropout_10pct,full_equal_weight,100,FALLBACK,23,0.22115384615384615,1.0
TCGA-HNSC,101,random_cell_dropout_10pct,full_equal_weight,100,ABSTAIN,0,0.0,1.0
TCGA-HNSC,101,random_cell_dropout_10pct,full_equal_weight,90,AUGMENT,56,0.5384615384615384,0.9038461538461539
TCGA-HNSC,101,random_cell_dropout_10pct,full_equal_weight,90,FALLBACK,38,0.36538461538461536,0.9038461538461539
TCGA-HNSC,101,random_cell_dropout_10pct,full_equal_weight,90,ABSTAIN,10,0.09615384615384616,0.9038461538461539
TCGA-HNSC,101,random_cell_dropout_10pct,full_equal_weight,80,AUGMENT,41,0.3942307692307692,0.8076923076923077
TCGA-HNSC,101,random_cell_dropout_10pct,full_equal_weight,80,FALLBACK,43,0.41346153846153844,0.8076923076923077
TCGA-HNSC,101,random_cell_dropout_10pct,full_equal_weight,80,ABSTAIN,20,0.19230769230769232,0.8076923076923077
TCGA-HNSC,101,random_cell_dropout_10pct,full_learned_nonnegative,100,AUGMENT,104,1.0,1.0
TCGA-HNSC,101,random_cell_dropout_10pct,full_learned_nonnegative,100,FALLBACK,0,0.0,1.0
TCGA-HNSC,101,random_cell_dropout_10pct,full_learned_nonnegative,100,ABSTAIN,0,0.0,1.0
TCGA-HNSC,101,random_cell_dropout_10pct,full_learned_nonnegative,90,AUGMENT,93,0.8942307692307693,0.9038461538461539
TCGA-HNSC,101,random_cell_dropout_10pct,full_learned_nonnegative,90,FALLBACK,1,0.009615384615384616,0.9038461538461539
TCGA-HNSC,101,random_cell_dropout_10pct,full_learned_nonnegative,90,ABSTAIN,10,0.09615384615384616,0.9038461538461539
TCGA-HNSC,101,random_cell_dropout_10pct,full_learned_nonnegative,80,AUGMENT,74,0.7115384615384616,0.8076923076923077
TCGA-HNSC,101,random_cell_dropout_10pct,full_learned_nonnegative,80,FALLBACK,10,0.09615384615384616,0.8076923076923077
TCGA-HNSC,101,random_cell_dropout_10pct,full_learned_nonnegative,80,ABSTAIN,20,0.19230769230769232,0.8076923076923077
TCGA-HNSC,101,random_cell_dropout_30pct,ood_only,100,AUGMENT,104,1.0,1.0
TCGA-HNSC,101,random_cell_dropout_30pct,ood_only,100,FALLBACK,0,0.0,1.0
TCGA-HNSC,101,random_cell_dropout_30pct,ood_only,100,ABSTAIN,0,0.0,1.0
TCGA-HNSC,101,random_cell_dropout_30pct,ood_only,90,AUGMENT,93,0.8942307692307693,0.9134615384615384
TCGA-HNSC,101,random_cell_dropout_30pct,ood_only,90,FALLBACK,2,0.019230769230769232,0.9134615384615384
TCGA-HNSC,101,random_cell_dropout_30pct,ood_only,90,ABSTAIN,9,0.08653846153846154,0.9134615384615384
TCGA-HNSC,101,random_cell_dropout_30pct,ood_only,80,AUGMENT,83,0.7980769230769231,0.8076923076923077
TCGA-HNSC,101,random_cell_dropout_30pct,ood_only,80,FALLBACK,1,0.009615384615384616,0.8076923076923077
TCGA-HNSC,101,random_cell_dropout_30pct,ood_only,80,ABSTAIN,20,0.19230769230769232,0.8076923076923077
TCGA-HNSC,101,random_cell_dropout_30pct,uncertainty_only,100,AUGMENT,104,1.0,1.0
TCGA-HNSC,101,random_cell_dropout_30pct,uncertainty_only,100,FALLBACK,0,0.0,1.0
TCGA-HNSC,101,random_cell_dropout_30pct,uncertainty_only,100,ABSTAIN,0,0.0,1.0
TCGA-HNSC,101,random_cell_dropout_30pct,uncertainty_only,90,AUGMENT,86,0.8269230769230769,0.9038461538461539
TCGA-HNSC,101,random_cell_dropout_30pct,uncertainty_only,90,FALLBACK,8,0.07692307692307693,0.9038461538461539
TCGA-HNSC,101,random_cell_dropout_30pct,uncertainty_only,90,ABSTAIN,10,0.09615384615384616,0.9038461538461539
TCGA-HNSC,101,random_cell_dropout_30pct,uncertainty_only,80,AUGMENT,72,0.6923076923076923,0.8173076923076923
TCGA-HNSC,101,random_cell_dropout_30pct,uncertainty_only,80,FALLBACK,13,0.125,0.8173076923076923
TCGA-HNSC,101,random_cell_dropout_30pct,uncertainty_only,80,ABSTAIN,19,0.18269230769230768,0.8173076923076923
TCGA-HNSC,101,random_cell_dropout_30pct,full_equal_weight,100,AUGMENT,97,0.9326923076923077,1.0
TCGA-HNSC,101,random_cell_dropout_30pct,full_equal_weight,100,FALLBACK,7,0.0673076923076923,1.0
TCGA-HNSC,101,random_cell_dropout_30pct,full_equal_weight,100,ABSTAIN,0,0.0,1.0
TCGA-HNSC,101,random_cell_dropout_30pct,full_equal_weight,90,AUGMENT,67,0.6442307692307693,0.9038461538461539
TCGA-HNSC,101,random_cell_dropout_30pct,full_equal_weight,90,FALLBACK,27,0.25961538461538464,0.9038461538461539
TCGA-HNSC,101,random_cell_dropout_30pct,full_equal_weight,90,ABSTAIN,10,0.09615384615384616,0.9038461538461539
TCGA-HNSC,101,random_cell_dropout_30pct,full_equal_weight,80,AUGMENT,52,0.5,0.8076923076923077
TCGA-HNSC,101,random_cell_dropout_30pct,full_equal_weight,80,FALLBACK,32,0.3076923076923077,0.8076923076923077
TCGA-HNSC,101,random_cell_dropout_30pct,full_equal_weight,80,ABSTAIN,20,0.19230769230769232,0.8076923076923077
TCGA-HNSC,101,random_cell_dropout_30pct,full_learned_nonnegative,100,AUGMENT,104,1.0,1.0
TCGA-HNSC,101,random_cell_dropout_30pct,full_learned_nonnegative,100,FALLBACK,0,0.0,1.0
TCGA-HNSC,101,random_cell_dropout_30pct,full_learned_nonnegative,100,ABSTAIN,0,0.0,1.0
TCGA-HNSC,101,random_cell_dropout_30pct,full_learned_nonnegative,90,AUGMENT,91,0.875,0.9038461538461539
TCGA-HNSC,101,random_cell_dropout_30pct,full_learned_nonnegative,90,FALLBACK,3,0.028846153846153848,0.9038461538461539
TCGA-HNSC,101,random_cell_dropout_30pct,full_learned_nonnegative,90,ABSTAIN,10,0.09615384615384616,0.9038461538461539
TCGA-HNSC,101,random_cell_dropout_30pct,full_learned_nonnegative,80,AUGMENT,79,0.7596153846153846,0.8076923076923077
TCGA-HNSC,101,random_cell_dropout_30pct,full_learned_nonnegative,80,FALLBACK,5,0.04807692307692308,0.8076923076923077
TCGA-HNSC,101,random_cell_dropout_30pct,full_learned_nonnegative,80,ABSTAIN,20,0.19230769230769232,0.8076923076923077
TCGA-HNSC,101,measurement_noise_0.5sd,ood_only,100,AUGMENT,103,0.9903846153846154,1.0
TCGA-HNSC,101,measurement_noise_0.5sd,ood_only,100,FALLBACK,1,0.009615384615384616,1.0
TCGA-HNSC,101,measurement_noise_0.5sd,ood_only,100,ABSTAIN,0,0.0,1.0
TCGA-HNSC,101,measurement_noise_0.5sd,ood_only,90,AUGMENT,80,0.7692307692307693,0.9134615384615384
TCGA-HNSC,101,measurement_noise_0.5sd,ood_only,90,FALLBACK,15,0.14423076923076922,0.9134615384615384
TCGA-HNSC,101,measurement_noise_0.5sd,ood_only,90,ABSTAIN,9,0.08653846153846154,0.9134615384615384
TCGA-HNSC,101,measurement_noise_0.5sd,ood_only,80,AUGMENT,59,0.5673076923076923,0.8076923076923077
TCGA-HNSC,101,measurement_noise_0.5sd,ood_only,80,FALLBACK,25,0.2403846153846154,0.8076923076923077
TCGA-HNSC,101,measurement_noise_0.5sd,ood_only,80,ABSTAIN,20,0.19230769230769232,0.8076923076923077
TCGA-HNSC,101,measurement_noise_0.5sd,uncertainty_only,100,AUGMENT,104,1.0,1.0
TCGA-HNSC,101,measurement_noise_0.5sd,uncertainty_only,100,FALLBACK,0,0.0,1.0
TCGA-HNSC,101,measurement_noise_0.5sd,uncertainty_only,100,ABSTAIN,0,0.0,1.0
TCGA-HNSC,101,measurement_noise_0.5sd,uncertainty_only,90,AUGMENT,69,0.6634615384615384,0.9038461538461539
TCGA-HNSC,101,measurement_noise_0.5sd,uncertainty_only,90,FALLBACK,25,0.2403846153846154,0.9038461538461539
TCGA-HNSC,101,measurement_noise_0.5sd,uncertainty_only,90,ABSTAIN,10,0.09615384615384616,0.9038461538461539
TCGA-HNSC,101,measurement_noise_0.5sd,uncertainty_only,80,AUGMENT,52,0.5,0.8173076923076923
TCGA-HNSC,101,measurement_noise_0.5sd,uncertainty_only,80,FALLBACK,33,0.3173076923076923,0.8173076923076923
TCGA-HNSC,101,measurement_noise_0.5sd,uncertainty_only,80,ABSTAIN,19,0.18269230769230768,0.8173076923076923
TCGA-HNSC,101,measurement_noise_0.5sd,full_equal_weight,100,AUGMENT,104,1.0,1.0
TCGA-HNSC,101,measurement_noise_0.5sd,full_equal_weight,100,FALLBACK,0,0.0,1.0
TCGA-HNSC,101,measurement_noise_0.5sd,full_equal_weight,100,ABSTAIN,0,0.0,1.0
TCGA-HNSC,101,measurement_noise_0.5sd,full_equal_weight,90,AUGMENT,77,0.7403846153846154,0.9038461538461539
TCGA-HNSC,101,measurement_noise_0.5sd,full_equal_weight,90,FALLBACK,17,0.16346153846153846,0.9038461538461539
TCGA-HNSC,101,measurement_noise_0.5sd,full_equal_weight,90,ABSTAIN,10,0.09615384615384616,0.9038461538461539
TCGA-HNSC,101,measurement_noise_0.5sd,full_equal_weight,80,AUGMENT,63,0.6057692307692307,0.8076923076923077
TCGA-HNSC,101,measurement_noise_0.5sd,full_equal_weight,80,FALLBACK,21,0.20192307692307693,0.8076923076923077
TCGA-HNSC,101,measurement_noise_0.5sd,full_equal_weight,80,ABSTAIN,20,0.19230769230769232,0.8076923076923077
TCGA-HNSC,101,measurement_noise_0.5sd,full_learned_nonnegative,100,AUGMENT,102,0.9807692307692307,1.0
TCGA-HNSC,101,measurement_noise_0.5sd,full_learned_nonnegative,100,FALLBACK,2,0.019230769230769232,1.0
TCGA-HNSC,101,measurement_noise_0.5sd,full_learned_nonnegative,100,ABSTAIN,0,0.0,1.0
TCGA-HNSC,101,measurement_noise_0.5sd,full_learned_nonnegative,90,AUGMENT,78,0.75,0.9038461538461539
TCGA-HNSC,101,measurement_noise_0.5sd,full_learned_nonnegative,90,FALLBACK,16,0.15384615384615385,0.9038461538461539
TCGA-HNSC,101,measurement_noise_0.5sd,full_learned_nonnegative,90,ABSTAIN,10,0.09615384615384616,0.9038461538461539
TCGA-HNSC,101,measurement_noise_0.5sd,full_learned_nonnegative,80,AUGMENT,54,0.5192307692307693,0.8076923076923077
TCGA-HNSC,101,measurement_noise_0.5sd,full_learned_nonnegative,80,FALLBACK,30,0.28846153846153844,0.8076923076923077
TCGA-HNSC,101,measurement_noise_0.5sd,full_learned_nonnegative,80,ABSTAIN,20,0.19230769230769232,0.8076923076923077
TCGA-HNSC,101,location_shift_1sd,ood_only,100,AUGMENT,104,1.0,1.0
TCGA-HNSC,101,location_shift_1sd,ood_only,100,FALLBACK,0,0.0,1.0
TCGA-HNSC,101,location_shift_1sd,ood_only,100,ABSTAIN,0,0.0,1.0
TCGA-HNSC,101,location_shift_1sd,ood_only,90,AUGMENT,74,0.7115384615384616,0.9134615384615384
TCGA-HNSC,101,location_shift_1sd,ood_only,90,FALLBACK,21,0.20192307692307693,0.9134615384615384
TCGA-HNSC,101,location_shift_1sd,ood_only,90,ABSTAIN,9,0.08653846153846154,0.9134615384615384
TCGA-HNSC,101,location_shift_1sd,ood_only,80,AUGMENT,53,0.5096153846153846,0.8076923076923077
TCGA-HNSC,101,location_shift_1sd,ood_only,80,FALLBACK,31,0.2980769230769231,0.8076923076923077
TCGA-HNSC,101,location_shift_1sd,ood_only,80,ABSTAIN,20,0.19230769230769232,0.8076923076923077
TCGA-HNSC,101,location_shift_1sd,uncertainty_only,100,AUGMENT,104,1.0,1.0
TCGA-HNSC,101,location_shift_1sd,uncertainty_only,100,FALLBACK,0,0.0,1.0
TCGA-HNSC,101,location_shift_1sd,uncertainty_only,100,ABSTAIN,0,0.0,1.0
TCGA-HNSC,101,location_shift_1sd,uncertainty_only,90,AUGMENT,74,0.7115384615384616,0.9038461538461539
TCGA-HNSC,101,location_shift_1sd,uncertainty_only,90,FALLBACK,20,0.19230769230769232,0.9038461538461539
TCGA-HNSC,101,location_shift_1sd,uncertainty_only,90,ABSTAIN,10,0.09615384615384616,0.9038461538461539
TCGA-HNSC,101,location_shift_1sd,uncertainty_only,80,AUGMENT,63,0.6057692307692307,0.8173076923076923
TCGA-HNSC,101,location_shift_1sd,uncertainty_only,80,FALLBACK,22,0.21153846153846154,0.8173076923076923
TCGA-HNSC,101,location_shift_1sd,uncertainty_only,80,ABSTAIN,19,0.18269230769230768,0.8173076923076923
TCGA-HNSC,101,location_shift_1sd,full_equal_weight,100,AUGMENT,104,1.0,1.0
TCGA-HNSC,101,location_shift_1sd,full_equal_weight,100,FALLBACK,0,0.0,1.0
TCGA-HNSC,101,location_shift_1sd,full_equal_weight,100,ABSTAIN,0,0.0,1.0
TCGA-HNSC,101,location_shift_1sd,full_equal_weight,90,AUGMENT,83,0.7980769230769231,0.9038461538461539
TCGA-HNSC,101,location_shift_1sd,full_equal_weight,90,FALLBACK,11,0.10576923076923077,0.9038461538461539
TCGA-HNSC,101,location_shift_1sd,full_equal_weight,90,ABSTAIN,10,0.09615384615384616,0.9038461538461539
TCGA-HNSC,101,location_shift_1sd,full_equal_weight,80,AUGMENT,70,0.6730769230769231,0.8076923076923077
TCGA-HNSC,101,location_shift_1sd,full_equal_weight,80,FALLBACK,14,0.1346153846153846,0.8076923076923077
TCGA-HNSC,101,location_shift_1sd,full_equal_weight,80,ABSTAIN,20,0.19230769230769232,0.8076923076923077
TCGA-HNSC,101,location_shift_1sd,full_learned_nonnegative,100,AUGMENT,104,1.0,1.0
TCGA-HNSC,101,location_shift_1sd,full_learned_nonnegative,100,FALLBACK,0,0.0,1.0
TCGA-HNSC,101,location_shift_1sd,full_learned_nonnegative,100,ABSTAIN,0,0.0,1.0
TCGA-HNSC,101,location_shift_1sd,full_learned_nonnegative,90,AUGMENT,85,0.8173076923076923,0.9038461538461539
TCGA-HNSC,101,location_shift_1sd,full_learned_nonnegative,90,FALLBACK,9,0.08653846153846154,0.9038461538461539
TCGA-HNSC,101,location_shift_1sd,full_learned_nonnegative,90,ABSTAIN,10,0.09615384615384616,0.9038461538461539
TCGA-HNSC,101,location_shift_1sd,full_learned_nonnegative,80,AUGMENT,65,0.625,0.8076923076923077
TCGA-HNSC,101,location_shift_1sd,full_learned_nonnegative,80,FALLBACK,19,0.18269230769230768,0.8076923076923077
TCGA-HNSC,101,location_shift_1sd,full_learned_nonnegative,80,ABSTAIN,20,0.19230769230769232,0.8076923076923077
TCGA-HNSC,101,row_permutation_negative_control,ood_only,100,AUGMENT,104,1.0,1.0
TCGA-HNSC,101,row_permutation_negative_control,ood_only,100,FALLBACK,0,0.0,1.0
TCGA-HNSC,101,row_permutation_negative_control,ood_only,100,ABSTAIN,0,0.0,1.0
TCGA-HNSC,101,row_permutation_negative_control,ood_only,90,AUGMENT,85,0.8173076923076923,0.9134615384615384
TCGA-HNSC,101,row_permutation_negative_control,ood_only,90,FALLBACK,10,0.09615384615384616,0.9134615384615384
TCGA-HNSC,101,row_permutation_negative_control,ood_only,90,ABSTAIN,9,0.08653846153846154,0.9134615384615384
TCGA-HNSC,101,row_permutation_negative_control,ood_only,80,AUGMENT,64,0.6153846153846154,0.8076923076923077
TCGA-HNSC,101,row_permutation_negative_control,ood_only,80,FALLBACK,20,0.19230769230769232,0.8076923076923077
TCGA-HNSC,101,row_permutation_negative_control,ood_only,80,ABSTAIN,20,0.19230769230769232,0.8076923076923077
TCGA-HNSC,101,row_permutation_negative_control,uncertainty_only,100,AUGMENT,104,1.0,1.0
TCGA-HNSC,101,row_permutation_negative_control,uncertainty_only,100,FALLBACK,0,0.0,1.0
TCGA-HNSC,101,row_permutation_negative_control,uncertainty_only,100,ABSTAIN,0,0.0,1.0
TCGA-HNSC,101,row_permutation_negative_control,uncertainty_only,90,AUGMENT,85,0.8173076923076923,0.9038461538461539
TCGA-HNSC,101,row_permutation_negative_control,uncertainty_only,90,FALLBACK,9,0.08653846153846154,0.9038461538461539
TCGA-HNSC,101,row_permutation_negative_control,uncertainty_only,90,ABSTAIN,10,0.09615384615384616,0.9038461538461539
TCGA-HNSC,101,row_permutation_negative_control,uncertainty_only,80,AUGMENT,67,0.6442307692307693,0.8173076923076923
TCGA-HNSC,101,row_permutation_negative_control,uncertainty_only,80,FALLBACK,18,0.17307692307692307,0.8173076923076923
TCGA-HNSC,101,row_permutation_negative_control,uncertainty_only,80,ABSTAIN,19,0.18269230769230768,0.8173076923076923
TCGA-HNSC,101,row_permutation_negative_control,full_equal_weight,100,AUGMENT,104,1.0,1.0
TCGA-HNSC,101,row_permutation_negative_control,full_equal_weight,100,FALLBACK,0,0.0,1.0
TCGA-HNSC,101,row_permutation_negative_control,full_equal_weight,100,ABSTAIN,0,0.0,1.0
TCGA-HNSC,101,row_permutation_negative_control,full_equal_weight,90,AUGMENT,84,0.8076923076923077,0.9038461538461539
TCGA-HNSC,101,row_permutation_negative_control,full_equal_weight,90,FALLBACK,10,0.09615384615384616,0.9038461538461539
TCGA-HNSC,101,row_permutation_negative_control,full_equal_weight,90,ABSTAIN,10,0.09615384615384616,0.9038461538461539
TCGA-HNSC,101,row_permutation_negative_control,full_equal_weight,80,AUGMENT,69,0.6634615384615384,0.8076923076923077
TCGA-HNSC,101,row_permutation_negative_control,full_equal_weight,80,FALLBACK,15,0.14423076923076922,0.8076923076923077
TCGA-HNSC,101,row_permutation_negative_control,full_equal_weight,80,ABSTAIN,20,0.19230769230769232,0.8076923076923077
TCGA-HNSC,101,row_permutation_negative_control,full_learned_nonnegative,100,AUGMENT,103,0.9903846153846154,1.0
TCGA-HNSC,101,row_permutation_negative_control,full_learned_nonnegative,100,FALLBACK,1,0.009615384615384616,1.0
TCGA-HNSC,101,row_permutation_negative_control,full_learned_nonnegative,100,ABSTAIN,0,0.0,1.0
TCGA-HNSC,101,row_permutation_negative_control,full_learned_nonnegative,90,AUGMENT,85,0.8173076923076923,0.9038461538461539
TCGA-HNSC,101,row_permutation_negative_control,full_learned_nonnegative,90,FALLBACK,9,0.08653846153846154,0.9038461538461539
TCGA-HNSC,101,row_permutation_negative_control,full_learned_nonnegative,90,ABSTAIN,10,0.09615384615384616,0.9038461538461539
TCGA-HNSC,101,row_permutation_negative_control,full_learned_nonnegative,80,AUGMENT,64,0.6153846153846154,0.8076923076923077
TCGA-HNSC,101,row_permutation_negative_control,full_learned_nonnegative,80,FALLBACK,20,0.19230769230769232,0.8076923076923077
TCGA-HNSC,101,row_permutation_negative_control,full_learned_nonnegative,80,ABSTAIN,20,0.19230769230769232,0.8076923076923077
TCGA-HNSC,101,complete_modality_dropout,ood_only,100,AUGMENT,0,0.0,1.0
TCGA-HNSC,101,complete_modality_dropout,ood_only,100,FALLBACK,104,1.0,1.0
TCGA-HNSC,101,complete_modality_dropout,ood_only,100,ABSTAIN,0,0.0,1.0
TCGA-HNSC,101,complete_modality_dropout,ood_only,90,AUGMENT,0,0.0,0.9134615384615384
TCGA-HNSC,101,complete_modality_dropout,ood_only,90,FALLBACK,95,0.9134615384615384,0.9134615384615384
TCGA-HNSC,101,complete_modality_dropout,ood_only,90,ABSTAIN,9,0.08653846153846154,0.9134615384615384
TCGA-HNSC,101,complete_modality_dropout,ood_only,80,AUGMENT,0,0.0,0.8076923076923077
TCGA-HNSC,101,complete_modality_dropout,ood_only,80,FALLBACK,84,0.8076923076923077,0.8076923076923077
TCGA-HNSC,101,complete_modality_dropout,ood_only,80,ABSTAIN,20,0.19230769230769232,0.8076923076923077
TCGA-HNSC,101,complete_modality_dropout,uncertainty_only,100,AUGMENT,0,0.0,1.0
TCGA-HNSC,101,complete_modality_dropout,uncertainty_only,100,FALLBACK,104,1.0,1.0
TCGA-HNSC,101,complete_modality_dropout,uncertainty_only,100,ABSTAIN,0,0.0,1.0
TCGA-HNSC,101,complete_modality_dropout,uncertainty_only,90,AUGMENT,0,0.0,0.9038461538461539
TCGA-HNSC,101,complete_modality_dropout,uncertainty_only,90,FALLBACK,94,0.9038461538461539,0.9038461538461539
TCGA-HNSC,101,complete_modality_dropout,uncertainty_only,90,ABSTAIN,10,0.09615384615384616,0.9038461538461539
TCGA-HNSC,101,complete_modality_dropout,uncertainty_only,80,AUGMENT,0,0.0,0.8173076923076923
TCGA-HNSC,101,complete_modality_dropout,uncertainty_only,80,FALLBACK,85,0.8173076923076923,0.8173076923076923
TCGA-HNSC,101,complete_modality_dropout,uncertainty_only,80,ABSTAIN,19,0.18269230769230768,0.8173076923076923
TCGA-HNSC,101,complete_modality_dropout,full_equal_weight,100,AUGMENT,0,0.0,1.0
TCGA-HNSC,101,complete_modality_dropout,full_equal_weight,100,FALLBACK,104,1.0,1.0
TCGA-HNSC,101,complete_modality_dropout,full_equal_weight,100,ABSTAIN,0,0.0,1.0
TCGA-HNSC,101,complete_modality_dropout,full_equal_weight,90,AUGMENT,0,0.0,0.9038461538461539
TCGA-HNSC,101,complete_modality_dropout,full_equal_weight,90,FALLBACK,94,0.9038461538461539,0.9038461538461539
TCGA-HNSC,101,complete_modality_dropout,full_equal_weight,90,ABSTAIN,10,0.09615384615384616,0.9038461538461539
TCGA-HNSC,101,complete_modality_dropout,full_equal_weight,80,AUGMENT,0,0.0,0.8076923076923077
TCGA-HNSC,101,complete_modality_dropout,full_equal_weight,80,FALLBACK,84,0.8076923076923077,0.8076923076923077
TCGA-HNSC,101,complete_modality_dropout,full_equal_weight,80,ABSTAIN,20,0.19230769230769232,0.8076923076923077
TCGA-HNSC,101,complete_modality_dropout,full_learned_nonnegative,100,AUGMENT,0,0.0,1.0
TCGA-HNSC,101,complete_modality_dropout,full_learned_nonnegative,100,FALLBACK,104,1.0,1.0
TCGA-HNSC,101,complete_modality_dropout,full_learned_nonnegative,100,ABSTAIN,0,0.0,1.0
TCGA-HNSC,101,complete_modality_dropout,full_learned_nonnegative,90,AUGMENT,0,0.0,0.9038461538461539
TCGA-HNSC,101,complete_modality_dropout,full_learned_nonnegative,90,FALLBACK,94,0.9038461538461539,0.9038461538461539
TCGA-HNSC,101,complete_modality_dropout,full_learned_nonnegative,90,ABSTAIN,10,0.09615384615384616,0.9038461538461539
TCGA-HNSC,101,complete_modality_dropout,full_learned_nonnegative,80,AUGMENT,0,0.0,0.8076923076923077
TCGA-HNSC,101,complete_modality_dropout,full_learned_nonnegative,80,FALLBACK,84,0.8076923076923077,0.8076923076923077
TCGA-HNSC,101,complete_modality_dropout,full_learned_nonnegative,80,ABSTAIN,20,0.19230769230769232,0.8076923076923077
