study,seed,scenario,model,gate_variant,profile,coverage,n,events,ipcw_evaluable_weight,ipcw_brier,harrell_c,uno_c,auc_horizon,calibration_in_the_large,calibration_slope,mean_predicted_risk,b2_subset_ipcw_brier,b6_subset_ipcw_brier
HANCOCK,17,clean,B2,none,full,1.0,122.0,38.0,121.33108167594078,0.14602695410991687,0.6327979081060889,0.6596807967156807,0.690132279155643,0.36438918326351993,2.6173690173520994,0.1375878183620987,,
HANCOCK,17,clean,B3,none,full,1.0,122.0,38.0,121.33108167594078,0.13987283186893137,0.6369069854314531,0.6623069306634138,0.6975846012803825,0.36875541456290994,1.4987843719213076,0.14163622339785403,,
HANCOCK,17,clean,B4,none,full,1.0,122.0,38.0,121.33108167594078,0.1292413664339719,0.6305565932013448,0.6881443373855551,0.7017545451090851,0.36540496791566307,1.9631472422651763,0.1426940476072896,,
HANCOCK,17,clean,B5,none,full,1.0,122.0,38.0,121.33108167594078,0.12758256695847323,0.6948076204706761,0.7594409222124383,0.7872786501162948,0.36245565346604275,2.421428292211717,0.14414376102975188,,
HANCOCK,17,clean,B6,none,full,1.0,122.0,38.0,121.33108167594078,0.12871629577667043,0.6847217033993276,0.7516647493443939,0.7829538859708781,0.3796142444346632,2.496172320944543,0.14205010560600445,,
HANCOCK,17,clean,M0,none,full,1.0,122.0,38.0,121.33108167594078,0.14975731069388704,0.613746731415764,0.6564709233564769,0.6685501725522557,0.36121460687925416,17.677787531320302,0.13491842490673261,,
HANCOCK,17,clean,B7,ood_only,100,1.0,122.0,38.0,121.33108167594078,0.12871629577667043,0.6847217033993276,0.7516647493443939,0.7829538859708781,0.3796142444346632,2.496172320944543,0.14205010560600445,0.14602695410991687,0.12871629577667043
HANCOCK,17,clean,B7,ood_only,90,0.9016393442622951,110.0,33.0,108.32042808439553,0.13508554657672106,0.6884672990514229,0.7206287702881172,0.7412179315724058,0.37936563679639634,2.3148861014996216,0.1340655578847073,0.14134650691015552,0.12319429146678088
HANCOCK,17,clean,B7,ood_only,80,0.8032786885245902,98.0,25.0,96.64965492157674,0.12357132936674785,0.7099179716629381,0.7097052355671848,0.7301967125309005,0.24145977343955163,2.3643483463703268,0.12942508498602417,0.12466573476304875,0.11260937631562232
HANCOCK,17,clean,B7,uncertainty_only,100,1.0,122.0,38.0,121.33108167594078,0.12871629577667043,0.6847217033993276,0.7516647493443939,0.7829538859708781,0.3796142444346632,2.496172320944543,0.14205010560600445,0.14602695410991687,0.12871629577667043
HANCOCK,17,clean,B7,uncertainty_only,90,0.9016393442622951,110.0,31.0,110.70190715400652,0.13162474342835276,0.6404040404040404,0.7046643728140253,0.7189577755572112,0.36702415429485313,2.131021719561487,0.11772247203420726,0.13405534053778212,0.11162625572629892
HANCOCK,17,clean,B7,uncertainty_only,80,0.8032786885245902,98.0,27.0,101.07516701876185,0.12238183608637558,0.641206675224647,0.7206651578117328,0.7262875027439777,0.28731636060198895,2.6212846174303643,0.11041977487345574,0.12298700062444656,0.10449048488581487
HANCOCK,17,clean,B7,full_equal_weight,100,1.0,122.0,38.0,121.33108167594078,0.12871629577667043,0.6847217033993276,0.7516647493443939,0.7829538859708781,0.3796142444346632,2.496172320944543,0.14205010560600445,0.14602695410991687,0.12871629577667043
HANCOCK,17,clean,B7,full_equal_weight,90,0.9016393442622951,110.0,31.0,109.98828504074395,0.11952358652100646,0.622437971952535,0.6875944944776541,0.7035607009164697,0.20785156831931118,1.7192310164544153,0.1233497613347148,0.11980739499354617,0.10402893518106876
HANCOCK,17,clean,B7,full_equal_weight,80,0.8032786885245902,98.0,28.0,100.11459802240468,0.11591566878443355,0.6147157190635452,0.6894145128727353,0.6970451957516176,0.16575765399944845,1.4975220086273138,0.11888444208268323,0.11554451748185364,0.10437331571774416
HANCOCK,17,clean,B7,full_learned_nonnegative,100,1.0,122.0,38.0,121.33108167594078,0.12871629577667043,0.6847217033993276,0.7516647493443939,0.7829538859708781,0.3796142444346632,2.496172320944543,0.14205010560600445,0.14602695410991687,0.12871629577667043
HANCOCK,17,clean,B7,full_learned_nonnegative,90,0.9016393442622951,110.0,31.0,111.17260053958402,0.10900540421434746,0.621374865735768,0.6933800092354707,0.7169697906279786,0.09305294451131343,2.0495709346266935,0.12259525882273299,0.11354527305149324,0.09309171733875092
HANCOCK,17,clean,B7,full_learned_nonnegative,80,0.8032786885245902,98.0,25.0,98.10185740920528,0.09245757119716382,0.5705329153605015,0.6316710581336413,0.6428085166241081,-0.13941772346629025,0.9136683765549036,0.11965461867480692,0.09219718073809512,0.08622502583607289
HANCOCK,17,random_cell_dropout_10pct,B2,none,full,1.0,122.0,38.0,121.33108167594078,0.14602695410991687,0.6327979081060889,0.6596807967156807,0.690132279155643,0.36438918326351993,2.6173690173520994,0.1375878183620987,,
HANCOCK,17,random_cell_dropout_10pct,B3,none,full,1.0,122.0,38.0,121.33108167594078,0.13987283186893137,0.6369069854314531,0.6623069306634138,0.6975846012803825,0.36875541456290994,1.4987843719213076,0.14163622339785403,,
HANCOCK,17,random_cell_dropout_10pct,B4,none,full,1.0,122.0,38.0,121.33108167594078,0.13167810411702072,0.634478894284647,0.6932702385625565,0.7099811100889553,0.3835998563068653,2.2199651310049813,0.14026465937574406,,
HANCOCK,17,random_cell_dropout_10pct,B5,none,full,1.0,122.0,38.0,121.33108167594078,0.1299562615384224,0.692939858050056,0.7597873940034091,0.7864785734915692,0.37897967981916414,2.6416602971384116,0.1419896157546333,,
HANCOCK,17,random_cell_dropout_10pct,B6,none,full,1.0,122.0,38.0,121.33108167594078,0.13097157507804555,0.6824803884945835,0.7553921376236831,0.7840265406075823,0.39641924493399955,2.7401426018332513,0.1399601620339907,,
HANCOCK,17,random_cell_dropout_10pct,M0,none,full,1.0,122.0,38.0,121.33108167594078,0.14975731069388704,0.613746731415764,0.6564709233564769,0.6685501725522557,0.36121460687925416,17.677787531320302,0.13491842490673261,,
HANCOCK,17,random_cell_dropout_10pct,B7,ood_only,100,1.0,122.0,38.0,121.33108167594078,0.13097157507804555,0.6824803884945835,0.7553921376236831,0.7840265406075823,0.39641924493399955,2.7401426018332513,0.1399601620339907,0.14602695410991687,0.13097157507804555
HANCOCK,17,random_cell_dropout_10pct,B7,ood_only,90,0.9016393442622951,110.0,33.0,108.32042808439553,0.14199249488647875,0.6015976035946081,0.6255892328239796,0.6501131965784326,0.36799281802980677,1.6969834868203504,0.13192941711776976,0.14134650691015552,0.12569636714197427
HANCOCK,17,random_cell_dropout_10pct,B7,ood_only,80,0.8032786885245902,98.0,25.0,96.64965492157674,0.12513845069732638,0.6286353467561522,0.6503058060802095,0.6738072133517002,0.192748863946393,2.227787557929773,0.13091040770894435,0.12466573476304875,0.11360064578616555
HANCOCK,17,random_cell_dropout_10pct,B7,uncertainty_only,100,1.0,122.0,38.0,121.33108167594078,0.13097157507804555,0.6824803884945835,0.7553921376236831,0.7840265406075823,0.39641924493399955,2.7401426018332513,0.1399601620339907,0.14602695410991687,0.13097157507804555
HANCOCK,17,random_cell_dropout_10pct,B7,uncertainty_only,90,0.9016393442622951,110.0,31.0,110.70190715400652,0.1301434422182969,0.6424242424242425,0.7179910915476245,0.7282460032915319,0.36405136076358957,2.5735507775719495,0.11825673157766352,0.13405534053778212,0.11405835117834427
HANCOCK,17,random_cell_dropout_10pct,B7,uncertainty_only,80,0.8032786885245902,98.0,27.0,101.07516701876185,0.12194344627541943,0.6450577663671374,0.7358101824628028,0.7428841455915205,0.28187898045436194,3.200729642286564,0.1109152658021068,0.12298700062444656,0.10709252963027817
HANCOCK,17,random_cell_dropout_10pct,B7,full_equal_weight,100,1.0,122.0,38.0,121.33108167594078,0.13097157507804555,0.6824803884945835,0.7553921376236831,0.7840265406075823,0.39641924493399955,2.7401426018332513,0.1399601620339907,0.14602695410991687,0.13097157507804555
HANCOCK,17,random_cell_dropout_10pct,B7,full_equal_weight,90,0.9016393442622951,110.0,31.0,109.98828504074395,0.12025326197208354,0.6127292340884574,0.6795038766341649,0.6982506018029105,0.2082518579742758,1.7403603860338002,0.1226271277162505,0.11980739499354617,0.10618780533838224
HANCOCK,17,random_cell_dropout_10pct,B7,full_equal_weight,80,0.8032786885245902,98.0,28.0,100.11459802240468,0.11600163426421083,0.5953177257525084,0.6801442507618238,0.6844454508207986,0.16640299297764416,1.74760238444114,0.11623078155931257,0.11554451748185364,0.1065561149866379
HANCOCK,17,random_cell_dropout_10pct,B7,full_learned_nonnegative,100,1.0,122.0,38.0,121.33108167594078,0.13097157507804555,0.6824803884945835,0.7553921376236831,0.7840265406075823,0.39641924493399955,2.7401426018332513,0.1399601620339907,0.14602695410991687,0.13097157507804555
HANCOCK,17,random_cell_dropout_10pct,B7,full_learned_nonnegative,90,0.9016393442622951,110.0,31.0,111.17260053958402,0.10951077963837812,0.6143931256713212,0.6933486995669859,0.7142362255492913,0.09891750740906814,2.219892237156541,0.12206947259274532,0.11354527305149324,0.09526750050517842
HANCOCK,17,random_cell_dropout_10pct,B7,full_learned_nonnegative,80,0.8032786885245902,98.0,25.0,98.10185740920528,0.09193339388545435,0.5689655172413793,0.641874647745896,0.6510481674639634,-0.15360844363983686,1.2300658048356612,0.12082565555507147,0.09219718073809512,0.08690100812173283
HANCOCK,17,random_cell_dropout_30pct,B2,none,full,1.0,122.0,38.0,121.33108167594078,0.14602695410991687,0.6327979081060889,0.6596807967156807,0.690132279155643,0.36438918326351993,2.6173690173520994,0.1375878183620987,,
HANCOCK,17,random_cell_dropout_30pct,B3,none,full,1.0,122.0,38.0,121.33108167594078,0.13987283186893137,0.6369069854314531,0.6623069306634138,0.6975846012803825,0.36875541456290994,1.4987843719213076,0.14163622339785403,,
HANCOCK,17,random_cell_dropout_30pct,B4,none,full,1.0,122.0,38.0,121.33108167594078,0.13481757066112376,0.6320508031378409,0.7015790321856488,0.7272048636239031,0.4083233939014394,2.542969142747518,0.1332866826706802,,
HANCOCK,17,random_cell_dropout_30pct,B5,none,full,1.0,122.0,38.0,121.33108167594078,0.13346274747104167,0.6880836757564438,0.761096650038557,0.800356419820505,0.4109635427980399,2.950410601724044,0.1348962683451612,,
HANCOCK,17,random_cell_dropout_30pct,B6,none,full,1.0,122.0,38.0,121.33108167594078,0.134123918706723,0.6753828912962271,0.7456441647854946,0.7845441541293828,0.4274680433836131,3.141672472563259,0.13306004304721053,,
HANCOCK,17,random_cell_dropout_30pct,M0,none,full,1.0,122.0,38.0,121.33108167594078,0.14975731069388704,0.613746731415764,0.6564709233564769,0.6685501725522557,0.36121460687925416,17.677787531320302,0.13491842490673261,,
HANCOCK,17,random_cell_dropout_30pct,B7,ood_only,100,1.0,122.0,38.0,121.33108167594078,0.134123918706723,0.6753828912962271,0.7456441647854946,0.7845441541293828,0.4274680433836131,3.141672472563259,0.13306004304721053,0.14602695410991687,0.134123918706723
HANCOCK,17,random_cell_dropout_30pct,B7,ood_only,90,0.9016393442622951,110.0,33.0,108.32042808439553,0.14161120972599106,0.6190713929106341,0.6461381833414561,0.6782926055609434,0.3394404669919425,1.8877692457014361,0.13551885202237057,0.14134650691015552,0.12837577926760563
HANCOCK,17,random_cell_dropout_30pct,B7,ood_only,80,0.8032786885245902,98.0,25.0,96.64965492157674,0.12433287523522918,0.6935123042505593,0.6965677110088188,0.718421864452049,0.16309651593428912,2.953848720872162,0.13520426559131396,0.12466573476304875,0.11659865819689513
HANCOCK,17,random_cell_dropout_30pct,B7,uncertainty_only,100,1.0,122.0,38.0,121.33108167594078,0.134123918706723,0.6753828912962271,0.7456441647854946,0.7845441541293828,0.4274680433836131,3.141672472563259,0.13306004304721053,0.14602695410991687,0.134123918706723
HANCOCK,17,random_cell_dropout_30pct,B7,uncertainty_only,90,0.9016393442622951,110.0,31.0,110.70190715400652,0.12741945905626295,0.6474747474747474,0.7298057706952431,0.7602030989463495,0.3487542531030729,2.995365141494151,0.1219485965734893,0.13405534053778212,0.11945620048092138
HANCOCK,17,random_cell_dropout_30pct,B7,uncertainty_only,80,0.8032786885245902,98.0,27.0,101.07516701876185,0.12122382578349297,0.6559691912708601,0.7483284347556477,0.7592736223628953,0.27376229980856615,3.2839669966697973,0.1135886262383544,0.12298700062444656,0.10816964487236128
HANCOCK,17,random_cell_dropout_30pct,B7,full_equal_weight,100,1.0,122.0,38.0,121.33108167594078,0.134123918706723,0.6753828912962271,0.7456441647854946,0.7845441541293828,0.4274680433836131,3.141672472563259,0.13306004304721053,0.14602695410991687,0.134123918706723
HANCOCK,17,random_cell_dropout_30pct,B7,full_equal_weight,90,0.9016393442622951,110.0,31.0,109.98828504074395,0.11568503590137784,0.662891046386192,0.7522225646142643,0.7798796375065224,0.21214266796856565,2.961793109358115,0.12160805669633713,0.11980739499354617,0.10978287429875552
HANCOCK,17,random_cell_dropout_30pct,B7,full_equal_weight,80,0.8032786885245902,98.0,28.0,100.11459802240468,0.11388080819517428,0.6448160535117057,0.745467907917413,0.7612015705482975,0.17129758630590722,2.526222885698238,0.1169198316629613,0.11554451748185364,0.10721751954656665
HANCOCK,17,random_cell_dropout_30pct,B7,full_learned_nonnegative,100,1.0,122.0,38.0,121.33108167594078,0.134123918706723,0.6753828912962271,0.7456441647854946,0.7845441541293828,0.4274680433836131,3.141672472563259,0.13306004304721053,0.14602695410991687,0.134123918706723
HANCOCK,17,random_cell_dropout_30pct,B7,full_learned_nonnegative,90,0.9016393442622951,110.0,31.0,111.17260053958402,0.1086567303675745,0.6353383458646616,0.7225082978019708,0.7513051239680552,0.10071980022460794,2.7628583084441005,0.12280968310937626,0.11354527305149324,0.10082640453157023
HANCOCK,17,random_cell_dropout_30pct,B7,full_learned_nonnegative,80,0.8032786885245902,98.0,25.0,98.10185740920528,0.08882045960506334,0.6206896551724138,0.7249763401091831,0.7404974971121003,-0.15767075371277545,2.274555551511236,0.12067176529216296,0.09219718073809512,0.0868849360922165
HANCOCK,17,measurement_noise_0.5sd,B2,none,full,1.0,122.0,38.0,121.33108167594078,0.14602695410991687,0.6327979081060889,0.6596807967156807,0.690132279155643,0.36438918326351993,2.6173690173520994,0.1375878183620987,,
HANCOCK,17,measurement_noise_0.5sd,B3,none,full,1.0,122.0,38.0,121.33108167594078,0.13987283186893137,0.6369069854314531,0.6623069306634138,0.6975846012803825,0.36875541456290994,1.4987843719213076,0.14163622339785403,,
HANCOCK,17,measurement_noise_0.5sd,B4,none,full,1.0,122.0,38.0,121.33108167594078,0.12936639417109586,0.614493836384012,0.6805724065602842,0.6966267192904654,0.31215850829613945,1.6306961581785697,0.1496133684766694,,
HANCOCK,17,measurement_noise_0.5sd,B5,none,full,1.0,122.0,38.0,121.33108167594078,0.12771972952690355,0.6675382891296228,0.7378657358712323,0.7681680356404487,0.30863272905455175,1.8430991929448104,0.1515619364016178,,
HANCOCK,17,measurement_noise_0.5sd,B6,none,full,1.0,122.0,38.0,121.33108167594078,0.12875536222936831,0.6626821068360105,0.7332501514616904,0.7679370561337308,0.3283966959393376,1.8903096937511297,0.14911751878844617,,
HANCOCK,17,measurement_noise_0.5sd,M0,none,full,1.0,122.0,38.0,121.33108167594078,0.14975731069388704,0.613746731415764,0.6564709233564769,0.6685501725522557,0.36121460687925416,17.677787531320302,0.13491842490673261,,
HANCOCK,17,measurement_noise_0.5sd,B7,ood_only,100,1.0,122.0,38.0,121.33108167594078,0.12875536222936831,0.6626821068360105,0.7332501514616904,0.7679370561337308,0.3283966959393376,1.8903096937511297,0.14911751878844617,0.14602695410991687,0.12875536222936831
HANCOCK,17,measurement_noise_0.5sd,B7,ood_only,90,0.9016393442622951,110.0,33.0,108.32042808439553,0.13810486094212263,0.6275586620069895,0.6664122135805455,0.6860382344123634,0.3668091418175091,1.3749188106406687,0.13431953431226012,0.14134650691015552,0.12333470798167935
HANCOCK,17,measurement_noise_0.5sd,B7,ood_only,80,0.8032786885245902,98.0,25.0,96.64965492157674,0.1257242512232973,0.6442953020134228,0.6661409375827438,0.6806838448692913,0.18286244927035525,1.3845916883985852,0.132906083994797,0.12466573476304875,0.11486844566749971
HANCOCK,17,measurement_noise_0.5sd,B7,uncertainty_only,100,1.0,122.0,38.0,121.33108167594078,0.12875536222936831,0.6626821068360105,0.7332501514616904,0.7679370561337308,0.3283966959393376,1.8903096937511297,0.14911751878844617,0.14602695410991687,0.12875536222936831
HANCOCK,17,measurement_noise_0.5sd,B7,uncertainty_only,90,0.9016393442622951,110.0,31.0,110.70190715400652,0.13419456417127976,0.6025252525252526,0.6625959988598388,0.6693220753526803,0.37012305747220065,1.4447625324802054,0.11671044796491692,0.13405534053778212,0.11242364113500108
HANCOCK,17,measurement_noise_0.5sd,B7,uncertainty_only,80,0.8032786885245902,98.0,27.0,101.07516701876185,0.12176554507869193,0.6521181001283697,0.7329578903521017,0.7249777733880504,0.2770448959498399,2.62438980455162,0.10998017558883087,0.12298700062444656,0.10604736509763033
HANCOCK,17,measurement_noise_0.5sd,B7,full_equal_weight,100,1.0,122.0,38.0,121.33108167594078,0.13327693224877812,0.6529697422487859,0.7211187745399326,0.7571778391148325,0.35532063295211785,1.829434998138515,0.14585741193527818,0.14602695410991687,0.12875536222936831
HANCOCK,17,measurement_noise_0.5sd,B7,full_equal_weight,90,0.9016393442622951,110.0,31.0,109.98828504074395,0.12191119047206524,0.6024811218985976,0.6580225405462367,0.6670291490029997,0.1800356979222705,1.0220160211788132,0.12429162259399523,0.11980739499354617,0.10635700031542211
HANCOCK,17,measurement_noise_0.5sd,B7,full_equal_weight,80,0.8032786885245902,98.0,28.0,100.11459802240468,0.1167583754976736,0.5846153846153846,0.6587924202150668,0.6621208971863973,0.1680049571296872,1.1897990485521401,0.11551578838701365,0.11554451748185364,0.10717089849461264
HANCOCK,17,measurement_noise_0.5sd,B7,full_learned_nonnegative,100,1.0,122.0,38.0,121.33108167594078,0.13327693224877812,0.6529697422487859,0.7211187745399326,0.7571778391148325,0.35532063295211785,1.829434998138515,0.14585741193527818,0.14602695410991687,0.12875536222936831
HANCOCK,17,measurement_noise_0.5sd,B7,full_learned_nonnegative,90,0.9016393442622951,110.0,31.0,111.17260053958402,0.1121587550784973,0.5912996777658431,0.6529510289584439,0.6638280135564721,0.06917571301452993,1.1984702407133518,0.12421422513232766,0.11354527305149324,0.09611721362180693
HANCOCK,17,measurement_noise_0.5sd,B7,full_learned_nonnegative,80,0.8032786885245902,98.0,25.0,98.10185740920528,0.09466792959253663,0.5336990595611285,0.5801595010031412,0.5811972922964701,-0.17758262543904685,0.4145372798727861,0.12101274137264706,0.09219718073809512,0.09072213862933409
HANCOCK,17,location_shift_1sd,B2,none,full,1.0,122.0,38.0,121.33108167594078,0.14602695410991687,0.6327979081060889,0.6596807967156807,0.690132279155643,0.36438918326351993,2.6173690173520994,0.1375878183620987,,
HANCOCK,17,location_shift_1sd,B3,none,full,1.0,122.0,38.0,121.33108167594078,0.13987283186893137,0.6369069854314531,0.6623069306634138,0.6975846012803825,0.36875541456290994,1.4987843719213076,0.14163622339785403,,
HANCOCK,17,location_shift_1sd,B4,none,full,1.0,122.0,38.0,121.33108167594078,0.13061296514725465,0.6283152782966007,0.6829620135154519,0.6954327331548648,0.41838820766152546,1.9613623057996963,0.13652927066813178,,
HANCOCK,17,location_shift_1sd,B5,none,full,1.0,122.0,38.0,121.33108167594078,0.12924943557322705,0.6974224878595443,0.7574678150400482,0.784815960109827,0.42261177150722945,2.4295762549382367,0.13710221629641142,,
HANCOCK,17,location_shift_1sd,B6,none,full,1.0,122.0,38.0,121.33108167594078,0.13032431484469237,0.6817332835263354,0.7459048488953572,0.7762886130606889,0.43716469424756976,2.5059384496557966,0.13535646229955575,,
HANCOCK,17,location_shift_1sd,M0,none,full,1.0,122.0,38.0,121.33108167594078,0.14975731069388704,0.613746731415764,0.6564709233564769,0.6685501725522557,0.36121460687925416,17.677787531320302,0.13491842490673261,,
HANCOCK,17,location_shift_1sd,B7,ood_only,100,1.0,122.0,38.0,121.33108167594078,0.13032431484469237,0.6817332835263354,0.7459048488953572,0.7762886130606889,0.43716469424756976,2.5059384496557966,0.13535646229955575,0.14602695410991687,0.13032431484469237
HANCOCK,17,location_shift_1sd,B7,ood_only,90,0.9016393442622951,110.0,33.0,108.32042808439553,0.14005161526427692,0.6635047428856715,0.6636026454808835,0.6828891719071221,0.42450947790853044,1.7359987200776659,0.12803558862162492,0.14134650691015552,0.1246200918820692
HANCOCK,17,location_shift_1sd,B7,ood_only,80,0.8032786885245902,98.0,25.0,96.64965492157674,0.12249043082599047,0.7255779269202088,0.7496048593301647,0.7744980721180243,0.2502593961783881,3.1405611548826506,0.12573914569292902,0.12466573476304875,0.11361735839200816
HANCOCK,17,location_shift_1sd,B7,uncertainty_only,100,1.0,122.0,38.0,121.33108167594078,0.13032431484469237,0.6817332835263354,0.7459048488953572,0.7762886130606889,0.43716469424756976,2.5059384496557966,0.13535646229955575,0.14602695410991687,0.13032431484469237
HANCOCK,17,location_shift_1sd,B7,uncertainty_only,90,0.9016393442622951,110.0,31.0,110.70190715400652,0.13131539887802,0.6585858585858586,0.7252398249870945,0.7427408136031912,0.41249130614633467,2.4586078674167156,0.11311695659847192,0.13405534053778212,0.11298662247008438
HANCOCK,17,location_shift_1sd,B7,uncertainty_only,80,0.8032786885245902,98.0,27.0,101.07516701876185,0.12164828019486199,0.6765083440308087,0.7619325967379689,0.7711024589478607,0.33160502603115904,3.2691892128150233,0.10626094591297033,0.12298700062444656,0.10561774090710405
HANCOCK,17,location_shift_1sd,B7,full_equal_weight,100,1.0,122.0,38.0,121.33108167594078,0.13032431484469237,0.6817332835263354,0.7459048488953572,0.7762886130606889,0.43716469424756976,2.5059384496557966,0.13535646229955575,0.14602695410991687,0.13032431484469237
HANCOCK,17,location_shift_1sd,B7,full_equal_weight,90,0.9016393442622951,110.0,31.0,109.98828504074395,0.11988042614004585,0.622437971952535,0.6860429052292148,0.7078621731896915,0.24851302231196712,1.7139778937254597,0.11836387149878091,0.11980739499354617,0.10495749047064222
HANCOCK,17,location_shift_1sd,B7,full_equal_weight,80,0.8032786885245902,98.0,28.0,100.11459802240468,0.11587130882814972,0.6327759197324415,0.6899824819862014,0.6967211138430791,0.18478357954529925,1.5478592806299583,0.11566755698936902,0.11554451748185364,0.1051759977973562
HANCOCK,17,location_shift_1sd,B7,full_learned_nonnegative,100,1.0,122.0,38.0,121.33108167594078,0.13032431484469237,0.6817332835263354,0.7459048488953572,0.7762886130606889,0.43716469424756976,2.5059384496557966,0.13535646229955575,0.14602695410991687,0.13032431484469237
HANCOCK,17,location_shift_1sd,B7,full_learned_nonnegative,90,0.9016393442622951,110.0,31.0,111.17260053958402,0.10907519495218261,0.6299677765843179,0.7027601923659583,0.7335035985141499,0.1399194508279919,2.156288549015997,0.11819578522772171,0.11354527305149324,0.0939361592788305
HANCOCK,17,location_shift_1sd,B7,full_learned_nonnegative,80,0.8032786885245902,98.0,25.0,98.10185740920528,0.09198682867375296,0.5799373040752351,0.645402121144068,0.6569771989928395,-0.10808918498081259,1.0533500799727256,0.1161661667933749,0.09219718073809512,0.08636730630331818
HANCOCK,17,row_permutation_negative_control,B2,none,full,1.0,122.0,38.0,121.33108167594078,0.14602695410991687,0.6327979081060889,0.6596807967156807,0.690132279155643,0.36438918326351993,2.6173690173520994,0.1375878183620987,,
HANCOCK,17,row_permutation_negative_control,B3,none,full,1.0,122.0,38.0,121.33108167594078,0.13987283186893137,0.6369069854314531,0.6623069306634138,0.6975846012803825,0.36875541456290994,1.4987843719213076,0.14163622339785403,,
HANCOCK,17,row_permutation_negative_control,B4,none,full,1.0,122.0,38.0,121.33108167594078,0.14434645417355532,0.6021666044079194,0.6590625775345293,0.6685296601938713,0.29787059527660914,0.8678467813500256,0.14269404760728965,,
HANCOCK,17,row_permutation_negative_control,B5,none,full,1.0,122.0,38.0,121.33108167594078,0.13894122488374883,0.6559581621217782,0.7131134168629645,0.7334570205188385,0.2954948884534575,1.2191066527873613,0.1439608181008329,,
HANCOCK,17,row_permutation_negative_control,B6,none,full,1.0,122.0,38.0,121.33108167594078,0.13954737927246044,0.6567052670900262,0.7158293181427633,0.7400108526961201,0.3191141659587374,1.2815879420581722,0.1417281895467638,,
HANCOCK,17,row_permutation_negative_control,M0,none,full,1.0,122.0,38.0,121.33108167594078,0.14975731069388704,0.613746731415764,0.6564709233564769,0.6685501725522557,0.36121460687925416,17.677787531320302,0.13491842490673261,,
HANCOCK,17,row_permutation_negative_control,B7,ood_only,100,1.0,122.0,38.0,121.33108167594078,0.13954737927246044,0.6567052670900262,0.7158293181427633,0.7400108526961201,0.3191141659587374,1.2815879420581722,0.1417281895467638,0.14602695410991687,0.13954737927246044
HANCOCK,17,row_permutation_negative_control,B7,ood_only,90,0.9016393442622951,110.0,33.0,108.32042808439553,0.1357674728035718,0.618572141787319,0.6674754291982454,0.6948335696952221,0.359332479624105,1.7521565438982092,0.13223460339706,0.14134650691015552,0.1349698026560799
HANCOCK,17,row_permutation_negative_control,B7,ood_only,80,0.8032786885245902,98.0,25.0,96.64965492157674,0.12147457929744614,0.6562266964951529,0.7149269315257535,0.7249384149137139,0.1805938815423838,2.014471647127221,0.1296165719731385,0.12466573476304875,0.1218871520819701
HANCOCK,17,row_permutation_negative_control,B7,uncertainty_only,100,1.0,122.0,38.0,121.33108167594078,0.13954737927246044,0.6567052670900262,0.7158293181427633,0.7400108526961201,0.3191141659587374,1.2815879420581722,0.1417281895467638,0.14602695410991687,0.13954737927246044
HANCOCK,17,row_permutation_negative_control,B7,uncertainty_only,90,0.9016393442622951,110.0,31.0,110.70190715400652,0.13305353936878425,0.6181818181818182,0.6722301736900069,0.6909463648145049,0.3427335628187349,1.6312911442489602,0.11922045755448181,0.13405534053778212,0.125682226546876
HANCOCK,17,row_permutation_negative_control,B7,uncertainty_only,80,0.8032786885245902,98.0,27.0,101.07516701876185,0.12060148326404933,0.6777920410783055,0.7403755011196055,0.7563660674540126,0.27352823767263507,3.5800038251600683,0.11187337212821491,0.12298700062444656,0.11308679087572901
HANCOCK,17,row_permutation_negative_control,B7,full_equal_weight,100,1.0,122.0,38.0,121.33108167594078,0.13725452427349838,0.6641763167725065,0.7245230199237136,0.7506711713893355,0.3490231863582566,1.5782532132991405,0.13869581987259547,0.14602695410991687,0.13954737927246044
HANCOCK,17,row_permutation_negative_control,B7,full_equal_weight,90,0.9016393442622951,110.0,31.0,109.98828504074395,0.11643929210249267,0.63915857605178,0.7177181999629706,0.7298139821145544,0.14815270455313037,1.9661393451218478,0.12463747619669054,0.11980739499354617,0.11342492871365296
HANCOCK,17,row_permutation_negative_control,B7,full_equal_weight,80,0.8032786885245902,98.0,28.0,100.11459802240468,0.11374368576238711,0.6361204013377927,0.7172945586071308,0.7228206489164916,0.13715096047256334,2.462685934209581,0.11760448923319686,0.11554451748185364,0.10866330141381653
HANCOCK,17,row_permutation_negative_control,B7,full_learned_nonnegative,100,1.0,122.0,38.0,121.33108167594078,0.13725452427349838,0.6641763167725065,0.7245230199237136,0.7506711713893355,0.3490231863582566,1.5782532132991405,0.13869581987259547,0.14602695410991687,0.13954737927246044
HANCOCK,17,row_permutation_negative_control,B7,full_learned_nonnegative,90,0.9016393442622951,110.0,31.0,111.17260053958402,0.10839571336798036,0.6288936627282492,0.7026765307778666,0.721032902264842,0.09492008369957265,2.4072129727389657,0.12029787652633794,0.11354527305149324,0.10395110921211617
HANCOCK,17,row_permutation_negative_control,B7,full_learned_nonnegative,80,0.8032786885245902,98.0,25.0,98.10185740920528,0.08946176830023897,0.6496865203761756,0.7186988311974418,0.7222516071177962,-0.14861226663451288,2.2749014044890634,0.1171696868558902,0.09219718073809512,0.08945040440740078
HANCOCK,17,complete_modality_dropout,B2,none,full,1.0,122.0,38.0,121.33108167594078,0.14602695410991687,0.6327979081060889,0.6596807967156807,0.690132279155643,0.36438918326351993,2.6173690173520994,0.1375878183620987,,
HANCOCK,17,complete_modality_dropout,B3,none,full,1.0,122.0,38.0,121.33108167594078,0.13987283186893137,0.6369069854314531,0.6623069306634138,0.6975846012803825,0.36875541456290994,1.4987843719213076,0.14163622339785403,,
HANCOCK,17,complete_modality_dropout,B4,none,full,1.0,122.0,38.0,121.33108167594078,0.15268433175689758,0.5,0.5,0.5,0.49896717458990153,,0.11972701451852957,,
HANCOCK,17,complete_modality_dropout,B5,none,full,1.0,122.0,38.0,121.33108167594078,0.1486240497117304,0.6283152782966007,0.6552151311278934,0.6791875817887421,0.4873609187176282,2.7178406803373583,0.12281535436635332,,
HANCOCK,17,complete_modality_dropout,B6,none,full,1.0,122.0,38.0,121.33108167594078,0.14896624760327482,0.6327979081060889,0.6596807967156807,0.690132279155643,0.5009225173604228,3.2890663792918553,0.12163891977899675,,
HANCOCK,17,complete_modality_dropout,M0,none,full,1.0,122.0,38.0,121.33108167594078,0.14975731069388704,0.613746731415764,0.6564709233564769,0.6685501725522557,0.36121460687925416,17.677787531320302,0.13491842490673261,,
HANCOCK,17,complete_modality_dropout,B7,ood_only,100,1.0,122.0,38.0,121.33108167594078,0.14602695410991687,0.6327979081060889,0.6596807967156807,0.690132279155643,0.36438918326351993,2.6173690173520994,0.1375878183620987,0.14602695410991687,0.14896624760327482
HANCOCK,17,complete_modality_dropout,B7,ood_only,90,0.9016393442622951,110.0,33.0,108.32042808439553,0.14134650691015552,0.6320519221168248,0.6400677379377387,0.6727835353588173,0.32528710528317845,2.1468581870143426,0.1371033341393475,0.14134650691015552,0.14361131884710315
HANCOCK,17,complete_modality_dropout,B7,ood_only,80,0.8032786885245902,98.0,25.0,96.64965492157674,0.12466573476304875,0.6868008948545862,0.6872561652369293,0.7077462613009158,0.15431795455961225,2.612158643971253,0.13612084749748274,0.12466573476304875,0.12642320518491804
HANCOCK,17,complete_modality_dropout,B7,uncertainty_only,100,1.0,122.0,38.0,121.33108167594078,0.14602695410991687,0.6327979081060889,0.6596807967156807,0.690132279155643,0.36438918326351993,2.6173690173520994,0.1375878183620987,0.14602695410991687,0.14896624760327482
HANCOCK,17,complete_modality_dropout,B7,uncertainty_only,90,0.9016393442622951,110.0,31.0,110.70190715400652,0.13405534053778212,0.602020202020202,0.6353660662260963,0.6563354426149034,0.2570905711364539,2.7138592331104436,0.13069981658467972,0.13405534053778212,0.13571012979208413
HANCOCK,17,complete_modality_dropout,B7,uncertainty_only,80,0.8032786885245902,98.0,27.0,101.07516701876185,0.12298700062444656,0.6354300385109114,0.671931167928583,0.6790918800795713,0.1311938910377246,3.6144309297972437,0.12808191302000524,0.12298700062444656,0.12425130509293586
HANCOCK,17,complete_modality_dropout,B7,full_equal_weight,100,1.0,122.0,38.0,121.33108167594078,0.14602695410991687,0.6327979081060889,0.6596807967156807,0.690132279155643,0.36438918326351993,2.6173690173520994,0.1375878183620987,0.14602695410991687,0.14896624760327482
HANCOCK,17,complete_modality_dropout,B7,full_equal_weight,90,0.9016393442622951,110.0,31.0,109.98828504074395,0.11980739499354617,0.6423948220064725,0.6749882547349442,0.6909488791516136,0.08935543639786507,2.500960738840123,0.13457630678635069,0.11980739499354617,0.12113075153683833
HANCOCK,17,complete_modality_dropout,B7,full_equal_weight,80,0.8032786885245902,98.0,28.0,100.11459802240468,0.11554451748185364,0.631438127090301,0.6763407428777901,0.6810051171683412,0.03936192681307958,2.8504092001449735,0.13041452970798834,0.11554451748185364,0.11650171743227916
HANCOCK,17,complete_modality_dropout,B7,full_learned_nonnegative,100,1.0,122.0,38.0,121.33108167594078,0.14602695410991687,0.6327979081060889,0.6596807967156807,0.690132279155643,0.36438918326351993,2.6173690173520994,0.1375878183620987,0.14602695410991687,0.14896624760327482
HANCOCK,17,complete_modality_dropout,B7,full_learned_nonnegative,90,0.9016393442622951,110.0,31.0,111.17260053958402,0.11354527305149324,0.5988184747583244,0.6155671348716358,0.6281306501726167,-0.005820507088984914,1.5698290040004568,0.13292148696752,0.11354527305149324,0.11392398467060727
HANCOCK,17,complete_modality_dropout,B7,full_learned_nonnegative,80,0.8032786885245902,98.0,25.0,98.10185740920528,0.09219718073809512,0.6159874608150471,0.6382548514519071,0.64353849051536,-0.2645629331390821,1.7587460165589541,0.13209737030372593,0.09219718073809512,0.09182191283779192
HANCOCK,17,blood_block_dropout_30pct_rows,B2,none,full,1.0,122.0,38.0,121.33108167594078,0.14602695410991687,0.6327979081060889,0.6596807967156807,0.690132279155643,0.36438918326351993,2.6173690173520994,0.1375878183620987,,
HANCOCK,17,blood_block_dropout_30pct_rows,B3,none,full,1.0,122.0,38.0,121.33108167594078,0.13987283186893137,0.6369069854314531,0.6623069306634138,0.6975846012803825,0.36875541456290994,1.4987843719213076,0.14163622339785403,,
HANCOCK,17,blood_block_dropout_30pct_rows,B4,none,full,1.0,122.0,38.0,121.33108167594078,0.14050976757279862,0.5612626073963392,0.6073521491223535,0.6158699000902754,0.460609570389697,1.651882946294463,0.13374047480323398,,
HANCOCK,17,blood_block_dropout_30pct_rows,B5,none,full,1.0,122.0,38.0,121.33108167594078,0.1383827649046868,0.6585730295106462,0.7201100267583473,0.7435748127590255,0.451890984238469,2.1014217814191007,0.13568511538827974,,
HANCOCK,17,blood_block_dropout_30pct_rows,B6,none,full,1.0,122.0,38.0,121.33108167594078,0.1390406328637676,0.6398954053044452,0.699704131933837,0.7268886792668453,0.4643536477271185,2.1267216787814576,0.13411925439451333,,
HANCOCK,17,blood_block_dropout_30pct_rows,M0,none,full,1.0,122.0,38.0,121.33108167594078,0.14975731069388704,0.613746731415764,0.6564709233564769,0.6685501725522557,0.36121460687925416,17.677787531320302,0.13491842490673261,,
HANCOCK,17,blood_block_dropout_30pct_rows,B7,ood_only,100,1.0,122.0,38.0,121.33108167594078,0.13867020811390332,0.6406425102726934,0.7013211140632927,0.7303000924852093,0.46231687067499694,2.1885026058863253,0.13437662770967232,0.14602695410991687,0.1390406328637676
HANCOCK,17,blood_block_dropout_30pct_rows,B7,ood_only,90,0.9016393442622951,110.0,33.0,108.32042808439553,0.13557947739079962,0.6779830254618073,0.7113005751170723,0.7335963169235621,0.4119120588543773,2.3440409153759227,0.13204154422875766,0.14134650691015552,0.13107007219339192
HANCOCK,17,blood_block_dropout_30pct_rows,B7,ood_only,80,0.8032786885245902,98.0,25.0,96.64965492157674,0.12407552451979105,0.7024608501118568,0.7135623184423008,0.7238453746050391,0.2822916501970469,2.3930320949445605,0.12536630648774805,0.12466573476304875,0.12144953835569594
HANCOCK,17,blood_block_dropout_30pct_rows,B7,uncertainty_only,100,1.0,122.0,38.0,121.33108167594078,0.13867020811390332,0.6406425102726934,0.7013211140632927,0.7303000924852093,0.46231687067499694,2.1885026058863253,0.13437662770967232,0.14602695410991687,0.1390406328637676
HANCOCK,17,blood_block_dropout_30pct_rows,B7,uncertainty_only,90,0.9016393442622951,110.0,31.0,110.70190715400652,0.13348913725313885,0.6095959595959596,0.6745931643465328,0.685450902102594,0.40664412978198833,2.004058059969764,0.1151711175804862,0.13405534053778212,0.12309752528810639
HANCOCK,17,blood_block_dropout_30pct_rows,B7,uncertainty_only,80,0.8032786885245902,98.0,27.0,101.07516701876185,0.12301477153836882,0.6161745827984596,0.6923225698648283,0.6961356823097667,0.3096741217977714,2.6703277189112766,0.109902553778544,0.12298700062444656,0.10979883719311458
HANCOCK,17,blood_block_dropout_30pct_rows,B7,full_equal_weight,100,1.0,122.0,38.0,121.33108167594078,0.14288646508582398,0.633545013074337,0.6924694457123081,0.7231272811392772,0.4868228427857487,2.178055901973026,0.13142059158445363,0.14602695410991687,0.1390406328637676
HANCOCK,17,blood_block_dropout_30pct_rows,B7,full_equal_weight,90,0.9016393442622951,110.0,31.0,109.98828504074395,0.11871580915708099,0.6343042071197411,0.7110368069402472,0.7204455338849804,0.2212897704801625,2.068284587483023,0.1232026221111331,0.11980739499354617,0.11145329454302934
HANCOCK,17,blood_block_dropout_30pct_rows,B7,full_equal_weight,80,0.8032786885245902,98.0,28.0,100.11459802240468,0.11675002013793306,0.5939799331103679,0.6738846135056548,0.6715740054887366,0.19068813024874057,1.3504940593064958,0.11680138412683719,0.11554451748185364,0.1056515657113753
HANCOCK,17,blood_block_dropout_30pct_rows,B7,full_learned_nonnegative,100,1.0,122.0,38.0,121.33108167594078,0.14288646508582398,0.633545013074337,0.6924694457123081,0.7231272811392772,0.4868228427857487,2.178055901973026,0.13142059158445363,0.14602695410991687,0.1390406328637676
HANCOCK,17,blood_block_dropout_30pct_rows,B7,full_learned_nonnegative,90,0.9016393442622951,110.0,31.0,111.17260053958402,0.11349736479421275,0.5730397422126745,0.6252575844129862,0.6368114219441692,0.1445697007056643,1.196263931363966,0.11896864903346324,0.11354527305149324,0.10399663153871574
HANCOCK,17,blood_block_dropout_30pct_rows,B7,full_learned_nonnegative,80,0.8032786885245902,98.0,25.0,98.10185740920528,0.09253482410732931,0.5454545454545454,0.6083958588628631,0.6094312049789021,-0.12088950879878702,0.8012977198189329,0.11860031589548563,0.09219718073809512,0.08755610544850216
HANCOCK,17,tma_block_dropout_30pct_rows,B2,none,full,1.0,122.0,38.0,121.33108167594078,0.14602695410991687,0.6327979081060889,0.6596807967156807,0.690132279155643,0.36438918326351993,2.6173690173520994,0.1375878183620987,,
HANCOCK,17,tma_block_dropout_30pct_rows,B3,none,full,1.0,122.0,38.0,121.33108167594078,0.13987283186893137,0.6369069854314531,0.6623069306634138,0.6975846012803825,0.36875541456290994,1.4987843719213076,0.14163622339785403,,
HANCOCK,17,tma_block_dropout_30pct_rows,B4,none,full,1.0,122.0,38.0,121.33108167594078,0.1282837863547992,0.6230855435188644,0.686164205577867,0.6979444768458529,0.34943030954675713,2.025616903471855,0.14416469895407774,,
HANCOCK,17,tma_block_dropout_30pct_rows,B5,none,full,1.0,122.0,38.0,121.33108167594078,0.12669850832325616,0.6906985431453119,0.7588804888787042,0.7850972813457686,0.34551522482181335,2.452749050367505,0.14570263110862264,,
HANCOCK,17,tma_block_dropout_30pct_rows,B6,none,full,1.0,122.0,38.0,121.33108167594078,0.12784830401283973,0.6813597310422115,0.7506317299969505,0.7817050786709133,0.36417400609729356,2.5355811729868614,0.1434621032928587,,
HANCOCK,17,tma_block_dropout_30pct_rows,M0,none,full,1.0,122.0,38.0,121.33108167594078,0.14975731069388704,0.613746731415764,0.6564709233564769,0.6685501725522557,0.36121460687925416,17.677787531320302,0.13491842490673261,,
HANCOCK,17,tma_block_dropout_30pct_rows,B7,ood_only,100,1.0,122.0,38.0,121.33108167594078,0.12800096939557623,0.6765035487485992,0.7460150397115848,0.7760460431268491,0.3582863340227968,2.518182334616955,0.14410412960575777,0.14602695410991687,0.12784830401283973
HANCOCK,17,tma_block_dropout_30pct_rows,B7,ood_only,90,0.9016393442622951,110.0,33.0,108.32042808439553,0.13533194545533847,0.6794807788317524,0.7141967242722649,0.7333520197016042,0.364685059033665,2.3017463432321055,0.13310511694994984,0.14134650691015552,0.12232387411434195
HANCOCK,17,tma_block_dropout_30pct_rows,B7,ood_only,80,0.8032786885245902,98.0,25.0,96.64965492157674,0.12317879572023413,0.7106636838180462,0.7139082757698612,0.7305428063915014,0.22166496335141644,2.5178969161706024,0.1314326259199721,0.12466573476304875,0.11163711592816974
HANCOCK,17,tma_block_dropout_30pct_rows,B7,uncertainty_only,100,1.0,122.0,38.0,121.33108167594078,0.12800096939557623,0.6765035487485992,0.7460150397115848,0.7760460431268491,0.3582863340227968,2.518182334616955,0.14410412960575777,0.14602695410991687,0.12784830401283973
HANCOCK,17,tma_block_dropout_30pct_rows,B7,uncertainty_only,90,0.9016393442622951,110.0,31.0,110.70190715400652,0.13130178581000804,0.6217171717171717,0.6840961858659265,0.6952732499449126,0.34429489325727447,2.0155762018345027,0.11986963339285597,0.13405534053778212,0.1109790562264283
HANCOCK,17,tma_block_dropout_30pct_rows,B7,uncertainty_only,80,0.8032786885245902,98.0,27.0,101.07516701876185,0.12306587913877097,0.6187419768934531,0.693500341200568,0.6949064057460969,0.26537136316599463,2.091639763484688,0.11253469766968169,0.12298700062444656,0.10373760883035595
HANCOCK,17,tma_block_dropout_30pct_rows,B7,full_equal_weight,100,1.0,122.0,38.0,121.33108167594078,0.1322172263674969,0.6671647366454987,0.7343464403123384,0.7652868261079508,0.38285066792237077,2.4817219970117375,0.14114809348053908,0.14602695410991687,0.12784830401283973
HANCOCK,17,tma_block_dropout_30pct_rows,B7,full_equal_weight,90,0.9016393442622951,110.0,31.0,109.98828504074395,0.12071703041348059,0.6051779935275081,0.6654754308213356,0.6767185405370392,0.19021851671331175,1.4442128428845487,0.1250696463691335,0.11980739499354617,0.10357504486550631
HANCOCK,17,tma_block_dropout_30pct_rows,B7,full_equal_weight,80,0.8032786885245902,98.0,28.0,100.11459802240468,0.11597812049965826,0.6053511705685619,0.6786999962986224,0.6781826299759096,0.16101103484539253,1.5521412548041067,0.11861157939879967,0.11554451748185364,0.10385962379596626
HANCOCK,17,tma_block_dropout_30pct_rows,B7,full_learned_nonnegative,100,1.0,122.0,38.0,121.33108167594078,0.1322172263674969,0.6671647366454987,0.7343464403123384,0.7652868261079508,0.38285066792237077,2.4817219970117375,0.14114809348053908,0.14602695410991687,0.12784830401283973
HANCOCK,17,tma_block_dropout_30pct_rows,B7,full_learned_nonnegative,90,0.9016393442622951,110.0,31.0,111.17260053958402,0.11065159573916665,0.592373791621912,0.6545602468155265,0.6713210252625341,0.08273437497433392,1.684439796180526,0.12367004536270314,0.11354527305149324,0.0925049520059926
HANCOCK,17,tma_block_dropout_30pct_rows,B7,full_learned_nonnegative,80,0.8032786885245902,98.0,25.0,98.10185740920528,0.09262405413184772,0.5587774294670846,0.6172669498965828,0.6195655403416018,-0.1465691263844138,0.8418946495486616,0.1199845976807048,0.09219718073809512,0.08570322104411925
HANCOCK,17,blood_and_tma_dropout_30pct_rows,B2,none,full,1.0,122.0,38.0,121.33108167594078,0.14602695410991687,0.6327979081060889,0.6596807967156807,0.690132279155643,0.36438918326351993,2.6173690173520994,0.1375878183620987,,
HANCOCK,17,blood_and_tma_dropout_30pct_rows,B3,none,full,1.0,122.0,38.0,121.33108167594078,0.13987283186893137,0.6369069854314531,0.6623069306634138,0.6975846012803825,0.36875541456290994,1.4987843719213076,0.14163622339785403,,
HANCOCK,17,blood_and_tma_dropout_30pct_rows,B4,none,full,1.0,122.0,38.0,121.33108167594078,0.13587244579753535,0.5642510272693313,0.6065619324543394,0.6201034302918896,0.40484773377595656,1.9376433190052635,0.13794559905326703,,
HANCOCK,17,blood_and_tma_dropout_30pct_rows,B5,none,full,1.0,122.0,38.0,121.33108167594078,0.1322910479258745,0.6600672394471423,0.7189677786823235,0.7518576306306064,0.39162128306677013,2.374942766971997,0.14053483366860725,,
HANCOCK,17,blood_and_tma_dropout_30pct_rows,B6,none,full,1.0,122.0,38.0,121.33108167594078,0.13305661429636928,0.6481135599551737,0.710355049277456,0.7460678444824577,0.4093755669346933,2.596958484050246,0.13836860497664508,,
HANCOCK,17,blood_and_tma_dropout_30pct_rows,M0,none,full,1.0,122.0,38.0,121.33108167594078,0.14975731069388704,0.613746731415764,0.6564709233564769,0.6685501725522557,0.36121460687925416,17.677787531320302,0.13491842490673261,,
HANCOCK,17,blood_and_tma_dropout_30pct_rows,B7,ood_only,100,1.0,122.0,38.0,121.33108167594078,0.13088651001750665,0.6578259245423982,0.7256252790915488,0.766356602481684,0.36797021133499963,2.902933836604232,0.14300325977280887,0.14602695410991687,0.13305661429636928
HANCOCK,17,blood_and_tma_dropout_30pct_rows,B7,ood_only,90,0.9016393442622951,110.0,33.0,108.32042808439553,0.13599831677787635,0.6655017473789316,0.6961446543365784,0.7293870935138713,0.36649382081169024,2.6686824127716613,0.13516251852099131,0.14134650691015552,0.12579985734439997
HANCOCK,17,blood_and_tma_dropout_30pct_rows,B7,ood_only,80,0.8032786885245902,98.0,25.0,96.64965492157674,0.12519783790268138,0.6584638329604773,0.666971626140801,0.6935924825806764,0.22731145468275923,2.1812151914057423,0.12924394313684812,0.12466573476304875,0.11621291602760787
HANCOCK,17,blood_and_tma_dropout_30pct_rows,B7,uncertainty_only,100,1.0,122.0,38.0,121.33108167594078,0.13088651001750665,0.6578259245423982,0.7256252790915488,0.766356602481684,0.36797021133499963,2.902933836604232,0.14300325977280887,0.14602695410991687,0.13305661429636928
HANCOCK,17,blood_and_tma_dropout_30pct_rows,B7,uncertainty_only,90,0.9016393442622951,110.0,31.0,110.70190715400652,0.13312042518062456,0.5974747474747475,0.6609750444354704,0.6878345258849367,0.3446424207544748,2.3783876429583524,0.12090315782379946,0.13405534053778212,0.11771523848932958
HANCOCK,17,blood_and_tma_dropout_30pct_rows,B7,uncertainty_only,80,0.8032786885245902,98.0,27.0,101.07516701876185,0.12309448166516099,0.6155327342747111,0.6903405364682552,0.6959159848097277,0.23585408404106323,2.5980732300108076,0.11591641628161461,0.12298700062444656,0.11089735320132922
HANCOCK,17,blood_and_tma_dropout_30pct_rows,B7,full_equal_weight,100,1.0,122.0,38.0,121.33108167594078,0.1351027669894273,0.6492342174075457,0.7148996269909993,0.7579883225780965,0.3923301984474829,2.899523468642333,0.14004722364759017,0.14602695410991687,0.13305661429636928
HANCOCK,17,blood_and_tma_dropout_30pct_rows,B7,full_equal_weight,90,0.9016393442622951,110.0,31.0,109.98828504074395,0.11995581482881772,0.6094929881337648,0.67269278877988,0.6965651344287361,0.17527603847021228,1.9246796269767443,0.12660372007060433,0.11980739499354617,0.10625345552220632
HANCOCK,17,blood_and_tma_dropout_30pct_rows,B7,full_equal_weight,80,0.8032786885245902,98.0,28.0,100.11459802240468,0.11561324371486117,0.5993311036789297,0.6788407450768232,0.6887124826372308,0.14233626791969872,2.1380402849489752,0.1216364807819261,0.11554451748185364,0.106816773330386
HANCOCK,17,blood_and_tma_dropout_30pct_rows,B7,full_learned_nonnegative,100,1.0,122.0,38.0,121.33108167594078,0.1351027669894273,0.6492342174075457,0.7148996269909993,0.7579883225780965,0.3923301984474829,2.899523468642333,0.14004722364759017,0.14602695410991687,0.13305661429636928
HANCOCK,17,blood_and_tma_dropout_30pct_rows,B7,full_learned_nonnegative,90,0.9016393442622951,110.0,31.0,111.17260053958402,0.1134729043286775,0.5730397422126745,0.6249563054570291,0.6406115528407123,0.08943801526764185,1.3078885812009262,0.12411262887088283,0.11354527305149324,0.09879965456530006
HANCOCK,17,blood_and_tma_dropout_30pct_rows,B7,full_learned_nonnegative,80,0.8032786885245902,98.0,25.0,98.10185740920528,0.09249394210261414,0.5556426332288401,0.6120060890163,0.6196007930591616,-0.17140072978223997,0.9069547525542739,0.1234144360929591,0.09219718073809512,0.08863836783472648
HANCOCK,17,oropharynx_targeted_tma_dropout,B2,none,full,1.0,122.0,38.0,121.33108167594078,0.14602695410991687,0.6327979081060889,0.6596807967156807,0.690132279155643,0.36438918326351993,2.6173690173520994,0.1375878183620987,,
HANCOCK,17,oropharynx_targeted_tma_dropout,B3,none,full,1.0,122.0,38.0,121.33108167594078,0.13987283186893137,0.6369069854314531,0.6623069306634138,0.6975846012803825,0.36875541456290994,1.4987843719213076,0.14163622339785403,,
HANCOCK,17,oropharynx_targeted_tma_dropout,B4,none,full,1.0,122.0,38.0,121.33108167594078,0.1292413664339719,0.6305565932013448,0.6881443373855551,0.7017545451090851,0.36540496791566307,1.9631472422651763,0.1426940476072896,,
HANCOCK,17,oropharynx_targeted_tma_dropout,B5,none,full,1.0,122.0,38.0,121.33108167594078,0.12758256695847323,0.6948076204706761,0.7594409222124383,0.7872786501162948,0.36245565346604275,2.421428292211717,0.14414376102975188,,
HANCOCK,17,oropharynx_targeted_tma_dropout,B6,none,full,1.0,122.0,38.0,121.33108167594078,0.12871629577667043,0.6847217033993276,0.7516647493443939,0.7829538859708781,0.3796142444346632,2.496172320944543,0.14205010560600445,,
HANCOCK,17,oropharynx_targeted_tma_dropout,M0,none,full,1.0,122.0,38.0,121.33108167594078,0.14975731069388704,0.613746731415764,0.6564709233564769,0.6685501725522557,0.36121460687925416,17.677787531320302,0.13491842490673261,,
HANCOCK,17,oropharynx_targeted_tma_dropout,B7,ood_only,100,1.0,122.0,38.0,121.33108167594078,0.12871629577667043,0.6847217033993276,0.7516647493443939,0.7829538859708781,0.3796142444346632,2.496172320944543,0.14205010560600445,0.14602695410991687,0.12871629577667043
HANCOCK,17,oropharynx_targeted_tma_dropout,B7,ood_only,90,0.9016393442622951,110.0,33.0,108.32042808439553,0.13508554657672106,0.6884672990514229,0.7206287702881172,0.7412179315724058,0.37936563679639634,2.3148861014996216,0.1340655578847073,0.14134650691015552,0.12319429146678088
HANCOCK,17,oropharynx_targeted_tma_dropout,B7,ood_only,80,0.8032786885245902,98.0,25.0,96.64965492157674,0.12357132936674785,0.7099179716629381,0.7097052355671848,0.7301967125309005,0.24145977343955163,2.3643483463703268,0.12942508498602417,0.12466573476304875,0.11260937631562232
HANCOCK,17,oropharynx_targeted_tma_dropout,B7,uncertainty_only,100,1.0,122.0,38.0,121.33108167594078,0.12871629577667043,0.6847217033993276,0.7516647493443939,0.7829538859708781,0.3796142444346632,2.496172320944543,0.14205010560600445,0.14602695410991687,0.12871629577667043
HANCOCK,17,oropharynx_targeted_tma_dropout,B7,uncertainty_only,90,0.9016393442622951,110.0,31.0,110.70190715400652,0.13162474342835276,0.6404040404040404,0.7046643728140253,0.7189577755572112,0.36702415429485313,2.131021719561487,0.11772247203420726,0.13405534053778212,0.11162625572629892
HANCOCK,17,oropharynx_targeted_tma_dropout,B7,uncertainty_only,80,0.8032786885245902,98.0,27.0,101.07516701876185,0.12238183608637558,0.641206675224647,0.7206651578117328,0.7262875027439777,0.28731636060198895,2.6212846174303643,0.11041977487345574,0.12298700062444656,0.10449048488581487
HANCOCK,17,oropharynx_targeted_tma_dropout,B7,full_equal_weight,100,1.0,122.0,38.0,121.33108167594078,0.1329325527485911,0.6757564437803512,0.7404589274676587,0.7727924032308074,0.4042891674038696,2.4678920972010148,0.1390940694807858,0.14602695410991687,0.12871629577667043
HANCOCK,17,oropharynx_targeted_tma_dropout,B7,full_equal_weight,90,0.9016393442622951,110.0,31.0,109.98828504074395,0.11952358652100646,0.622437971952535,0.6875944944776541,0.7035607009164697,0.20785156831931118,1.7192310164544153,0.1233497613347148,0.11980739499354617,0.10402893518106876
HANCOCK,17,oropharynx_targeted_tma_dropout,B7,full_equal_weight,80,0.8032786885245902,98.0,28.0,100.11459802240468,0.11553437941688985,0.6287625418060201,0.7069148311807503,0.7113803045688276,0.18216377976078296,1.7519488626350477,0.11609537353972098,0.11554451748185364,0.10437331571774416
HANCOCK,17,oropharynx_targeted_tma_dropout,B7,full_learned_nonnegative,100,1.0,122.0,38.0,121.33108167594078,0.1329325527485911,0.6757564437803512,0.7404589274676587,0.7727924032308074,0.4042891674038696,2.4678920972010148,0.1390940694807858,0.14602695410991687,0.12871629577667043
HANCOCK,17,oropharynx_targeted_tma_dropout,B7,full_learned_nonnegative,90,0.9016393442622951,110.0,31.0,111.17260053958402,0.11224167572783701,0.6041890440386681,0.6609422452194809,0.6762974518622193,0.11571825102130298,1.4915749932179811,0.12056884688395979,0.11354527305149324,0.09309171733875092
HANCOCK,17,oropharynx_targeted_tma_dropout,B7,full_learned_nonnegative,80,0.8032786885245902,98.0,25.0,98.10185740920528,0.0921008470381794,0.5815047021943573,0.6449504954243649,0.6503688780689332,-0.12867649871508804,1.0408997741615014,0.11826424316266837,0.09219718073809512,0.08622502583607289
HANCOCK,29,clean,B2,none,full,1.0,122.0,38.0,121.33108167594078,0.14602695410991687,0.6327979081060889,0.6596807967156807,0.690132279155643,0.36438918326351993,2.6173690173520994,0.1375878183620987,,
HANCOCK,29,clean,B3,none,full,1.0,122.0,38.0,121.33108167594078,0.1395186818994406,0.6574523720582742,0.6868113799857128,0.7244082215010708,0.3788492547515765,1.4631735363863188,0.14069947941013589,,
HANCOCK,29,clean,B4,none,full,1.0,122.0,38.0,121.33108167594078,0.1292413664339719,0.6305565932013448,0.6881443373855551,0.7017545451090851,0.36540496791566307,1.9631472422651763,0.1426940476072896,,
HANCOCK,29,clean,B5,none,full,1.0,122.0,38.0,121.33108167594078,0.12758256695847323,0.6948076204706761,0.7594409222124383,0.7872786501162948,0.36245565346604275,2.421428292211717,0.14414376102975188,,
HANCOCK,29,clean,B6,none,full,1.0,122.0,38.0,121.33108167594078,0.12901263708020372,0.6791184161374673,0.7455529585158549,0.7736658467381642,0.3773164848729753,2.510253846672697,0.14189785545107064,,
HANCOCK,29,clean,M0,none,full,1.0,122.0,38.0,121.33108167594078,0.14975731069388704,0.613746731415764,0.6564709233564769,0.6685501725522557,0.36121460687925416,17.677787531320302,0.13491842490673261,,
HANCOCK,29,clean,B7,ood_only,100,1.0,122.0,38.0,121.33108167594078,0.12901263708020372,0.6791184161374673,0.7455529585158549,0.7736658467381642,0.3773164848729753,2.510253846672697,0.14189785545107064,0.14602695410991687,0.12901263708020372
HANCOCK,29,clean,B7,ood_only,90,0.9016393442622951,110.0,33.0,108.32042808439553,0.13493640578806684,0.6834747878182726,0.7298105237909022,0.7475689141864359,0.3854654210967618,2.427480347515191,0.13065602350318245,0.14134650691015552,0.12340426913149177
HANCOCK,29,clean,B7,ood_only,80,0.8032786885245902,98.0,25.0,96.64965492157674,0.12271736518723937,0.7154531946508172,0.7185527817349979,0.7411150848252733,0.25670430330662264,2.935713200603098,0.12800291022124077,0.12423962678582273,0.11242970810514845
HANCOCK,29,clean,B7,uncertainty_only,100,1.0,122.0,38.0,121.33108167594078,0.12901263708020372,0.6791184161374673,0.7455529585158549,0.7736658467381642,0.3773164848729753,2.510253846672697,0.14189785545107064,0.14602695410991687,0.12901263708020372
HANCOCK,29,clean,B7,uncertainty_only,90,0.9016393442622951,110.0,31.0,109.74866030637048,0.10983311235170874,0.6290149892933619,0.6886648669580527,0.6968159779778066,0.1146447260988187,1.8651792804881582,0.11871116986441287,0.11218077934189863,0.09457640161190863
HANCOCK,29,clean,B7,uncertainty_only,80,0.8032786885245902,98.0,28.0,98.80650945475632,0.11566875395454351,0.5940257976917854,0.6620818328486111,0.6635459424835561,0.18656056322787834,1.591642953005155,0.11450414254512686,0.11589536051095872,0.09969917252786999
HANCOCK,29,clean,B7,full_equal_weight,100,1.0,122.0,38.0,121.33108167594078,0.12901263708020372,0.6791184161374673,0.7455529585158549,0.7736658467381642,0.3773164848729753,2.510253846672697,0.14189785545107064,0.14602695410991687,0.12901263708020372
HANCOCK,29,clean,B7,full_equal_weight,90,0.9016393442622951,110.0,32.0,111.22735551040233,0.11932831126887827,0.628586332811685,0.6955424950164915,0.7119067984015395,0.18667851467446714,1.9237680037218206,0.12421769892802599,0.12004185909198678,0.10444471212887547
HANCOCK,29,clean,B7,full_equal_weight,80,0.8032786885245902,98.0,28.0,98.8755275527463,0.11595226678907403,0.6118598382749326,0.6820669345011744,0.6814769402323063,0.1652793576092392,1.407823486834111,0.1194328398040793,0.11552081633580108,0.10430603347397129
HANCOCK,29,clean,B7,full_learned_nonnegative,100,1.0,122.0,38.0,121.33108167594078,0.12901263708020372,0.6791184161374673,0.7455529585158549,0.7736658467381642,0.3773164848729753,2.510253846672697,0.14189785545107064,0.14602695410991687,0.12901263708020372
HANCOCK,29,clean,B7,full_learned_nonnegative,90,0.9016393442622951,110.0,32.0,111.32222633952101,0.11603441659522239,0.6511262441068623,0.7388927207312952,0.7651541817928361,0.17201295548698567,2.6709178005673,0.12496487970979485,0.12067865321142358,0.10425464830600183
HANCOCK,29,clean,B7,full_learned_nonnegative,80,0.8032786885245902,98.0,24.0,98.10185740920528,0.09185511825621678,0.6141533277169334,0.6438836630020548,0.6474569943156346,-0.12956563735758822,1.154312805679286,0.1167676669029476,0.09223729046539321,0.08583017588952158
HANCOCK,29,random_cell_dropout_10pct,B2,none,full,1.0,122.0,38.0,121.33108167594078,0.14602695410991687,0.6327979081060889,0.6596807967156807,0.690132279155643,0.36438918326351993,2.6173690173520994,0.1375878183620987,,
HANCOCK,29,random_cell_dropout_10pct,B3,none,full,1.0,122.0,38.0,121.33108167594078,0.1395186818994406,0.6574523720582742,0.6868113799857128,0.7244082215010708,0.3788492547515765,1.4631735363863188,0.14069947941013589,,
HANCOCK,29,random_cell_dropout_10pct,B4,none,full,1.0,122.0,38.0,121.33108167594078,0.1328512818635947,0.6247665296974225,0.6684541473776505,0.6781413886650054,0.40230323716848787,1.8955288083646546,0.133781721941451,,
HANCOCK,29,random_cell_dropout_10pct,B5,none,full,1.0,122.0,38.0,121.33108167594078,0.13108198851154634,0.6869630183040717,0.7388167587675883,0.7617860406246862,0.39425084343008926,2.2718888728353774,0.1361313903701989,,
HANCOCK,29,random_cell_dropout_10pct,B6,none,full,1.0,122.0,38.0,121.33108167594078,0.13240393144397017,0.673141576391483,0.7232335520525793,0.7478001800597055,0.4081144854828153,2.336715018390163,0.13435858012470378,,
HANCOCK,29,random_cell_dropout_10pct,M0,none,full,1.0,122.0,38.0,121.33108167594078,0.14975731069388704,0.613746731415764,0.6564709233564769,0.6685501725522557,0.36121460687925416,17.677787531320302,0.13491842490673261,,
HANCOCK,29,random_cell_dropout_10pct,B7,ood_only,100,1.0,122.0,38.0,121.33108167594078,0.13240393144397017,0.673141576391483,0.7232335520525793,0.7478001800597055,0.4081144854828153,2.336715018390163,0.13435858012470378,0.14602695410991687,0.13240393144397017
HANCOCK,29,random_cell_dropout_10pct,B7,ood_only,90,0.9016393442622951,110.0,33.0,108.32042808439553,0.14260429484997422,0.6080878681977034,0.6131918907790512,0.646097568415928,0.3825233760214379,1.4731266103762597,0.13134982421394029,0.14134650691015552,0.12724230687364854
HANCOCK,29,random_cell_dropout_10pct,B7,ood_only,80,0.8032786885245902,98.0,25.0,96.64965492157674,0.12421778479783936,0.6909361069836553,0.6884122955250371,0.7135058630961539,0.20373108356956876,2.751016104863801,0.13081975912404892,0.12423962678582273,0.11484094896515941
HANCOCK,29,random_cell_dropout_10pct,B7,uncertainty_only,100,1.0,122.0,38.0,121.33108167594078,0.13240393144397017,0.673141576391483,0.7232335520525793,0.7478001800597055,0.4081144854828153,2.336715018390163,0.13435858012470378,0.14602695410991687,0.13240393144397017
HANCOCK,29,random_cell_dropout_10pct,B7,uncertainty_only,90,0.9016393442622951,110.0,31.0,109.74866030637048,0.109124260180795,0.6557815845824411,0.7039980118572098,0.712217593434181,0.1200409354265994,2.070991590482646,0.11890217826048408,0.11218077934189863,0.09682608116424139
HANCOCK,29,random_cell_dropout_10pct,B7,uncertainty_only,80,0.8032786885245902,98.0,28.0,98.80650945475632,0.11588356408442546,0.5987780040733197,0.647489764901055,0.6502221608389557,0.18912520546739375,1.4463923322094352,0.11447279404088166,0.11589536051095872,0.10120928813201455
HANCOCK,29,random_cell_dropout_10pct,B7,full_equal_weight,100,1.0,122.0,38.0,121.33108167594078,0.13240393144397017,0.673141576391483,0.7232335520525793,0.7478001800597055,0.4081144854828153,2.336715018390163,0.13435858012470378,0.14602695410991687,0.13240393144397017
HANCOCK,29,random_cell_dropout_10pct,B7,full_equal_weight,90,0.9016393442622951,110.0,32.0,111.22735551040233,0.11701539528801087,0.6306729264475743,0.6811216734531603,0.6921244221000309,0.17383426573346797,1.7073957512921256,0.12555759085214535,0.12004185909198678,0.10694504034081703
HANCOCK,29,random_cell_dropout_10pct,B7,full_equal_weight,80,0.8032786885245902,98.0,28.0,98.8755275527463,0.11558579980481241,0.6226415094339622,0.6785888142923641,0.6778394787023997,0.1589185133824425,1.4816939869067198,0.1180406079091263,0.11552081633580108,0.1061237484977714
HANCOCK,29,random_cell_dropout_10pct,B7,full_learned_nonnegative,100,1.0,122.0,38.0,121.33108167594078,0.13240393144397017,0.673141576391483,0.7232335520525793,0.7478001800597055,0.4081144854828153,2.336715018390163,0.13435858012470378,0.14602695410991687,0.13240393144397017
HANCOCK,29,random_cell_dropout_10pct,B7,full_learned_nonnegative,90,0.9016393442622951,110.0,32.0,111.32222633952101,0.119457170966044,0.6506024096385542,0.7086330447725815,0.7219045086445526,0.20003124484983423,2.1557889673502046,0.1236566352674662,0.12067865321142358,0.10724068220499117
HANCOCK,29,random_cell_dropout_10pct,B7,full_learned_nonnegative,80,0.8032786885245902,98.0,24.0,98.10185740920528,0.09245164680583157,0.611625947767481,0.6162428554685287,0.6179669805733663,-0.12992406169732457,0.9084161198800069,0.11888023691496118,0.09223729046539321,0.08672995260136289
HANCOCK,29,random_cell_dropout_30pct,B2,none,full,1.0,122.0,38.0,121.33108167594078,0.14602695410991687,0.6327979081060889,0.6596807967156807,0.690132279155643,0.36438918326351993,2.6173690173520994,0.1375878183620987,,
HANCOCK,29,random_cell_dropout_30pct,B3,none,full,1.0,122.0,38.0,121.33108167594078,0.1395186818994406,0.6574523720582742,0.6868113799857128,0.7244082215010708,0.3788492547515765,1.4631735363863188,0.14069947941013589,,
HANCOCK,29,random_cell_dropout_30pct,B4,none,full,1.0,122.0,38.0,121.33108167594078,0.13586646326210014,0.5879716100112066,0.6329814294538454,0.6378485887574887,0.4050058331470301,1.6521562893039992,0.13411084622812064,,
HANCOCK,29,random_cell_dropout_30pct,B5,none,full,1.0,122.0,38.0,121.33108167594078,0.13386859373541116,0.6776242062009712,0.7484151895844754,0.7696055064834133,0.40216577232070067,2.214322535773038,0.1353472560717748,,
HANCOCK,29,random_cell_dropout_30pct,B6,none,full,1.0,122.0,38.0,121.33108167594078,0.13486030488819226,0.6458722450504296,0.7103609376146114,0.7273659562470323,0.41497801687176383,2.323236906716654,0.13352527901604488,,
HANCOCK,29,random_cell_dropout_30pct,M0,none,full,1.0,122.0,38.0,121.33108167594078,0.14975731069388704,0.613746731415764,0.6564709233564769,0.6685501725522557,0.36121460687925416,17.677787531320302,0.13491842490673261,,
HANCOCK,29,random_cell_dropout_30pct,B7,ood_only,100,1.0,122.0,38.0,121.33108167594078,0.13486030488819226,0.6458722450504296,0.7103609376146114,0.7273659562470323,0.41497801687176383,2.323236906716654,0.13352527901604488,0.14602695410991687,0.13486030488819226
HANCOCK,29,random_cell_dropout_30pct,B7,ood_only,90,0.9016393442622951,110.0,33.0,108.32042808439553,0.1416878412040706,0.635047428856715,0.6464614653854279,0.6777509291508279,0.3478469249533581,1.7651438264017894,0.13457966437046512,0.14134650691015552,0.1290520431629519
HANCOCK,29,random_cell_dropout_30pct,B7,ood_only,80,0.8032786885245902,98.0,25.0,96.64965492157674,0.1241731854265673,0.6894502228826151,0.6991943558960394,0.721693167425091,0.16769959719264244,3.1046293943855976,0.13488364964330707,0.12423962678582273,0.11619761152378356
HANCOCK,29,random_cell_dropout_30pct,B7,uncertainty_only,100,1.0,122.0,38.0,121.33108167594078,0.13486030488819226,0.6458722450504296,0.7103609376146114,0.7273659562470323,0.41497801687176383,2.323236906716654,0.13352527901604488,0.14602695410991687,0.13486030488819226
HANCOCK,29,random_cell_dropout_30pct,B7,uncertainty_only,90,0.9016393442622951,110.0,31.0,109.74866030637048,0.10980667082617582,0.632762312633833,0.708547168287628,0.7098384111987571,0.11699550669944943,2.141733592637383,0.11867404783444528,0.11218077934189863,0.09994607352007058
HANCOCK,29,random_cell_dropout_30pct,B7,uncertainty_only,80,0.8032786885245902,98.0,28.0,98.80650945475632,0.11604195821915705,0.571622539035981,0.6473394597750972,0.655877096666425,0.18684011254453675,1.5101728937538073,0.11483333007088388,0.11589536051095872,0.10537827585450964
HANCOCK,29,random_cell_dropout_30pct,B7,full_equal_weight,100,1.0,122.0,38.0,121.33108167594078,0.13486030488819226,0.6458722450504296,0.7103609376146114,0.7273659562470323,0.41497801687176383,2.323236906716654,0.13352527901604488,0.14602695410991687,0.13486030488819226
HANCOCK,29,random_cell_dropout_30pct,B7,full_equal_weight,90,0.9016393442622951,110.0,32.0,111.22735551040233,0.12131954674299153,0.5988523735002608,0.6574100144397289,0.65857487052474,0.21036728441513802,1.5200942998895055,0.11875323389082201,0.12004185909198678,0.11087955690590624
HANCOCK,29,random_cell_dropout_30pct,B7,full_equal_weight,80,0.8032786885245902,98.0,28.0,98.8755275527463,0.11588731295278873,0.5936657681940701,0.6653065729414721,0.6736531374325158,0.16503365759108854,1.7684296024204755,0.11739021510045322,0.11552081633580108,0.11067736684180583
HANCOCK,29,random_cell_dropout_30pct,B7,full_learned_nonnegative,100,1.0,122.0,38.0,121.33108167594078,0.13486030488819226,0.6458722450504296,0.7103609376146114,0.7273659562470323,0.41497801687176383,2.323236906716654,0.13352527901604488,0.14602695410991687,0.13486030488819226
HANCOCK,29,random_cell_dropout_30pct,B7,full_learned_nonnegative,90,0.9016393442622951,110.0,32.0,111.32222633952101,0.12152462810870882,0.6155055002619172,0.6903653159267997,0.69890026208347,0.21086801195049118,1.7844190207001538,0.119223863419476,0.12067865321142358,0.1104825321363034
HANCOCK,29,random_cell_dropout_30pct,B7,full_learned_nonnegative,80,0.8032786885245902,98.0,24.0,98.10185740920528,0.09233851898510365,0.5914069081718618,0.6294954253755382,0.6296687869185045,-0.13669763597421103,0.9829421116299687,0.11649637766772179,0.09223729046539321,0.08849793142154977
HANCOCK,29,measurement_noise_0.5sd,B2,none,full,1.0,122.0,38.0,121.33108167594078,0.14602695410991687,0.6327979081060889,0.6596807967156807,0.690132279155643,0.36438918326351993,2.6173690173520994,0.1375878183620987,,
HANCOCK,29,measurement_noise_0.5sd,B3,none,full,1.0,122.0,38.0,121.33108167594078,0.1395186818994406,0.6574523720582742,0.6868113799857128,0.7244082215010708,0.3788492547515765,1.4631735363863188,0.14069947941013589,,
HANCOCK,29,measurement_noise_0.5sd,B4,none,full,1.0,122.0,38.0,121.33108167594078,0.12911718740652292,0.6032872618602914,0.6170677303691385,0.6182879329378204,0.32861602755545655,1.300031239901407,0.14630662410242481,,
HANCOCK,29,measurement_noise_0.5sd,B5,none,full,1.0,122.0,38.0,121.33108167594078,0.1279795558183422,0.6638027642883825,0.699080703806216,0.7214947904185647,0.33025471992030536,1.6367852244782273,0.14762946390931067,,
HANCOCK,29,measurement_noise_0.5sd,B6,none,full,1.0,122.0,38.0,121.33108167594078,0.129258150422135,0.6503548748599178,0.6810073150241953,0.70392221152097,0.34612823090056866,1.6641685453685031,0.14524485742180293,,
HANCOCK,29,measurement_noise_0.5sd,M0,none,full,1.0,122.0,38.0,121.33108167594078,0.14975731069388704,0.613746731415764,0.6564709233564769,0.6685501725522557,0.36121460687925416,17.677787531320302,0.13491842490673261,,
HANCOCK,29,measurement_noise_0.5sd,B7,ood_only,100,1.0,122.0,38.0,121.33108167594078,0.129258150422135,0.6503548748599178,0.6810073150241953,0.70392221152097,0.34612823090056866,1.6641685453685031,0.14524485742180293,0.14602695410991687,0.129258150422135
HANCOCK,29,measurement_noise_0.5sd,B7,ood_only,90,0.9016393442622951,110.0,33.0,108.32042808439553,0.13921165381998613,0.6420369445831253,0.6446249666487327,0.6541068761251112,0.3691539352807528,1.6125809438328707,0.132125616668711,0.14134650691015552,0.12257470716838122
HANCOCK,29,measurement_noise_0.5sd,B7,ood_only,80,0.8032786885245902,98.0,25.0,96.64965492157674,0.12435729272503916,0.6575037147102526,0.6490506059209081,0.6577220366365757,0.20698084124992985,2.1577023160509627,0.1317402643619713,0.12423962678582273,0.11313782380026605
HANCOCK,29,measurement_noise_0.5sd,B7,uncertainty_only,100,1.0,122.0,38.0,121.33108167594078,0.129258150422135,0.6503548748599178,0.6810073150241953,0.70392221152097,0.34612823090056866,1.6641685453685031,0.14524485742180293,0.14602695410991687,0.129258150422135
HANCOCK,29,measurement_noise_0.5sd,B7,uncertainty_only,90,0.9016393442622951,110.0,31.0,109.74866030637048,0.11149474354279586,0.6209850107066381,0.6369735468968326,0.6413953700131226,0.1275711085955454,1.4018458756769159,0.11880506951268473,0.11218077934189863,0.09402750232100268
HANCOCK,29,measurement_noise_0.5sd,B7,uncertainty_only,80,0.8032786885245902,98.0,28.0,98.80650945475632,0.11563068562415607,0.6082824168363883,0.6391935222934394,0.6350503990164041,0.18268360102786046,1.6072679118365312,0.11471944653006698,0.11589536051095872,0.09950120005330432
HANCOCK,29,measurement_noise_0.5sd,B7,full_equal_weight,100,1.0,122.0,38.0,121.33108167594078,0.14021075514230172,0.6387747478520732,0.6647942994169963,0.6842933201343253,0.41455396866239697,1.5933680575031344,0.13725888338742095,0.14602695410991687,0.129258150422135
HANCOCK,29,measurement_noise_0.5sd,B7,full_equal_weight,90,0.9016393442622951,110.0,32.0,111.22735551040233,0.12238922677539586,0.6025039123630673,0.6204012575508079,0.6313654157725322,0.20964947543602178,1.163152337707434,0.1201841301054284,0.12004185909198678,0.10396674597555278
HANCOCK,29,measurement_noise_0.5sd,B7,full_equal_weight,80,0.8032786885245902,98.0,28.0,98.8755275527463,0.11775061326831604,0.5754716981132075,0.5951775218431554,0.6042554906676577,0.17618362724350956,0.937574560279826,0.11829357079679163,0.11552081633580108,0.10391723058418913
HANCOCK,29,measurement_noise_0.5sd,B7,full_learned_nonnegative,100,1.0,122.0,38.0,121.33108167594078,0.129258150422135,0.6503548748599178,0.6810073150241953,0.70392221152097,0.34612823090056866,1.6641685453685031,0.14524485742180293,0.14602695410991687,0.129258150422135
HANCOCK,29,measurement_noise_0.5sd,B7,full_learned_nonnegative,90,0.9016393442622951,110.0,32.0,111.32222633952101,0.11787333473049094,0.6207438449449973,0.6611345671502034,0.68131920361066,0.15062561043994013,1.5610752116318454,0.12724622073340305,0.12067865321142358,0.10378179604511865
HANCOCK,29,measurement_noise_0.5sd,B7,full_learned_nonnegative,80,0.8032786885245902,98.0,24.0,98.10185740920528,0.0928938294544345,0.6023588879528222,0.580767113502558,0.5823561934288823,-0.13117473806482782,0.7675851955009958,0.11808895631125668,0.09223729046539321,0.08574678456951375
HANCOCK,29,location_shift_1sd,B2,none,full,1.0,122.0,38.0,121.33108167594078,0.14602695410991687,0.6327979081060889,0.6596807967156807,0.690132279155643,0.36438918326351993,2.6173690173520994,0.1375878183620987,,
HANCOCK,29,location_shift_1sd,B3,none,full,1.0,122.0,38.0,121.33108167594078,0.1395186818994406,0.6574523720582742,0.6868113799857128,0.7244082215010708,0.3788492547515765,1.4631735363863188,0.14069947941013589,,
HANCOCK,29,location_shift_1sd,B4,none,full,1.0,122.0,38.0,121.33108167594078,0.1244801887623053,0.6440044826298095,0.7083554616828623,0.726563758922495,0.14411910058442556,1.9005986473190368,0.17057775851673201,,
HANCOCK,29,location_shift_1sd,B5,none,full,1.0,122.0,38.0,121.33108167594078,0.12303195660101361,0.6948076204706761,0.7647317670267074,0.7937950244474601,0.17410160552585446,2.337301665521274,0.16785593706222737,,
HANCOCK,29,location_shift_1sd,B6,none,full,1.0,122.0,38.0,121.33108167594078,0.12436034665717254,0.6798655211057153,0.7554408184616056,0.7858198440392264,0.187469008970797,2.409890455778523,0.16571885985586127,,
HANCOCK,29,location_shift_1sd,M0,none,full,1.0,122.0,38.0,121.33108167594078,0.14975731069388704,0.613746731415764,0.6564709233564769,0.6685501725522557,0.36121460687925416,17.677787531320302,0.13491842490673261,,
HANCOCK,29,location_shift_1sd,B7,ood_only,100,1.0,122.0,38.0,121.33108167594078,0.12436034665717254,0.6798655211057153,0.7554408184616056,0.7858198440392264,0.187469008970797,2.409890455778523,0.16571885985586127,0.14602695410991687,0.12436034665717254
HANCOCK,29,location_shift_1sd,B7,ood_only,90,0.9016393442622951,110.0,33.0,108.32042808439553,0.1395786141693125,0.6115826260609086,0.6291712923278084,0.6336574212679829,0.24725444719089784,1.3762067754365959,0.14788357537169006,0.14134650691015552,0.1193719492273342
HANCOCK,29,location_shift_1sd,B7,ood_only,80,0.8032786885245902,98.0,25.0,96.64965492157674,0.12403645586679256,0.6545319465081724,0.6787362483664552,0.6890508388243803,0.12601152150231185,2.3677687948178896,0.13937135875101617,0.12423962678582273,0.10953066873109969
HANCOCK,29,location_shift_1sd,B7,uncertainty_only,100,1.0,122.0,38.0,121.33108167594078,0.12436034665717254,0.6798655211057153,0.7554408184616056,0.7858198440392264,0.187469008970797,2.409890455778523,0.16571885985586127,0.14602695410991687,0.12436034665717254
HANCOCK,29,location_shift_1sd,B7,uncertainty_only,90,0.9016393442622951,110.0,31.0,109.74866030637048,0.11157381130955042,0.5877944325481799,0.6388792194653996,0.641929231059728,0.002905454118622316,1.2650991775737657,0.13155628287158277,0.11218077934189863,0.09237082085616034
HANCOCK,29,location_shift_1sd,B7,uncertainty_only,80,0.8032786885245902,98.0,28.0,98.80650945475632,0.11545317292812084,0.5709436524100475,0.6414604744990751,0.6373822280279066,0.08599543734739963,1.5618282666516086,0.1254027759035711,0.11589536051095872,0.09738375781749127
HANCOCK,29,location_shift_1sd,B7,full_equal_weight,100,1.0,122.0,38.0,121.33108167594078,0.12436034665717254,0.6798655211057153,0.7554408184616056,0.7858198440392264,0.187469008970797,2.409890455778523,0.16571885985586127,0.14602695410991687,0.12436034665717254
HANCOCK,29,location_shift_1sd,B7,full_equal_weight,90,0.9016393442622951,110.0,32.0,111.22735551040233,0.12089357248137739,0.5941575378195096,0.6584416201410335,0.6654539304572977,0.045689784595766086,1.2611675354496228,0.13953883236534928,0.12004185909198678,0.10214503272211535
HANCOCK,29,location_shift_1sd,B7,full_equal_weight,80,0.8032786885245902,98.0,28.0,98.8755275527463,0.11691923952650198,0.5977088948787062,0.6574618530487445,0.6450177030253322,0.04113687174804405,0.9792718793526682,0.13398564566973106,0.11552081633580108,0.10240865972909684
HANCOCK,29,location_shift_1sd,B7,full_learned_nonnegative,100,1.0,122.0,38.0,121.33108167594078,0.12436034665717254,0.6798655211057153,0.7554408184616056,0.7858198440392264,0.187469008970797,2.409890455778523,0.16571885985586127,0.14602695410991687,0.12436034665717254
HANCOCK,29,location_shift_1sd,B7,full_learned_nonnegative,90,0.9016393442622951,110.0,32.0,111.32222633952101,0.11853973858702747,0.6149816657936092,0.690041464046255,0.7088631164134199,0.04114959227772722,1.8730621855491163,0.1404218448279194,0.12067865321142358,0.10173169116091091
HANCOCK,29,location_shift_1sd,B7,full_learned_nonnegative,80,0.8032786885245902,98.0,24.0,98.10185740920528,0.09450790367275513,0.5998315080033698,0.5856622895525777,0.5787213550383601,-0.26185689080122876,0.31273144244383877,0.1334172347924101,0.09223729046539321,0.08592750157027775
HANCOCK,29,row_permutation_negative_control,B2,none,full,1.0,122.0,38.0,121.33108167594078,0.14602695410991687,0.6327979081060889,0.6596807967156807,0.690132279155643,0.36438918326351993,2.6173690173520994,0.1375878183620987,,
HANCOCK,29,row_permutation_negative_control,B3,none,full,1.0,122.0,38.0,121.33108167594078,0.1395186818994406,0.6574523720582742,0.6868113799857128,0.7244082215010708,0.3788492547515765,1.4631735363863188,0.14069947941013589,,
HANCOCK,29,row_permutation_negative_control,B4,none,full,1.0,122.0,38.0,121.33108167594078,0.15331864045941362,0.6129996264475158,0.5869862345370638,0.6014936241764397,0.35347311931825204,0.4182826379239687,0.14269404760728965,,
HANCOCK,29,row_permutation_negative_control,B5,none,full,1.0,122.0,38.0,121.33108167594078,0.14966096125339995,0.6630556593201344,0.6453324863280065,0.6630096862553653,0.34503690895483563,0.6545963180444451,0.14546665588912716,,
HANCOCK,29,row_permutation_negative_control,B6,none,full,1.0,122.0,38.0,121.33108167594078,0.14938268354737788,0.6570788195741502,0.6350955964544536,0.6576548652323327,0.3672923323053202,0.7108651108990213,0.1421728276092045,,
HANCOCK,29,row_permutation_negative_control,M0,none,full,1.0,122.0,38.0,121.33108167594078,0.14975731069388704,0.613746731415764,0.6564709233564769,0.6685501725522557,0.36121460687925416,17.677787531320302,0.13491842490673261,,
HANCOCK,29,row_permutation_negative_control,B7,ood_only,100,1.0,122.0,38.0,121.33108167594078,0.14938268354737788,0.6570788195741502,0.6350955964544536,0.6576548652323327,0.3672923323053202,0.7108651108990213,0.1421728276092045,0.14602695410991687,0.14938268354737788
HANCOCK,29,row_permutation_negative_control,B7,ood_only,90,0.9016393442622951,110.0,33.0,108.32042808439553,0.1387465254234519,0.6590114827758362,0.6250246401493168,0.6420618312531368,0.3853909624411877,1.3097421361326576,0.12958208193949208,0.14134650691015552,0.14650106437980503
HANCOCK,29,row_permutation_negative_control,B7,ood_only,80,0.8032786885245902,98.0,25.0,96.64965492157674,0.12423894370420178,0.6537890044576523,0.6092741164140192,0.619211054645532,0.2434614368715971,1.5301460738365171,0.1255100107617159,0.12423962678582273,0.13189453792903186
HANCOCK,29,row_permutation_negative_control,B7,uncertainty_only,100,1.0,122.0,38.0,121.33108167594078,0.14938268354737788,0.6570788195741502,0.6350955964544536,0.6576548652323327,0.3672923323053202,0.7108651108990213,0.1421728276092045,0.14602695410991687,0.14938268354737788
HANCOCK,29,row_permutation_negative_control,B7,uncertainty_only,90,0.9016393442622951,110.0,31.0,109.74866030637048,0.11245920154205952,0.6284796573875803,0.5850276533980988,0.5923960881010466,0.11134492869763925,0.8606753354786324,0.11976236046919839,0.11218077934189863,0.11418223891763213
HANCOCK,29,row_permutation_negative_control,B7,uncertainty_only,80,0.8032786885245902,98.0,28.0,98.80650945475632,0.11593549376656274,0.6313645621181263,0.613560100931238,0.6163352204929564,0.19238468427449862,1.211524593828088,0.11238148672301627,0.11589536051095872,0.12176248998777683
HANCOCK,29,row_permutation_negative_control,B7,full_equal_weight,100,1.0,122.0,38.0,121.33108167594078,0.1459136870921892,0.6585730295106462,0.6366129336087774,0.6595251960633424,0.3972972479963878,0.9969169175568872,0.1388648413150517,0.14602695410991687,0.14938268354737788
HANCOCK,29,row_permutation_negative_control,B7,full_equal_weight,90,0.9016393442622951,110.0,32.0,111.22735551040233,0.12395354426247807,0.6442357850808555,0.6103976465963942,0.6195028862088503,0.15242435031575657,0.6401403772139121,0.12377736687379558,0.12004185909198678,0.12532042973404692
HANCOCK,29,row_permutation_negative_control,B7,full_equal_weight,80,0.8032786885245902,98.0,28.0,98.8755275527463,0.11597212978575515,0.6354447439353099,0.6106217848971994,0.6175558927646584,0.17768151811411648,1.2628961963312342,0.11616549401731215,0.11552081633580108,0.12108878097489288
HANCOCK,29,row_permutation_negative_control,B7,full_learned_nonnegative,100,1.0,122.0,38.0,121.33108167594078,0.14938268354737788,0.6570788195741502,0.6350955964544536,0.6576548652323327,0.3672923323053202,0.7108651108990213,0.1421728276092045,0.14602695410991687,0.14938268354737788
HANCOCK,29,row_permutation_negative_control,B7,full_learned_nonnegative,90,0.9016393442622951,110.0,32.0,111.32222633952101,0.12438007556687587,0.608171817705605,0.5649738521240618,0.5758137112368729,0.1928588428762386,0.5853079911821139,0.12200694489544786,0.12067865321142358,0.12902357799723652
HANCOCK,29,row_permutation_negative_control,B7,full_learned_nonnegative,80,0.8032786885245902,98.0,24.0,98.10185740920528,0.09407805585433143,0.6234203875315922,0.5684101903588576,0.5684349266841525,-0.14596475699937556,0.37151364411171595,0.1165795132063425,0.09223729046539321,0.0988034246677916
HANCOCK,29,complete_modality_dropout,B2,none,full,1.0,122.0,38.0,121.33108167594078,0.14602695410991687,0.6327979081060889,0.6596807967156807,0.690132279155643,0.36438918326351993,2.6173690173520994,0.1375878183620987,,
HANCOCK,29,complete_modality_dropout,B3,none,full,1.0,122.0,38.0,121.33108167594078,0.1395186818994406,0.6574523720582742,0.6868113799857128,0.7244082215010708,0.3788492547515765,1.4631735363863188,0.14069947941013589,,
HANCOCK,29,complete_modality_dropout,B4,none,full,1.0,122.0,38.0,121.33108167594078,0.15268433175689758,0.5,0.5,0.5,0.49896717458990153,,0.11972701451852957,,
HANCOCK,29,complete_modality_dropout,B5,none,full,1.0,122.0,38.0,121.33108167594078,0.1486240497117304,0.6283152782966007,0.6552151311278934,0.6791875817887421,0.4873609187176282,2.7178406803373583,0.12281535436635332,,
HANCOCK,29,complete_modality_dropout,B6,none,full,1.0,122.0,38.0,121.33108167594078,0.1495387370680121,0.6327979081060889,0.6596807967156807,0.690132279155643,0.4968815231542434,3.998120364852958,0.12164830584743137,,
HANCOCK,29,complete_modality_dropout,M0,none,full,1.0,122.0,38.0,121.33108167594078,0.14975731069388704,0.613746731415764,0.6564709233564769,0.6685501725522557,0.36121460687925416,17.677787531320302,0.13491842490673261,,
HANCOCK,29,complete_modality_dropout,B7,ood_only,100,1.0,122.0,38.0,121.33108167594078,0.14602695410991687,0.6327979081060889,0.6596807967156807,0.690132279155643,0.36438918326351993,2.6173690173520994,0.1375878183620987,0.14602695410991687,0.1495387370680121
HANCOCK,29,complete_modality_dropout,B7,ood_only,90,0.9016393442622951,110.0,33.0,108.32042808439553,0.14134650691015552,0.6320519221168248,0.6400677379377387,0.6727835353588173,0.32528710528317845,2.1468581870143426,0.1371033341393475,0.14134650691015552,0.14396566194575985
HANCOCK,29,complete_modality_dropout,B7,ood_only,80,0.8032786885245902,98.0,25.0,96.64965492157674,0.12423962678582273,0.6968796433878157,0.6980920959542893,0.720467806989591,0.16553718227551895,3.0666934804202652,0.13508119991015427,0.12423962678582273,0.12668076163273925
HANCOCK,29,complete_modality_dropout,B7,uncertainty_only,100,1.0,122.0,38.0,121.33108167594078,0.14602695410991687,0.6327979081060889,0.6596807967156807,0.690132279155643,0.36438918326351993,2.6173690173520994,0.1375878183620987,0.14602695410991687,0.1495387370680121
HANCOCK,29,complete_modality_dropout,B7,uncertainty_only,90,0.9016393442622951,110.0,31.0,109.74866030637048,0.11218077934189863,0.607066381156317,0.6194631620929887,0.6282240840545361,-0.0022661582957899692,1.5145713568533605,0.13264829733963046,0.11218077934189863,0.11262228179409128
HANCOCK,29,complete_modality_dropout,B7,uncertainty_only,80,0.8032786885245902,98.0,28.0,98.80650945475632,0.11589536051095872,0.5980991174473863,0.6280396120088525,0.635866551895723,0.05549739188006551,1.977854086528397,0.12970808586183669,0.11589536051095872,0.1167135816370738
HANCOCK,29,complete_modality_dropout,B7,full_equal_weight,100,1.0,122.0,38.0,121.33108167594078,0.14602695410991687,0.6327979081060889,0.6596807967156807,0.690132279155643,0.36438918326351993,2.6173690173520994,0.1375878183620987,0.14602695410991687,0.1495387370680121
HANCOCK,29,complete_modality_dropout,B7,full_equal_weight,90,0.9016393442622951,110.0,32.0,111.22735551040233,0.12004185909198678,0.6431924882629108,0.6743559610541631,0.6892928751874087,0.07510841029012953,2.496398524022504,0.13439342672830618,0.12004185909198678,0.12168270862504024
HANCOCK,29,complete_modality_dropout,B7,full_equal_weight,80,0.8032786885245902,98.0,28.0,98.8755275527463,0.11552081633580108,0.6266846361185984,0.6720366927495846,0.6754123549727936,0.0489733264285382,2.527174239128288,0.13102708657233744,0.11552081633580108,0.11669572715392901
HANCOCK,29,complete_modality_dropout,B7,full_learned_nonnegative,100,1.0,122.0,38.0,121.33108167594078,0.14602695410991687,0.6327979081060889,0.6596807967156807,0.690132279155643,0.36438918326351993,2.6173690173520994,0.1375878183620987,0.14602695410991687,0.1495387370680121
HANCOCK,29,complete_modality_dropout,B7,full_learned_nonnegative,90,0.9016393442622951,110.0,32.0,111.32222633952101,0.12067865321142358,0.642744892613934,0.6760981620357688,0.6961735397464088,0.0901075789409518,2.7428286654590956,0.1337961965876132,0.12067865321142358,0.12238435071384543
HANCOCK,29,complete_modality_dropout,B7,full_learned_nonnegative,80,0.8032786885245902,98.0,24.0,98.10185740920528,0.09223729046539321,0.6293176074136478,0.6335395271738674,0.6375279393670067,-0.265717334736812,1.7245008065588896,0.13204649583163403,0.09223729046539321,0.09198418351186656
HANCOCK,29,blood_block_dropout_30pct_rows,B2,none,full,1.0,122.0,38.0,121.33108167594078,0.14602695410991687,0.6327979081060889,0.6596807967156807,0.690132279155643,0.36438918326351993,2.6173690173520994,0.1375878183620987,,
HANCOCK,29,blood_block_dropout_30pct_rows,B3,none,full,1.0,122.0,38.0,121.33108167594078,0.1395186818994406,0.6574523720582742,0.6868113799857128,0.7244082215010708,0.3788492547515765,1.4631735363863188,0.14069947941013589,,
HANCOCK,29,blood_block_dropout_30pct_rows,B4,none,full,1.0,122.0,38.0,121.33108167594078,0.1410389906245072,0.5707881957415016,0.6014354817764674,0.5872230678668422,0.4470331327800921,1.2633697702706115,0.13389886118883648,,
HANCOCK,29,blood_block_dropout_30pct_rows,B5,none,full,1.0,122.0,38.0,121.33108167594078,0.13896103593617232,0.6492342174075457,0.689159950551606,0.6926198495274322,0.4486534661549765,1.8678866690094762,0.13502251602094695,,
HANCOCK,29,blood_block_dropout_30pct_rows,B6,none,full,1.0,122.0,38.0,121.33108167594078,0.13998733307691005,0.6324243556219649,0.672287690140122,0.6760665747956268,0.4590671108042276,1.9644941447721829,0.1331816345781546,,
HANCOCK,29,blood_block_dropout_30pct_rows,M0,none,full,1.0,122.0,38.0,121.33108167594078,0.14975731069388704,0.613746731415764,0.6564709233564769,0.6685501725522557,0.36121460687925416,17.677787531320302,0.13491842490673261,,
HANCOCK,29,blood_block_dropout_30pct_rows,B7,ood_only,100,1.0,122.0,38.0,121.33108167594078,0.13958999152331195,0.6324243556219649,0.6734878940563405,0.6795935463093694,0.45601109580001264,2.0340051380769273,0.133447555268873,0.14602695410991687,0.13998733307691005
HANCOCK,29,blood_block_dropout_30pct_rows,B7,ood_only,90,0.9016393442622951,110.0,33.0,108.32042808439553,0.1401059799758199,0.636045931103345,0.6616510245909437,0.6607461527943146,0.43011427647089573,1.8829000408303433,0.12573371506652728,0.14134650691015552,0.1355762046914752
HANCOCK,29,blood_block_dropout_30pct_rows,B7,ood_only,80,0.8032786885245902,98.0,25.0,96.64965492157674,0.1258786608373044,0.6723625557206538,0.6622344788390442,0.6620965171416594,0.2819514366722152,2.1384577578309387,0.12425115699108144,0.12423962678582273,0.12649014123581198
HANCOCK,29,blood_block_dropout_30pct_rows,B7,uncertainty_only,100,1.0,122.0,38.0,121.33108167594078,0.13958999152331195,0.6324243556219649,0.6734878940563405,0.6795935463093694,0.45601109580001264,2.0340051380769273,0.133447555268873,0.14602695410991687,0.13998733307691005
HANCOCK,29,blood_block_dropout_30pct_rows,B7,uncertainty_only,90,0.9016393442622951,110.0,31.0,109.74866030637048,0.11181097858660065,0.6161670235546038,0.6688248681978495,0.6597135044063113,0.13101337123468987,1.3943401648057503,0.11697341560380764,0.11218077934189863,0.09972387356215001
HANCOCK,29,blood_block_dropout_30pct_rows,B7,uncertainty_only,80,0.8032786885245902,98.0,28.0,98.80650945475632,0.11669922444472353,0.5790902919212492,0.6481417043995942,0.6388182879475729,0.19491570245860299,1.305363548455995,0.11367446134568553,0.11589536051095872,0.10542014551166361
HANCOCK,29,blood_block_dropout_30pct_rows,B7,full_equal_weight,100,1.0,122.0,38.0,121.33108167594078,0.13958999152331195,0.6324243556219649,0.6734878940563405,0.6795935463093694,0.45601109580001264,2.0340051380769273,0.133447555268873,0.14602695410991687,0.13998733307691005
HANCOCK,29,blood_block_dropout_30pct_rows,B7,full_equal_weight,90,0.9016393442622951,110.0,32.0,111.22735551040233,0.12093926067700045,0.6165884194053208,0.6662435200530757,0.6574744792540651,0.21011279628675497,1.6596573891610058,0.1209212171270283,0.12004185909198678,0.11661664768885888
HANCOCK,29,blood_block_dropout_30pct_rows,B7,full_equal_weight,80,0.8032786885245902,98.0,28.0,98.8755275527463,0.11678428966962051,0.5990566037735849,0.672653423089273,0.6612472529893675,0.17786525661118946,1.2794855319940612,0.11845461355331371,0.11552081633580108,0.10993147263240768
HANCOCK,29,blood_block_dropout_30pct_rows,B7,full_learned_nonnegative,100,1.0,122.0,38.0,121.33108167594078,0.13958999152331195,0.6324243556219649,0.6734878940563405,0.6795935463093694,0.45601109580001264,2.0340051380769273,0.133447555268873,0.14602695410991687,0.13998733307691005
HANCOCK,29,blood_block_dropout_30pct_rows,B7,full_learned_nonnegative,90,0.9016393442622951,110.0,32.0,111.32222633952101,0.12264848944015454,0.5935044525929806,0.6431152681103565,0.6397538487879999,0.21710622340585495,1.3410736561320082,0.12055295281420979,0.12067865321142358,0.1167733500732672
HANCOCK,29,blood_block_dropout_30pct_rows,B7,full_learned_nonnegative,80,0.8032786885245902,98.0,24.0,98.10185740920528,0.09284685657527197,0.5888795282224094,0.6148261101255678,0.605572472190633,-0.1192654944117954,0.6896412921082092,0.11566978364346608,0.09223729046539321,0.09151241670219037
HANCOCK,29,tma_block_dropout_30pct_rows,B2,none,full,1.0,122.0,38.0,121.33108167594078,0.14602695410991687,0.6327979081060889,0.6596807967156807,0.690132279155643,0.36438918326351993,2.6173690173520994,0.1375878183620987,,
HANCOCK,29,tma_block_dropout_30pct_rows,B3,none,full,1.0,122.0,38.0,121.33108167594078,0.1395186818994406,0.6574523720582742,0.6868113799857128,0.7244082215010708,0.3788492547515765,1.4631735363863188,0.14069947941013589,,
HANCOCK,29,tma_block_dropout_30pct_rows,B4,none,full,1.0,122.0,38.0,121.33108167594078,0.12959969374191557,0.6115054165110198,0.6805326238026755,0.6944616623531009,0.349715185509802,1.9427059591504259,0.14393015372594312,,
HANCOCK,29,tma_block_dropout_30pct_rows,B5,none,full,1.0,122.0,38.0,121.33108167594078,0.1280040799536572,0.6809861785580874,0.752562070097244,0.7798715268717362,0.3463760676916009,2.3934408527251425,0.1454345540203224,,
HANCOCK,29,tma_block_dropout_30pct_rows,B6,none,full,1.0,122.0,38.0,121.33108167594078,0.1293970390501871,0.6630556593201344,0.735580651988173,0.7627724161921672,0.36206961626107775,2.490426855250558,0.1431247336368133,,
HANCOCK,29,tma_block_dropout_30pct_rows,M0,none,full,1.0,122.0,38.0,121.33108167594078,0.14975731069388704,0.613746731415764,0.6564709233564769,0.6685501725522557,0.36121460687925416,17.677787531320302,0.13491842490673261,,
HANCOCK,29,tma_block_dropout_30pct_rows,B7,ood_only,100,1.0,122.0,38.0,121.33108167594078,0.1297015813071386,0.6630556593201344,0.7303110895727625,0.7570243599222933,0.3541054689705113,2.376132760149927,0.14394447994567358,0.14602695410991687,0.1293970390501871
HANCOCK,29,tma_block_dropout_30pct_rows,B7,ood_only,90,0.9016393442622951,110.0,33.0,108.32042808439553,0.13583840461174954,0.691462805791313,0.7128399325898279,0.733028487359302,0.35128619760819707,2.2499384909922084,0.13118277744213908,0.14134650691015552,0.12365421703144193
HANCOCK,29,tma_block_dropout_30pct_rows,B7,ood_only,80,0.8032786885245902,98.0,25.0,96.64965492157674,0.12389936148560733,0.6857355126300149,0.6823573304494482,0.7002129047045036,0.21742963722203332,2.4195118269821188,0.12864135116483433,0.12423962678582273,0.11276954530385823
HANCOCK,29,tma_block_dropout_30pct_rows,B7,uncertainty_only,100,1.0,122.0,38.0,121.33108167594078,0.1297015813071386,0.6630556593201344,0.7303110895727625,0.7570243599222933,0.3541054689705113,2.376132760149927,0.14394447994567358,0.14602695410991687,0.1293970390501871
HANCOCK,29,tma_block_dropout_30pct_rows,B7,uncertainty_only,90,0.9016393442622951,110.0,31.0,109.74866030637048,0.11056986932132135,0.6113490364025695,0.6707878886825824,0.6784972257843339,0.08978888446181761,1.5902377571782076,0.12092690101492211,0.11218077934189863,0.09504647621841004
HANCOCK,29,tma_block_dropout_30pct_rows,B7,uncertainty_only,80,0.8032786885245902,98.0,28.0,98.80650945475632,0.11631306345542594,0.570264765784114,0.6400033549010302,0.6417329277798007,0.16630942787130182,1.267824047292722,0.11644829460772019,0.11589536051095872,0.10009707956957976
HANCOCK,29,tma_block_dropout_30pct_rows,B7,full_equal_weight,100,1.0,122.0,38.0,121.33108167594078,0.1297015813071386,0.6630556593201344,0.7303110895727625,0.7570243599222933,0.3541054689705113,2.376132760149927,0.14394447994567358,0.14602695410991687,0.1293970390501871
HANCOCK,29,tma_block_dropout_30pct_rows,B7,full_equal_weight,90,0.9016393442622951,110.0,32.0,111.22735551040233,0.11922277338515076,0.6259780907668232,0.6965412837889015,0.7129129677153921,0.16260509204669735,1.8632537836971406,0.12535121312535527,0.12004185909198678,0.10478897375495362
HANCOCK,29,tma_block_dropout_30pct_rows,B7,full_equal_weight,80,0.8032786885245902,98.0,28.0,98.8755275527463,0.11633303200925275,0.5950134770889488,0.6667872110632473,0.666833322590236,0.15212571369346894,1.2989227194539568,0.11853903273224137,0.11552081633580108,0.1047135745622421
HANCOCK,29,tma_block_dropout_30pct_rows,B7,full_learned_nonnegative,100,1.0,122.0,38.0,121.33108167594078,0.1297015813071386,0.6630556593201344,0.7303110895727625,0.7570243599222933,0.3541054689705113,2.376132760149927,0.14394447994567358,0.14602695410991687,0.1293970390501871
HANCOCK,29,tma_block_dropout_30pct_rows,B7,full_learned_nonnegative,90,0.9016393442622951,110.0,32.0,111.32222633952101,0.1166453605844117,0.6390780513357779,0.7277477132261633,0.7539453811597879,0.15364386871454344,2.4628719193863993,0.1265856349310168,0.12067865321142358,0.10459890993207997
HANCOCK,29,tma_block_dropout_30pct_rows,B7,full_learned_nonnegative,80,0.8032786885245902,98.0,24.0,98.10185740920528,0.09244848385044926,0.590564448188711,0.6222197451941097,0.6269269078687412,-0.14814301853212072,0.9255322136091808,0.1204472094903156,0.09223729046539321,0.08621075805200223
HANCOCK,29,blood_and_tma_dropout_30pct_rows,B2,none,full,1.0,122.0,38.0,121.33108167594078,0.14602695410991687,0.6327979081060889,0.6596807967156807,0.690132279155643,0.36438918326351993,2.6173690173520994,0.1375878183620987,,
HANCOCK,29,blood_and_tma_dropout_30pct_rows,B3,none,full,1.0,122.0,38.0,121.33108167594078,0.1395186818994406,0.6574523720582742,0.6868113799857128,0.7244082215010708,0.3788492547515765,1.4631735363863188,0.14069947941013589,,
HANCOCK,29,blood_and_tma_dropout_30pct_rows,B4,none,full,1.0,122.0,38.0,121.33108167594078,0.13653155164648165,0.5265222263728053,0.5866875274984182,0.6068937443301604,0.4209749320599949,1.9160279027592733,0.13486824577155787,,
HANCOCK,29,blood_and_tma_dropout_30pct_rows,B5,none,full,1.0,122.0,38.0,121.33108167594078,0.13476661415257268,0.6559581621217782,0.7211198780535065,0.7547320408294358,0.42121033055919177,2.553653560555565,0.13576708674605054,,
HANCOCK,29,blood_and_tma_dropout_30pct_rows,B6,none,full,1.0,122.0,38.0,121.33108167594078,0.1358872165310033,0.6238326484871124,0.6859308921906949,0.7240205078137677,0.43322447126113345,2.667834964315628,0.13412009955723656,,
HANCOCK,29,blood_and_tma_dropout_30pct_rows,M0,none,full,1.0,122.0,38.0,121.33108167594078,0.14975731069388704,0.613746731415764,0.6564709233564769,0.6685501725522557,0.36121460687925416,17.677787531320302,0.13491842490673261,,
HANCOCK,29,blood_and_tma_dropout_30pct_rows,B7,ood_only,100,1.0,122.0,38.0,121.33108167594078,0.1339019045747898,0.6380276428838252,0.6958879745289042,0.7370814400849725,0.3953727588553695,2.951365506455476,0.13895740748027796,0.14602695410991687,0.1358872165310033
HANCOCK,29,blood_and_tma_dropout_30pct_rows,B7,ood_only,90,0.9016393442622951,110.0,33.0,108.32042808439553,0.13576782203316742,0.6465302046929605,0.6812808898914802,0.714435564181116,0.37551690228219253,2.851589261091253,0.1337813440274362,0.14134650691015552,0.13122631028539888
HANCOCK,29,blood_and_tma_dropout_30pct_rows,B7,ood_only,80,0.8032786885245902,98.0,25.0,96.64965492157674,0.12406827514640682,0.6612184249628529,0.6759736376987988,0.7086641744229558,0.25828324869181024,2.956672496336525,0.1286079769642882,0.12423962678582273,0.11491892792059323
HANCOCK,29,blood_and_tma_dropout_30pct_rows,B7,uncertainty_only,100,1.0,122.0,38.0,121.33108167594078,0.1339019045747898,0.6380276428838252,0.6958879745289042,0.7370814400849725,0.3953727588553695,2.951365506455476,0.13895740748027796,0.14602695410991687,0.1358872165310033
HANCOCK,29,blood_and_tma_dropout_30pct_rows,B7,uncertainty_only,90,0.9016393442622951,110.0,31.0,109.74866030637048,0.11010740426362293,0.6124197002141327,0.6602480838780906,0.6687166806747717,0.10300547266482298,2.72237176326838,0.12090191500085652,0.11218077934189863,0.1013382739903946
HANCOCK,29,blood_and_tma_dropout_30pct_rows,B7,uncertainty_only,80,0.8032786885245902,98.0,28.0,98.80650945475632,0.1155190562377028,0.5906313645621182,0.6460243381928719,0.6536260547234466,0.15893065739471426,2.359826215997729,0.11821159960398452,0.11589536051095872,0.10717510383513873
HANCOCK,29,blood_and_tma_dropout_30pct_rows,B7,full_equal_weight,100,1.0,122.0,38.0,121.33108167594078,0.1339019045747898,0.6380276428838252,0.6958879745289042,0.7370814400849725,0.3953727588553695,2.951365506455476,0.13895740748027796,0.14602695410991687,0.1358872165310033
HANCOCK,29,blood_and_tma_dropout_30pct_rows,B7,full_equal_weight,90,0.9016393442622951,110.0,32.0,111.22735551040233,0.12009967835405072,0.6118935837245696,0.6621507460139447,0.6776602587712657,0.18130512114057704,2.425141020203017,0.12584892640537854,0.12004185909198678,0.1113943362815132
HANCOCK,29,blood_and_tma_dropout_30pct_rows,B7,full_equal_weight,80,0.8032786885245902,98.0,28.0,98.8755275527463,0.11577261220508776,0.6044474393530997,0.6616439814718125,0.6660858500151131,0.16647604124385826,2.498098650013083,0.12064647859093183,0.11552081633580108,0.1117472369560508
HANCOCK,29,blood_and_tma_dropout_30pct_rows,B7,full_learned_nonnegative,100,1.0,122.0,38.0,121.33108167594078,0.1339019045747898,0.6380276428838252,0.6958879745289042,0.7370814400849725,0.3953727588553695,2.951365506455476,0.13895740748027796,0.14602695410991687,0.1358872165310033
HANCOCK,29,blood_and_tma_dropout_30pct_rows,B7,full_learned_nonnegative,90,0.9016393442622951,110.0,32.0,111.32222633952101,0.11564257153963237,0.6495547407019382,0.7301949688803238,0.7617935629725834,0.16423180932507345,3.9112189597916798,0.12684003947050604,0.12067865321142358,0.11169652022276884
HANCOCK,29,blood_and_tma_dropout_30pct_rows,B7,full_learned_nonnegative,80,0.8032786885245902,98.0,24.0,98.10185740920528,0.09117939024210087,0.6318449873631002,0.6370033327495527,0.6471079051633204,-0.14231889699291383,2.2588137511207447,0.11946000666916437,0.09223729046539321,0.08668571963502143
HANCOCK,29,oropharynx_targeted_tma_dropout,B2,none,full,1.0,122.0,38.0,121.33108167594078,0.14602695410991687,0.6327979081060889,0.6596807967156807,0.690132279155643,0.36438918326351993,2.6173690173520994,0.1375878183620987,,
HANCOCK,29,oropharynx_targeted_tma_dropout,B3,none,full,1.0,122.0,38.0,121.33108167594078,0.1395186818994406,0.6574523720582742,0.6868113799857128,0.7244082215010708,0.3788492547515765,1.4631735363863188,0.14069947941013589,,
HANCOCK,29,oropharynx_targeted_tma_dropout,B4,none,full,1.0,122.0,38.0,121.33108167594078,0.1292413664339719,0.6305565932013448,0.6881443373855551,0.7017545451090851,0.36540496791566307,1.9631472422651763,0.1426940476072896,,
HANCOCK,29,oropharynx_targeted_tma_dropout,B5,none,full,1.0,122.0,38.0,121.33108167594078,0.12758256695847323,0.6948076204706761,0.7594409222124383,0.7872786501162948,0.36245565346604275,2.421428292211717,0.14414376102975188,,
HANCOCK,29,oropharynx_targeted_tma_dropout,B6,none,full,1.0,122.0,38.0,121.33108167594078,0.12901263708020372,0.6791184161374673,0.7455529585158549,0.7736658467381642,0.3773164848729753,2.510253846672697,0.14189785545107064,,
HANCOCK,29,oropharynx_targeted_tma_dropout,M0,none,full,1.0,122.0,38.0,121.33108167594078,0.14975731069388704,0.613746731415764,0.6564709233564769,0.6685501725522557,0.36121460687925416,17.677787531320302,0.13491842490673261,,
HANCOCK,29,oropharynx_targeted_tma_dropout,B7,ood_only,100,1.0,122.0,38.0,121.33108167594078,0.12901263708020372,0.6791184161374673,0.7455529585158549,0.7736658467381642,0.3773164848729753,2.510253846672697,0.14189785545107064,0.14602695410991687,0.12901263708020372
HANCOCK,29,oropharynx_targeted_tma_dropout,B7,ood_only,90,0.9016393442622951,110.0,33.0,108.32042808439553,0.13493640578806684,0.6834747878182726,0.7298105237909022,0.7475689141864359,0.3854654210967618,2.427480347515191,0.13065602350318245,0.14134650691015552,0.12340426913149177
HANCOCK,29,oropharynx_targeted_tma_dropout,B7,ood_only,80,0.8032786885245902,98.0,25.0,96.64965492157674,0.12271736518723937,0.7154531946508172,0.7185527817349979,0.7411150848252733,0.25670430330662264,2.935713200603098,0.12800291022124077,0.12423962678582273,0.11242970810514845
HANCOCK,29,oropharynx_targeted_tma_dropout,B7,uncertainty_only,100,1.0,122.0,38.0,121.33108167594078,0.12901263708020372,0.6791184161374673,0.7455529585158549,0.7736658467381642,0.3773164848729753,2.510253846672697,0.14189785545107064,0.14602695410991687,0.12901263708020372
HANCOCK,29,oropharynx_targeted_tma_dropout,B7,uncertainty_only,90,0.9016393442622951,110.0,31.0,109.74866030637048,0.10983311235170874,0.6290149892933619,0.6886648669580527,0.6968159779778066,0.1146447260988187,1.8651792804881582,0.11871116986441287,0.11218077934189863,0.09457640161190863
HANCOCK,29,oropharynx_targeted_tma_dropout,B7,uncertainty_only,80,0.8032786885245902,98.0,28.0,98.80650945475632,0.11566875395454351,0.5940257976917854,0.6620818328486111,0.6635459424835561,0.18656056322787834,1.591642953005155,0.11450414254512686,0.11589536051095872,0.09969917252786999
HANCOCK,29,oropharynx_targeted_tma_dropout,B7,full_equal_weight,100,1.0,122.0,38.0,121.33108167594078,0.12901263708020372,0.6791184161374673,0.7455529585158549,0.7736658467381642,0.3773164848729753,2.510253846672697,0.14189785545107064,0.14602695410991687,0.12901263708020372
HANCOCK,29,oropharynx_targeted_tma_dropout,B7,full_equal_weight,90,0.9016393442622951,110.0,32.0,111.22735551040233,0.11891363656333562,0.6484089723526343,0.7181832531993301,0.728852462399209,0.18706107610115089,2.062109900008737,0.12431622235260915,0.12004185909198678,0.10444471212887547
HANCOCK,29,oropharynx_targeted_tma_dropout,B7,full_equal_weight,80,0.8032786885245902,98.0,28.0,98.8755275527463,0.11552433950579798,0.6192722371967655,0.6959212419149149,0.7010316394982864,0.17744650082084953,1.6327172581684442,0.11845563927894026,0.11552081633580108,0.10430603347397129
HANCOCK,29,oropharynx_targeted_tma_dropout,B7,full_learned_nonnegative,100,1.0,122.0,38.0,121.33108167594078,0.12901263708020372,0.6791184161374673,0.7455529585158549,0.7736658467381642,0.3773164848729753,2.510253846672697,0.14189785545107064,0.14602695410991687,0.12901263708020372
HANCOCK,29,oropharynx_targeted_tma_dropout,B7,full_learned_nonnegative,90,0.9016393442622951,110.0,32.0,111.32222633952101,0.11603441659522239,0.6511262441068623,0.7388927207312952,0.7651541817928361,0.17201295548698567,2.6709178005673,0.12496487970979485,0.12067865321142358,0.10425464830600183
HANCOCK,29,oropharynx_targeted_tma_dropout,B7,full_learned_nonnegative,80,0.8032786885245902,98.0,24.0,98.10185740920528,0.09185511825621678,0.6141533277169334,0.6438836630020548,0.6474569943156346,-0.12956563735758822,1.154312805679286,0.1167676669029476,0.09223729046539321,0.08583017588952158
HANCOCK,43,clean,B2,none,full,1.0,122.0,38.0,121.33108167594078,0.14602695410991687,0.6327979081060889,0.6596807967156807,0.690132279155643,0.36438918326351993,2.6173690173520994,0.1375878183620987,,
HANCOCK,43,clean,B3,none,full,1.0,122.0,38.0,121.33108167594078,0.14081457663385272,0.6473664549869257,0.6681492265190128,0.6982405679157264,0.3752240796658826,1.4440964932990268,0.1400396498825557,,
HANCOCK,43,clean,B4,none,full,1.0,122.0,38.0,121.33108167594078,0.1292413664339719,0.6305565932013448,0.6881443373855551,0.7017545451090851,0.36540496791566307,1.9631472422651763,0.1426940476072896,,
HANCOCK,43,clean,B5,none,full,1.0,122.0,38.0,121.33108167594078,0.12758256695847323,0.6948076204706761,0.7594409222124383,0.7872786501162948,0.36245565346604275,2.421428292211717,0.14414376102975188,,
HANCOCK,43,clean,B6,none,full,1.0,122.0,38.0,121.33108167594078,0.12898274231663495,0.6750093388121031,0.7412224937282743,0.7688067865264986,0.3790572111752244,2.467681274063803,0.14164852063969172,,
HANCOCK,43,clean,M0,none,full,1.0,122.0,38.0,121.33108167594078,0.14975731069388704,0.613746731415764,0.6564709233564769,0.6685501725522557,0.36121460687925416,17.677787531320302,0.13491842490673261,,
HANCOCK,43,clean,B7,ood_only,100,1.0,122.0,38.0,121.33108167594078,0.12898274231663495,0.6750093388121031,0.7412224937282743,0.7688067865264986,0.3790572111752244,2.467681274063803,0.14164852063969172,0.14602695410991687,0.12898274231663495
HANCOCK,43,clean,B7,ood_only,90,0.9016393442622951,110.0,33.0,108.32042808439553,0.13507014007270293,0.6794807788317524,0.726821675010604,0.745036795430978,0.38861971201011086,2.4058232012720753,0.13015493794640798,0.14134650691015552,0.12348683267978296
HANCOCK,43,clean,B7,ood_only,80,0.8032786885245902,98.0,25.0,96.64965492157674,0.12348908390333843,0.6964951528709918,0.699060060748025,0.7203681179565689,0.24435799663484223,2.4809360636820585,0.12890579710347924,0.12466573476304875,0.11311302723761638
HANCOCK,43,clean,B7,uncertainty_only,100,1.0,122.0,38.0,121.33108167594078,0.12898274231663495,0.6750093388121031,0.7412224937282743,0.7688067865264986,0.3790572111752244,2.467681274063803,0.14164852063969172,0.14602695410991687,0.12898274231663495
HANCOCK,43,clean,B7,uncertainty_only,90,0.9016393442622951,110.0,31.0,109.84086602199089,0.11745666555345227,0.6406670252824099,0.7142354656161252,0.7220304294918063,0.22117927804230886,2.566259490292373,0.11835766603200884,0.11991152550288653,0.10193808414230936
HANCOCK,43,clean,B7,uncertainty_only,80,0.8032786885245902,98.0,26.0,100.12990950312584,0.10776462062761871,0.5916083916083916,0.6467812220250457,0.6404742312857599,0.08476654886824218,1.3358924527404508,0.11283451961446654,0.1077334301228517,0.09416635775184612
HANCOCK,43,clean,B7,full_equal_weight,100,1.0,122.0,38.0,121.33108167594078,0.12898274231663495,0.6750093388121031,0.7412224937282743,0.7688067865264986,0.3790572111752244,2.467681274063803,0.14164852063969172,0.14602695410991687,0.12898274231663495
HANCOCK,43,clean,B7,full_equal_weight,90,0.9016393442622951,110.0,30.0,108.56355670849904,0.1110004491909056,0.6288888888888889,0.6787212106215781,0.6758883898366532,0.11092098867760242,1.4407449705418485,0.12303351303866567,0.11214668203690627,0.09788720287429464
HANCOCK,43,clean,B7,full_equal_weight,80,0.8032786885245902,98.0,28.0,98.8755275527463,0.11483022344074031,0.6262694651320244,0.7071760147328888,0.7055720933493125,0.17740174864541047,1.876026787900758,0.11849685117136895,0.11525144498934091,0.10407088477319047
HANCOCK,43,clean,B7,full_learned_nonnegative,100,1.0,122.0,38.0,121.33108167594078,0.12898274231663495,0.6750093388121031,0.7412224937282743,0.7688067865264986,0.3790572111752244,2.467681274063803,0.14164852063969172,0.14602695410991687,0.12898274231663495
HANCOCK,43,clean,B7,full_learned_nonnegative,90,0.9016393442622951,110.0,30.0,110.11099507170773,0.10357428785752563,0.6247165532879818,0.6896194220833607,0.6948315115655112,0.04468317774973709,2.207633394557656,0.11898090238230206,0.10653821149764407,0.0903719648424926
HANCOCK,43,clean,B7,full_learned_nonnegative,80,0.8032786885245902,98.0,26.0,100.44757952771106,0.1005106122531822,0.5654450261780105,0.6319053133705185,0.6315932266133205,-0.025273429490548113,1.3263371698289066,0.11541001829938416,0.10062107502640419,0.09370895784358248
HANCOCK,43,random_cell_dropout_10pct,B2,none,full,1.0,122.0,38.0,121.33108167594078,0.14602695410991687,0.6327979081060889,0.6596807967156807,0.690132279155643,0.36438918326351993,2.6173690173520994,0.1375878183620987,,
HANCOCK,43,random_cell_dropout_10pct,B3,none,full,1.0,122.0,38.0,121.33108167594078,0.14081457663385272,0.6473664549869257,0.6681492265190128,0.6982405679157264,0.3752240796658826,1.4440964932990268,0.1400396498825557,,
HANCOCK,43,random_cell_dropout_10pct,B4,none,full,1.0,122.0,38.0,121.33108167594078,0.13322715204965419,0.6247665296974225,0.674833110229999,0.6855309294445391,0.382705551767838,1.9970910434761433,0.13888653092488865,,
HANCOCK,43,random_cell_dropout_10pct,B5,none,full,1.0,122.0,38.0,121.33108167594078,0.13228849726442132,0.6821068360104595,0.7407279724734211,0.7622546212082959,0.3776182587362513,2.1072557839303006,0.14099782846146366,,
HANCOCK,43,random_cell_dropout_10pct,B6,none,full,1.0,122.0,38.0,121.33108167594078,0.13353254903253686,0.6555846096376541,0.7110227356593665,0.7314972007691835,0.3944163418323923,2.2060252550014923,0.13852147593286143,,
HANCOCK,43,random_cell_dropout_10pct,M0,none,full,1.0,122.0,38.0,121.33108167594078,0.14975731069388704,0.613746731415764,0.6564709233564769,0.6685501725522557,0.36121460687925416,17.677787531320302,0.13491842490673261,,
HANCOCK,43,random_cell_dropout_10pct,B7,ood_only,100,1.0,122.0,38.0,121.33108167594078,0.13353254903253686,0.6555846096376541,0.7110227356593665,0.7314972007691835,0.3944163418323923,2.2060252550014923,0.13852147593286143,0.14602695410991687,0.13353254903253686
HANCOCK,43,random_cell_dropout_10pct,B7,ood_only,90,0.9016393442622951,110.0,33.0,108.32042808439553,0.14035655455966095,0.6325511732401398,0.6240155517319798,0.6410197366878817,0.3538504784019435,1.5703770424037695,0.13524605050859745,0.14134650691015552,0.12827670205336597
HANCOCK,43,random_cell_dropout_10pct,B7,ood_only,80,0.8032786885245902,98.0,25.0,96.64965492157674,0.12392535633299127,0.692020879940343,0.7046615562162459,0.726747683083914,0.17759403916075647,3.1520993688244423,0.1331625650655706,0.12466573476304875,0.1148916278541263
HANCOCK,43,random_cell_dropout_10pct,B7,uncertainty_only,100,1.0,122.0,38.0,121.33108167594078,0.13353254903253686,0.6555846096376541,0.7110227356593665,0.7314972007691835,0.3944163418323923,2.2060252550014923,0.13852147593286143,0.14602695410991687,0.13353254903253686
HANCOCK,43,random_cell_dropout_10pct,B7,uncertainty_only,90,0.9016393442622951,110.0,31.0,109.84086602199089,0.11897497662355798,0.6164604626143088,0.6727644753692034,0.6779215462830382,0.2351798311502692,2.3069433625799998,0.11820257087477908,0.11991152550288653,0.10491445690757185
HANCOCK,43,random_cell_dropout_10pct,B7,uncertainty_only,80,0.8032786885245902,98.0,26.0,100.12990950312584,0.10600539845961084,0.6146853146853147,0.678560980687072,0.6766466217197589,0.06294677885638679,2.1431217446875697,0.11604050859025179,0.1077334301228517,0.09639295099043879
HANCOCK,43,random_cell_dropout_10pct,B7,full_equal_weight,100,1.0,122.0,38.0,121.33108167594078,0.1385177140517995,0.654090399701158,0.7077508031449891,0.7239920916887826,0.42379146870785894,2.209163098879587,0.13535051126165487,0.14602695410991687,0.13353254903253686
HANCOCK,43,random_cell_dropout_10pct,B7,full_equal_weight,90,0.9016393442622951,110.0,30.0,108.56355670849904,0.11300156931075966,0.5877777777777777,0.6387018217371424,0.635208523498544,0.0970016346904613,0.8998567478317632,0.12245736860100485,0.11214668203690627,0.10244741461240764
HANCOCK,43,random_cell_dropout_10pct,B7,full_equal_weight,80,0.8032786885245902,98.0,28.0,98.8755275527463,0.11590824168912538,0.6120514556533514,0.6736922686665024,0.6699677751837071,0.1342565913343396,1.6505545565875277,0.12158917506093907,0.11525144498934091,0.10785301974357618
HANCOCK,43,random_cell_dropout_10pct,B7,full_learned_nonnegative,100,1.0,122.0,38.0,121.33108167594078,0.13353254903253686,0.6555846096376541,0.7110227356593665,0.7314972007691835,0.3944163418323923,2.2060252550014923,0.13852147593286143,0.14602695410991687,0.13353254903253686
HANCOCK,43,random_cell_dropout_10pct,B7,full_learned_nonnegative,90,0.9016393442622951,110.0,30.0,110.11099507170773,0.10456477144607888,0.6133786848072562,0.6715114502650147,0.6771567677525812,0.040925740736961855,1.8817282728526123,0.11937071359080154,0.10653821149764407,0.09282051012620265
HANCOCK,43,random_cell_dropout_10pct,B7,full_learned_nonnegative,80,0.8032786885245902,98.0,26.0,100.44757952771106,0.09921778573472012,0.5878833208676141,0.6643000226472984,0.6574933007020919,-0.052694237998625666,1.9009706689853645,0.11895290905770266,0.10062107502640419,0.09548133887765411
HANCOCK,43,random_cell_dropout_30pct,B2,none,full,1.0,122.0,38.0,121.33108167594078,0.14602695410991687,0.6327979081060889,0.6596807967156807,0.690132279155643,0.36438918326351993,2.6173690173520994,0.1375878183620987,,
HANCOCK,43,random_cell_dropout_30pct,B3,none,full,1.0,122.0,38.0,121.33108167594078,0.14081457663385272,0.6473664549869257,0.6681492265190128,0.6982405679157264,0.3752240796658826,1.4440964932990268,0.1400396498825557,,
HANCOCK,43,random_cell_dropout_30pct,B4,none,full,1.0,122.0,38.0,121.33108167594078,0.13826725562865963,0.594882330967501,0.6545924120852374,0.6745327831956192,0.400402479385234,1.9106938547315142,0.1348525207025247,,
HANCOCK,43,random_cell_dropout_30pct,B5,none,full,1.0,122.0,38.0,121.33108167594078,0.13504304118255128,0.6567052670900262,0.7132189909741425,0.7470587928989579,0.38701550026935555,2.2606868502093196,0.13834795920623663,,
HANCOCK,43,random_cell_dropout_30pct,B6,none,full,1.0,122.0,38.0,121.33108167594078,0.13642574706836874,0.6286888307807247,0.6903383399104602,0.7211370462202783,0.4031787233755155,2.2728490660183183,0.13590102189614095,,
HANCOCK,43,random_cell_dropout_30pct,M0,none,full,1.0,122.0,38.0,121.33108167594078,0.14975731069388704,0.613746731415764,0.6564709233564769,0.6685501725522557,0.36121460687925416,17.677787531320302,0.13491842490673261,,
HANCOCK,43,random_cell_dropout_30pct,B7,ood_only,100,1.0,122.0,38.0,121.33108167594078,0.13650159346529664,0.6257004109077325,0.688451278785171,0.7187294203035356,0.3973764508034008,2.2864695198511518,0.13638400900854275,0.14602695410991687,0.13642574706836874
HANCOCK,43,random_cell_dropout_30pct,B7,ood_only,90,0.9016393442622951,110.0,33.0,108.32042808439553,0.13992148273768423,0.6440339490763854,0.6673698164043921,0.6975092054008599,0.34445806980622645,2.7891591016700663,0.13493302272274385,0.14134650691015552,0.12783287023655243
HANCOCK,43,random_cell_dropout_30pct,B7,ood_only,80,0.8032786885245902,98.0,25.0,96.64965492157674,0.12466093658075793,0.686055182699478,0.6861904302273542,0.7065412359043994,0.15454440445647605,2.6118038880654093,0.13607138824764786,0.12466573476304875,0.11346738378254678
HANCOCK,43,random_cell_dropout_30pct,B7,uncertainty_only,100,1.0,122.0,38.0,121.33108167594078,0.13642574706836874,0.6286888307807247,0.6903383399104602,0.7211370462202783,0.4031787233755155,2.2728490660183183,0.13590102189614095,0.14602695410991687,0.13642574706836874
HANCOCK,43,random_cell_dropout_30pct,B7,uncertainty_only,90,0.9016393442622951,110.0,31.0,109.84086602199089,0.11695841159332092,0.6347498655190963,0.6993849101914857,0.7046148110049935,0.18941421490592636,2.4484642096755564,0.12186595158824667,0.11991152550288653,0.10820794347289536
HANCOCK,43,random_cell_dropout_30pct,B7,uncertainty_only,80,0.8032786885245902,98.0,26.0,100.12990950312584,0.10575268897503669,0.6083916083916084,0.6601164685360862,0.654845141455296,0.03157610364310564,2.020618746411622,0.11888425712228282,0.1077334301228517,0.10014811545492415
HANCOCK,43,random_cell_dropout_30pct,B7,full_equal_weight,100,1.0,122.0,38.0,121.33108167594078,0.14141091208763137,0.6268210683601046,0.6866267208700643,0.7136319371398775,0.43240201607727347,2.283664768692427,0.12983554410353298,0.14602695410991687,0.13642574706836874
HANCOCK,43,random_cell_dropout_30pct,B7,full_equal_weight,90,0.9016393442622951,110.0,30.0,108.56355670849904,0.11007391548992572,0.5966666666666667,0.6348395359687028,0.6381877668211995,0.08476525685815967,1.4823387841899909,0.12459394224145436,0.11214668203690627,0.10470571463342218
HANCOCK,43,random_cell_dropout_30pct,B7,full_equal_weight,80,0.8032786885245902,98.0,28.0,98.8755275527463,0.11534208348250051,0.6018957345971564,0.6655228004256244,0.6701717341339947,0.17310224038582134,1.9255818985787194,0.11757624325610992,0.11525144498934091,0.10718787868412062
HANCOCK,43,random_cell_dropout_30pct,B7,full_learned_nonnegative,100,1.0,122.0,38.0,121.33108167594078,0.14141091208763137,0.6268210683601046,0.6866267208700643,0.7136319371398775,0.43240201607727347,2.283664768692427,0.1327300572249344,0.14602695410991687,0.13642574706836874
HANCOCK,43,random_cell_dropout_30pct,B7,full_learned_nonnegative,90,0.9016393442622951,110.0,30.0,110.11099507170773,0.10423756632263721,0.6082766439909297,0.6799154045324781,0.6839377821673054,0.021949334159027955,2.098355064558327,0.12064023316901609,0.10653821149764407,0.09462381250569613
HANCOCK,43,random_cell_dropout_30pct,B7,full_learned_nonnegative,80,0.8032786885245902,98.0,26.0,100.44757952771106,0.09976095964327877,0.5818997756170531,0.641392800944261,0.6366770161747641,-0.06289966617348737,1.6904491228979464,0.11937847537102797,0.10062107502640419,0.0941993687111803
HANCOCK,43,measurement_noise_0.5sd,B2,none,full,1.0,122.0,38.0,121.33108167594078,0.14602695410991687,0.6327979081060889,0.6596807967156807,0.690132279155643,0.36438918326351993,2.6173690173520994,0.1375878183620987,,
HANCOCK,43,measurement_noise_0.5sd,B3,none,full,1.0,122.0,38.0,121.33108167594078,0.14081457663385272,0.6473664549869257,0.6681492265190128,0.6982405679157264,0.3752240796658826,1.4440964932990268,0.1400396498825557,,
HANCOCK,43,measurement_noise_0.5sd,B4,none,full,1.0,122.0,38.0,121.33108167594078,0.1331214721753857,0.6230855435188644,0.6776989586676202,0.6905705042502681,0.3664808931724179,1.6608139105519857,0.14215499065527773,,
HANCOCK,43,measurement_noise_0.5sd,B5,none,full,1.0,122.0,38.0,121.33108167594078,0.1312355005429914,0.6854688083675756,0.7401295884963792,0.7598708527658216,0.35763086471979216,1.886875452712979,0.14387767991549597,,
HANCOCK,43,measurement_noise_0.5sd,B6,none,full,1.0,122.0,38.0,121.33108167594078,0.13262818850705763,0.6679118416137467,0.724897369980566,0.7483495772552732,0.3763341396549462,1.9394130084044694,0.1412515237906058,,
HANCOCK,43,measurement_noise_0.5sd,M0,none,full,1.0,122.0,38.0,121.33108167594078,0.14975731069388704,0.613746731415764,0.6564709233564769,0.6685501725522557,0.36121460687925416,17.677787531320302,0.13491842490673261,,
HANCOCK,43,measurement_noise_0.5sd,B7,ood_only,100,1.0,122.0,38.0,121.33108167594078,0.13262818850705763,0.6679118416137467,0.724897369980566,0.7483495772552732,0.3763341396549462,1.9394130084044694,0.1412515237906058,0.14602695410991687,0.13262818850705763
HANCOCK,43,measurement_noise_0.5sd,B7,ood_only,90,0.9016393442622951,110.0,33.0,108.32042808439553,0.14046433799786098,0.6674987518721918,0.669549548094369,0.6823037307186844,0.37109543070434764,1.39813755099651,0.1330340019379981,0.14134650691015552,0.12712168464405688
HANCOCK,43,measurement_noise_0.5sd,B7,ood_only,80,0.8032786885245902,98.0,25.0,96.64965492157674,0.12680979904097175,0.6211782252050708,0.6125194095446628,0.6317759686492379,0.21808806292040073,1.234159835595465,0.12997400032233583,0.12466573476304875,0.11681605540838981
HANCOCK,43,measurement_noise_0.5sd,B7,uncertainty_only,100,1.0,122.0,38.0,121.33108167594078,0.13262818850705763,0.6679118416137467,0.724897369980566,0.7483495772552732,0.3763341396549462,1.9394130084044694,0.1412515237906058,0.14602695410991687,0.13262818850705763
HANCOCK,43,measurement_noise_0.5sd,B7,uncertainty_only,90,0.9016393442622951,110.0,31.0,109.84086602199089,0.11920177427702969,0.6358257127487896,0.6804252158899645,0.6825004285523667,0.21361127162477775,1.585425284086872,0.11769834825482117,0.11991152550288653,0.10758424320645048
HANCOCK,43,measurement_noise_0.5sd,B7,uncertainty_only,80,0.8032786885245902,98.0,26.0,100.12990950312584,0.10652444735238695,0.6265734265734266,0.6694064933184799,0.6626874193939041,0.11306867446636612,1.9701168320466056,0.10921455733640731,0.1077334301228517,0.09888348489801126
HANCOCK,43,measurement_noise_0.5sd,B7,full_equal_weight,100,1.0,122.0,38.0,121.33108167594078,0.13262818850705763,0.6679118416137467,0.724897369980566,0.7483495772552732,0.3763341396549462,1.9394130084044694,0.1412515237906058,0.14602695410991687,0.13262818850705763
HANCOCK,43,measurement_noise_0.5sd,B7,full_equal_weight,90,0.9016393442622951,110.0,30.0,108.56355670849904,0.11258080998721838,0.6127777777777778,0.6586948095382309,0.6545258331642464,0.12483290425532932,0.9977121550456178,0.11848118618015287,0.11214668203690627,0.10137448874059522
HANCOCK,43,measurement_noise_0.5sd,B7,full_equal_weight,80,0.8032786885245902,98.0,28.0,98.8755275527463,0.11630237310467302,0.6364251861882194,0.6866471407988344,0.6767567815829862,0.15449969565350533,1.1986171165457793,0.11709559032123773,0.11525144498934091,0.10748257180068505
HANCOCK,43,measurement_noise_0.5sd,B7,full_learned_nonnegative,100,1.0,122.0,38.0,121.33108167594078,0.13262818850705763,0.6679118416137467,0.724897369980566,0.7483495772552732,0.3763341396549462,1.9394130084044694,0.1412515237906058,0.14602695410991687,0.13262818850705763
HANCOCK,43,measurement_noise_0.5sd,B7,full_learned_nonnegative,90,0.9016393442622951,110.0,30.0,110.11099507170773,0.10646902050808378,0.5856009070294784,0.6278223396214305,0.6312132621587406,0.04933139499761705,1.029970650813483,0.11612214672006244,0.10653821149764407,0.0948329453045458
HANCOCK,43,measurement_noise_0.5sd,B7,full_learned_nonnegative,80,0.8032786885245902,98.0,26.0,100.44757952771106,0.09947789022134677,0.6020942408376964,0.6585630041055811,0.6554381716709391,0.0017886082487056374,1.8400559047984562,0.11246000654173434,0.10062107502640419,0.09737945058537552
HANCOCK,43,location_shift_1sd,B2,none,full,1.0,122.0,38.0,121.33108167594078,0.14602695410991687,0.6327979081060889,0.6596807967156807,0.690132279155643,0.36438918326351993,2.6173690173520994,0.1375878183620987,,
HANCOCK,43,location_shift_1sd,B3,none,full,1.0,122.0,38.0,121.33108167594078,0.14081457663385272,0.6473664549869257,0.6681492265190128,0.6982405679157264,0.3752240796658826,1.4440964932990268,0.1400396498825557,,
HANCOCK,43,location_shift_1sd,B4,none,full,1.0,122.0,38.0,121.33108167594078,0.126454136010723,0.6384011953679491,0.6989614839495516,0.7159406944621612,0.24604331565689005,1.9405017211359945,0.15731075616083492,,
HANCOCK,43,location_shift_1sd,B5,none,full,1.0,122.0,38.0,121.33108167594078,0.12650803095881044,0.6951811729548002,0.7606375768803261,0.7884625033513711,0.32180710915593413,2.409831055365429,0.14904843481066923,,
HANCOCK,43,location_shift_1sd,B6,none,full,1.0,122.0,38.0,121.33108167594078,0.12780573847351073,0.6753828912962271,0.7450754884139292,0.7730578109769529,0.3347472854994483,2.451880440512973,0.14696178123871195,,
HANCOCK,43,location_shift_1sd,M0,none,full,1.0,122.0,38.0,121.33108167594078,0.14975731069388704,0.613746731415764,0.6564709233564769,0.6685501725522557,0.36121460687925416,17.677787531320302,0.13491842490673261,,
HANCOCK,43,location_shift_1sd,B7,ood_only,100,1.0,122.0,38.0,121.33108167594078,0.12780573847351073,0.6753828912962271,0.7450754884139292,0.7730578109769529,0.3347472854994483,2.451880440512973,0.14696178123871195,0.14602695410991687,0.12780573847351073
HANCOCK,43,location_shift_1sd,B7,ood_only,90,0.9016393442622951,110.0,33.0,108.32042808439553,0.13842711917993916,0.6520219670494258,0.6739389594662426,0.6951985860806184,0.34617178791602393,2.0885827718352785,0.1366605193731835,0.14134650691015552,0.12244671539276075
HANCOCK,43,location_shift_1sd,B7,ood_only,80,0.8032786885245902,98.0,25.0,96.64965492157674,0.12407793882805287,0.668158090976883,0.6943702092121614,0.7119273473823424,0.17039904234465544,2.6856882748995643,0.1349108641654398,0.12466573476304875,0.11239139045653483
HANCOCK,43,location_shift_1sd,B7,uncertainty_only,100,1.0,122.0,38.0,121.33108167594078,0.12780573847351073,0.6753828912962271,0.7450754884139292,0.7730578109769529,0.3347472854994483,2.451880440512973,0.14696178123871195,0.14602695410991687,0.12780573847351073
HANCOCK,43,location_shift_1sd,B7,uncertainty_only,90,0.9016393442622951,110.0,31.0,109.84086602199089,0.11837197134837674,0.6164604626143088,0.6842490621025468,0.6882199227946677,0.18697439966008153,2.034534794605486,0.12190935762680725,0.11991152550288653,0.1011686570017171
HANCOCK,43,location_shift_1sd,B7,uncertainty_only,80,0.8032786885245902,98.0,26.0,100.12990950312584,0.1072780695594171,0.5867132867132867,0.6506683101510132,0.6449718153047738,0.05174490327845959,1.5029828763806632,0.11575670336660082,0.1077334301228517,0.0937008742428861
HANCOCK,43,location_shift_1sd,B7,full_equal_weight,100,1.0,122.0,38.0,121.33108167594078,0.12780573847351073,0.6753828912962271,0.7450754884139292,0.7730578109769529,0.3347472854994483,2.451880440512973,0.14696178123871195,0.14602695410991687,0.12780573847351073
HANCOCK,43,location_shift_1sd,B7,full_equal_weight,90,0.9016393442622951,110.0,30.0,108.56355670849904,0.10880360858870496,0.6244444444444445,0.6808463249134565,0.6840438232809846,0.07458561972859067,1.4765804905842108,0.12906447489859657,0.11214668203690627,0.09738012948358321
HANCOCK,43,location_shift_1sd,B7,full_equal_weight,80,0.8032786885245902,98.0,28.0,98.8755275527463,0.11435332427210713,0.6147596479350034,0.7055514166414887,0.7099353954717791,0.1371665135817318,2.290649816679214,0.12196284474486553,0.11525144498934091,0.10351610674016079
HANCOCK,43,location_shift_1sd,B7,full_learned_nonnegative,100,1.0,122.0,38.0,121.33108167594078,0.13294146723649983,0.673141576391483,0.7405505221420828,0.7635058539655337,0.3653132435800798,2.4516333358759126,0.14365162265289683,0.14602695410991687,0.12780573847351073
HANCOCK,43,location_shift_1sd,B7,full_learned_nonnegative,90,0.9016393442622951,110.0,30.0,110.11099507170773,0.10446262621141612,0.6037414965986394,0.6598727031674398,0.6609798651889413,0.016283803828460532,1.7569015230100742,0.1210419371966827,0.10653821149764407,0.08992364251060389
HANCOCK,43,location_shift_1sd,B7,full_learned_nonnegative,80,0.8032786885245902,98.0,26.0,100.44757952771106,0.10002596556878142,0.5646970830216903,0.648751364537972,0.6481198611114737,-0.051890193108691106,1.5800619955292179,0.11780300055097546,0.10062107502640419,0.09347934121265544
HANCOCK,43,row_permutation_negative_control,B2,none,full,1.0,122.0,38.0,121.33108167594078,0.14602695410991687,0.6327979081060889,0.6596807967156807,0.690132279155643,0.36438918326351993,2.6173690173520994,0.1375878183620987,,
HANCOCK,43,row_permutation_negative_control,B3,none,full,1.0,122.0,38.0,121.33108167594078,0.14081457663385272,0.6473664549869257,0.6681492265190128,0.6982405679157264,0.3752240796658826,1.4440964932990268,0.1400396498825557,,
HANCOCK,43,row_permutation_negative_control,B4,none,full,1.0,122.0,38.0,121.33108167594078,0.17025785764968898,0.41837878221890173,0.43146857623152346,0.4433648167641174,0.2878675155274394,-0.6836949155731921,0.14269404760728965,,
HANCOCK,43,row_permutation_negative_control,B5,none,full,1.0,122.0,38.0,121.33108167594078,0.16592898084809332,0.47291744490100857,0.49482694950250194,0.5141837381060846,0.3006813862665478,-0.23791161169054995,0.1431800659428514,,
HANCOCK,43,row_permutation_negative_control,B6,none,full,1.0,122.0,38.0,121.33108167594078,0.1647022864697166,0.4646992902502802,0.4836260402606397,0.49943737907310204,0.32179879588698146,-0.3389287695241111,0.14041414977698122,,
HANCOCK,43,row_permutation_negative_control,M0,none,full,1.0,122.0,38.0,121.33108167594078,0.14975731069388704,0.613746731415764,0.6564709233564769,0.6685501725522557,0.36121460687925416,17.677787531320302,0.13491842490673261,,
HANCOCK,43,row_permutation_negative_control,B7,ood_only,100,1.0,122.0,38.0,121.33108167594078,0.1647022864697166,0.4646992902502802,0.4836260402606397,0.49943737907310204,0.32179879588698146,-0.3389287695241111,0.14041414977698122,0.14602695410991687,0.1647022864697166
HANCOCK,43,row_permutation_negative_control,B7,ood_only,90,0.9016393442622951,110.0,33.0,108.32042808439553,0.14699028624040822,0.544682975536695,0.5839908440705271,0.5980869782211354,0.39117343068098503,0.38544741172073926,0.12897840987303738,0.14134650691015552,0.1588973229009555
HANCOCK,43,row_permutation_negative_control,B7,ood_only,80,0.8032786885245902,98.0,25.0,96.64965492157674,0.12759207279712112,0.6010439970171514,0.6349486673328393,0.6487951924007049,0.20065076080563485,0.9929999649438946,0.13107653579869358,0.12466573476304875,0.14385649353255964
HANCOCK,43,row_permutation_negative_control,B7,uncertainty_only,100,1.0,122.0,38.0,121.33108167594078,0.1647022864697166,0.4646992902502802,0.4836260402606397,0.49943737907310204,0.32179879588698146,-0.3389287695241111,0.14041414977698122,0.14602695410991687,0.1647022864697166
HANCOCK,43,row_permutation_negative_control,B7,uncertainty_only,90,0.9016393442622951,110.0,31.0,109.84086602199089,0.12308781587287569,0.46207638515330823,0.504847966667446,0.5273189036252848,0.22566396000851743,0.11451340163971334,0.11992963619733606,0.11991152550288653,0.13448242408810504
HANCOCK,43,row_permutation_negative_control,B7,uncertainty_only,80,0.8032786885245902,98.0,26.0,100.12990950312584,0.11136319813299043,0.42727272727272725,0.44948868154191424,0.460921499859151,0.09471584736210191,-0.8472586225208492,0.11358077927876445,0.1077334301228517,0.11919306184547664
HANCOCK,43,row_permutation_negative_control,B7,full_equal_weight,100,1.0,122.0,38.0,121.33108167594078,0.16123081366783115,0.4650728427344042,0.4836260402606397,0.49943737907310204,0.3521693255912647,-0.30765982452343893,0.13710456477935978,0.14602695410991687,0.1647022864697166
HANCOCK,43,row_permutation_negative_control,B7,full_equal_weight,90,0.9016393442622951,110.0,30.0,108.56355670849904,0.1166619147828184,0.4588888888888889,0.47689391465064807,0.4918177334526401,0.09381711904279409,-0.3238628881107446,0.12323113886790332,0.11214668203690627,0.12939185589436344
HANCOCK,43,row_permutation_negative_control,B7,full_equal_weight,80,0.8032786885245902,98.0,28.0,98.8755275527463,0.1192235003155714,0.4847664184157075,0.5240081076530977,0.5371743019616023,0.20331527397930632,0.08190057429150804,0.11469942487079911,0.11525144498934091,0.13231945947461124
HANCOCK,43,row_permutation_negative_control,B7,full_learned_nonnegative,100,1.0,122.0,38.0,121.33108167594078,0.1647022864697166,0.4646992902502802,0.4836260402606397,0.49943737907310204,0.32179879588698146,-0.3389287695241111,0.14041414977698122,0.14602695410991687,0.1647022864697166
HANCOCK,43,row_permutation_negative_control,B7,full_learned_nonnegative,90,0.9016393442622951,110.0,30.0,110.11099507170773,0.10932393242340403,0.44387755102040816,0.45700693938848497,0.4767794450703687,0.0414394831464264,-0.4212933116207852,0.12015620271868223,0.10653821149764407,0.12071854063863341
HANCOCK,43,row_permutation_negative_control,B7,full_learned_nonnegative,80,0.8032786885245902,98.0,26.0,100.44757952771106,0.10487993294650064,0.406133133881825,0.419368973085715,0.43106886189338806,-0.005714269212184553,-1.096611388139069,0.11453883788144624,0.10062107502640419,0.11756396080572701
HANCOCK,43,complete_modality_dropout,B2,none,full,1.0,122.0,38.0,121.33108167594078,0.14602695410991687,0.6327979081060889,0.6596807967156807,0.690132279155643,0.36438918326351993,2.6173690173520994,0.1375878183620987,,
HANCOCK,43,complete_modality_dropout,B3,none,full,1.0,122.0,38.0,121.33108167594078,0.14081457663385272,0.6473664549869257,0.6681492265190128,0.6982405679157264,0.3752240796658826,1.4440964932990268,0.1400396498825557,,
HANCOCK,43,complete_modality_dropout,B4,none,full,1.0,122.0,38.0,121.33108167594078,0.15268433175689758,0.5,0.5,0.5,0.49896717458990153,,0.11972701451852957,,
HANCOCK,43,complete_modality_dropout,B5,none,full,1.0,122.0,38.0,121.33108167594078,0.1486240497117304,0.6283152782966007,0.6552151311278934,0.6791875817887421,0.4873609187176282,2.7178406803373583,0.12281535436635332,,
HANCOCK,43,complete_modality_dropout,B6,none,full,1.0,122.0,38.0,121.33108167594078,0.14994900836926503,0.6327979081060889,0.6596807967156807,0.690132279155643,0.5028037599288985,4.476930065195736,0.12081779618717459,,
HANCOCK,43,complete_modality_dropout,M0,none,full,1.0,122.0,38.0,121.33108167594078,0.14975731069388704,0.613746731415764,0.6564709233564769,0.6685501725522557,0.36121460687925416,17.677787531320302,0.13491842490673261,,
HANCOCK,43,complete_modality_dropout,B7,ood_only,100,1.0,122.0,38.0,121.33108167594078,0.14602695410991687,0.6327979081060889,0.6596807967156807,0.690132279155643,0.36438918326351993,2.6173690173520994,0.1375878183620987,0.14602695410991687,0.14994900836926503
HANCOCK,43,complete_modality_dropout,B7,ood_only,90,0.9016393442622951,110.0,33.0,108.32042808439553,0.14134650691015552,0.6320519221168248,0.6400677379377387,0.6727835353588173,0.32528710528317845,2.1468581870143426,0.1371033341393475,0.14134650691015552,0.1442563715239004
HANCOCK,43,complete_modality_dropout,B7,ood_only,80,0.8032786885245902,98.0,25.0,96.64965492157674,0.12466573476304875,0.6868008948545862,0.6872561652369293,0.7077462613009158,0.15431795455961225,2.612158643971253,0.13612084749748274,0.12466573476304875,0.12718839768801077
HANCOCK,43,complete_modality_dropout,B7,uncertainty_only,100,1.0,122.0,38.0,121.33108167594078,0.14602695410991687,0.6327979081060889,0.6596807967156807,0.690132279155643,0.36438918326351993,2.6173690173520994,0.1375878183620987,0.14602695410991687,0.14994900836926503
HANCOCK,43,complete_modality_dropout,B7,uncertainty_only,90,0.9016393442622951,110.0,31.0,109.84086602199089,0.11991152550288653,0.6132329209252286,0.6553576383511475,0.6751737135151445,0.10948141269396383,2.5710485080097962,0.13179008467838293,0.11991152550288653,0.12137930027842929
HANCOCK,43,complete_modality_dropout,B7,uncertainty_only,80,0.8032786885245902,98.0,26.0,100.12990950312584,0.1077334301228517,0.5825174825174825,0.6033800016843258,0.609776482993656,-0.055246223103148924,1.9916505855762716,0.1290987858502491,0.1077334301228517,0.10821221605489204
HANCOCK,43,complete_modality_dropout,B7,full_equal_weight,100,1.0,122.0,38.0,121.33108167594078,0.14602695410991687,0.6327979081060889,0.6596807967156807,0.690132279155643,0.36438918326351993,2.6173690173520994,0.1375878183620987,0.14602695410991687,0.14994900836926503
HANCOCK,43,complete_modality_dropout,B7,full_equal_weight,90,0.9016393442622951,110.0,30.0,108.56355670849904,0.11214668203690627,0.6033333333333334,0.6184590451970956,0.6323834575663985,0.00811631673258591,1.5381446104134033,0.13423345625982794,0.11214668203690627,0.11278482918360803
HANCOCK,43,complete_modality_dropout,B7,full_equal_weight,80,0.8032786885245902,98.0,28.0,98.8755275527463,0.11525144498934091,0.6357481381178064,0.6798320072710693,0.6850094310740389,0.05641317117438052,2.9172115426843885,0.13038354154459084,0.11525144498934091,0.11675747411705852
HANCOCK,43,complete_modality_dropout,B7,full_learned_nonnegative,100,1.0,122.0,38.0,121.33108167594078,0.14602695410991687,0.6327979081060889,0.6596807967156807,0.690132279155643,0.36438918326351993,2.6173690173520994,0.1375878183620987,0.14602695410991687,0.14994900836926503
HANCOCK,43,complete_modality_dropout,B7,full_learned_nonnegative,90,0.9016393442622951,110.0,30.0,110.11099507170773,0.10653821149764407,0.5878684807256236,0.6014012519797485,0.6129579063578354,-0.08073373649784048,1.4123018376833572,0.13278502126338113,0.10653821149764407,0.10674872307486236
HANCOCK,43,complete_modality_dropout,B7,full_learned_nonnegative,80,0.8032786885245902,98.0,26.0,100.44757952771106,0.10062107502640419,0.5961106955871354,0.6298649238681796,0.6352188825484716,-0.15759303087296395,2.032059683242304,0.1300447900277859,0.10062107502640419,0.10089352979587293
HANCOCK,43,blood_block_dropout_30pct_rows,B2,none,full,1.0,122.0,38.0,121.33108167594078,0.14602695410991687,0.6327979081060889,0.6596807967156807,0.690132279155643,0.36438918326351993,2.6173690173520994,0.1375878183620987,,
HANCOCK,43,blood_block_dropout_30pct_rows,B3,none,full,1.0,122.0,38.0,121.33108167594078,0.14081457663385272,0.6473664549869257,0.6681492265190128,0.6982405679157264,0.3752240796658826,1.4440964932990268,0.1400396498825557,,
HANCOCK,43,blood_block_dropout_30pct_rows,B4,none,full,1.0,122.0,38.0,121.33108167594078,0.13323504830516686,0.5872245050429585,0.6199864335328982,0.6239642362640431,0.3975657276039931,1.6163889040437347,0.13937453889190612,,
HANCOCK,43,blood_block_dropout_30pct_rows,B5,none,full,1.0,122.0,38.0,121.33108167594078,0.1317760527953136,0.6723944714232349,0.7194440597198756,0.7394811482973576,0.3929866261402443,2.0423931314292605,0.14088126365091608,,
HANCOCK,43,blood_block_dropout_30pct_rows,B6,none,full,1.0,122.0,38.0,121.33108167594078,0.13316775208298937,0.6522226372805379,0.699110948212913,0.7192549454437264,0.4079598983387653,2.094942000320776,0.13856436585957116,,
HANCOCK,43,blood_block_dropout_30pct_rows,M0,none,full,1.0,122.0,38.0,121.33108167594078,0.14975731069388704,0.613746731415764,0.6564709233564769,0.6685501725522557,0.36121460687925416,17.677787531320302,0.13491842490673261,,
HANCOCK,43,blood_block_dropout_30pct_rows,B7,ood_only,100,1.0,122.0,38.0,121.33108167594078,0.13316083810926532,0.6525961897646619,0.6995537412247753,0.7198396310643175,0.4083177404672432,2.095277026640727,0.13853460319429609,0.14602695410991687,0.13316775208298937
HANCOCK,43,blood_block_dropout_30pct_rows,B7,ood_only,90,0.9016393442622951,110.0,33.0,108.32042808439553,0.1396993177788371,0.6500249625561657,0.6767994280408284,0.6871997918933499,0.42166810192716314,1.8958799203663637,0.12668543530105647,0.14134650691015552,0.1281236786113201
HANCOCK,43,blood_block_dropout_30pct_rows,B7,ood_only,80,0.8032786885245902,98.0,25.0,96.64965492157674,0.12657547682226214,0.6592095451155854,0.6353537736990631,0.6415660440285452,0.26525608719781035,1.718819094989592,0.12685474367130103,0.12466573476304875,0.11539114232769825
HANCOCK,43,blood_block_dropout_30pct_rows,B7,uncertainty_only,100,1.0,122.0,38.0,121.33108167594078,0.13316083810926532,0.6525961897646619,0.6995537412247753,0.7198396310643175,0.4083177404672432,2.095277026640727,0.13853460319429609,0.14602695410991687,0.13316775208298937
HANCOCK,43,blood_block_dropout_30pct_rows,B7,uncertainty_only,90,0.9016393442622951,110.0,31.0,109.84086602199089,0.11795980833258575,0.6444324905863368,0.7114015070800366,0.7248469049217189,0.2318959068027307,2.811718642292234,0.11724615052454072,0.11991152550288653,0.1047651535429557
HANCOCK,43,blood_block_dropout_30pct_rows,B7,uncertainty_only,80,0.8032786885245902,98.0,26.0,100.12990950312584,0.1075763287673322,0.5972027972027972,0.644957291363075,0.6456389510731001,0.09565008412421347,1.6605055271395488,0.11175740493224977,0.1077334301228517,0.09662280817662947
HANCOCK,43,blood_block_dropout_30pct_rows,B7,full_equal_weight,100,1.0,122.0,38.0,121.33108167594078,0.13316083810926532,0.6525961897646619,0.6995537412247753,0.7198396310643175,0.4083177404672432,2.095277026640727,0.13853460319429609,0.14602695410991687,0.13316775208298937
HANCOCK,43,blood_block_dropout_30pct_rows,B7,full_equal_weight,90,0.9016393442622951,110.0,30.0,108.56355670849904,0.11281322726420012,0.6155555555555555,0.6511693992717731,0.651157373390474,0.12721397556013303,1.0459613139717574,0.12135571940859385,0.11214668203690627,0.0980465619332887
HANCOCK,43,blood_block_dropout_30pct_rows,B7,full_equal_weight,80,0.8032786885245902,98.0,28.0,98.8755275527463,0.11642532685877645,0.6113744075829384,0.6652519748384905,0.6662785700482782,0.17317372605817213,1.442321593827315,0.11871933081142055,0.11525144498934091,0.10424975718634706
HANCOCK,43,blood_block_dropout_30pct_rows,B7,full_learned_nonnegative,100,1.0,122.0,38.0,121.33108167594078,0.13316083810926532,0.6525961897646619,0.6995537412247753,0.7198396310643175,0.4083177404672432,2.095277026640727,0.13853460319429609,0.14602695410991687,0.13316775208298937
HANCOCK,43,blood_block_dropout_30pct_rows,B7,full_learned_nonnegative,90,0.9016393442622951,110.0,30.0,110.11099507170773,0.10378643654512297,0.6349206349206349,0.6919618267354527,0.6985866512173357,0.05411240102332046,2.454617678164784,0.11803447960429822,0.10653821149764407,0.09059178175549293
HANCOCK,43,blood_block_dropout_30pct_rows,B7,full_learned_nonnegative,80,0.8032786885245902,98.0,26.0,100.44757952771106,0.10064462425445349,0.581151832460733,0.6366546178411614,0.6362944258598722,-0.009851234724852111,1.4595459415816054,0.11348772212866738,0.10062107502640419,0.09388783025673907
HANCOCK,43,tma_block_dropout_30pct_rows,B2,none,full,1.0,122.0,38.0,121.33108167594078,0.14602695410991687,0.6327979081060889,0.6596807967156807,0.690132279155643,0.36438918326351993,2.6173690173520994,0.1375878183620987,,
HANCOCK,43,tma_block_dropout_30pct_rows,B3,none,full,1.0,122.0,38.0,121.33108167594078,0.14081457663385272,0.6473664549869257,0.6681492265190128,0.6982405679157264,0.3752240796658826,1.4440964932990268,0.1400396498825557,,
HANCOCK,43,tma_block_dropout_30pct_rows,B4,none,full,1.0,122.0,38.0,121.33108167594078,0.12741723456627124,0.6258871871497945,0.6885922606129937,0.703536427550631,0.34089000213406967,2.1098265248831627,0.144931119846258,,
HANCOCK,43,tma_block_dropout_30pct_rows,B5,none,full,1.0,122.0,38.0,121.33108167594078,0.12563653872855804,0.691819200597684,0.7580341241086791,0.7867673360763047,0.33636821110716353,2.442888330774039,0.14659772477969998,,
HANCOCK,43,tma_block_dropout_30pct_rows,B6,none,full,1.0,122.0,38.0,121.33108167594078,0.12721605133287497,0.6679118416137467,0.7339212511573808,0.7620844476411925,0.3550735460482752,2.489808160334897,0.1438880291915017,,
HANCOCK,43,tma_block_dropout_30pct_rows,M0,none,full,1.0,122.0,38.0,121.33108167594078,0.14975731069388704,0.613746731415764,0.6564709233564769,0.6685501725522557,0.36121460687925416,17.677787531320302,0.13491842490673261,,
HANCOCK,43,tma_block_dropout_30pct_rows,B7,ood_only,100,1.0,122.0,38.0,121.33108167594078,0.12752376884309172,0.6649234217407546,0.7317921622771315,0.7595203701633745,0.3478887639357928,2.3762660547222074,0.1446864726187383,0.14602695410991687,0.12721605133287497
HANCOCK,43,tma_block_dropout_30pct_rows,B7,ood_only,90,0.9016393442622951,110.0,33.0,108.32042808439553,0.13404714069546345,0.654018971542686,0.707651210322589,0.7316813266939292,0.3775024557092633,2.51770090054696,0.13166120604064285,0.14134650691015552,0.12147224251366472
HANCOCK,43,tma_block_dropout_30pct_rows,B7,ood_only,80,0.8032786885245902,98.0,25.0,96.64965492157674,0.12303814882345183,0.7017151379567487,0.7149271298347958,0.7304455141880951,0.21718525004897354,2.6160796306272083,0.13145616144870428,0.12466573476304875,0.11094684161605582
HANCOCK,43,tma_block_dropout_30pct_rows,B7,uncertainty_only,100,1.0,122.0,38.0,121.33108167594078,0.12752376884309172,0.6649234217407546,0.7317921622771315,0.7595203701633745,0.3478887639357928,2.3762660547222074,0.1446864726187383,0.14602695410991687,0.12721605133287497
HANCOCK,43,tma_block_dropout_30pct_rows,B7,uncertainty_only,90,0.9016393442622951,110.0,31.0,109.84086602199089,0.1186671756443168,0.6223776223776224,0.6890537153981534,0.6949203538754668,0.18885061362710212,1.8190814104309796,0.12129158346460832,0.11991152550288653,0.10145456282489826
HANCOCK,43,tma_block_dropout_30pct_rows,B7,uncertainty_only,80,0.8032786885245902,98.0,26.0,100.12990950312584,0.1085436098491248,0.5706293706293706,0.6177334474247931,0.6125280277660361,0.062214864063925575,0.9301327809891939,0.11490997019207684,0.1077334301228517,0.09367267122175199
HANCOCK,43,tma_block_dropout_30pct_rows,B7,full_equal_weight,100,1.0,122.0,38.0,121.33108167594078,0.12752376884309172,0.6649234217407546,0.7317921622771315,0.7595203701633745,0.3478887639357928,2.3762660547222074,0.1446864726187383,0.14602695410991687,0.12721605133287497
HANCOCK,43,tma_block_dropout_30pct_rows,B7,full_equal_weight,90,0.9016393442622951,110.0,30.0,108.56355670849904,0.114034087942836,0.5827777777777777,0.6180514958376734,0.6143724751305424,0.10567465047032357,0.6101889897594022,0.12346596461328621,0.11214668203690627,0.09754220303383626
HANCOCK,43,tma_block_dropout_30pct_rows,B7,full_equal_weight,80,0.8032786885245902,98.0,28.0,98.8755275527463,0.11442544611211736,0.6289776574136764,0.7138149144757591,0.7165970754157271,0.16196413108537516,2.3681511821545893,0.11997837926813103,0.11525144498934091,0.1035434343009344
HANCOCK,43,tma_block_dropout_30pct_rows,B7,full_learned_nonnegative,100,1.0,122.0,38.0,121.33108167594078,0.12752376884309172,0.6649234217407546,0.7317921622771315,0.7595203701633745,0.3478887639357928,2.3762660547222074,0.1446864726187383,0.14602695410991687,0.12721605133287497
HANCOCK,43,tma_block_dropout_30pct_rows,B7,full_learned_nonnegative,90,0.9016393442622951,110.0,30.0,110.11099507170773,0.1051237046261276,0.5952380952380952,0.6480779069627517,0.6534954032609757,0.028810632516168364,1.5098078622233668,0.1204534914029297,0.10653821149764407,0.08987116540635029
HANCOCK,43,tma_block_dropout_30pct_rows,B7,full_learned_nonnegative,80,0.8032786885245902,98.0,26.0,100.44757952771106,0.10127188583315877,0.5422587883320867,0.6093845499181505,0.612351882642196,-0.0452224092460486,0.9554067841798142,0.11729407782533023,0.10062107502640419,0.0931662298342435
HANCOCK,43,blood_and_tma_dropout_30pct_rows,B2,none,full,1.0,122.0,38.0,121.33108167594078,0.14602695410991687,0.6327979081060889,0.6596807967156807,0.690132279155643,0.36438918326351993,2.6173690173520994,0.1375878183620987,,
HANCOCK,43,blood_and_tma_dropout_30pct_rows,B3,none,full,1.0,122.0,38.0,121.33108167594078,0.14081457663385272,0.6473664549869257,0.6681492265190128,0.6982405679157264,0.3752240796658826,1.4440964932990268,0.1400396498825557,,
HANCOCK,43,blood_and_tma_dropout_30pct_rows,B4,none,full,1.0,122.0,38.0,121.33108167594078,0.1328629702991624,0.6191632424355622,0.6644057097707629,0.6802768585725789,0.3788080115871436,1.9449650941785925,0.1375662111521637,,
HANCOCK,43,blood_and_tma_dropout_30pct_rows,B5,none,full,1.0,122.0,38.0,121.33108167594078,0.13089728226200747,0.7017183414269705,0.7439404753161719,0.7776468724308805,0.37036360975761984,2.362987583885922,0.13926090431066535,,
HANCOCK,43,blood_and_tma_dropout_30pct_rows,B6,none,full,1.0,122.0,38.0,121.33108167594078,0.13221171105208931,0.6854688083675756,0.7266604176859274,0.7573967711431701,0.38781255476121573,2.466532214277233,0.13698215453805646,,
HANCOCK,43,blood_and_tma_dropout_30pct_rows,M0,none,full,1.0,122.0,38.0,121.33108167594078,0.14975731069388704,0.613746731415764,0.6564709233564769,0.6685501725522557,0.36121460687925416,17.677787531320302,0.13491842490673261,,
HANCOCK,43,blood_and_tma_dropout_30pct_rows,B7,ood_only,100,1.0,122.0,38.0,121.33108167594078,0.13159994923750995,0.6977960403436683,0.7308015335082213,0.7599129597974035,0.35608809001281616,2.563827773571832,0.14093764789105925,0.14602695410991687,0.13221171105208931
HANCOCK,43,blood_and_tma_dropout_30pct_rows,B7,ood_only,90,0.9016393442622951,110.0,33.0,108.32042808439553,0.13763745388787574,0.7059410883674488,0.7303862891199538,0.7520622098309835,0.3786926290500707,2.577513117778809,0.1305444053391692,0.14134650691015552,0.12699724162565768
HANCOCK,43,blood_and_tma_dropout_30pct_rows,B7,ood_only,80,0.8032786885245902,98.0,25.0,96.64965492157674,0.12344805941536431,0.7293064876957495,0.7203059531275606,0.7407570641611682,0.23252828752217625,3.061439798813977,0.1298531060527643,0.12466573476304875,0.1138602629974938
HANCOCK,43,blood_and_tma_dropout_30pct_rows,B7,uncertainty_only,100,1.0,122.0,38.0,121.33108167594078,0.13159994923750995,0.6977960403436683,0.7308015335082213,0.7599129597974035,0.35608809001281616,2.563827773571832,0.14093764789105925,0.14602695410991687,0.13221171105208931
HANCOCK,43,blood_and_tma_dropout_30pct_rows,B7,uncertainty_only,90,0.9016393442622951,110.0,31.0,109.84086602199089,0.11804312756049462,0.6933835395373857,0.7247151122795716,0.7334320583246293,0.18202337384141465,3.0480658073584252,0.12182405401153246,0.11991152550288653,0.10551930401254055
HANCOCK,43,blood_and_tma_dropout_30pct_rows,B7,uncertainty_only,80,0.8032786885245902,98.0,26.0,100.12990950312584,0.10673573609624207,0.6755244755244755,0.6767962049265008,0.6711568676538038,0.03211816316202204,2.0449583253853674,0.11766279295142475,0.1077334301228517,0.09830096787777921
HANCOCK,43,blood_and_tma_dropout_30pct_rows,B7,full_equal_weight,100,1.0,122.0,38.0,121.33108167594078,0.13159994923750995,0.6977960403436683,0.7308015335082213,0.7599129597974035,0.35608809001281616,2.563827773571832,0.14093764789105925,0.14602695410991687,0.13221171105208931
HANCOCK,43,blood_and_tma_dropout_30pct_rows,B7,full_equal_weight,90,0.9016393442622951,110.0,30.0,108.56355670849904,0.11040701960281961,0.675,0.6888034322892791,0.6940080841157209,0.06664530412261052,1.8035204509096863,0.12700563479220156,0.11214668203690627,0.09891470485537
HANCOCK,43,blood_and_tma_dropout_30pct_rows,B7,full_equal_weight,80,0.8032786885245902,98.0,28.0,98.8755275527463,0.1145380447350843,0.6878808395396073,0.7082536122317237,0.7095948772323514,0.11858698217050603,1.9795170317050053,0.12369848960696428,0.11525144498934091,0.10506770318677768
HANCOCK,43,blood_and_tma_dropout_30pct_rows,B7,full_learned_nonnegative,100,1.0,122.0,38.0,121.33108167594078,0.13159994923750995,0.6977960403436683,0.7308015335082213,0.7599129597974035,0.35608809001281616,2.563827773571832,0.14093764789105925,0.14602695410991687,0.13221171105208931
HANCOCK,43,blood_and_tma_dropout_30pct_rows,B7,full_learned_nonnegative,90,0.9016393442622951,110.0,30.0,110.11099507170773,0.10425349325702497,0.6780045351473923,0.6966749955611883,0.7012913211043654,0.003384840443895286,2.4536998887625474,0.12269225104162976,0.10653821149764407,0.09139946682356795
HANCOCK,43,blood_and_tma_dropout_30pct_rows,B7,full_learned_nonnegative,80,0.8032786885245902,98.0,26.0,100.44757952771106,0.09953607769966066,0.6634255796559462,0.6790490649405712,0.6747627320277761,-0.07943105344505451,2.1330462509965207,0.12009547808527068,0.10062107502640419,0.0948622763937691
HANCOCK,43,oropharynx_targeted_tma_dropout,B2,none,full,1.0,122.0,38.0,121.33108167594078,0.14602695410991687,0.6327979081060889,0.6596807967156807,0.690132279155643,0.36438918326351993,2.6173690173520994,0.1375878183620987,,
HANCOCK,43,oropharynx_targeted_tma_dropout,B3,none,full,1.0,122.0,38.0,121.33108167594078,0.14081457663385272,0.6473664549869257,0.6681492265190128,0.6982405679157264,0.3752240796658826,1.4440964932990268,0.1400396498825557,,
HANCOCK,43,oropharynx_targeted_tma_dropout,B4,none,full,1.0,122.0,38.0,121.33108167594078,0.1292413664339719,0.6305565932013448,0.6881443373855551,0.7017545451090851,0.36540496791566307,1.9631472422651763,0.1426940476072896,,
HANCOCK,43,oropharynx_targeted_tma_dropout,B5,none,full,1.0,122.0,38.0,121.33108167594078,0.12758256695847323,0.6948076204706761,0.7594409222124383,0.7872786501162948,0.36245565346604275,2.421428292211717,0.14414376102975188,,
HANCOCK,43,oropharynx_targeted_tma_dropout,B6,none,full,1.0,122.0,38.0,121.33108167594078,0.12898274231663495,0.6750093388121031,0.7412224937282743,0.7688067865264986,0.3790572111752244,2.467681274063803,0.14164852063969172,,
HANCOCK,43,oropharynx_targeted_tma_dropout,M0,none,full,1.0,122.0,38.0,121.33108167594078,0.14975731069388704,0.613746731415764,0.6564709233564769,0.6685501725522557,0.36121460687925416,17.677787531320302,0.13491842490673261,,
HANCOCK,43,oropharynx_targeted_tma_dropout,B7,ood_only,100,1.0,122.0,38.0,121.33108167594078,0.12898274231663495,0.6750093388121031,0.7412224937282743,0.7688067865264986,0.3790572111752244,2.467681274063803,0.14164852063969172,0.14602695410991687,0.12898274231663495
HANCOCK,43,oropharynx_targeted_tma_dropout,B7,ood_only,90,0.9016393442622951,110.0,33.0,108.32042808439553,0.13507014007270293,0.6794807788317524,0.726821675010604,0.745036795430978,0.38861971201011086,2.4058232012720753,0.13015493794640798,0.14134650691015552,0.12348683267978296
HANCOCK,43,oropharynx_targeted_tma_dropout,B7,ood_only,80,0.8032786885245902,98.0,25.0,96.64965492157674,0.12348908390333843,0.6964951528709918,0.699060060748025,0.7203681179565689,0.24435799663484223,2.4809360636820585,0.12890579710347924,0.12466573476304875,0.11311302723761638
HANCOCK,43,oropharynx_targeted_tma_dropout,B7,uncertainty_only,100,1.0,122.0,38.0,121.33108167594078,0.12898274231663495,0.6750093388121031,0.7412224937282743,0.7688067865264986,0.3790572111752244,2.467681274063803,0.14164852063969172,0.14602695410991687,0.12898274231663495
HANCOCK,43,oropharynx_targeted_tma_dropout,B7,uncertainty_only,90,0.9016393442622951,110.0,31.0,109.84086602199089,0.11745666555345227,0.6406670252824099,0.7142354656161252,0.7220304294918063,0.22117927804230886,2.566259490292373,0.11835766603200884,0.11991152550288653,0.10193808414230936
HANCOCK,43,oropharynx_targeted_tma_dropout,B7,uncertainty_only,80,0.8032786885245902,98.0,26.0,100.12990950312584,0.10776462062761871,0.5916083916083916,0.6467812220250457,0.6404742312857599,0.08476654886824218,1.3358924527404508,0.11283451961446654,0.1077334301228517,0.09416635775184612
HANCOCK,43,oropharynx_targeted_tma_dropout,B7,full_equal_weight,100,1.0,122.0,38.0,121.33108167594078,0.13396790733589758,0.673141576391483,0.7373326978990395,0.760619394802425,0.40866234860572476,2.4841918316464935,0.13847755596848516,0.14602695410991687,0.12898274231663495
HANCOCK,43,oropharynx_targeted_tma_dropout,B7,full_equal_weight,90,0.9016393442622951,110.0,30.0,108.56355670849904,0.11170591602711455,0.5994444444444444,0.6541062856772527,0.6541109416600133,0.1059066563661109,1.2142536783267677,0.12331649455574702,0.11214668203690627,0.09788720287429464
HANCOCK,43,oropharynx_targeted_tma_dropout,B7,full_equal_weight,80,0.8032786885245902,98.0,28.0,98.8755275527463,0.11625811573038192,0.6073121191604604,0.680277176887904,0.6769546276709134,0.16708109001237575,1.3591215498637195,0.11930348344924015,0.11525144498934091,0.10407088477319047
HANCOCK,43,oropharynx_targeted_tma_dropout,B7,full_learned_nonnegative,100,1.0,122.0,38.0,121.33108167594078,0.12898274231663495,0.6750093388121031,0.7412224937282743,0.7688067865264986,0.3790572111752244,2.467681274063803,0.14164852063969172,0.14602695410991687,0.12898274231663495
HANCOCK,43,oropharynx_targeted_tma_dropout,B7,full_learned_nonnegative,90,0.9016393442622951,110.0,30.0,110.11099507170773,0.10357428785752563,0.6247165532879818,0.6896194220833607,0.6948315115655112,0.04468317774973709,2.207633394557656,0.11898090238230206,0.10653821149764407,0.0903719648424926
HANCOCK,43,oropharynx_targeted_tma_dropout,B7,full_learned_nonnegative,80,0.8032786885245902,98.0,26.0,100.44757952771106,0.1005106122531822,0.5654450261780105,0.6319053133705185,0.6315932266133205,-0.025273429490548113,1.3263371698289066,0.11541001829938416,0.10062107502640419,0.09370895784358248
HANCOCK,71,clean,B2,none,full,1.0,122.0,38.0,121.33108167594078,0.14602695410991687,0.6327979081060889,0.6596807967156807,0.690132279155643,0.36438918326351993,2.6173690173520994,0.1375878183620987,,
HANCOCK,71,clean,B3,none,full,1.0,122.0,38.0,121.33108167594078,0.14013679254071207,0.6488606649234218,0.6689073115537546,0.7028966688072293,0.352377457230946,1.401703495143344,0.1434480016943572,,
HANCOCK,71,clean,B4,none,full,1.0,122.0,38.0,121.33108167594078,0.1292413664339719,0.6305565932013448,0.6881443373855551,0.7017545451090851,0.36540496791566307,1.9631472422651763,0.1426940476072896,,
HANCOCK,71,clean,B5,none,full,1.0,122.0,38.0,121.33108167594078,0.12758256695847323,0.6948076204706761,0.7594409222124383,0.7872786501162948,0.36245565346604275,2.421428292211717,0.14414376102975188,,
HANCOCK,71,clean,B6,none,full,1.0,122.0,38.0,121.33108167594078,0.12914449192290395,0.6772506537168472,0.744574932813108,0.7742528734075641,0.3843828619596679,2.4919374079189973,0.14113976488491656,,
HANCOCK,71,clean,M0,none,full,1.0,122.0,38.0,121.33108167594078,0.14975731069388704,0.613746731415764,0.6564709233564769,0.6685501725522557,0.36121460687925416,17.677787531320302,0.13491842490673261,,
HANCOCK,71,clean,B7,ood_only,100,1.0,122.0,38.0,121.33108167594078,0.12914449192290395,0.6772506537168472,0.744574932813108,0.7742528734075641,0.3843828619596679,2.4919374079189973,0.14113976488491656,0.14602695410991687,0.12914449192290395
HANCOCK,71,clean,B7,ood_only,90,0.9016393442622951,110.0,33.0,108.32042808439553,0.13498933084003564,0.6814777833250125,0.7280104545952639,0.7475983944923235,0.391002825156311,2.38975366234372,0.130046626565091,0.14134650691015552,0.12346894591045192
HANCOCK,71,clean,B7,ood_only,80,0.8114754098360656,99.0,25.0,97.88872539123514,0.12284046791549438,0.7046289493019838,0.7003937127913926,0.7218129609062032,0.23404863192916517,2.3887157173121754,0.12847840629128968,0.12357041801999352,0.11186056714686986
HANCOCK,71,clean,B7,uncertainty_only,100,1.0,122.0,38.0,121.33108167594078,0.12914449192290395,0.6772506537168472,0.744574932813108,0.7742528734075641,0.3843828619596679,2.4919374079189973,0.14113976488491656,0.14602695410991687,0.12914449192290395
HANCOCK,71,clean,B7,uncertainty_only,90,0.9016393442622951,110.0,31.0,109.5266920814934,0.13435322975747072,0.6177508825012608,0.677376560431271,0.694892588663091,0.4019861570127709,1.692485805125382,0.1174289761260363,0.13360388535400722,0.11650637528220842
HANCOCK,71,clean,B7,uncertainty_only,80,0.8032786885245902,98.0,29.0,104.77989357817114,0.1417740469780944,0.6262975778546713,0.695696894270711,0.7153630234371096,0.4148168773238655,2.2197374142194417,0.11177884405982899,0.14151380161337032,0.12508405087218635
HANCOCK,71,clean,B7,full_equal_weight,100,1.0,122.0,38.0,121.33108167594078,0.12914449192290395,0.6772506537168472,0.744574932813108,0.7742528734075641,0.3843828619596679,2.4919374079189973,0.14113976488491656,0.14602695410991687,0.12914449192290395
HANCOCK,71,clean,B7,full_equal_weight,90,0.9016393442622951,110.0,32.0,112.19550883131251,0.12794390176510462,0.6210898082744702,0.6709574369457166,0.6829755227667207,0.2573417631388321,1.3938309858364633,0.12288433794684628,0.1278730749000105,0.10821540348576872
HANCOCK,71,clean,B7,full_equal_weight,80,0.8032786885245902,98.0,27.0,100.27011452592896,0.10694746170493305,0.6356589147286822,0.7024368399611041,0.7035471330321521,0.056724521106502494,1.8219340010670206,0.11641308961697432,0.10820528662756919,0.09610226537980934
HANCOCK,71,clean,B7,full_learned_nonnegative,100,1.0,122.0,38.0,121.33108167594078,0.12914449192290395,0.6772506537168472,0.744574932813108,0.7742528734075641,0.3843828619596679,2.4919374079189973,0.14113976488491656,0.14602695410991687,0.12914449192290395
HANCOCK,71,clean,B7,full_learned_nonnegative,90,0.9016393442622951,110.0,31.0,111.2894198669605,0.11281462012317,0.6179956896551724,0.6802281060358987,0.6911432749104083,0.13150960838320602,1.6758428491235866,0.11846162392092012,0.11415927118666867,0.09808966420923497
HANCOCK,71,clean,B7,full_learned_nonnegative,80,0.8032786885245902,98.0,27.0,101.62600432296382,0.10984660391706665,0.5791695988740324,0.6476104326619793,0.649861914249957,0.054051481965396976,1.1777898556828847,0.11682392232809728,0.10913982826488482,0.10204822065473006
HANCOCK,71,random_cell_dropout_10pct,B2,none,full,1.0,122.0,38.0,121.33108167594078,0.14602695410991687,0.6327979081060889,0.6596807967156807,0.690132279155643,0.36438918326351993,2.6173690173520994,0.1375878183620987,,
HANCOCK,71,random_cell_dropout_10pct,B3,none,full,1.0,122.0,38.0,121.33108167594078,0.14013679254071207,0.6488606649234218,0.6689073115537546,0.7028966688072293,0.352377457230946,1.401703495143344,0.1434480016943572,,
HANCOCK,71,random_cell_dropout_10pct,B4,none,full,1.0,122.0,38.0,121.33108167594078,0.12866269125484758,0.6604407919312664,0.7307479759837948,0.7471613981714559,0.37452822260083146,2.39511574286757,0.1404646633232149,,
HANCOCK,71,random_cell_dropout_10pct,B5,none,full,1.0,122.0,38.0,121.33108167594078,0.12643643415477168,0.7056406425102727,0.7715640708912133,0.7982736493244386,0.3654075250371886,2.6185680436414223,0.14268842779352972,,
HANCOCK,71,random_cell_dropout_10pct,B6,none,full,1.0,122.0,38.0,121.33108167594078,0.12854434991194866,0.6963018304071722,0.7694252413075949,0.7995860146321497,0.3882813569685287,2.7551431577037584,0.1396615937199787,,
HANCOCK,71,random_cell_dropout_10pct,M0,none,full,1.0,122.0,38.0,121.33108167594078,0.14975731069388704,0.613746731415764,0.6564709233564769,0.6685501725522557,0.36121460687925416,17.677787531320302,0.13491842490673261,,
HANCOCK,71,random_cell_dropout_10pct,B7,ood_only,100,1.0,122.0,38.0,121.33108167594078,0.12854434991194866,0.6963018304071722,0.7694252413075949,0.7995860146321497,0.3882813569685287,2.7551431577037584,0.1396615937199787,0.14602695410991687,0.12854434991194866
HANCOCK,71,random_cell_dropout_10pct,B7,ood_only,90,0.9016393442622951,110.0,33.0,108.32042808439553,0.137050621730368,0.6819770344483275,0.689598270062585,0.7134257457444965,0.3706963758323689,2.129858818465188,0.13057293375683893,0.14134650691015552,0.12395888451451458
HANCOCK,71,random_cell_dropout_10pct,B7,ood_only,80,0.8114754098360656,99.0,25.0,97.88872539123514,0.12312909962252155,0.7134459955914768,0.7180550563033227,0.7410139128699219,0.1868884468359965,3.0147915566854167,0.13086750876404202,0.12357041801999352,0.11258792863218046
HANCOCK,71,random_cell_dropout_10pct,B7,uncertainty_only,100,1.0,122.0,38.0,121.33108167594078,0.12854434991194866,0.6963018304071722,0.7694252413075949,0.7995860146321497,0.3882813569685287,2.7551431577037584,0.1396615937199787,0.14602695410991687,0.12854434991194866
HANCOCK,71,random_cell_dropout_10pct,B7,uncertainty_only,90,0.9016393442622951,110.0,31.0,109.5266920814934,0.13270079585414357,0.6500252143217348,0.7178338332323636,0.7284096134287467,0.40463944574301386,2.251406405118497,0.11749190212802346,0.13360388535400722,0.117111767913983
HANCOCK,71,random_cell_dropout_10pct,B7,uncertainty_only,80,0.8032786885245902,98.0,29.0,104.77989357817114,0.14146209840891094,0.6320645905420992,0.7046922517587133,0.7213225548679988,0.4212860017439051,2.5288200805981433,0.1116776795522785,0.14151380161337032,0.12581612977692674
HANCOCK,71,random_cell_dropout_10pct,B7,full_equal_weight,100,1.0,122.0,38.0,121.33108167594078,0.12854434991194866,0.6963018304071722,0.7694252413075949,0.7995860146321497,0.3882813569685287,2.7551431577037584,0.1396615937199787,0.14602695410991687,0.12854434991194866
HANCOCK,71,random_cell_dropout_10pct,B7,full_equal_weight,90,0.9016393442622951,110.0,32.0,112.19550883131251,0.12691602492617732,0.648335015136226,0.7072157211376833,0.7178004910572662,0.2628274028614533,1.802017012572118,0.11965567554304829,0.1278730749000105,0.10681975371474188
HANCOCK,71,random_cell_dropout_10pct,B7,full_equal_weight,80,0.8032786885245902,98.0,27.0,100.27011452592896,0.10765228438012014,0.6300211416490487,0.7019776407917995,0.6941425838851669,0.05792157034532679,1.5925115911045222,0.11657827666359952,0.10820528662756919,0.09496776809022758
HANCOCK,71,random_cell_dropout_10pct,B7,full_learned_nonnegative,100,1.0,122.0,38.0,121.33108167594078,0.12854434991194866,0.6970489353754202,0.7702810827277896,0.7995860146321497,0.3882813569685287,2.7551431577037584,0.1372696321186942,0.14602695410991687,0.12854434991194866
HANCOCK,71,random_cell_dropout_10pct,B7,full_learned_nonnegative,90,0.9016393442622951,110.0,31.0,111.2894198669605,0.11138771622910323,0.6497844827586207,0.7247153094156759,0.7296558767275407,0.12887877489006047,2.217201338991196,0.11790105556581758,0.11415927118666867,0.09795964135016759
HANCOCK,71,random_cell_dropout_10pct,B7,full_learned_nonnegative,80,0.8032786885245902,98.0,27.0,101.62600432296382,0.10849747512127311,0.6059113300492611,0.6934983375690176,0.6965548208661244,0.05706625588472652,1.6605518573652496,0.11689393423322846,0.10913982826488482,0.10084492521527735
HANCOCK,71,random_cell_dropout_30pct,B2,none,full,1.0,122.0,38.0,121.33108167594078,0.14602695410991687,0.6327979081060889,0.6596807967156807,0.690132279155643,0.36438918326351993,2.6173690173520994,0.1375878183620987,,
HANCOCK,71,random_cell_dropout_30pct,B3,none,full,1.0,122.0,38.0,121.33108167594078,0.14013679254071207,0.6488606649234218,0.6689073115537546,0.7028966688072293,0.352377457230946,1.401703495143344,0.1434480016943572,,
HANCOCK,71,random_cell_dropout_30pct,B4,none,full,1.0,122.0,38.0,121.33108167594078,0.1409645813852307,0.5857302951064625,0.6305334586019564,0.6322058547793782,0.42472286782016294,1.9793930528296741,0.13154783224114103,,
HANCOCK,71,random_cell_dropout_30pct,B5,none,full,1.0,122.0,38.0,121.33108167594078,0.14001073952009144,0.6768771012327232,0.732691686573378,0.7514857159708993,0.4239482001761875,2.6398373363529894,0.13265697628698098,,
HANCOCK,71,random_cell_dropout_30pct,B6,none,full,1.0,122.0,38.0,121.33108167594078,0.14103746198770387,0.6593201344788943,0.7169598787089009,0.7377665348902683,0.44212105544203284,2.6827168133524597,0.13041497087002596,,
HANCOCK,71,random_cell_dropout_30pct,M0,none,full,1.0,122.0,38.0,121.33108167594078,0.14975731069388704,0.613746731415764,0.6564709233564769,0.6685501725522557,0.36121460687925416,17.677787531320302,0.13491842490673261,,
HANCOCK,71,random_cell_dropout_30pct,B7,ood_only,100,1.0,122.0,38.0,121.33108167594078,0.14103746198770387,0.6593201344788943,0.7169598787089009,0.7377665348902683,0.44212105544203284,2.6827168133524597,0.13041497087002596,0.14602695410991687,0.14103746198770387
HANCOCK,71,random_cell_dropout_30pct,B7,ood_only,90,0.9016393442622951,110.0,33.0,108.32042808439553,0.1424757327016895,0.6205691462805791,0.6289866847860476,0.647861139971738,0.3443901294046314,1.510721603200521,0.13391597249833162,0.14134650691015552,0.13613336322827735
HANCOCK,71,random_cell_dropout_30pct,B7,ood_only,80,0.8114754098360656,99.0,25.0,97.88872539123514,0.12315370226791285,0.6884643644379133,0.7003655692829821,0.7225682995128223,0.15229926005568947,3.115527454124701,0.13474679479256982,0.12357041801999352,0.12120671895238477
HANCOCK,71,random_cell_dropout_30pct,B7,uncertainty_only,100,1.0,122.0,38.0,121.33108167594078,0.14103746198770387,0.6593201344788943,0.7169598787089009,0.7377665348902683,0.44212105544203284,2.6827168133524597,0.13041497087002596,0.14602695410991687,0.14103746198770387
HANCOCK,71,random_cell_dropout_30pct,B7,uncertainty_only,90,0.9016393442622951,110.0,31.0,109.5266920814934,0.13253791942470294,0.6348966212808875,0.6960514822258652,0.7084112368071936,0.3727821654158975,2.5512913873381344,0.11922139666317692,0.13360388535400722,0.12586643913195683
HANCOCK,71,random_cell_dropout_30pct,B7,uncertainty_only,80,0.8032786885245902,98.0,29.0,104.77989357817114,0.1402461191938796,0.6326412918108419,0.7009618424238648,0.7132911164260728,0.37202385214916583,2.7340932146229417,0.11599459996303753,0.14151380161337032,0.1340227767127708
HANCOCK,71,random_cell_dropout_30pct,B7,full_equal_weight,100,1.0,122.0,38.0,121.33108167594078,0.14103746198770387,0.6593201344788943,0.7169598787089009,0.7377665348902683,0.44212105544203284,2.6827168133524597,0.13041497087002596,0.14602695410991687,0.14103746198770387
HANCOCK,71,random_cell_dropout_30pct,B7,full_equal_weight,90,0.9016393442622951,110.0,32.0,112.19550883131251,0.12715407817102706,0.6145307769929365,0.6685618556035196,0.6808000368483254,0.24718618407082543,1.8590766240556695,0.12182489272835002,0.1278730749000105,0.11939001632253
HANCOCK,71,random_cell_dropout_30pct,B7,full_equal_weight,80,0.8032786885245902,98.0,27.0,100.27011452592896,0.10709482989178773,0.6046511627906976,0.6884105467713015,0.7030882448438687,0.05189120588442014,2.228323517871976,0.11799901419081232,0.10820528662756919,0.10250636678810922
HANCOCK,71,random_cell_dropout_30pct,B7,full_learned_nonnegative,100,1.0,122.0,38.0,121.33108167594078,0.14103746198770387,0.6593201344788943,0.7169598787089009,0.7377665348902683,0.44212105544203284,2.6827168133524597,0.13041497087002596,0.14602695410991687,0.14103746198770387
HANCOCK,71,random_cell_dropout_30pct,B7,full_learned_nonnegative,90,0.9016393442622951,110.0,31.0,111.2894198669605,0.11104580470406178,0.630926724137931,0.6966637497675653,0.7110225745268959,0.10741651240004761,2.6901707331021516,0.1209673327063546,0.11415927118666867,0.10588783865162182
HANCOCK,71,random_cell_dropout_30pct,B7,full_learned_nonnegative,80,0.8032786885245902,98.0,27.0,101.62600432296382,0.10747097932889334,0.6206896551724138,0.7022864715358742,0.7032373449181302,0.033494183159480044,2.2997110767152584,0.11952621798209753,0.10913982826488482,0.10558321355131492
HANCOCK,71,measurement_noise_0.5sd,B2,none,full,1.0,122.0,38.0,121.33108167594078,0.14602695410991687,0.6327979081060889,0.6596807967156807,0.690132279155643,0.36438918326351993,2.6173690173520994,0.1375878183620987,,
HANCOCK,71,measurement_noise_0.5sd,B3,none,full,1.0,122.0,38.0,121.33108167594078,0.14013679254071207,0.6488606649234218,0.6689073115537546,0.7028966688072293,0.352377457230946,1.401703495143344,0.1434480016943572,,
HANCOCK,71,measurement_noise_0.5sd,B4,none,full,1.0,122.0,38.0,121.33108167594078,0.1286665598139409,0.6301830407172208,0.6664520654832984,0.6729362693725317,0.3576002660315113,1.5680127638598251,0.14341763863772003,,
HANCOCK,71,measurement_noise_0.5sd,B5,none,full,1.0,122.0,38.0,121.33108167594078,0.12696453509114544,0.7048935375420247,0.7480397528904805,0.7672989731964912,0.3523262365103496,1.9435326347858264,0.14488164243170956,,
HANCOCK,71,measurement_noise_0.5sd,B6,none,full,1.0,122.0,38.0,121.33108167594078,0.12831233153620003,0.6884572282405678,0.7310602322041923,0.749139804216896,0.37602730319243965,1.9999387895625482,0.14176918433534255,,
HANCOCK,71,measurement_noise_0.5sd,M0,none,full,1.0,122.0,38.0,121.33108167594078,0.14975731069388704,0.613746731415764,0.6564709233564769,0.6685501725522557,0.36121460687925416,17.677787531320302,0.13491842490673261,,
HANCOCK,71,measurement_noise_0.5sd,B7,ood_only,100,1.0,122.0,38.0,121.33108167594078,0.1327068704470111,0.6806126260739634,0.7212427428949912,0.7401737900344807,0.40228674140730286,1.9550812200634629,0.13863850733202562,0.14602695410991687,0.12831233153620003
HANCOCK,71,measurement_noise_0.5sd,B7,ood_only,90,0.9016393442622951,110.0,33.0,108.32042808439553,0.1366837649085784,0.7194208686969545,0.7380921675483397,0.7496031587566829,0.395047112062906,2.227494588560911,0.1327518604922526,0.14134650691015552,0.12285770528843566
HANCOCK,71,measurement_noise_0.5sd,B7,ood_only,80,0.8114754098360656,99.0,25.0,97.88872539123514,0.12323260889247431,0.6958119030124909,0.68557299147535,0.7063228535791413,0.20727094291642026,2.313555175091984,0.13172986337393758,0.12357041801999352,0.11187120400230892
HANCOCK,71,measurement_noise_0.5sd,B7,uncertainty_only,100,1.0,122.0,38.0,121.33108167594078,0.12831233153620003,0.6884572282405678,0.7310602322041923,0.749139804216896,0.37602730319243965,1.9999387895625482,0.14176918433534255,0.14602695410991687,0.12831233153620003
HANCOCK,71,measurement_noise_0.5sd,B7,uncertainty_only,90,0.9016393442622951,110.0,31.0,109.5266920814934,0.13425567578842304,0.6434694906707009,0.6779058684696972,0.6887853212451593,0.41039984410239255,1.550213003368771,0.11702506894346194,0.13360388535400722,0.11440744889437521
HANCOCK,71,measurement_noise_0.5sd,B7,uncertainty_only,80,0.8032786885245902,98.0,29.0,104.77989357817114,0.13999699286907671,0.6666666666666666,0.7221799315328026,0.7346526242036311,0.439651091523909,2.886161113576334,0.10950602984667347,0.14151380161337032,0.12290220560946843
HANCOCK,71,measurement_noise_0.5sd,B7,full_equal_weight,100,1.0,122.0,38.0,121.33108167594078,0.13423281241352525,0.6873365707881958,0.7282081453305478,0.7402701298491495,0.41350981740602566,2.005259334769189,0.13762147970375968,0.14602695410991687,0.12831233153620003
HANCOCK,71,measurement_noise_0.5sd,B7,full_equal_weight,90,0.9016393442622951,110.0,32.0,112.19550883131251,0.120061191699943,0.6871846619576185,0.7480188494192579,0.756397749101549,0.24336646472929352,2.1524623310985174,0.12386789122686462,0.1278730749000105,0.10558040812323853
HANCOCK,71,measurement_noise_0.5sd,B7,full_equal_weight,80,0.8032786885245902,98.0,27.0,100.27011452592896,0.10639461072260221,0.6434108527131783,0.7215665064947507,0.7186251247864845,0.05765525216479828,1.8598702473536808,0.11563210445674105,0.10820528662756919,0.09489777785251298
HANCOCK,71,measurement_noise_0.5sd,B7,full_learned_nonnegative,100,1.0,122.0,38.0,121.33108167594078,0.12831233153620003,0.6884572282405678,0.7310602322041923,0.749139804216896,0.37602730319243965,1.9999387895625482,0.14176918433534255,0.14602695410991687,0.12831233153620003
HANCOCK,71,measurement_noise_0.5sd,B7,full_learned_nonnegative,90,0.9016393442622951,110.0,31.0,111.2894198669605,0.11087298119332582,0.677801724137931,0.7290876870685016,0.7389560359650318,0.1465733280004159,2.201009729353153,0.1185681975648702,0.11415927118666867,0.09538636635563451
HANCOCK,71,measurement_noise_0.5sd,B7,full_learned_nonnegative,80,0.8032786885245902,98.0,27.0,101.62600432296382,0.10646340895256028,0.6593947923997185,0.7387897217492747,0.7440291980141042,0.07094799162420967,2.1873065963899654,0.11572156816664694,0.10913982826488482,0.10090043347769471
HANCOCK,71,location_shift_1sd,B2,none,full,1.0,122.0,38.0,121.33108167594078,0.14602695410991687,0.6327979081060889,0.6596807967156807,0.690132279155643,0.36438918326351993,2.6173690173520994,0.1375878183620987,,
HANCOCK,71,location_shift_1sd,B3,none,full,1.0,122.0,38.0,121.33108167594078,0.14013679254071207,0.6488606649234218,0.6689073115537546,0.7028966688072293,0.352377457230946,1.401703495143344,0.1434480016943572,,
HANCOCK,71,location_shift_1sd,B4,none,full,1.0,122.0,38.0,121.33108167594078,0.1268107782379609,0.6440044826298095,0.7067150018868564,0.7254606923228314,0.31211850987333756,1.8605790009398269,0.14966679091837012,,
HANCOCK,71,location_shift_1sd,B5,none,full,1.0,122.0,38.0,121.33108167594078,0.1258853491574503,0.6914456481135599,0.7594505071308045,0.7882595769103987,0.3410863343025072,2.3172175620335786,0.14731007562126536,,
HANCOCK,71,location_shift_1sd,B6,none,full,1.0,122.0,38.0,121.33108167594078,0.12745450676693015,0.6783713111692192,0.751400774640829,0.7829179372753262,0.36529903753784093,2.3904050231206435,0.14396576728401855,,
HANCOCK,71,location_shift_1sd,M0,none,full,1.0,122.0,38.0,121.33108167594078,0.14975731069388704,0.613746731415764,0.6564709233564769,0.6685501725522557,0.36121460687925416,17.677787531320302,0.13491842490673261,,
HANCOCK,71,location_shift_1sd,B7,ood_only,100,1.0,122.0,38.0,121.33108167594078,0.12745450676693015,0.6783713111692192,0.751400774640829,0.7829179372753262,0.36529903753784093,2.3904050231206435,0.14396576728401855,0.14602695410991687,0.12745450676693015
HANCOCK,71,location_shift_1sd,B7,ood_only,90,0.9016393442622951,110.0,33.0,108.32042808439553,0.13566489238755225,0.7049425861208187,0.7449714104433558,0.7635941503930237,0.35945223940989135,2.726199278244279,0.13525078822118003,0.14134650691015552,0.1218579318349081
HANCOCK,71,location_shift_1sd,B7,ood_only,80,0.8114754098360656,99.0,25.0,97.88872539123514,0.12030514995457109,0.7318148420279207,0.7731891324937139,0.7870666990342204,0.17338540208998904,3.593184537374321,0.13175729048114876,0.12357041801999352,0.11086951495063442
HANCOCK,71,location_shift_1sd,B7,uncertainty_only,100,1.0,122.0,38.0,121.33108167594078,0.12745450676693015,0.6783713111692192,0.751400774640829,0.7829179372753262,0.36529903753784093,2.3904050231206435,0.14396576728401855,0.14602695410991687,0.12745450676693015
HANCOCK,71,location_shift_1sd,B7,uncertainty_only,90,0.9016393442622951,110.0,31.0,109.5266920814934,0.13347965284766228,0.6207766011094301,0.6905915474717734,0.7087805190031902,0.38628599206728526,1.7097264184316012,0.1181776787214385,0.13360388535400722,0.1153959436511873
HANCOCK,71,location_shift_1sd,B7,uncertainty_only,80,0.8032786885245902,98.0,29.0,104.77989357817114,0.14106203554952676,0.6239907727797002,0.702288847816697,0.7196032324452654,0.41271789771152245,2.303064497692648,0.11202532579427149,0.14151380161337032,0.12396432176792782
HANCOCK,71,location_shift_1sd,B7,full_equal_weight,100,1.0,122.0,38.0,121.33108167594078,0.13770094119351245,0.6671647366454987,0.735950340553433,0.7639713285323544,0.4272048239587792,2.387455305089752,0.1367942736126473,0.14602695410991687,0.12745450676693015
HANCOCK,71,location_shift_1sd,B7,full_equal_weight,90,0.9016393442622951,110.0,32.0,112.19550883131251,0.12712276011182255,0.636226034308779,0.699425730450487,0.7139525443741098,0.27780749877152444,1.580362471179524,0.11857049831462156,0.1278730749000105,0.10671180111235173
HANCOCK,71,location_shift_1sd,B7,full_equal_weight,80,0.8032786885245902,98.0,27.0,100.27011452592896,0.10817463227770406,0.5990133897110641,0.6806332645885397,0.6783663640026139,0.07910634242597821,1.332969657233477,0.11510922108779709,0.10820528662756919,0.09522333971205471
HANCOCK,71,location_shift_1sd,B7,full_learned_nonnegative,100,1.0,122.0,38.0,121.33108167594078,0.12745450676693015,0.6791184161374673,0.7522566160610238,0.7829179372753262,0.36529903753784093,2.3904050231206435,0.14132773557303666,0.14602695410991687,0.12745450676693015
HANCOCK,71,location_shift_1sd,B7,full_learned_nonnegative,90,0.9016393442622951,110.0,31.0,111.2894198669605,0.11338188867148127,0.6029094827586207,0.674002634169764,0.6861764004431977,0.13718782742833557,1.4064305215866473,0.11726110936523837,0.11415927118666867,0.09710879157537355
HANCOCK,71,location_shift_1sd,B7,full_learned_nonnegative,80,0.8032786885245902,98.0,27.0,101.62600432296382,0.10934114648615174,0.5869106263194933,0.6691999442197232,0.6733604253026643,0.0670095788726339,1.2866783997140174,0.11584925786037584,0.10913982826488482,0.10167570363307499
HANCOCK,71,row_permutation_negative_control,B2,none,full,1.0,122.0,38.0,121.33108167594078,0.14602695410991687,0.6327979081060889,0.6596807967156807,0.690132279155643,0.36438918326351993,2.6173690173520994,0.1375878183620987,,
HANCOCK,71,row_permutation_negative_control,B3,none,full,1.0,122.0,38.0,121.33108167594078,0.14013679254071207,0.6488606649234218,0.6689073115537546,0.7028966688072293,0.352377457230946,1.401703495143344,0.1434480016943572,,
HANCOCK,71,row_permutation_negative_control,B4,none,full,1.0,122.0,38.0,121.33108167594078,0.1684093320147462,0.4654463952185282,0.49675193263403816,0.48759242224110405,0.3092073058905181,-0.39974863768210467,0.14269404760728965,,
HANCOCK,71,row_permutation_negative_control,B5,none,full,1.0,122.0,38.0,121.33108167594078,0.16060470229454346,0.4990661187896899,0.5386500473373219,0.5454003159606863,0.315300574733594,0.04924195812089023,0.1436544704917629,,
HANCOCK,71,row_permutation_negative_control,B6,none,full,1.0,122.0,38.0,121.33108167594078,0.1597976740744607,0.4945834889802017,0.5393574761211226,0.543720554710237,0.3470163261517091,0.027619342362823884,0.13991353696551367,,
HANCOCK,71,row_permutation_negative_control,M0,none,full,1.0,122.0,38.0,121.33108167594078,0.14975731069388704,0.613746731415764,0.6564709233564769,0.6685501725522557,0.36121460687925416,17.677787531320302,0.13491842490673261,,
HANCOCK,71,row_permutation_negative_control,B7,ood_only,100,1.0,122.0,38.0,121.33108167594078,0.1597976740744607,0.4945834889802017,0.5393574761211226,0.543720554710237,0.3470163261517091,0.027619342362823884,0.13991353696551367,0.14602695410991687,0.1597976740744607
HANCOCK,71,row_permutation_negative_control,B7,ood_only,90,0.9016393442622951,110.0,33.0,108.32042808439553,0.1480204967194932,0.49925112331502747,0.5238373348647047,0.5378530631261277,0.40852737513739323,0.1586847106070371,0.12847239280543052,0.14134650691015552,0.155970023060618
HANCOCK,71,row_permutation_negative_control,B7,ood_only,80,0.8114754098360656,99.0,25.0,97.88872539123514,0.12655120196712247,0.5782512858192506,0.6014205910811526,0.6099708272892103,0.19819437532274978,0.9400802567948172,0.13073975750293512,0.12357041801999352,0.13751248735358634
HANCOCK,71,row_permutation_negative_control,B7,uncertainty_only,100,1.0,122.0,38.0,121.33108167594078,0.1597976740744607,0.4945834889802017,0.5393574761211226,0.543720554710237,0.3470163261517091,0.027619342362823884,0.13991353696551367,0.14602695410991687,0.1597976740744607
HANCOCK,71,row_permutation_negative_control,B7,uncertainty_only,90,0.9016393442622951,110.0,31.0,109.5266920814934,0.13855671375649814,0.49369641956631366,0.534605816783624,0.5454805131096536,0.40219352110003626,0.3540169563589867,0.11802923766232251,0.13360388535400722,0.1477710063811444
HANCOCK,71,row_permutation_negative_control,B7,uncertainty_only,80,0.8032786885245902,98.0,29.0,104.77989357817114,0.1448392519275406,0.5271049596309112,0.5720771880037933,0.5781603536142944,0.42055912674786206,0.8859071303554656,0.1128839097093076,0.14151380161337032,0.15658710882084323
HANCOCK,71,row_permutation_negative_control,B7,full_equal_weight,100,1.0,122.0,38.0,121.33108167594078,0.15704110111081296,0.49719835636906984,0.5424551898140758,0.5474969174800955,0.37762082012980847,0.11281164939052468,0.13673407109750382,0.14602695410991687,0.1597976740744607
HANCOCK,71,row_permutation_negative_control,B7,full_equal_weight,90,0.9016393442622951,110.0,32.0,112.19550883131251,0.1295871787327789,0.5141271442986882,0.5732271427075173,0.5784850395349301,0.2900905887711286,0.789100697174988,0.11820768644050374,0.1278730749000105,0.14025330378236725
HANCOCK,71,row_permutation_negative_control,B7,full_equal_weight,80,0.8032786885245902,98.0,27.0,100.27011452592896,0.10975454183233288,0.5137420718816068,0.5528643971026715,0.5534551059430395,0.09367147993428081,0.6011247457977142,0.11507900930344964,0.10820528662756919,0.12146724409507892
HANCOCK,71,row_permutation_negative_control,B7,full_learned_nonnegative,100,1.0,122.0,38.0,121.33108167594078,0.1597976740744607,0.4945834889802017,0.5393574761211226,0.543720554710237,0.3470163261517091,0.027619342362823884,0.13991353696551367,0.14602695410991687,0.1597976740744607
HANCOCK,71,row_permutation_negative_control,B7,full_learned_nonnegative,90,0.9016393442622951,110.0,31.0,111.2894198669605,0.11511244518959016,0.49353448275862066,0.5649092907202405,0.5715264526954236,0.13424503995248957,0.6684167042884783,0.11895720161321668,0.11415927118666867,0.12648649077807353
HANCOCK,71,row_permutation_negative_control,B7,full_learned_nonnegative,80,0.8032786885245902,98.0,27.0,101.62600432296382,0.11079363450514948,0.5130190007037297,0.565347736596687,0.5725881675741623,0.08022856831855575,0.6320135953065457,0.116149778322463,0.10913982826488482,0.12342012274307917
HANCOCK,71,complete_modality_dropout,B2,none,full,1.0,122.0,38.0,121.33108167594078,0.14602695410991687,0.6327979081060889,0.6596807967156807,0.690132279155643,0.36438918326351993,2.6173690173520994,0.1375878183620987,,
HANCOCK,71,complete_modality_dropout,B3,none,full,1.0,122.0,38.0,121.33108167594078,0.14013679254071207,0.6488606649234218,0.6689073115537546,0.7028966688072293,0.352377457230946,1.401703495143344,0.1434480016943572,,
HANCOCK,71,complete_modality_dropout,B4,none,full,1.0,122.0,38.0,121.33108167594078,0.15268433175689758,0.5,0.5,0.5,0.49896717458990153,,0.11972701451852957,,
HANCOCK,71,complete_modality_dropout,B5,none,full,1.0,122.0,38.0,121.33108167594078,0.1486240497117304,0.6283152782966007,0.6552151311278934,0.6791875817887421,0.4873609187176282,2.7178406803373583,0.12281535436635332,,
HANCOCK,71,complete_modality_dropout,B6,none,full,1.0,122.0,38.0,121.33108167594078,0.14955995143807926,0.6327979081060889,0.6596807967156807,0.690132279155643,0.5044540975700308,3.8745064370850715,0.12090474450438495,,
HANCOCK,71,complete_modality_dropout,M0,none,full,1.0,122.0,38.0,121.33108167594078,0.14975731069388704,0.613746731415764,0.6564709233564769,0.6685501725522557,0.36121460687925416,17.677787531320302,0.13491842490673261,,
HANCOCK,71,complete_modality_dropout,B7,ood_only,100,1.0,122.0,38.0,121.33108167594078,0.14602695410991687,0.6327979081060889,0.6596807967156807,0.690132279155643,0.36438918326351993,2.6173690173520994,0.1375878183620987,0.14602695410991687,0.14955995143807926
HANCOCK,71,complete_modality_dropout,B7,ood_only,90,0.9016393442622951,110.0,33.0,108.32042808439553,0.14134650691015552,0.6320519221168248,0.6400677379377387,0.6727835353588173,0.32528710528317845,2.1468581870143426,0.1371033341393475,0.14134650691015552,0.14400414417027835
HANCOCK,71,complete_modality_dropout,B7,ood_only,80,0.8114754098360656,99.0,25.0,97.88872539123514,0.12357041801999352,0.6891991182953711,0.689131372798952,0.7097145561390001,0.14139082031752168,2.6549273935522395,0.13590191578078148,0.12357041801999352,0.12573485517901825
HANCOCK,71,complete_modality_dropout,B7,uncertainty_only,100,1.0,122.0,38.0,121.33108167594078,0.14602695410991687,0.6327979081060889,0.6596807967156807,0.690132279155643,0.36438918326351993,2.6173690173520994,0.1375878183620987,0.14602695410991687,0.14955995143807926
HANCOCK,71,complete_modality_dropout,B7,uncertainty_only,90,0.9016393442622951,110.0,31.0,109.5266920814934,0.13360388535400722,0.6122037317196167,0.6457571828571671,0.6718620576505311,0.2741509915258741,3.2202506404128153,0.13107795249474588,0.13360388535400722,0.13583765006929033
HANCOCK,71,complete_modality_dropout,B7,uncertainty_only,80,0.8032786885245902,98.0,29.0,104.77989357817114,0.14151380161337032,0.6130334486735871,0.6524824565573457,0.6684139532773994,0.266114048028247,3.39983112995137,0.12830166922925806,0.14151380161337032,0.1438748927503352
HANCOCK,71,complete_modality_dropout,B7,full_equal_weight,100,1.0,122.0,38.0,121.33108167594078,0.14602695410991687,0.6327979081060889,0.6596807967156807,0.690132279155643,0.36438918326351993,2.6173690173520994,0.1375878183620987,0.14602695410991687,0.14955995143807926
HANCOCK,71,complete_modality_dropout,B7,full_equal_weight,90,0.9016393442622951,110.0,32.0,112.19550883131251,0.1278730749000105,0.6236125126135217,0.6500681141276151,0.6635584621648036,0.14174185848875184,1.9069589316651652,0.133578165735417,0.1278730749000105,0.12923869971290888
HANCOCK,71,complete_modality_dropout,B7,full_equal_weight,80,0.8032786885245902,98.0,27.0,100.27011452592896,0.10820528662756919,0.6173361522198731,0.6537216268899267,0.657718932133347,-0.05235768227291808,2.305083626418648,0.12967007278861828,0.10820528662756919,0.10881166334503545
HANCOCK,71,complete_modality_dropout,B7,full_learned_nonnegative,100,1.0,122.0,38.0,121.33108167594078,0.14602695410991687,0.6327979081060889,0.6596807967156807,0.690132279155643,0.36438918326351993,2.6173690173520994,0.1375878183620987,0.14602695410991687,0.14955995143807926
HANCOCK,71,complete_modality_dropout,B7,full_learned_nonnegative,90,0.9016393442622951,110.0,31.0,111.2894198669605,0.11415927118666867,0.6002155172413793,0.6217680879450276,0.6358674859027615,0.0012696110026453032,1.6901285609028465,0.13285184533284383,0.11415927118666867,0.11474160928028523
HANCOCK,71,complete_modality_dropout,B7,full_learned_nonnegative,80,0.8032786885245902,98.0,27.0,101.62600432296382,0.10913982826488482,0.6143560872624912,0.6568105520448048,0.6647003623431814,-0.059216325293618845,2.449260351406184,0.13001814515500643,0.10913982826488482,0.10980120693664788
HANCOCK,71,blood_block_dropout_30pct_rows,B2,none,full,1.0,122.0,38.0,121.33108167594078,0.14602695410991687,0.6327979081060889,0.6596807967156807,0.690132279155643,0.36438918326351993,2.6173690173520994,0.1375878183620987,,
HANCOCK,71,blood_block_dropout_30pct_rows,B3,none,full,1.0,122.0,38.0,121.33108167594078,0.14013679254071207,0.6488606649234218,0.6689073115537546,0.7028966688072293,0.352377457230946,1.401703495143344,0.1434480016943572,,
HANCOCK,71,blood_block_dropout_30pct_rows,B4,none,full,1.0,122.0,38.0,121.33108167594078,0.14490326477139778,0.5748972730668659,0.6043668605095062,0.6249818190342223,0.48020201742504437,1.4426379847780886,0.13045821636841837,,
HANCOCK,71,blood_block_dropout_30pct_rows,B5,none,full,1.0,122.0,38.0,121.33108167594078,0.14228210960550922,0.6574523720582742,0.7061187212961213,0.7425622636480479,0.47761588378327385,2.2037234837367183,0.1321001476742905,,
HANCOCK,71,blood_block_dropout_30pct_rows,B6,none,full,1.0,122.0,38.0,121.33108167594078,0.14289811317082382,0.6174822562570041,0.6619341604003377,0.6947639951266036,0.49121188521282755,2.18931553521098,0.13016067092041886,,
HANCOCK,71,blood_block_dropout_30pct_rows,M0,none,full,1.0,122.0,38.0,121.33108167594078,0.14975731069388704,0.613746731415764,0.6564709233564769,0.6685501725522557,0.36121460687925416,17.677787531320302,0.13491842490673261,,
HANCOCK,71,blood_block_dropout_30pct_rows,B7,ood_only,100,1.0,122.0,38.0,121.33108167594078,0.14217122586379247,0.6249533059394845,0.6723884728113673,0.7074796159867632,0.48720209071882237,2.338785757496197,0.13059431499843746,0.14602695410991687,0.14289811317082382
HANCOCK,71,blood_block_dropout_30pct_rows,B7,ood_only,90,0.9016393442622951,110.0,33.0,108.32042808439553,0.13514527491207567,0.6789815277084373,0.7213346962567438,0.7470870085963104,0.41870534668793896,2.572241000361346,0.1280731710534253,0.14134650691015552,0.13470568156478033
HANCOCK,71,blood_block_dropout_30pct_rows,B7,ood_only,80,0.8114754098360656,99.0,25.0,97.88872539123514,0.12197723027610459,0.7354886113152094,0.7356974682402633,0.7511208775814634,0.2618723074325749,3.097727589209049,0.12495824725392445,0.12357041801999352,0.11774823599369857
HANCOCK,71,blood_block_dropout_30pct_rows,B7,uncertainty_only,100,1.0,122.0,38.0,121.33108167594078,0.14217122586379247,0.6249533059394845,0.6723884728113673,0.7074796159867632,0.48720209071882237,2.338785757496197,0.13059431499843746,0.14602695410991687,0.14289811317082382
HANCOCK,71,blood_block_dropout_30pct_rows,B7,uncertainty_only,90,0.9016393442622951,110.0,31.0,109.5266920814934,0.1343509827965126,0.6122037317196167,0.6664665163266005,0.6865215440817957,0.41451115216399886,1.8030036043772992,0.11626443727142573,0.13360388535400722,0.1267250283026642
HANCOCK,71,blood_block_dropout_30pct_rows,B7,uncertainty_only,80,0.8032786885245902,98.0,29.0,104.77989357817114,0.1417086691774645,0.6211072664359861,0.6851850698894136,0.7064325769595997,0.4300392479533962,2.526624981705528,0.11116963937647717,0.14151380161337032,0.1365528891660619
HANCOCK,71,blood_block_dropout_30pct_rows,B7,full_equal_weight,100,1.0,122.0,38.0,121.33108167594078,0.14217122586379247,0.6249533059394845,0.6723884728113673,0.7074796159867632,0.48720209071882237,2.338785757496197,0.13059431499843746,0.14602695410991687,0.14289811317082382
HANCOCK,71,blood_block_dropout_30pct_rows,B7,full_equal_weight,90,0.9016393442622951,110.0,32.0,112.19550883131251,0.12460777309577416,0.6231079717457114,0.6767486819934668,0.7015056332905676,0.2872321741482553,2.088488632495341,0.12043498760507759,0.1278730749000105,0.12316016223321537
HANCOCK,71,blood_block_dropout_30pct_rows,B7,full_equal_weight,80,0.8032786885245902,98.0,27.0,100.27011452592896,0.10401379645854802,0.6405919661733616,0.7296843778332771,0.743789104080579,0.06844035032713362,2.2364880965295897,0.11594984320098618,0.10820528662756919,0.10209605141054598
HANCOCK,71,blood_block_dropout_30pct_rows,B7,full_learned_nonnegative,100,1.0,122.0,38.0,121.33108167594078,0.14217122586379247,0.6253268584236085,0.6728218026222441,0.7074796159867632,0.48720209071882237,2.338785757496197,0.12804348152210665,0.14602695410991687,0.14289811317082382
HANCOCK,71,blood_block_dropout_30pct_rows,B7,full_learned_nonnegative,90,0.9016393442622951,110.0,31.0,111.2894198669605,0.10981774849712177,0.6282327586206896,0.6933051083723913,0.7154403038939579,0.13184677132197398,2.1898857677787404,0.11751056101105424,0.11415927118666867,0.10779129112394356
HANCOCK,71,blood_block_dropout_30pct_rows,B7,full_learned_nonnegative,80,0.8032786885245902,98.0,27.0,101.62600432296382,0.10840390358372994,0.609429978888107,0.690326618004639,0.7013280226408399,0.08643964497018924,1.7809154519283266,0.11420581162064039,0.10913982826488482,0.10237534326647388
HANCOCK,71,tma_block_dropout_30pct_rows,B2,none,full,1.0,122.0,38.0,121.33108167594078,0.14602695410991687,0.6327979081060889,0.6596807967156807,0.690132279155643,0.36438918326351993,2.6173690173520994,0.1375878183620987,,
HANCOCK,71,tma_block_dropout_30pct_rows,B3,none,full,1.0,122.0,38.0,121.33108167594078,0.14013679254071207,0.6488606649234218,0.6689073115537546,0.7028966688072293,0.352377457230946,1.401703495143344,0.1434480016943572,,
HANCOCK,71,tma_block_dropout_30pct_rows,B4,none,full,1.0,122.0,38.0,121.33108167594078,0.12691351962792394,0.6434441539036234,0.7128848560897175,0.7281315084882857,0.3327331891458325,2.278624081454045,0.14582038297625616,,
HANCOCK,71,tma_block_dropout_30pct_rows,B5,none,full,1.0,122.0,38.0,121.33108167594078,0.1249294812358427,0.7004109077325364,0.7683889334003338,0.7957232230234432,0.32261590469766016,2.3664307833474565,0.14815948595672512,,
HANCOCK,71,tma_block_dropout_30pct_rows,B6,none,full,1.0,122.0,38.0,121.33108167594078,0.1266818680854328,0.69331341053418,0.764783201833198,0.7954587705426378,0.34892388006364056,2.55063592635213,0.14465755038576472,,
HANCOCK,71,tma_block_dropout_30pct_rows,M0,none,full,1.0,122.0,38.0,121.33108167594078,0.14975731069388704,0.613746731415764,0.6564709233564769,0.6685501725522557,0.36121460687925416,17.677787531320302,0.13491842490673261,,
HANCOCK,71,tma_block_dropout_30pct_rows,B7,ood_only,100,1.0,122.0,38.0,121.33108167594078,0.12679705760841203,0.6903249906611879,0.7627196732539345,0.7929360066464629,0.3451183853236396,2.530393016060339,0.1451292644564872,0.14602695410991687,0.1266818680854328
HANCOCK,71,tma_block_dropout_30pct_rows,B7,ood_only,90,0.9016393442622951,110.0,33.0,108.32042808439553,0.13728474791130924,0.6570144782825761,0.6852885127611066,0.6999370603830548,0.36798562373612126,1.9246745026272396,0.13117486077383267,0.14134650691015552,0.12200861687148487
HANCOCK,71,tma_block_dropout_30pct_rows,B7,ood_only,80,0.8114754098360656,99.0,25.0,97.88872539123514,0.12259510715129567,0.6987509184423218,0.699743363966071,0.720235121083122,0.2117969803044168,2.2625709931689606,0.12921724735445925,0.12357041801999352,0.1102863044940839
HANCOCK,71,tma_block_dropout_30pct_rows,B7,uncertainty_only,100,1.0,122.0,38.0,121.33108167594078,0.12679705760841203,0.6903249906611879,0.7627196732539345,0.7929360066464629,0.3451183853236396,2.530393016060339,0.1451292644564872,0.14602695410991687,0.1266818680854328
HANCOCK,71,tma_block_dropout_30pct_rows,B7,uncertainty_only,90,0.9016393442622951,110.0,31.0,109.5266920814934,0.1347300352640127,0.599596570852244,0.6592744334091132,0.6771331419016912,0.38936430343651635,1.5302365148982313,0.11894771908898609,0.13360388535400722,0.11620675421409626
HANCOCK,71,tma_block_dropout_30pct_rows,B7,uncertainty_only,80,0.8032786885245902,98.0,29.0,104.77989357817114,0.1422066951994611,0.610726643598616,0.6799101837358024,0.6982130114233929,0.408575837137023,2.0648106944058413,0.11268821099343952,0.14151380161337032,0.12455480797687457
HANCOCK,71,tma_block_dropout_30pct_rows,B7,full_equal_weight,100,1.0,122.0,38.0,121.33108167594078,0.13104515855891655,0.6817332835263354,0.751924307528557,0.7827745239063922,0.36985677221012736,2.4874572423769483,0.14214259439411903,0.14602695410991687,0.1266818680854328
HANCOCK,71,tma_block_dropout_30pct_rows,B7,full_equal_weight,90,0.9016393442622951,110.0,32.0,112.19550883131251,0.12837961501719986,0.6004036326942482,0.6505583723080678,0.6629379311686466,0.24429939917675025,1.2517772710681478,0.12260629509654274,0.1278730749000105,0.10845647131588214
HANCOCK,71,tma_block_dropout_30pct_rows,B7,full_equal_weight,80,0.8032786885245902,98.0,27.0,100.27011452592896,0.10909909558568986,0.591261451726568,0.650201743143528,0.6478947837488528,0.049428425932220466,1.0728778106783712,0.11791407862569951,0.10820528662756919,0.09582898790169227
HANCOCK,71,tma_block_dropout_30pct_rows,B7,full_learned_nonnegative,100,1.0,122.0,38.0,121.33108167594078,0.12679705760841203,0.691072095629436,0.7635755146741292,0.7929360066464629,0.3451183853236396,2.530393016060339,0.14257843098015638,0.14602695410991687,0.1266818680854328
HANCOCK,71,tma_block_dropout_30pct_rows,B7,full_learned_nonnegative,90,0.9016393442622951,110.0,31.0,111.2894198669605,0.11422459823051383,0.5797413793103449,0.636546144598517,0.6487041435702262,0.11812992296921213,1.1781317109433689,0.1207312416866409,0.11415927118666867,0.09815420090625938
HANCOCK,71,tma_block_dropout_30pct_rows,B7,full_learned_nonnegative,80,0.8032786885245902,98.0,27.0,101.62600432296382,0.11002111671893476,0.5665024630541872,0.6380183343058448,0.6454211538286357,0.05139738162923871,1.1172207692555822,0.11759420230614068,0.10913982826488482,0.10177494317661297
HANCOCK,71,blood_and_tma_dropout_30pct_rows,B2,none,full,1.0,122.0,38.0,121.33108167594078,0.14602695410991687,0.6327979081060889,0.6596807967156807,0.690132279155643,0.36438918326351993,2.6173690173520994,0.1375878183620987,,
HANCOCK,71,blood_and_tma_dropout_30pct_rows,B3,none,full,1.0,122.0,38.0,121.33108167594078,0.14013679254071207,0.6488606649234218,0.6689073115537546,0.7028966688072293,0.352377457230946,1.401703495143344,0.1434480016943572,,
HANCOCK,71,blood_and_tma_dropout_30pct_rows,B4,none,full,1.0,122.0,38.0,121.33108167594078,0.13636485359578285,0.615427717594322,0.6353136877805234,0.6372928775901169,0.3961965066950931,1.7106683740427513,0.13674801186941263,,
HANCOCK,71,blood_and_tma_dropout_30pct_rows,B5,none,full,1.0,122.0,38.0,121.33108167594078,0.13496998179579636,0.7185282032125514,0.7577480203387273,0.7732051133976018,0.3975688967373793,2.3083729513529265,0.13809644495245987,,
HANCOCK,71,blood_and_tma_dropout_30pct_rows,B6,none,full,1.0,122.0,38.0,121.33108167594078,0.1361887821026885,0.6959282779230482,0.730936948197063,0.7485108562622477,0.41659514275646864,2.413865849297332,0.1355686227871623,,
HANCOCK,71,blood_and_tma_dropout_30pct_rows,M0,none,full,1.0,122.0,38.0,121.33108167594078,0.14975731069388704,0.613746731415764,0.6564709233564769,0.6685501725522557,0.36121460687925416,17.677787531320302,0.13491842490673261,,
HANCOCK,71,blood_and_tma_dropout_30pct_rows,B7,ood_only,100,1.0,122.0,38.0,121.33108167594078,0.13564811265406218,0.6884572282405678,0.7208108931591556,0.7390097676035486,0.37446817100584806,2.4438720505819913,0.14016598534999014,0.14602695410991687,0.1361887821026885
HANCOCK,71,blood_and_tma_dropout_30pct_rows,B7,ood_only,90,0.9016393442622951,110.0,33.0,108.32042808439553,0.13540053656636053,0.692461308037943,0.7206808418934654,0.7379970726078887,0.3461923973716695,2.4623498675233035,0.13533918118354532,0.14134650691015552,0.1313528983796173
HANCOCK,71,blood_and_tma_dropout_30pct_rows,B7,ood_only,80,0.8114754098360656,99.0,25.0,97.88872539123514,0.12320470992741693,0.7046289493019838,0.6874587232146487,0.7039546665868105,0.18923760727776032,2.515064107302083,0.1334419633838769,0.12357041801999352,0.12062051433483138
HANCOCK,71,blood_and_tma_dropout_30pct_rows,B7,uncertainty_only,100,1.0,122.0,38.0,121.33108167594078,0.13564811265406218,0.6884572282405678,0.7208108931591556,0.7390097676035486,0.37446817100584806,2.4438720505819913,0.14016598534999014,0.14602695410991687,0.1361887821026885
HANCOCK,71,blood_and_tma_dropout_30pct_rows,B7,uncertainty_only,90,0.9016393442622951,110.0,31.0,109.5266920814934,0.13485432238319953,0.626828038325769,0.6421098547249513,0.655652247807064,0.3492360184550298,1.4832668052849176,0.1231737538405744,0.13360388535400722,0.12445751730343994
HANCOCK,71,blood_and_tma_dropout_30pct_rows,B7,uncertainty_only,80,0.8032786885245902,98.0,29.0,104.77989357817114,0.14196903706877578,0.6499423298731257,0.6686994257085052,0.6854886549928731,0.3626650629901962,2.198090859340828,0.11756627901511982,0.14151380161337032,0.13389598416217433
HANCOCK,71,blood_and_tma_dropout_30pct_rows,B7,full_equal_weight,100,1.0,122.0,38.0,121.33108167594078,0.13564811265406218,0.6884572282405678,0.7208108931591556,0.7390097676035486,0.37446817100584806,2.4438720505819913,0.14016598534999014,0.14602695410991687,0.1361887821026885
HANCOCK,71,blood_and_tma_dropout_30pct_rows,B7,full_equal_weight,90,0.9016393442622951,110.0,32.0,112.19550883131251,0.12802059297973697,0.6392532795156408,0.648795689853574,0.6568957865582247,0.21895482694699941,1.4178814781969329,0.12761918593275298,0.1278730749000105,0.11617920853405747
HANCOCK,71,blood_and_tma_dropout_30pct_rows,B7,full_equal_weight,80,0.8032786885245902,98.0,27.0,100.27011452592896,0.10909912279321525,0.6229739252995067,0.6271413278932093,0.6232805950442281,0.015162517158429981,1.0636316510328574,0.12193962540988773,0.10820528662756919,0.09827027044431282
HANCOCK,71,blood_and_tma_dropout_30pct_rows,B7,full_learned_nonnegative,100,1.0,122.0,38.0,121.33108167594078,0.13564811265406218,0.6892043332088158,0.7216667345793503,0.7390097676035486,0.37446817100584806,2.4438720505819913,0.13761515187365933,0.14602695410991687,0.1361887821026885
HANCOCK,71,blood_and_tma_dropout_30pct_rows,B7,full_learned_nonnegative,90,0.9016393442622951,110.0,31.0,111.2894198669605,0.1142629250373678,0.6147629310344828,0.6196625513655736,0.6256835619313033,0.08007991283174559,1.1907287803005309,0.12317851134859858,0.11415927118666867,0.10605346925752375
HANCOCK,71,blood_and_tma_dropout_30pct_rows,B7,full_learned_nonnegative,80,0.8032786885245902,98.0,27.0,101.62600432296382,0.1096611872286882,0.6249120337790288,0.638001230787305,0.6408610860777578,0.015774204550736713,1.2839816073746448,0.1213674411718591,0.10913982826488482,0.1042162257192335
HANCOCK,71,oropharynx_targeted_tma_dropout,B2,none,full,1.0,122.0,38.0,121.33108167594078,0.14602695410991687,0.6327979081060889,0.6596807967156807,0.690132279155643,0.36438918326351993,2.6173690173520994,0.1375878183620987,,
HANCOCK,71,oropharynx_targeted_tma_dropout,B3,none,full,1.0,122.0,38.0,121.33108167594078,0.14013679254071207,0.6488606649234218,0.6689073115537546,0.7028966688072293,0.352377457230946,1.401703495143344,0.1434480016943572,,
HANCOCK,71,oropharynx_targeted_tma_dropout,B4,none,full,1.0,122.0,38.0,121.33108167594078,0.1292413664339719,0.6305565932013448,0.6881443373855551,0.7017545451090851,0.36540496791566307,1.9631472422651763,0.1426940476072896,,
HANCOCK,71,oropharynx_targeted_tma_dropout,B5,none,full,1.0,122.0,38.0,121.33108167594078,0.12758256695847323,0.6948076204706761,0.7594409222124383,0.7872786501162948,0.36245565346604275,2.421428292211717,0.14414376102975188,,
HANCOCK,71,oropharynx_targeted_tma_dropout,B6,none,full,1.0,122.0,38.0,121.33108167594078,0.12914449192290395,0.6772506537168472,0.744574932813108,0.7742528734075641,0.3843828619596679,2.4919374079189973,0.14113976488491656,,
HANCOCK,71,oropharynx_targeted_tma_dropout,M0,none,full,1.0,122.0,38.0,121.33108167594078,0.14975731069388704,0.613746731415764,0.6564709233564769,0.6685501725522557,0.36121460687925416,17.677787531320302,0.13491842490673261,,
HANCOCK,71,oropharynx_targeted_tma_dropout,B7,ood_only,100,1.0,122.0,38.0,121.33108167594078,0.12914449192290395,0.6772506537168472,0.744574932813108,0.7742528734075641,0.3843828619596679,2.4919374079189973,0.14113976488491656,0.14602695410991687,0.12914449192290395
HANCOCK,71,oropharynx_targeted_tma_dropout,B7,ood_only,90,0.9016393442622951,110.0,33.0,108.32042808439553,0.13498933084003564,0.6814777833250125,0.7280104545952639,0.7475983944923235,0.391002825156311,2.38975366234372,0.130046626565091,0.14134650691015552,0.12346894591045192
HANCOCK,71,oropharynx_targeted_tma_dropout,B7,ood_only,80,0.8114754098360656,99.0,25.0,97.88872539123514,0.12284046791549438,0.7046289493019838,0.7003937127913926,0.7218129609062032,0.23404863192916517,2.3887157173121754,0.12847840629128968,0.12357041801999352,0.11186056714686986
HANCOCK,71,oropharynx_targeted_tma_dropout,B7,uncertainty_only,100,1.0,122.0,38.0,121.33108167594078,0.12914449192290395,0.6772506537168472,0.744574932813108,0.7742528734075641,0.3843828619596679,2.4919374079189973,0.14113976488491656,0.14602695410991687,0.12914449192290395
HANCOCK,71,oropharynx_targeted_tma_dropout,B7,uncertainty_only,90,0.9016393442622951,110.0,31.0,109.5266920814934,0.13435322975747072,0.6177508825012608,0.677376560431271,0.694892588663091,0.4019861570127709,1.692485805125382,0.1174289761260363,0.13360388535400722,0.11650637528220842
HANCOCK,71,oropharynx_targeted_tma_dropout,B7,uncertainty_only,80,0.8032786885245902,98.0,29.0,104.77989357817114,0.1417740469780944,0.6262975778546713,0.695696894270711,0.7153630234371096,0.4148168773238655,2.2197374142194417,0.11177884405982899,0.14151380161337032,0.12508405087218635
HANCOCK,71,oropharynx_targeted_tma_dropout,B7,full_equal_weight,100,1.0,122.0,38.0,121.33108167594078,0.12914449192290395,0.6772506537168472,0.744574932813108,0.7742528734075641,0.3843828619596679,2.4919374079189973,0.14113976488491656,0.14602695410991687,0.12914449192290395
HANCOCK,71,oropharynx_targeted_tma_dropout,B7,full_equal_weight,90,0.9016393442622951,110.0,32.0,112.19550883131251,0.1268259798875066,0.6165489404641776,0.6756244377700641,0.69036640952563,0.2489528202767493,1.6067718824726263,0.12362656700640196,0.1278730749000105,0.10821540348576872
HANCOCK,71,oropharynx_targeted_tma_dropout,B7,full_equal_weight,80,0.8032786885245902,98.0,27.0,100.27011452592896,0.1073501394202357,0.6004228329809725,0.6813978820533834,0.6822975704344529,0.06160069824163994,1.5463694377132997,0.11592927844594994,0.10820528662756919,0.09610226537980934
HANCOCK,71,oropharynx_targeted_tma_dropout,B7,full_learned_nonnegative,100,1.0,122.0,38.0,121.33108167594078,0.12914449192290395,0.6772506537168472,0.744574932813108,0.7742528734075641,0.3843828619596679,2.4919374079189973,0.14113976488491656,0.14602695410991687,0.12914449192290395
HANCOCK,71,oropharynx_targeted_tma_dropout,B7,full_learned_nonnegative,90,0.9016393442622951,110.0,31.0,111.2894198669605,0.11258757810987248,0.609375,0.6708656659333991,0.6835954623661029,0.12547306297955124,1.6406272674912674,0.117886538629313,0.11415927118666867,0.09808966420923497
HANCOCK,71,oropharynx_targeted_tma_dropout,B7,full_learned_nonnegative,80,0.8032786885245902,98.0,27.0,101.62600432296382,0.10849501207121386,0.5883180858550316,0.667780524232461,0.6758784913668624,0.050193167067780195,1.5080779397000978,0.11717276917850919,0.10913982826488482,0.10204822065473006
HANCOCK,101,clean,B2,none,full,1.0,122.0,38.0,121.33108167594078,0.14602695410991687,0.6327979081060889,0.6596807967156807,0.690132279155643,0.36438918326351993,2.6173690173520994,0.1375878183620987,,
HANCOCK,101,clean,B3,none,full,1.0,122.0,38.0,121.33108167594078,0.14080952327615676,0.6481135599551737,0.6694730429413185,0.7009715412934855,0.3645024606250123,1.4289968324232123,0.14143541977198304,,
HANCOCK,101,clean,B4,none,full,1.0,122.0,38.0,121.33108167594078,0.1292413664339719,0.6305565932013448,0.6881443373855551,0.7017545451090851,0.36540496791566307,1.9631472422651763,0.1426940476072896,,
HANCOCK,101,clean,B5,none,full,1.0,122.0,38.0,121.33108167594078,0.12758256695847323,0.6948076204706761,0.7594409222124383,0.7872786501162948,0.36245565346604275,2.421428292211717,0.14414376102975188,,
HANCOCK,101,clean,B6,none,full,1.0,122.0,38.0,121.33108167594078,0.12856997314750948,0.6757564437803512,0.7409552516651307,0.7688790362672505,0.3748639726564616,2.439464592590494,0.1420791225616023,,
HANCOCK,101,clean,M0,none,full,1.0,122.0,38.0,121.33108167594078,0.14975731069388704,0.613746731415764,0.6564709233564769,0.6685501725522557,0.36121460687925416,17.677787531320302,0.13491842490673261,,
HANCOCK,101,clean,B7,ood_only,100,1.0,122.0,38.0,121.33108167594078,0.12856997314750948,0.6757564437803512,0.7409552516651307,0.7688790362672505,0.3748639726564616,2.439464592590494,0.1420791225616023,0.14602695410991687,0.12856997314750948
HANCOCK,101,clean,B7,ood_only,90,0.9016393442622951,110.0,33.0,108.32042808439553,0.1347571197285384,0.6824762855716425,0.7284910480841671,0.7475794652548526,0.3852098108698015,2.3960652610460813,0.13051793523481567,0.14134650691015552,0.12290624542693548
HANCOCK,101,clean,B7,ood_only,80,0.8032786885245902,98.0,25.0,96.64965492157674,0.12342882380337208,0.7087667161961367,0.714771909902516,0.7387972865851286,0.26800399891466414,2.860388584032941,0.12690026230649987,0.12423962678582273,0.11202458522211932
HANCOCK,101,clean,B7,uncertainty_only,100,1.0,122.0,38.0,121.33108167594078,0.12856997314750948,0.6757564437803512,0.7409552516651307,0.7688790362672505,0.3748639726564616,2.439464592590494,0.1420791225616023,0.14602695410991687,0.12856997314750948
HANCOCK,101,clean,B7,uncertainty_only,90,0.9016393442622951,110.0,30.0,109.72404669461442,0.11572166559991293,0.6587601078167116,0.7326226989306823,0.7448090110509945,0.2050591856393301,2.501915358801625,0.1201464046989546,0.11904805225332171,0.09579839815590761
HANCOCK,101,clean,B7,uncertainty_only,80,0.8032786885245902,98.0,26.0,100.04557992441471,0.11569883759585556,0.5980926430517711,0.6648266168699375,0.6657976124543643,0.18719549797130253,1.8155608915425028,0.11374092502573716,0.11543797993931325,0.09914308440786217
HANCOCK,101,clean,B7,full_equal_weight,100,1.0,122.0,38.0,121.33108167594078,0.12856997314750948,0.6757564437803512,0.7409552516651307,0.7688790362672505,0.3748639726564616,2.439464592590494,0.1420791225616023,0.14602695410991687,0.12856997314750948
HANCOCK,101,clean,B7,full_equal_weight,90,0.9016393442622951,110.0,31.0,110.00254816791562,0.11060268685531102,0.6459016393442623,0.7089851707240443,0.7137229454365958,0.09613690960209335,1.8955099775632973,0.12466980353328554,0.11307126175203332,0.09632969248063995
HANCOCK,101,clean,B7,full_equal_weight,80,0.8032786885245902,98.0,28.0,98.8755275527463,0.1149357166261268,0.6249153689911984,0.7037324241161067,0.7046266346614517,0.17161357255859905,1.8189629944877639,0.11936007580818515,0.11525144498934091,0.10374156699940996
HANCOCK,101,clean,B7,full_learned_nonnegative,100,1.0,122.0,38.0,121.33108167594078,0.12856997314750948,0.6757564437803512,0.7409552516651307,0.7688790362672505,0.3748639726564616,2.439464592590494,0.1420791225616023,0.14602695410991687,0.12856997314750948
HANCOCK,101,clean,B7,full_learned_nonnegative,90,0.9016393442622951,110.0,31.0,111.17260053958402,0.11155192080251625,0.6106337271750806,0.6716464188793507,0.684387336947442,0.09876711223134305,1.705353819620978,0.12289385615559544,0.11354527305149324,0.09219045545023281
HANCOCK,101,clean,B7,full_learned_nonnegative,80,0.8032786885245902,98.0,23.0,98.10185740920528,0.09244839338966497,0.5417743324720069,0.6093466671318006,0.6073077184466666,-0.13883250735988018,0.9270362289343719,0.11866222871043194,0.09197370532768155,0.08566039920922576
HANCOCK,101,random_cell_dropout_10pct,B2,none,full,1.0,122.0,38.0,121.33108167594078,0.14602695410991687,0.6327979081060889,0.6596807967156807,0.690132279155643,0.36438918326351993,2.6173690173520994,0.1375878183620987,,
HANCOCK,101,random_cell_dropout_10pct,B3,none,full,1.0,122.0,38.0,121.33108167594078,0.14080952327615676,0.6481135599551737,0.6694730429413185,0.7009715412934855,0.3645024606250123,1.4289968324232123,0.14143541977198304,,
HANCOCK,101,random_cell_dropout_10pct,B4,none,full,1.0,122.0,38.0,121.33108167594078,0.13379039180414187,0.6438177063877475,0.7066572882262935,0.7191721355001586,0.39990821456892645,2.186358170192227,0.13803884238455585,,
HANCOCK,101,random_cell_dropout_10pct,B5,none,full,1.0,122.0,38.0,121.33108167594078,0.13132546705072234,0.6955547254389242,0.7591016417425162,0.784910542482327,0.39067551443372905,2.5491548292676645,0.14016538767755146,,
HANCOCK,101,random_cell_dropout_10pct,B6,none,full,1.0,122.0,38.0,121.33108167594078,0.1324753829389225,0.6794919686215913,0.745988952691718,0.7709047456050028,0.404592599683731,2.622090532704844,0.13794322229003397,,
HANCOCK,101,random_cell_dropout_10pct,M0,none,full,1.0,122.0,38.0,121.33108167594078,0.14975731069388704,0.613746731415764,0.6564709233564769,0.6685501725522557,0.36121460687925416,17.677787531320302,0.13491842490673261,,
HANCOCK,101,random_cell_dropout_10pct,B7,ood_only,100,1.0,122.0,38.0,121.33108167594078,0.1324753829389225,0.6794919686215913,0.745988952691718,0.7709047456050028,0.404592599683731,2.622090532704844,0.13794322229003397,0.14602695410991687,0.1324753829389225
HANCOCK,101,random_cell_dropout_10pct,B7,ood_only,90,0.9016393442622951,110.0,33.0,108.32042808439553,0.14027211407334172,0.6480279580629057,0.6861838821144208,0.7123539512356694,0.3840161658842496,2.4769988301063077,0.1287522122741322,0.14134650691015552,0.12716015792350116
HANCOCK,101,random_cell_dropout_10pct,B7,ood_only,80,0.8032786885245902,98.0,25.0,96.64965492157674,0.122932711219015,0.7213967310549777,0.7251907296022825,0.7503630748672214,0.2096194027099693,3.939345189684412,0.13015233481936433,0.12423962678582273,0.11398358185264919
HANCOCK,101,random_cell_dropout_10pct,B7,uncertainty_only,100,1.0,122.0,38.0,121.33108167594078,0.1324753829389225,0.6794919686215913,0.745988952691718,0.7709047456050028,0.404592599683731,2.622090532704844,0.13794322229003397,0.14602695410991687,0.1324753829389225
HANCOCK,101,random_cell_dropout_10pct,B7,uncertainty_only,90,0.9016393442622951,110.0,30.0,109.72404669461442,0.1162854889749177,0.660377358490566,0.73127698386677,0.7355656454677814,0.22033598225714784,2.5942407835282935,0.11813592100915707,0.11904805225332171,0.10022258431124569
HANCOCK,101,random_cell_dropout_10pct,B7,uncertainty_only,80,0.8032786885245902,98.0,26.0,100.04557992441471,0.11506231734205442,0.614441416893733,0.6831017595915132,0.6833061929063566,0.19537848995507556,2.164358786543034,0.11286079079726412,0.11543797993931325,0.10292885235064168
HANCOCK,101,random_cell_dropout_10pct,B7,full_equal_weight,100,1.0,122.0,38.0,121.33108167594078,0.1324753829389225,0.6794919686215913,0.745988952691718,0.7709047456050028,0.404592599683731,2.622090532704844,0.13794322229003397,0.14602695410991687,0.1324753829389225
HANCOCK,101,random_cell_dropout_10pct,B7,full_equal_weight,90,0.9016393442622951,110.0,31.0,110.00254816791562,0.11174905407039916,0.6377049180327868,0.7018016247091658,0.7026061158444242,0.12661022513876793,1.829297297616549,0.1186058129270024,0.11307126175203332,0.10108255284844146
HANCOCK,101,random_cell_dropout_10pct,B7,full_equal_weight,80,0.8032786885245902,98.0,28.0,98.8755275527463,0.11357658347033735,0.6628300609343263,0.7390000493484026,0.7349870922858005,0.18407168377267571,2.9048432195795377,0.11592100210361539,0.11525144498934091,0.10758587837678633
HANCOCK,101,random_cell_dropout_10pct,B7,full_learned_nonnegative,100,1.0,122.0,38.0,121.33108167594078,0.1324753829389225,0.6802390735898394,0.7468447941119126,0.7709047456050028,0.404592599683731,2.622090532704844,0.13532852499069445,0.14602695410991687,0.1324753829389225
HANCOCK,101,random_cell_dropout_10pct,B7,full_learned_nonnegative,90,0.9016393442622951,110.0,31.0,111.17260053958402,0.11119030904537283,0.6138560687432868,0.6763975201482679,0.6863185771533388,0.10845750249924138,1.927075253054939,0.121428973323463,0.11354527305149324,0.09673362627307439
HANCOCK,101,random_cell_dropout_10pct,B7,full_learned_nonnegative,80,0.8032786885245902,98.0,23.0,98.10185740920528,0.09201750869881901,0.5624461670973299,0.6230507875452258,0.6178062830048551,-0.1343185569556491,1.1091485914782349,0.11767738200578297,0.09197370532768155,0.08667754667400736
HANCOCK,101,random_cell_dropout_30pct,B2,none,full,1.0,122.0,38.0,121.33108167594078,0.14602695410991687,0.6327979081060889,0.6596807967156807,0.690132279155643,0.36438918326351993,2.6173690173520994,0.1375878183620987,,
HANCOCK,101,random_cell_dropout_30pct,B3,none,full,1.0,122.0,38.0,121.33108167594078,0.14080952327615676,0.6481135599551737,0.6694730429413185,0.7009715412934855,0.3645024606250123,1.4289968324232123,0.14143541977198304,,
HANCOCK,101,random_cell_dropout_30pct,B4,none,full,1.0,122.0,38.0,121.33108167594078,0.14001992145962658,0.6068360104594696,0.6434403547835453,0.6451098587531819,0.42715943598784334,1.8953504211283425,0.13328764534841925,,
HANCOCK,101,random_cell_dropout_30pct,B5,none,full,1.0,122.0,38.0,121.33108167594078,0.13868570211624445,0.6847217033993276,0.7288300498427045,0.7441866566685033,0.42690312454999063,2.3647245174006417,0.13513817386707822,,
HANCOCK,101,random_cell_dropout_30pct,B6,none,full,1.0,122.0,38.0,121.33108167594078,0.1396557673119103,0.6623085543518864,0.7034038838716302,0.7193602551260997,0.43822424257917675,2.418658344985971,0.13319861304611652,,
HANCOCK,101,random_cell_dropout_30pct,M0,none,full,1.0,122.0,38.0,121.33108167594078,0.14975731069388704,0.613746731415764,0.6564709233564769,0.6685501725522557,0.36121460687925416,17.677787531320302,0.13491842490673261,,
HANCOCK,101,random_cell_dropout_30pct,B7,ood_only,100,1.0,122.0,38.0,121.33108167594078,0.1396557673119103,0.6623085543518864,0.7034038838716302,0.7193602551260997,0.43822424257917675,2.418658344985971,0.13319861304611652,0.14602695410991687,0.1396557673119103
HANCOCK,101,random_cell_dropout_30pct,B7,ood_only,90,0.9016393442622951,110.0,33.0,108.32042808439553,0.14081374565935884,0.6505242136794808,0.6584689729582326,0.6886587913905156,0.3478547377199163,2.497486612449451,0.13383179257647757,0.14134650691015552,0.135459008524137
HANCOCK,101,random_cell_dropout_30pct,B7,ood_only,80,0.8032786885245902,98.0,25.0,96.64965492157674,0.12391029750403809,0.6998514115898959,0.7012988737027137,0.7240860696678114,0.17460616253105413,3.5528521180746044,0.13413732540793494,0.12423962678582273,0.12152881012011865
HANCOCK,101,random_cell_dropout_30pct,B7,uncertainty_only,100,1.0,122.0,38.0,121.33108167594078,0.1396557673119103,0.6623085543518864,0.7034038838716302,0.7193602551260997,0.43822424257917675,2.418658344985971,0.13319861304611652,0.14602695410991687,0.1396557673119103
HANCOCK,101,random_cell_dropout_30pct,B7,uncertainty_only,90,0.9016393442622951,110.0,30.0,109.72404669461442,0.11636700900451635,0.6291105121293801,0.6778900336429171,0.6880383495451406,0.20006983499224137,2.075715302228719,0.12134230531817551,0.11904805225332171,0.10815515610476632
HANCOCK,101,random_cell_dropout_30pct,B7,uncertainty_only,80,0.8032786885245902,98.0,26.0,100.04557992441471,0.11530032242185645,0.6028610354223434,0.6451250551608103,0.6407469418461699,0.18632259846011442,1.9667289879419705,0.11413413791795107,0.11543797993931325,0.1080769347472397
HANCOCK,101,random_cell_dropout_30pct,B7,full_equal_weight,100,1.0,122.0,38.0,121.33108167594078,0.1396557673119103,0.6623085543518864,0.7034038838716302,0.7193602551260997,0.43822424257917675,2.418658344985971,0.13319861304611652,0.14602695410991687,0.1396557673119103
HANCOCK,101,random_cell_dropout_30pct,B7,full_equal_weight,90,0.9016393442622951,110.0,31.0,110.00254816791562,0.1115894549990902,0.6371584699453552,0.6917460280382811,0.6920067223307405,0.1211528611000104,1.88902519988354,0.120070089522175,0.11307126175203332,0.10814353235784037
HANCOCK,101,random_cell_dropout_30pct,B7,full_equal_weight,80,0.8032786885245902,98.0,28.0,98.8755275527463,0.11303184436949335,0.6689234935680434,0.7399813268491067,0.7400397829859631,0.1702290027922969,3.377506672941546,0.11800762337442683,0.11525144498934091,0.11240654785779836
HANCOCK,101,random_cell_dropout_30pct,B7,full_learned_nonnegative,100,1.0,122.0,38.0,121.33108167594078,0.1396557673119103,0.6623085543518864,0.7034038838716302,0.7193602551260997,0.43822424257917675,2.418658344985971,0.13319861304611652,0.14602695410991687,0.1396557673119103
HANCOCK,101,random_cell_dropout_30pct,B7,full_learned_nonnegative,90,0.9016393442622951,110.0,31.0,111.17260053958402,0.11022000049498547,0.6127819548872181,0.6550251119888906,0.664993503633046,0.09785282255046975,1.9081380786533177,0.12378661436682252,0.11354527305149324,0.10419959154321716
HANCOCK,101,random_cell_dropout_30pct,B7,full_learned_nonnegative,80,0.8032786885245902,98.0,23.0,98.10185740920528,0.09236538631197277,0.5426356589147286,0.5813823697843565,0.5733666434602245,-0.14880024515269383,0.840012128211998,0.11878237969703152,0.09197370532768155,0.08979259770666345
HANCOCK,101,measurement_noise_0.5sd,B2,none,full,1.0,122.0,38.0,121.33108167594078,0.14602695410991687,0.6327979081060889,0.6596807967156807,0.690132279155643,0.36438918326351993,2.6173690173520994,0.1375878183620987,,
HANCOCK,101,measurement_noise_0.5sd,B3,none,full,1.0,122.0,38.0,121.33108167594078,0.14080952327615676,0.6481135599551737,0.6694730429413185,0.7009715412934855,0.3645024606250123,1.4289968324232123,0.14143541977198304,,
HANCOCK,101,measurement_noise_0.5sd,B4,none,full,1.0,122.0,38.0,121.33108167594078,0.13239147183592617,0.6010459469555473,0.667345762630988,0.6783553855056995,0.325228389330164,1.4586775109128443,0.14600671825233769,,
HANCOCK,101,measurement_noise_0.5sd,B5,none,full,1.0,122.0,38.0,121.33108167594078,0.13038435575756813,0.672020918939111,0.7343476860936942,0.7562271583946769,0.33347863378617537,1.8441154036095029,0.1464048946942045,,
HANCOCK,101,measurement_noise_0.5sd,B6,none,full,1.0,122.0,38.0,121.33108167594078,0.13130762485718833,0.6473664549869257,0.714647368898844,0.7356012229814646,0.3444392279017651,1.8268725858892043,0.14455182972379485,,
HANCOCK,101,measurement_noise_0.5sd,M0,none,full,1.0,122.0,38.0,121.33108167594078,0.14975731069388704,0.613746731415764,0.6564709233564769,0.6685501725522557,0.36121460687925416,17.677787531320302,0.13491842490673261,,
HANCOCK,101,measurement_noise_0.5sd,B7,ood_only,100,1.0,122.0,38.0,121.33108167594078,0.13130762485718833,0.6473664549869257,0.714647368898844,0.7356012229814646,0.3444392279017651,1.8268725858892043,0.14455182972379485,0.14602695410991687,0.13130762485718833
HANCOCK,101,measurement_noise_0.5sd,B7,ood_only,90,0.9016393442622951,110.0,33.0,108.32042808439553,0.13780736335833,0.6774837743384923,0.7063402796561732,0.7257812509015764,0.3529035456075873,1.6901517260290888,0.1357089008962991,0.14134650691015552,0.12452696761630584
HANCOCK,101,measurement_noise_0.5sd,B7,ood_only,80,0.8032786885245902,98.0,25.0,96.64965492157674,0.12437908109235121,0.6612184249628529,0.6870345051429555,0.7077759193498874,0.19400238945604498,2.3940233626515157,0.1335237428478501,0.12423962678582273,0.11419710064126382
HANCOCK,101,measurement_noise_0.5sd,B7,uncertainty_only,100,1.0,122.0,38.0,121.33108167594078,0.13130762485718833,0.6473664549869257,0.714647368898844,0.7356012229814646,0.3444392279017651,1.8268725858892043,0.14455182972379485,0.14602695410991687,0.13130762485718833
HANCOCK,101,measurement_noise_0.5sd,B7,uncertainty_only,90,0.9016393442622951,110.0,30.0,109.72404669461442,0.11885153709462198,0.5924528301886792,0.6507205130780227,0.6535138013314291,0.2090161805679271,1.4481174919769453,0.11957454882867707,0.11904805225332171,0.09946896645458134
HANCOCK,101,measurement_noise_0.5sd,B7,uncertainty_only,80,0.8032786885245902,98.0,26.0,100.04557992441471,0.11587376972300412,0.579700272479564,0.6474071603736825,0.6432347199621777,0.19012585216136776,1.573586963932227,0.11327254382760041,0.11543797993931325,0.103038469280407
HANCOCK,101,measurement_noise_0.5sd,B7,full_equal_weight,100,1.0,122.0,38.0,121.33108167594078,0.13130762485718833,0.6473664549869257,0.714647368898844,0.7356012229814646,0.3444392279017651,1.8268725858892043,0.14455182972379485,0.14602695410991687,0.13130762485718833
HANCOCK,101,measurement_noise_0.5sd,B7,full_equal_weight,90,0.9016393442622951,110.0,31.0,110.00254816791562,0.11397274493194398,0.5885245901639344,0.639201833211529,0.6384109378087524,0.07536951221644,0.917507372938119,0.12477001308685097,0.11307126175203332,0.09924009347989089
HANCOCK,101,measurement_noise_0.5sd,B7,full_equal_weight,80,0.8032786885245902,98.0,28.0,98.8755275527463,0.11530222324643309,0.6079891672308734,0.6950119173556523,0.6881213997147066,0.1768648865369954,1.9954228238067562,0.11773879282076023,0.11525144498934091,0.10704413986415398
HANCOCK,101,measurement_noise_0.5sd,B7,full_learned_nonnegative,100,1.0,122.0,38.0,121.33108167594078,0.13130762485718833,0.6473664549869257,0.714647368898844,0.7356012229814646,0.3444392279017651,1.8268725858892043,0.14455182972379485,0.14602695410991687,0.13130762485718833
HANCOCK,101,measurement_noise_0.5sd,B7,full_learned_nonnegative,90,0.9016393442622951,110.0,31.0,111.17260053958402,0.11348842963493871,0.5655209452201934,0.6284842343473152,0.6311705097769298,0.06147067247138174,0.9595106629018442,0.12575689529404072,0.11354527305149324,0.09619347017651875
HANCOCK,101,measurement_noise_0.5sd,B7,full_learned_nonnegative,80,0.8032786885245902,98.0,23.0,98.10185740920528,0.09285023849369271,0.5193798449612403,0.5818890680406573,0.5737533378667609,-0.13497949534229298,0.6918328679313236,0.11709255640801869,0.09197370532768155,0.08853722325319835
HANCOCK,101,location_shift_1sd,B2,none,full,1.0,122.0,38.0,121.33108167594078,0.14602695410991687,0.6327979081060889,0.6596807967156807,0.690132279155643,0.36438918326351993,2.6173690173520994,0.1375878183620987,,
HANCOCK,101,location_shift_1sd,B3,none,full,1.0,122.0,38.0,121.33108167594078,0.14080952327615676,0.6481135599551737,0.6694730429413185,0.7009715412934855,0.3645024606250123,1.4289968324232123,0.14143541977198304,,
HANCOCK,101,location_shift_1sd,B4,none,full,1.0,122.0,38.0,121.33108167594078,0.1390969476856741,0.6223384385506163,0.653508325268022,0.6629358867110707,0.7651067475491866,1.7999979285602747,0.10175057948276234,,
HANCOCK,101,location_shift_1sd,B5,none,full,1.0,122.0,38.0,121.33108167594078,0.13800233386714136,0.6906985431453119,0.7359827028478647,0.7615889415282718,0.7603919175088757,2.306343250601726,0.10301883935116592,,
HANCOCK,101,location_shift_1sd,B6,none,full,1.0,122.0,38.0,121.33108167594078,0.138552664527954,0.6694060515502428,0.7173439044908788,0.7415596916204702,0.759177982058073,2.3282791760152137,0.10251432459583742,,
HANCOCK,101,location_shift_1sd,M0,none,full,1.0,122.0,38.0,121.33108167594078,0.14975731069388704,0.613746731415764,0.6564709233564769,0.6685501725522557,0.36121460687925416,17.677787531320302,0.13491842490673261,,
HANCOCK,101,location_shift_1sd,B7,ood_only,100,1.0,122.0,38.0,121.33108167594078,0.138552664527954,0.6694060515502428,0.7173439044908788,0.7415596916204702,0.759177982058073,2.3282791760152137,0.10251432459583742,0.14602695410991687,0.138552664527954
HANCOCK,101,location_shift_1sd,B7,ood_only,90,0.9016393442622951,110.0,33.0,108.32042808439553,0.14150847892324298,0.6744882675986021,0.681593122812943,0.7108356160434709,0.6117144063932098,1.8580849998094768,0.10798158062875876,0.14134650691015552,0.13189163873970375
HANCOCK,101,location_shift_1sd,B7,ood_only,80,0.8032786885245902,98.0,25.0,96.64965492157674,0.12172373292328292,0.7228826151560178,0.7567040745364496,0.7896338276706979,0.3428332849475737,3.4852800402282806,0.11587971279872876,0.12423962678582273,0.11903173155174182
HANCOCK,101,location_shift_1sd,B7,uncertainty_only,100,1.0,122.0,38.0,121.33108167594078,0.138552664527954,0.6694060515502428,0.7173439044908788,0.7415596916204702,0.759177982058073,2.3282791760152137,0.10251432459583742,0.14602695410991687,0.138552664527954
HANCOCK,101,location_shift_1sd,B7,uncertainty_only,90,0.9016393442622951,110.0,30.0,109.72404669461442,0.11712626195920363,0.708355795148248,0.7755922296716207,0.7935481733884366,0.5487396927944093,3.4725918391032184,0.08895706619113124,0.11904805225332171,0.102970327379639
HANCOCK,101,location_shift_1sd,B7,uncertainty_only,80,0.8032786885245902,98.0,26.0,100.04557992441471,0.11368693923829676,0.6696185286103542,0.7472183219380267,0.7543505468702252,0.4597322296985533,2.782206911057431,0.08915553615639484,0.11543797993931325,0.10514568616599367
HANCOCK,101,location_shift_1sd,B7,full_equal_weight,100,1.0,122.0,38.0,121.33108167594078,0.138552664527954,0.6694060515502428,0.7173439044908788,0.7415596916204702,0.759177982058073,2.3282791760152137,0.10251432459583742,0.14602695410991687,0.138552664527954
HANCOCK,101,location_shift_1sd,B7,full_equal_weight,90,0.9016393442622951,110.0,31.0,110.00254816791562,0.11254161883835404,0.6530054644808743,0.711437251941605,0.7232435925431119,0.4365225453598999,1.9201069022855297,0.09352625935978832,0.11307126175203332,0.10118490140266992
HANCOCK,101,location_shift_1sd,B7,full_equal_weight,80,0.8032786885245902,98.0,28.0,98.8755275527463,0.11714895631133722,0.6384563303994584,0.6821934262858294,0.6956499422538874,0.4750880981731538,1.6382249674972618,0.09019437074839935,0.11525144498934091,0.10913854854079895
HANCOCK,101,location_shift_1sd,B7,full_learned_nonnegative,100,1.0,122.0,38.0,121.33108167594078,0.138552664527954,0.6694060515502428,0.7173439044908788,0.7415596916204702,0.759177982058073,2.3282791760152137,0.10251432459583742,0.14602695410991687,0.138552664527954
HANCOCK,101,location_shift_1sd,B7,full_learned_nonnegative,90,0.9016393442622951,110.0,31.0,111.17260053958402,0.11115720058431564,0.6723952738990333,0.7390835891544412,0.7569248934372581,0.43180818622902956,2.547068233329525,0.09310154683219764,0.11354527305149324,0.0977631819009235
HANCOCK,101,location_shift_1sd,B7,full_learned_nonnegative,80,0.8032786885245902,98.0,23.0,98.10185740920528,0.09053657989912557,0.5857019810508183,0.6654772174604413,0.6730943560388202,0.16856201681722266,1.587425699822983,0.09037295031630929,0.09197370532768155,0.08773923212542434
HANCOCK,101,row_permutation_negative_control,B2,none,full,1.0,122.0,38.0,121.33108167594078,0.14602695410991687,0.6327979081060889,0.6596807967156807,0.690132279155643,0.36438918326351993,2.6173690173520994,0.1375878183620987,,
HANCOCK,101,row_permutation_negative_control,B3,none,full,1.0,122.0,38.0,121.33108167594078,0.14080952327615676,0.6481135599551737,0.6694730429413185,0.7009715412934855,0.3645024606250123,1.4289968324232123,0.14143541977198304,,
HANCOCK,101,row_permutation_negative_control,B4,none,full,1.0,122.0,38.0,121.33108167594078,0.15660260270513157,0.4579753455360478,0.4857723371457782,0.4772046289801305,0.25662011379330807,0.06742275690004347,0.14269404760728965,,
HANCOCK,101,row_permutation_negative_control,B5,none,full,1.0,122.0,38.0,121.33108167594078,0.1500803829197671,0.5267090026148674,0.5527318051208704,0.5507413753485751,0.2725294784317361,0.38637682761332615,0.14254458445799714,,
HANCOCK,101,row_permutation_negative_control,B6,none,full,1.0,122.0,38.0,121.33108167594078,0.1514232356409845,0.5110197982816586,0.5440389089735403,0.5409896488238706,0.2852877024224495,0.31206378223189535,0.14079693105565788,,
HANCOCK,101,row_permutation_negative_control,M0,none,full,1.0,122.0,38.0,121.33108167594078,0.14975731069388704,0.613746731415764,0.6564709233564769,0.6685501725522557,0.36121460687925416,17.677787531320302,0.13491842490673261,,
HANCOCK,101,row_permutation_negative_control,B7,ood_only,100,1.0,122.0,38.0,121.33108167594078,0.1514232356409845,0.5110197982816586,0.5440389089735403,0.5409896488238706,0.2852877024224495,0.31206378223189535,0.14079693105565788,0.14602695410991687,0.1514232356409845
HANCOCK,101,row_permutation_negative_control,B7,ood_only,90,0.9016393442622951,110.0,33.0,108.32042808439553,0.14699782965721944,0.5441837244133799,0.5738226419667749,0.5718477279949082,0.3344609513106739,0.18089120185254168,0.12956319104841724,0.14134650691015552,0.14383716477697978
HANCOCK,101,row_permutation_negative_control,B7,ood_only,80,0.8032786885245902,98.0,25.0,96.64965492157674,0.12685341361341945,0.6352154531946508,0.6814505652387406,0.6816529775537343,0.16854618001315452,0.9780245122837397,0.12951062084369597,0.12423962678582273,0.12434678179009861
HANCOCK,101,row_permutation_negative_control,B7,uncertainty_only,100,1.0,122.0,38.0,121.33108167594078,0.1514232356409845,0.5110197982816586,0.5440389089735403,0.5409896488238706,0.2852877024224495,0.31206378223189535,0.14079693105565788,0.14602695410991687,0.1514232356409845
HANCOCK,101,row_permutation_negative_control,B7,uncertainty_only,90,0.9016393442622951,110.0,30.0,109.72404669461442,0.12214460467424242,0.4840970350404313,0.5227642912242115,0.5138119180409353,0.15845004363191728,0.17496198104616806,0.12117698744499258,0.11904805225332171,0.12217884235288747
HANCOCK,101,row_permutation_negative_control,B7,uncertainty_only,80,0.8032786885245902,98.0,26.0,100.04557992441471,0.11639611988581404,0.5122615803814714,0.5702379400534877,0.560352445723358,0.1201292145913551,0.7692471853883934,0.11697438044672007,0.11543797993931325,0.11578056729496661
HANCOCK,101,row_permutation_negative_control,B7,full_equal_weight,100,1.0,122.0,38.0,121.33108167594078,0.15585739647464403,0.5042958535674262,0.5361031754527059,0.5334052236370281,0.31234987348368937,0.06985956381500388,0.1373636829762871,0.14602695410991687,0.1514232356409845
HANCOCK,101,row_permutation_negative_control,B7,full_equal_weight,90,0.9016393442622951,110.0,31.0,110.00254816791562,0.11621231546766334,0.5224043715846994,0.5655792254150414,0.5508604881371498,0.03639111469449586,0.299908445471815,0.12521742716068335,0.11307126175203332,0.11475101729869697
HANCOCK,101,row_permutation_negative_control,B7,full_equal_weight,80,0.8032786885245902,98.0,28.0,98.8755275527463,0.12006109900586116,0.5098171970209885,0.5481877898884361,0.5272334206026572,0.09684713727108046,0.00447781050572984,0.12031612368475207,0.11525144498934091,0.11728983037888747
HANCOCK,101,row_permutation_negative_control,B7,full_learned_nonnegative,100,1.0,122.0,38.0,121.33108167594078,0.1514232356409845,0.5110197982816586,0.5440389089735403,0.5409896488238706,0.2852877024224495,0.31206378223189535,0.14079693105565788,0.14602695410991687,0.1514232356409845
HANCOCK,101,row_permutation_negative_control,B7,full_learned_nonnegative,90,0.9016393442622951,110.0,31.0,111.17260053958402,0.11596923276822928,0.50859291084855,0.548858893718247,0.5369990352253774,0.038707677680046924,0.22376672472651246,0.12233383848257781,0.11354527305149324,0.11449626484864706
HANCOCK,101,row_permutation_negative_control,B7,full_learned_nonnegative,80,0.8032786885245902,98.0,23.0,98.10185740920528,0.09086414970641654,0.5813953488372093,0.6303184772272376,0.61362638558128,-0.19728483977972597,1.3658803230177357,0.11878664873607304,0.09197370532768155,0.09139178583747024
HANCOCK,101,complete_modality_dropout,B2,none,full,1.0,122.0,38.0,121.33108167594078,0.14602695410991687,0.6327979081060889,0.6596807967156807,0.690132279155643,0.36438918326351993,2.6173690173520994,0.1375878183620987,,
HANCOCK,101,complete_modality_dropout,B3,none,full,1.0,122.0,38.0,121.33108167594078,0.14080952327615676,0.6481135599551737,0.6694730429413185,0.7009715412934855,0.3645024606250123,1.4289968324232123,0.14143541977198304,,
HANCOCK,101,complete_modality_dropout,B4,none,full,1.0,122.0,38.0,121.33108167594078,0.15268433175689758,0.5,0.5,0.5,0.49896717458990153,,0.11972701451852957,,
HANCOCK,101,complete_modality_dropout,B5,none,full,1.0,122.0,38.0,121.33108167594078,0.1486240497117304,0.6283152782966007,0.6552151311278934,0.6791875817887421,0.4873609187176282,2.7178406803373583,0.12281535436635332,,
HANCOCK,101,complete_modality_dropout,B6,none,full,1.0,122.0,38.0,121.33108167594078,0.14995768008612353,0.6327979081060889,0.6596807967156807,0.690132279155643,0.5040178789971513,4.46073971836877,0.12069520956184808,,
HANCOCK,101,complete_modality_dropout,M0,none,full,1.0,122.0,38.0,121.33108167594078,0.14975731069388704,0.613746731415764,0.6564709233564769,0.6685501725522557,0.36121460687925416,17.677787531320302,0.13491842490673261,,
HANCOCK,101,complete_modality_dropout,B7,ood_only,100,1.0,122.0,38.0,121.33108167594078,0.14602695410991687,0.6327979081060889,0.6596807967156807,0.690132279155643,0.36438918326351993,2.6173690173520994,0.1375878183620987,0.14602695410991687,0.14995768008612353
HANCOCK,101,complete_modality_dropout,B7,ood_only,90,0.9016393442622951,110.0,33.0,108.32042808439553,0.14134650691015552,0.6320519221168248,0.6400677379377387,0.6727835353588173,0.32528710528317845,2.1468581870143426,0.1371033341393475,0.14134650691015552,0.14426586349189316
HANCOCK,101,complete_modality_dropout,B7,ood_only,80,0.8032786885245902,98.0,25.0,96.64965492157674,0.12423962678582273,0.6968796433878157,0.6980920959542893,0.720467806989591,0.16553718227551895,3.0666934804202652,0.13508119991015427,0.12423962678582273,0.127018176244032
HANCOCK,101,complete_modality_dropout,B7,uncertainty_only,100,1.0,122.0,38.0,121.33108167594078,0.14602695410991687,0.6327979081060889,0.6596807967156807,0.690132279155643,0.36438918326351993,2.6173690173520994,0.1375878183620987,0.14602695410991687,0.14995768008612353
HANCOCK,101,complete_modality_dropout,B7,uncertainty_only,90,0.9016393442622951,110.0,30.0,109.72404669461442,0.11904805225332171,0.6177897574123989,0.6515370837315839,0.669655967752204,0.10867039863015944,3.0641918276866327,0.13118844348870573,0.11904805225332171,0.12056457260167462
HANCOCK,101,complete_modality_dropout,B7,uncertainty_only,80,0.8032786885245902,98.0,26.0,100.04557992441471,0.11543797993931325,0.6178474114441417,0.6478963691933243,0.6587349567898468,0.059256320996272094,3.2596214608522525,0.12803698116710113,0.11543797993931325,0.11672346844613819
HANCOCK,101,complete_modality_dropout,B7,full_equal_weight,100,1.0,122.0,38.0,121.33108167594078,0.14602695410991687,0.6327979081060889,0.6596807967156807,0.690132279155643,0.36438918326351993,2.6173690173520994,0.1375878183620987,0.14602695410991687,0.14995768008612353
HANCOCK,101,complete_modality_dropout,B7,full_equal_weight,90,0.9016393442622951,110.0,31.0,110.00254816791562,0.11307126175203332,0.6333333333333333,0.6578352180804548,0.6654492103596497,0.001277822435606879,1.9557887520330206,0.1339898871059883,0.11307126175203332,0.11400026211130851
HANCOCK,101,complete_modality_dropout,B7,full_equal_weight,80,0.8032786885245902,98.0,28.0,98.8755275527463,0.11525144498934091,0.6357481381178064,0.6798320072710693,0.6850094310740389,0.05641317117438052,2.9172115426843885,0.13038354154459084,0.11525144498934091,0.11675869249231056
HANCOCK,101,complete_modality_dropout,B7,full_learned_nonnegative,100,1.0,122.0,38.0,121.33108167594078,0.14602695410991687,0.6327979081060889,0.6596807967156807,0.690132279155643,0.36438918326351993,2.6173690173520994,0.1375878183620987,0.14602695410991687,0.14995768008612353
HANCOCK,101,complete_modality_dropout,B7,full_learned_nonnegative,90,0.9016393442622951,110.0,31.0,111.17260053958402,0.11354527305149324,0.5988184747583244,0.6155671348716358,0.6281306501726167,-0.005820507088984914,1.5698290040004568,0.13292148696752,0.11354527305149324,0.11410929169551547
HANCOCK,101,complete_modality_dropout,B7,full_learned_nonnegative,80,0.8032786885245902,98.0,23.0,98.10185740920528,0.09197370532768155,0.6218776916451335,0.644021957858423,0.649804578299433,-0.2592770614351456,2.0307991811009156,0.13147558772836124,0.09197370532768155,0.09194067406072208
HANCOCK,101,blood_block_dropout_30pct_rows,B2,none,full,1.0,122.0,38.0,121.33108167594078,0.14602695410991687,0.6327979081060889,0.6596807967156807,0.690132279155643,0.36438918326351993,2.6173690173520994,0.1375878183620987,,
HANCOCK,101,blood_block_dropout_30pct_rows,B3,none,full,1.0,122.0,38.0,121.33108167594078,0.14080952327615676,0.6481135599551737,0.6694730429413185,0.7009715412934855,0.3645024606250123,1.4289968324232123,0.14143541977198304,,
HANCOCK,101,blood_block_dropout_30pct_rows,B4,none,full,1.0,122.0,38.0,121.33108167594078,0.1320516763206464,0.6283152782966007,0.6673545292649629,0.677300857736838,0.4037997307620639,1.7398321743599838,0.1351658035675257,,
HANCOCK,101,blood_block_dropout_30pct_rows,B5,none,full,1.0,122.0,38.0,121.33108167594078,0.12981093382389686,0.6880836757564438,0.7386863584045147,0.7669336174731932,0.4041133848271809,2.346972182354312,0.136930322572696,,
HANCOCK,101,blood_block_dropout_30pct_rows,B6,none,full,1.0,122.0,38.0,121.33108167594078,0.1309043616378752,0.6585730295106462,0.7030324778715754,0.7298192701921181,0.4137321557585271,2.2667807794583084,0.13506890898410767,,
HANCOCK,101,blood_block_dropout_30pct_rows,M0,none,full,1.0,122.0,38.0,121.33108167594078,0.14975731069388704,0.613746731415764,0.6564709233564769,0.6685501725522557,0.36121460687925416,17.677787531320302,0.13491842490673261,,
HANCOCK,101,blood_block_dropout_30pct_rows,B7,ood_only,100,1.0,122.0,38.0,121.33108167594078,0.13092222597386535,0.6574523720582742,0.7021582739762077,0.7286574488300689,0.4129871573137138,2.2635435354947604,0.135131671236383,0.14602695410991687,0.1309043616378752
HANCOCK,101,blood_block_dropout_30pct_rows,B7,ood_only,90,0.9016393442622951,110.0,33.0,108.32042808439553,0.13632407974163258,0.6640039940089866,0.6925405999945315,0.7178290984418345,0.4180430724626577,2.3291015070455776,0.12652901494419116,0.14134650691015552,0.12547413278618286
HANCOCK,101,blood_block_dropout_30pct_rows,B7,ood_only,80,0.8032786885245902,98.0,25.0,96.64965492157674,0.12549652198390632,0.6679049034175334,0.6694542686005653,0.6913021912593975,0.30128468821117943,2.3845789283900123,0.12167614084174964,0.12423962678582273,0.11530513469076648
HANCOCK,101,blood_block_dropout_30pct_rows,B7,uncertainty_only,100,1.0,122.0,38.0,121.33108167594078,0.13092222597386535,0.6574523720582742,0.7021582739762077,0.7286574488300689,0.4129871573137138,2.2635435354947604,0.135131671236383,0.14602695410991687,0.1309043616378752
HANCOCK,101,blood_block_dropout_30pct_rows,B7,uncertainty_only,90,0.9016393442622951,110.0,30.0,109.72404669461442,0.11896555481254863,0.6296495956873316,0.6748425188553546,0.6795974010691422,0.2307717255862601,1.748269657829549,0.11630951133091547,0.11904805225332171,0.09893822372454746
HANCOCK,101,blood_block_dropout_30pct_rows,B7,uncertainty_only,80,0.8032786885245902,98.0,26.0,100.04557992441471,0.11625225766848442,0.5967302452316077,0.6407356596944925,0.6358488902847811,0.20097340157843668,1.6761366323058875,0.11238538179923545,0.11543797993931325,0.10261054441099866
HANCOCK,101,blood_block_dropout_30pct_rows,B7,full_equal_weight,100,1.0,122.0,38.0,121.33108167594078,0.13092222597386535,0.6574523720582742,0.7021582739762077,0.7286574488300689,0.4129871573137138,2.2635435354947604,0.135131671236383,0.14602695410991687,0.1309043616378752
HANCOCK,101,blood_block_dropout_30pct_rows,B7,full_equal_weight,90,0.9016393442622951,110.0,31.0,110.00254816791562,0.11311677029002423,0.6185792349726776,0.6545364936801451,0.6553106627233046,0.14154450024049986,1.4687851126352256,0.1191460097860294,0.11307126175203332,0.09890753151556131
HANCOCK,101,blood_block_dropout_30pct_rows,B7,full_equal_weight,80,0.8032786885245902,98.0,28.0,98.8755275527463,0.11565987087836208,0.6201760324983073,0.6726946640711041,0.6673239983145081,0.17850402785752828,1.6137517011320623,0.11813950607732875,0.11525144498934091,0.10728690452133477
HANCOCK,101,blood_block_dropout_30pct_rows,B7,full_learned_nonnegative,100,1.0,122.0,38.0,121.33108167594078,0.13092222597386535,0.6574523720582742,0.7021582739762077,0.7286574488300689,0.4129871573137138,2.2635435354947604,0.135131671236383,0.14602695410991687,0.1309043616378752
HANCOCK,101,blood_block_dropout_30pct_rows,B7,full_learned_nonnegative,90,0.9016393442622951,110.0,31.0,111.17260053958402,0.11294945539316376,0.6106337271750806,0.6428456220430565,0.6483320047202993,0.12466891904858407,1.395125323845472,0.11917587194277937,0.11354527305149324,0.09512307847070152
HANCOCK,101,blood_block_dropout_30pct_rows,B7,full_learned_nonnegative,80,0.8032786885245902,98.0,23.0,98.10185740920528,0.09282528208943229,0.5400516795865633,0.5746134259772814,0.5658646653795804,-0.11932959407316768,0.6519424214065025,0.11539737300924179,0.09197370532768155,0.08894094867787293
HANCOCK,101,tma_block_dropout_30pct_rows,B2,none,full,1.0,122.0,38.0,121.33108167594078,0.14602695410991687,0.6327979081060889,0.6596807967156807,0.690132279155643,0.36438918326351993,2.6173690173520994,0.1375878183620987,,
HANCOCK,101,tma_block_dropout_30pct_rows,B3,none,full,1.0,122.0,38.0,121.33108167594078,0.14080952327615676,0.6481135599551737,0.6694730429413185,0.7009715412934855,0.3645024606250123,1.4289968324232123,0.14143541977198304,,
HANCOCK,101,tma_block_dropout_30pct_rows,B4,none,full,1.0,122.0,38.0,121.33108167594078,0.12641683620939578,0.6477400074710497,0.7239954715147383,0.7410721636249441,0.33388150721331766,2.4372654688638256,0.14651583982504868,,
HANCOCK,101,tma_block_dropout_30pct_rows,B5,none,full,1.0,122.0,38.0,121.33108167594078,0.12406266030078436,0.7011580127007845,0.7768574737031646,0.8039895594837507,0.3270667508176104,2.6927807617310098,0.1485088691347337,,
HANCOCK,101,tma_block_dropout_30pct_rows,B6,none,full,1.0,122.0,38.0,121.33108167594078,0.12546262738688727,0.6906985431453119,0.7670480371364364,0.7964478489094858,0.34326142467829585,2.815575250908077,0.14594771811702598,,
HANCOCK,101,tma_block_dropout_30pct_rows,M0,none,full,1.0,122.0,38.0,121.33108167594078,0.14975731069388704,0.613746731415764,0.6564709233564769,0.6685501725522557,0.36121460687925416,17.677787531320302,0.13491842490673261,,
HANCOCK,101,tma_block_dropout_30pct_rows,B7,ood_only,100,1.0,122.0,38.0,121.33108167594078,0.12557069438336468,0.6888307807246918,0.7655694540963552,0.7946001904272147,0.33983961499462617,2.7883404010367743,0.1463882977069293,0.14602695410991687,0.12546262738688727
HANCOCK,101,tma_block_dropout_30pct_rows,B7,ood_only,90,0.9016393442622951,110.0,33.0,108.32042808439553,0.13475606046857977,0.655516724912631,0.6954662211676313,0.7180767230375908,0.36682145978691894,2.2447846758252528,0.13269264033891753,0.14134650691015552,0.12067940675039955
HANCOCK,101,tma_block_dropout_30pct_rows,B7,ood_only,80,0.8032786885245902,98.0,25.0,96.64965492157674,0.12361328632757217,0.674591381872214,0.6859633595547853,0.7116255160455993,0.2420701083044861,2.802245172042326,0.12978332298603396,0.12423962678582273,0.10958534500818638
HANCOCK,101,tma_block_dropout_30pct_rows,B7,uncertainty_only,100,1.0,122.0,38.0,121.33108167594078,0.12557069438336468,0.6888307807246918,0.7655694540963552,0.7946001904272147,0.33983961499462617,2.7883404010367743,0.1463882977069293,0.14602695410991687,0.12546262738688727
HANCOCK,101,tma_block_dropout_30pct_rows,B7,uncertainty_only,90,0.9016393442622951,110.0,30.0,109.72404669461442,0.11559664515445876,0.6361185983827493,0.7187096349042761,0.7289177665197589,0.18225775162904073,2.3831464193939738,0.12238525922597791,0.11904805225332171,0.09555352158708758
HANCOCK,101,tma_block_dropout_30pct_rows,B7,uncertainty_only,80,0.8032786885245902,98.0,26.0,100.04557992441471,0.11636120842768186,0.5756130790190735,0.6505501957504991,0.6502322290093451,0.16361400569289014,1.4445642141492627,0.11606353951747904,0.11543797993931325,0.09885453884733862
HANCOCK,101,tma_block_dropout_30pct_rows,B7,full_equal_weight,100,1.0,122.0,38.0,121.33108167594078,0.12557069438336468,0.6895778856929399,0.7664252955165499,0.7946001904272147,0.33983961499462617,2.7883404010367743,0.14327621097586177,0.14602695410991687,0.12546262738688727
HANCOCK,101,tma_block_dropout_30pct_rows,B7,full_equal_weight,90,0.9016393442622951,110.0,31.0,110.00254816791562,0.11352308281236728,0.5896174863387978,0.6543235441910739,0.6573436724639558,0.10056874566814145,1.2432542986106279,0.12443819257977587,0.11307126175203332,0.09608481591181993
HANCOCK,101,tma_block_dropout_30pct_rows,B7,full_equal_weight,80,0.8032786885245902,98.0,28.0,98.8755275527463,0.11551081859865651,0.6018957345971564,0.6799690426154289,0.6791082138511452,0.13778823021439415,1.6228895510535986,0.122572178960675,0.11525144498934091,0.10348220571608609
HANCOCK,101,tma_block_dropout_30pct_rows,B7,full_learned_nonnegative,100,1.0,122.0,38.0,121.33108167594078,0.12557069438336468,0.6888307807246918,0.7655694540963552,0.7946001904272147,0.33983961499462617,2.7883404010367743,0.1463882977069293,0.14602695410991687,0.12546262738688727
HANCOCK,101,tma_block_dropout_30pct_rows,B7,full_learned_nonnegative,90,0.9016393442622951,110.0,31.0,111.17260053958402,0.1098726235778706,0.6117078410311493,0.689663005789776,0.6986428832144194,0.0678129487938892,2.0280218399002576,0.12603822708723567,0.11354527305149324,0.09194557888141278
HANCOCK,101,tma_block_dropout_30pct_rows,B7,full_learned_nonnegative,80,0.8032786885245902,98.0,23.0,98.10185740920528,0.09292500073335698,0.5176571920757967,0.5928771372770865,0.5884680097923083,-0.1570682978364954,0.7030271915926646,0.12056821870663724,0.09197370532768155,0.08539224818832429
HANCOCK,101,blood_and_tma_dropout_30pct_rows,B2,none,full,1.0,122.0,38.0,121.33108167594078,0.14602695410991687,0.6327979081060889,0.6596807967156807,0.690132279155643,0.36438918326351993,2.6173690173520994,0.1375878183620987,,
HANCOCK,101,blood_and_tma_dropout_30pct_rows,B3,none,full,1.0,122.0,38.0,121.33108167594078,0.14080952327615676,0.6481135599551737,0.6694730429413185,0.7009715412934855,0.3645024606250123,1.4289968324232123,0.14143541977198304,,
HANCOCK,101,blood_and_tma_dropout_30pct_rows,B4,none,full,1.0,122.0,38.0,121.33108167594078,0.13385959495813327,0.6240194247291745,0.6640985996580849,0.6824348924352798,0.43720631744102756,2.448898937103602,0.13738436973487875,,
HANCOCK,101,blood_and_tma_dropout_30pct_rows,B5,none,full,1.0,122.0,38.0,121.33108167594078,0.1327462810082243,0.7278670153156519,0.7769634395751963,0.8088011118993356,0.43456568722648686,2.9963629743869915,0.13884249242555777,,
HANCOCK,101,blood_and_tma_dropout_30pct_rows,B6,none,full,1.0,122.0,38.0,121.33108167594078,0.13381111383096167,0.7045199850579006,0.7483082021852934,0.781855026733575,0.4466688338469755,3.069725684185532,0.13673957890276658,,
HANCOCK,101,blood_and_tma_dropout_30pct_rows,M0,none,full,1.0,122.0,38.0,121.33108167594078,0.14975731069388704,0.613746731415764,0.6564709233564769,0.6685501725522557,0.36121460687925416,17.677787531320302,0.13491842490673261,,
HANCOCK,101,blood_and_tma_dropout_30pct_rows,B7,ood_only,100,1.0,122.0,38.0,121.33108167594078,0.1327848138531474,0.7127381397086291,0.7478025395598317,0.7854156458306317,0.4127222067243103,3.104852435408268,0.14124197679479616,0.14602695410991687,0.13381111383096167
HANCOCK,101,blood_and_tma_dropout_30pct_rows,B7,ood_only,90,0.9016393442622951,110.0,33.0,108.32042808439553,0.13342584212620168,0.728407388916625,0.7609359828350658,0.7969075865118946,0.40185824045918167,3.24986607200045,0.13257553175818784,0.14134650691015552,0.12856729696494879
HANCOCK,101,blood_and_tma_dropout_30pct_rows,B7,ood_only,80,0.8032786885245902,98.0,25.0,96.64965492157674,0.12245893260001044,0.7392273402674592,0.758051290835914,0.7896712416591527,0.2791624633931944,3.5352941404939786,0.1280631616327979,0.12423962678582273,0.11894736254916871
HANCOCK,101,blood_and_tma_dropout_30pct_rows,B7,uncertainty_only,100,1.0,122.0,38.0,121.33108167594078,0.1327848138531474,0.7127381397086291,0.7478025395598317,0.7854156458306317,0.4127222067243103,3.104852435408268,0.14124197679479616,0.14602695410991687,0.13381111383096167
HANCOCK,101,blood_and_tma_dropout_30pct_rows,B7,uncertainty_only,90,0.9016393442622951,110.0,30.0,109.72404669461442,0.11439827105099845,0.7266846361185983,0.7649090557699972,0.7885508366453817,0.2160079978787297,4.43857155052067,0.12142765235948827,0.11904805225332171,0.10112282140297427
HANCOCK,101,blood_and_tma_dropout_30pct_rows,B7,uncertainty_only,80,0.8032786885245902,98.0,26.0,100.04557992441471,0.11487687665621459,0.6641689373297003,0.6800050673625454,0.6933487989027401,0.1750438909443386,2.6167214938744388,0.11678939866938587,0.11543797993931325,0.09819830296234673
HANCOCK,101,blood_and_tma_dropout_30pct_rows,B7,full_equal_weight,100,1.0,122.0,38.0,121.33108167594078,0.1327848138531474,0.7127381397086291,0.7478025395598317,0.7854156458306317,0.4127222067243103,3.104852435408268,0.14124197679479616,0.14602695410991687,0.13381111383096167
HANCOCK,101,blood_and_tma_dropout_30pct_rows,B7,full_equal_weight,90,0.9016393442622951,110.0,31.0,110.00254816791562,0.10939352389329844,0.7032786885245902,0.7351340559307915,0.7483098601060952,0.10552831776332969,2.739905461808177,0.12611069278281892,0.11307126175203332,0.10169545888231694
HANCOCK,101,blood_and_tma_dropout_30pct_rows,B7,full_equal_weight,80,0.8032786885245902,98.0,28.0,98.8755275527463,0.11497488358884063,0.6675693974272173,0.6928382193878366,0.7037194124884516,0.16647092696032384,2.1291878029240983,0.12175160684635362,0.11525144498934091,0.10268154686509419
HANCOCK,101,blood_and_tma_dropout_30pct_rows,B7,full_learned_nonnegative,100,1.0,122.0,38.0,121.33108167594078,0.1327848138531474,0.7127381397086291,0.7478025395598317,0.7854156458306317,0.4127222067243103,3.104852435408268,0.14124197679479616,0.14602695410991687,0.13381111383096167
HANCOCK,101,blood_and_tma_dropout_30pct_rows,B7,full_learned_nonnegative,90,0.9016393442622951,110.0,31.0,111.17260053958402,0.1103320708598556,0.6761546723952739,0.6985170294868224,0.722630159342913,0.1097559993122787,2.6149929900472544,0.1242031945971631,0.11354527305149324,0.09741221150182285
HANCOCK,101,blood_and_tma_dropout_30pct_rows,B7,full_learned_nonnegative,80,0.8032786885245902,98.0,23.0,98.10185740920528,0.09155689249952156,0.6330749354005168,0.6379970406597536,0.6474315421680666,-0.1457121309504255,1.4023306429900633,0.12174609100539452,0.09197370532768155,0.08462077361453209
HANCOCK,101,oropharynx_targeted_tma_dropout,B2,none,full,1.0,122.0,38.0,121.33108167594078,0.14602695410991687,0.6327979081060889,0.6596807967156807,0.690132279155643,0.36438918326351993,2.6173690173520994,0.1375878183620987,,
HANCOCK,101,oropharynx_targeted_tma_dropout,B3,none,full,1.0,122.0,38.0,121.33108167594078,0.14080952327615676,0.6481135599551737,0.6694730429413185,0.7009715412934855,0.3645024606250123,1.4289968324232123,0.14143541977198304,,
HANCOCK,101,oropharynx_targeted_tma_dropout,B4,none,full,1.0,122.0,38.0,121.33108167594078,0.1292413664339719,0.6305565932013448,0.6881443373855551,0.7017545451090851,0.36540496791566307,1.9631472422651763,0.1426940476072896,,
HANCOCK,101,oropharynx_targeted_tma_dropout,B5,none,full,1.0,122.0,38.0,121.33108167594078,0.12758256695847323,0.6948076204706761,0.7594409222124383,0.7872786501162948,0.36245565346604275,2.421428292211717,0.14414376102975188,,
HANCOCK,101,oropharynx_targeted_tma_dropout,B6,none,full,1.0,122.0,38.0,121.33108167594078,0.12856997314750948,0.6757564437803512,0.7409552516651307,0.7688790362672505,0.3748639726564616,2.439464592590494,0.1420791225616023,,
HANCOCK,101,oropharynx_targeted_tma_dropout,M0,none,full,1.0,122.0,38.0,121.33108167594078,0.14975731069388704,0.613746731415764,0.6564709233564769,0.6685501725522557,0.36121460687925416,17.677787531320302,0.13491842490673261,,
HANCOCK,101,oropharynx_targeted_tma_dropout,B7,ood_only,100,1.0,122.0,38.0,121.33108167594078,0.12856997314750948,0.6757564437803512,0.7409552516651307,0.7688790362672505,0.3748639726564616,2.439464592590494,0.1420791225616023,0.14602695410991687,0.12856997314750948
HANCOCK,101,oropharynx_targeted_tma_dropout,B7,ood_only,90,0.9016393442622951,110.0,33.0,108.32042808439553,0.1347571197285384,0.6824762855716425,0.7284910480841671,0.7475794652548526,0.3852098108698015,2.3960652610460813,0.13051793523481567,0.14134650691015552,0.12290624542693548
HANCOCK,101,oropharynx_targeted_tma_dropout,B7,ood_only,80,0.8032786885245902,98.0,25.0,96.64965492157674,0.12342882380337208,0.7087667161961367,0.714771909902516,0.7387972865851286,0.26800399891466414,2.860388584032941,0.12690026230649987,0.12423962678582273,0.11202458522211932
HANCOCK,101,oropharynx_targeted_tma_dropout,B7,uncertainty_only,100,1.0,122.0,38.0,121.33108167594078,0.12856997314750948,0.6757564437803512,0.7409552516651307,0.7688790362672505,0.3748639726564616,2.439464592590494,0.1420791225616023,0.14602695410991687,0.12856997314750948
HANCOCK,101,oropharynx_targeted_tma_dropout,B7,uncertainty_only,90,0.9016393442622951,110.0,30.0,109.72404669461442,0.11572166559991293,0.6587601078167116,0.7326226989306823,0.7448090110509945,0.2050591856393301,2.501915358801625,0.1201464046989546,0.11904805225332171,0.09579839815590761
HANCOCK,101,oropharynx_targeted_tma_dropout,B7,uncertainty_only,80,0.8032786885245902,98.0,26.0,100.04557992441471,0.11569883759585556,0.5980926430517711,0.6648266168699375,0.6657976124543643,0.18719549797130253,1.8155608915425028,0.11374092502573716,0.11543797993931325,0.09914308440786217
HANCOCK,101,oropharynx_targeted_tma_dropout,B7,full_equal_weight,100,1.0,122.0,38.0,121.33108167594078,0.12856997314750948,0.6757564437803512,0.7409552516651307,0.7688790362672505,0.3748639726564616,2.439464592590494,0.1420791225616023,0.14602695410991687,0.12856997314750948
HANCOCK,101,oropharynx_targeted_tma_dropout,B7,full_equal_weight,90,0.9016393442622951,110.0,31.0,110.00254816791562,0.11186395337892968,0.6180327868852459,0.6804848961881887,0.689448263896489,0.11274047513435154,1.6748421235941688,0.12309717537444195,0.11307126175203332,0.09632969248063995
HANCOCK,101,oropharynx_targeted_tma_dropout,B7,full_equal_weight,80,0.8032786885245902,98.0,28.0,98.8755275527463,0.11554970560063699,0.6201760324983073,0.6801787163960199,0.6781072704820748,0.14145562551068536,1.4902667171634376,0.12148734469994786,0.11525144498934091,0.10374156699940996
HANCOCK,101,oropharynx_targeted_tma_dropout,B7,full_learned_nonnegative,100,1.0,122.0,38.0,121.33108167594078,0.12856997314750948,0.6757564437803512,0.7409552516651307,0.7688790362672505,0.3748639726564616,2.439464592590494,0.1420791225616023,0.14602695410991687,0.12856997314750948
HANCOCK,101,oropharynx_targeted_tma_dropout,B7,full_learned_nonnegative,90,0.9016393442622951,110.0,31.0,111.17260053958402,0.11155192080251625,0.6106337271750806,0.6716464188793507,0.684387336947442,0.09876711223134305,1.705353819620978,0.12289385615559544,0.11354527305149324,0.09219045545023281
HANCOCK,101,oropharynx_targeted_tma_dropout,B7,full_learned_nonnegative,80,0.8032786885245902,98.0,23.0,98.10185740920528,0.09244839338966497,0.5417743324720069,0.6093466671318006,0.6073077184466666,-0.13883250735988018,0.9270362289343719,0.11866222871043194,0.09197370532768155,0.08566039920922576
TCGA-HNSC,17,clean,B2,none,full,1.0,104.0,44.0,107.37347592126233,0.24223428148312662,0.48977433004231313,0.4610972889812611,0.43680216979269626,0.06823441320275524,-0.6438354328494704,0.3330177162914441,,
TCGA-HNSC,17,clean,B3,none,full,1.0,104.0,44.0,107.37347592126233,0.2305749715465622,0.6117771509167842,0.6128244920003874,0.61377499377367,0.0728774535888481,1.2697970664214537,0.3308658880237667,,
TCGA-HNSC,17,clean,B4,none,full,1.0,104.0,44.0,107.37347592126233,0.23822510121568954,0.6265867418899859,0.6274699781362812,0.6293282637411544,-0.07790394134839355,0.47384524553579216,0.364295124866863,,
TCGA-HNSC,17,clean,B5,none,full,1.0,104.0,44.0,107.37347592126233,0.24821463642229707,0.6103667136812412,0.6027886628327231,0.600084257225159,-0.041857401677977774,0.34622536733610476,0.3566847492814937,,
TCGA-HNSC,17,clean,B6,none,full,1.0,104.0,44.0,107.37347592126233,0.24235434785040713,0.6198871650211566,0.6149418991711367,0.6130950861038087,-0.05912935508512435,0.4285164262482551,0.3601287052946956,,
TCGA-HNSC,17,clean,B7,ood_only,100,1.0,104.0,44.0,107.37347592126233,0.24235434785040713,0.6198871650211566,0.6149418991711367,0.6130950861038087,-0.05912935508512435,0.4285164262482551,0.3601287052946956,0.24223428148312662,0.24235434785040713
TCGA-HNSC,17,clean,B7,ood_only,90,0.9038461538461539,94.0,41.0,94.6175947737623,0.24579296107387597,0.5916561314791403,0.5821690734985284,0.5615581873420341,0.03365124788305096,0.3758806913766777,0.36151615468560233,0.2442691963942515,0.24787697611406254
TCGA-HNSC,17,clean,B7,ood_only,80,0.8076923076923077,84.0,40.0,85.70052014733362,0.25835236816114165,0.6129429133858267,0.6038576868363009,0.5732676588177037,0.2545515844923826,0.39657686370768014,0.3506209545271075,0.25669755176278547,0.26329274862365076
TCGA-HNSC,17,clean,B7,uncertainty_only,100,1.0,104.0,44.0,107.37347592126233,0.24235434785040713,0.6198871650211566,0.6149418991711367,0.6130950861038087,-0.05912935508512435,0.4285164262482551,0.3601287052946956,0.24223428148312662,0.24235434785040713
TCGA-HNSC,17,clean,B7,uncertainty_only,90,0.9038461538461539,94.0,39.0,95.1626949472016,0.24461471186267944,0.5990316901408451,0.5937016036705183,0.5832706913577826,0.026030486861689055,0.3232685457921287,0.35168855180766195,0.24102126663563056,0.24708384171188538
TCGA-HNSC,17,clean,B7,uncertainty_only,80,0.8076923076923077,84.0,34.0,84.60665637788173,0.2289092190987103,0.6606043648573028,0.6571420874584919,0.6504522841718201,0.146890217190252,0.6565770445205131,0.33429218156236584,0.2390373673885522,0.23788469072726195
TCGA-HNSC,17,clean,B7,full_equal_weight,100,1.0,104.0,44.0,107.37347592126233,0.24235434785040713,0.6198871650211566,0.6149418991711367,0.6130950861038087,-0.05912935508512435,0.4285164262482551,0.3601287052946956,0.24223428148312662,0.24235434785040713
TCGA-HNSC,17,clean,B7,full_equal_weight,90,0.9038461538461539,94.0,41.0,96.64863463352317,0.2307891696933254,0.6165957446808511,0.6222350757238393,0.6176442249145342,0.00847056046806432,0.6830602261679343,0.34869874282025365,0.2424619287629438,0.24838078668363828
TCGA-HNSC,17,clean,B7,full_equal_weight,80,0.8076923076923077,84.0,34.0,84.75965255117292,0.22470928409175522,0.6121867881548975,0.6187168971716273,0.6062662176217721,0.07111804084462836,0.765403200164401,0.32925054093301587,0.2362833217777061,0.23487289101588327
TCGA-HNSC,17,clean,B7,full_learned_nonnegative,100,1.0,104.0,44.0,107.37347592126233,0.24235434785040713,0.6198871650211566,0.6149418991711367,0.6130950861038087,-0.05912935508512435,0.4285164262482551,0.3601287052946956,0.24223428148312662,0.24235434785040713
TCGA-HNSC,17,clean,B7,full_learned_nonnegative,90,0.9038461538461539,94.0,41.0,96.64863463352317,0.2376424698109226,0.5944680851063829,0.5951795137275787,0.582833049398596,-0.029839389055723906,0.5172633382626499,0.3535068494519865,0.2424619287629438,0.24838078668363828
TCGA-HNSC,17,clean,B7,full_learned_nonnegative,80,0.8076923076923077,84.0,34.0,85.14835050796304,0.21621860984011204,0.6244239631336406,0.630749966317471,0.622233921172913,-0.019421055631785752,0.8609772057485298,0.3342389588767737,0.23187418166003923,0.23183332873574786
TCGA-HNSC,17,random_cell_dropout_10pct,B2,none,full,1.0,104.0,44.0,107.37347592126233,0.24223428148312662,0.48977433004231313,0.4610972889812611,0.43680216979269626,0.06823441320275524,-0.6438354328494704,0.3330177162914441,,
TCGA-HNSC,17,random_cell_dropout_10pct,B3,none,full,1.0,104.0,44.0,107.37347592126233,0.2305749715465622,0.6117771509167842,0.6128244920003874,0.61377499377367,0.0728774535888481,1.2697970664214537,0.3308658880237667,,
TCGA-HNSC,17,random_cell_dropout_10pct,B4,none,full,1.0,104.0,44.0,107.37347592126233,0.2281348360539733,0.6396332863187588,0.6427550251971124,0.6446994463928577,-0.05259470809502306,0.6979767905813717,0.35702645007069594,,
TCGA-HNSC,17,random_cell_dropout_10pct,B5,none,full,1.0,104.0,44.0,107.37347592126233,0.23818124309150765,0.6272919605077574,0.6246666373158725,0.6204698970052959,-0.018501216801629385,0.49174816607614097,0.3500966841516809,,
TCGA-HNSC,17,random_cell_dropout_10pct,B6,none,full,1.0,104.0,44.0,107.37347592126233,0.23281711857273815,0.6410437235543018,0.6421340440152022,0.633861907283271,-0.035226079562357786,0.6003732724537231,0.35308833500634623,,
TCGA-HNSC,17,random_cell_dropout_10pct,B7,ood_only,100,1.0,104.0,44.0,107.37347592126233,0.23281711857273815,0.6410437235543018,0.6421340440152022,0.633861907283271,-0.035226079562357786,0.6003732724537231,0.35308833500634623,0.24223428148312662,0.23281711857273815
TCGA-HNSC,17,random_cell_dropout_10pct,B7,ood_only,90,0.9038461538461539,94.0,41.0,94.6175947737623,0.24402200931817436,0.6186262115465655,0.6120096696899915,0.5880049489077148,0.04263431938939283,0.3968475581603767,0.3572459350928025,0.2442691963942515,0.23745711788912274
TCGA-HNSC,17,random_cell_dropout_10pct,B7,ood_only,80,0.8076923076923077,84.0,40.0,85.70052014733362,0.25211579957961605,0.6377952755905512,0.6268260405861552,0.5944080771948979,0.23778178145292103,0.505777873902507,0.3518970117587614,0.25669755176278547,0.25204756036344556
TCGA-HNSC,17,random_cell_dropout_10pct,B7,uncertainty_only,100,1.0,104.0,44.0,107.37347592126233,0.23281711857273815,0.6410437235543018,0.6421340440152022,0.633861907283271,-0.035226079562357786,0.6003732724537231,0.35308833500634623,0.24223428148312662,0.23281711857273815
TCGA-HNSC,17,random_cell_dropout_10pct,B7,uncertainty_only,90,0.9038461538461539,94.0,39.0,95.1626949472016,0.23198137323370638,0.6307218309859155,0.6300484088719633,0.6218521345599901,0.057463794783394924,0.5832598731406112,0.3433253973217406,0.24102126663563056,0.23820000639648742
TCGA-HNSC,17,random_cell_dropout_10pct,B7,uncertainty_only,80,0.8076923076923077,84.0,34.0,84.60665637788173,0.22065854354021575,0.6541689983212088,0.6588202202723142,0.6577268489286622,0.19466393017018777,1.0366720428099647,0.32276570024232526,0.2390373673885522,0.23297104374215652
TCGA-HNSC,17,random_cell_dropout_10pct,B7,full_equal_weight,100,1.0,104.0,44.0,107.37347592126233,0.22201849147533845,0.6463328631875882,0.6525535890294679,0.6784350499626102,0.12537354751705335,1.0950737304850382,0.32341983488775783,0.24223428148312662,0.23281711857273815
TCGA-HNSC,17,random_cell_dropout_10pct,B7,full_equal_weight,90,0.9038461538461539,94.0,41.0,96.64863463352317,0.2275752172438364,0.6236170212765958,0.628939731967053,0.6152809964402054,0.17516372085802775,1.0702136483115825,0.30939788303257443,0.2424619287629438,0.23969658966765423
TCGA-HNSC,17,random_cell_dropout_10pct,B7,full_equal_weight,80,0.8076923076923077,84.0,34.0,84.75965255117292,0.22297172472941862,0.6449316628701595,0.650061305147021,0.6193073337943316,0.14261994434758868,1.0234544279938236,0.3129056023022057,0.2362833217777061,0.22774244897452225
TCGA-HNSC,17,random_cell_dropout_10pct,B7,full_learned_nonnegative,100,1.0,104.0,44.0,107.37347592126233,0.23281711857273815,0.6410437235543018,0.6421340440152022,0.633861907283271,-0.035226079562357786,0.6003732724537231,0.35308833500634623,0.24223428148312662,0.23281711857273815
TCGA-HNSC,17,random_cell_dropout_10pct,B7,full_learned_nonnegative,90,0.9038461538461539,94.0,41.0,96.64863463352317,0.24272448591084753,0.6106382978723405,0.6123528696742598,0.5908408149335685,0.005312898492246137,0.36919871778055474,0.3431326862705869,0.2424619287629438,0.23969658966765423
TCGA-HNSC,17,random_cell_dropout_10pct,B7,full_learned_nonnegative,80,0.8076923076923077,84.0,34.0,85.14835050796304,0.2275901750621816,0.6157834101382489,0.6269956628130071,0.6162715523101999,-0.038832786823340834,0.5462674387111224,0.33749291421379696,0.23187418166003923,0.22420181498051292
TCGA-HNSC,17,random_cell_dropout_30pct,B2,none,full,1.0,104.0,44.0,107.37347592126233,0.24223428148312662,0.48977433004231313,0.4610972889812611,0.43680216979269626,0.06823441320275524,-0.6438354328494704,0.3330177162914441,,
TCGA-HNSC,17,random_cell_dropout_30pct,B3,none,full,1.0,104.0,44.0,107.37347592126233,0.2305749715465622,0.6117771509167842,0.6128244920003874,0.61377499377367,0.0728774535888481,1.2697970664214537,0.3308658880237667,,
TCGA-HNSC,17,random_cell_dropout_30pct,B4,none,full,1.0,104.0,44.0,107.37347592126233,0.2508539844259612,0.5677009873060649,0.5647128092908795,0.5456006233018947,-0.036650088979270586,0.1321798234114276,0.35646642888196717,,
TCGA-HNSC,17,random_cell_dropout_30pct,B5,none,full,1.0,104.0,44.0,107.37347592126233,0.2654265001407841,0.5550070521861777,0.5403479419943897,0.5020120427548898,-0.03281335256591316,-0.06330250030665903,0.354961280643232,,
TCGA-HNSC,17,random_cell_dropout_30pct,B6,none,full,1.0,104.0,44.0,107.37347592126233,0.2581881495597942,0.5680535966149506,0.5575869608680523,0.525395875515857,-0.03826228394784631,0.03401096411067289,0.3561357565129615,,
TCGA-HNSC,17,random_cell_dropout_30pct,B7,ood_only,100,1.0,104.0,44.0,107.37347592126233,0.2581881495597942,0.5680535966149506,0.5575869608680523,0.525395875515857,-0.03826228394784631,0.03401096411067289,0.3561357565129615,0.24223428148312662,0.2581881495597942
TCGA-HNSC,17,random_cell_dropout_30pct,B7,ood_only,90,0.9038461538461539,94.0,41.0,94.6175947737623,0.26493414042754837,0.5566793088916983,0.5436722456540151,0.4988184607074227,0.007749489192476125,-0.11675941275303083,0.3625322774407411,0.2442691963942515,0.26493414042754837
TCGA-HNSC,17,random_cell_dropout_30pct,B7,ood_only,80,0.8076923076923077,84.0,40.0,85.70052014733362,0.28476462695063326,0.5413385826771654,0.5244027247074179,0.48153844996310335,0.15896709315632163,-0.23541308861295213,0.369393343817221,0.25669755176278547,0.2851880084296759
TCGA-HNSC,17,random_cell_dropout_30pct,B7,uncertainty_only,100,1.0,104.0,44.0,107.37347592126233,0.2581881495597942,0.5680535966149506,0.5575869608680523,0.525395875515857,-0.03826228394784631,0.03401096411067289,0.3561357565129615,0.24223428148312662,0.2581881495597942
TCGA-HNSC,17,random_cell_dropout_30pct,B7,uncertainty_only,90,0.9038461538461539,94.0,39.0,95.1626949472016,0.26066762984669134,0.5246478873239436,0.5171397723661665,0.4942601581682097,0.039859089684046695,-0.13212551050651658,0.35097085460481,0.24102126663563056,0.25814198578136444
TCGA-HNSC,17,random_cell_dropout_30pct,B7,uncertainty_only,80,0.8076923076923077,84.0,34.0,84.60665637788173,0.24650011798445212,0.557358701734751,0.5563136206060925,0.5445430892379844,0.1374365960916324,0.1902387237173402,0.33922967047183644,0.2390373673885522,0.2457322515837807
TCGA-HNSC,17,random_cell_dropout_30pct,B7,full_equal_weight,100,1.0,104.0,44.0,107.37347592126233,0.23950006694757336,0.576163610719323,0.571941997251154,0.5480195498519534,0.03650957095593306,0.3880503254594468,0.3414828422540144,0.24223428148312662,0.2581881495597942
TCGA-HNSC,17,random_cell_dropout_30pct,B7,full_equal_weight,90,0.9038461538461539,94.0,41.0,96.64863463352317,0.23969874662383867,0.5821276595744681,0.5782835716996849,0.5196225983760574,0.09043060899288316,0.3284139480751369,0.32485700140711327,0.2424619287629438,0.26529716518816626
TCGA-HNSC,17,random_cell_dropout_30pct,B7,full_equal_weight,80,0.8076923076923077,84.0,34.0,84.75965255117292,0.2355641907471861,0.5822892938496583,0.5757868030974688,0.49436916475184034,0.11410225012451565,0.193083650912987,0.3146924176971975,0.2362833217777061,0.2485257348244806
TCGA-HNSC,17,random_cell_dropout_30pct,B7,full_learned_nonnegative,100,1.0,104.0,44.0,107.37347592126233,0.2581881495597942,0.5680535966149506,0.5575869608680523,0.525395875515857,-0.03826228394784631,0.03401096411067289,0.3561357565129615,0.24223428148312662,0.2581881495597942
TCGA-HNSC,17,random_cell_dropout_30pct,B7,full_learned_nonnegative,90,0.9038461538461539,94.0,41.0,96.64863463352317,0.25657549471023994,0.5595744680851064,0.5512858819828392,0.5060413144843564,-0.050384487763918774,-0.06111155753464022,0.35502054123921417,0.2424619287629438,0.26529716518816626
TCGA-HNSC,17,random_cell_dropout_30pct,B7,full_learned_nonnegative,80,0.8076923076923077,84.0,34.0,85.14835050796304,0.23319637463402093,0.5875576036866359,0.5943936415414789,0.5707557124114319,-0.09231107742326083,0.32349174990520224,0.3496160410218242,0.23187418166003923,0.24295633921646226
TCGA-HNSC,17,measurement_noise_0.5sd,B2,none,full,1.0,104.0,44.0,107.37347592126233,0.24223428148312662,0.48977433004231313,0.4610972889812611,0.43680216979269626,0.06823441320275524,-0.6438354328494704,0.3330177162914441,,
TCGA-HNSC,17,measurement_noise_0.5sd,B3,none,full,1.0,104.0,44.0,107.37347592126233,0.2305749715465622,0.6117771509167842,0.6128244920003874,0.61377499377367,0.0728774535888481,1.2697970664214537,0.3308658880237667,,
TCGA-HNSC,17,measurement_noise_0.5sd,B4,none,full,1.0,104.0,44.0,107.37347592126233,0.22970548054484793,0.6325811001410437,0.6437540012639938,0.659856357240953,-0.09422497526040377,0.6069227973668607,0.36797021811779157,,
TCGA-HNSC,17,measurement_noise_0.5sd,B5,none,full,1.0,104.0,44.0,107.37347592126233,0.24027330308618922,0.6329337094499294,0.6381268907156935,0.6397393218330731,-0.052813973581956185,0.47052883515837096,0.35716629305199893,,
TCGA-HNSC,17,measurement_noise_0.5sd,B6,none,full,1.0,104.0,44.0,107.37347592126233,0.23483002049649843,0.6442172073342737,0.652003190305942,0.6577733300823185,-0.07274626965339119,0.5531832714907003,0.36171273856112873,,
TCGA-HNSC,17,measurement_noise_0.5sd,B7,ood_only,100,1.0,104.0,44.0,107.37347592126233,0.23542825041649426,0.6438645980253879,0.6519751526731485,0.6531876973464139,-0.07788849213497487,0.5433948271360682,0.36323285067414146,0.24223428148312662,0.23483002049649843
TCGA-HNSC,17,measurement_noise_0.5sd,B7,ood_only,90,0.9038461538461539,94.0,41.0,94.6175947737623,0.2333987873487349,0.6268436578171092,0.6344771548811612,0.6276391734911612,0.04467208350415749,0.5825492930280625,0.3555916432138044,0.2442691963942515,0.23877632056307985
TCGA-HNSC,17,measurement_noise_0.5sd,B7,ood_only,80,0.8076923076923077,84.0,40.0,85.70052014733362,0.2537643314482003,0.6193405511811023,0.6227627930079803,0.6114893195846443,0.22865941589549024,0.4334545141692713,0.35031492222583616,0.25669755176278547,0.2529454691545506
TCGA-HNSC,17,measurement_noise_0.5sd,B7,uncertainty_only,100,1.0,104.0,44.0,107.37347592126233,0.23483002049649843,0.6442172073342737,0.652003190305942,0.6577733300823185,-0.07274626965339119,0.5531832714907003,0.36171273856112873,0.24223428148312662,0.23483002049649843
TCGA-HNSC,17,measurement_noise_0.5sd,B7,uncertainty_only,90,0.9038461538461539,94.0,39.0,95.1626949472016,0.2420098866325205,0.5702024647887324,0.5794463323753721,0.5918004140693914,0.07512683181165375,0.36854458048540717,0.3437472315471082,0.24102126663563056,0.2416237978391842
TCGA-HNSC,17,measurement_noise_0.5sd,B7,uncertainty_only,80,0.8076923076923077,84.0,34.0,84.60665637788173,0.24234294912846518,0.5780637940682708,0.5969752763317919,0.5892631749004208,0.2232921230439589,0.3874707354236709,0.31135485373822047,0.2390373673885522,0.23233065847595485
TCGA-HNSC,17,measurement_noise_0.5sd,B7,full_equal_weight,100,1.0,104.0,44.0,107.37347592126233,0.23483002049649843,0.6442172073342737,0.652003190305942,0.6577733300823185,-0.07274626965339119,0.5531832714907003,0.36171273856112873,0.24223428148312662,0.23483002049649843
TCGA-HNSC,17,measurement_noise_0.5sd,B7,full_equal_weight,90,0.9038461538461539,94.0,41.0,96.64863463352317,0.235279541760219,0.614468085106383,0.6366385561061216,0.6335022199996897,0.044200441835195246,0.5698985963792137,0.3338608971260154,0.2424619287629438,0.2391521161791818
TCGA-HNSC,17,measurement_noise_0.5sd,B7,full_equal_weight,80,0.8076923076923077,84.0,34.0,84.75965255117292,0.22989915217966422,0.5951025056947609,0.6117479601178724,0.5936033576823284,0.09026602552088722,0.63829137468487,0.32115760614050826,0.2362833217777061,0.21838442494691682
TCGA-HNSC,17,measurement_noise_0.5sd,B7,full_learned_nonnegative,100,1.0,104.0,44.0,107.37347592126233,0.2356159138455787,0.6385754583921015,0.6459714840750649,0.6512483360638087,-0.07943481445192313,0.5403669552589104,0.36433507335914334,0.24223428148312662,0.23483002049649843
TCGA-HNSC,17,measurement_noise_0.5sd,B7,full_learned_nonnegative,90,0.9038461538461539,94.0,41.0,96.64863463352317,0.23658962035359937,0.6053191489361702,0.6298594826323164,0.623220406148506,0.01053631832978733,0.5250685358928486,0.3412936474672336,0.2424619287629438,0.2391521161791818
TCGA-HNSC,17,measurement_noise_0.5sd,B7,full_learned_nonnegative,80,0.8076923076923077,84.0,34.0,85.14835050796304,0.22070809356884719,0.5990783410138248,0.6285641923353876,0.6290028069420383,0.015438912886508609,0.8389924179180485,0.3262411661432494,0.23187418166003923,0.21716460050684216
TCGA-HNSC,17,location_shift_1sd,B2,none,full,1.0,104.0,44.0,107.37347592126233,0.24223428148312662,0.48977433004231313,0.4610972889812611,0.43680216979269626,0.06823441320275524,-0.6438354328494704,0.3330177162914441,,
TCGA-HNSC,17,location_shift_1sd,B3,none,full,1.0,104.0,44.0,107.37347592126233,0.2305749715465622,0.6117771509167842,0.6128244920003874,0.61377499377367,0.0728774535888481,1.2697970664214537,0.3308658880237667,,
TCGA-HNSC,17,location_shift_1sd,B4,none,full,1.0,104.0,44.0,107.37347592126233,0.24073619145858632,0.6265867418899859,0.6274699781362812,0.6293282637411544,-0.22916875660221142,0.4515050053906218,0.3955726171077952,,
TCGA-HNSC,17,location_shift_1sd,B5,none,full,1.0,104.0,44.0,107.37347592126233,0.25181627708324,0.6103667136812412,0.6027886628327231,0.600084257225159,-0.23190896162733285,0.32571415126983955,0.3953724872806887,,
TCGA-HNSC,17,location_shift_1sd,B6,none,full,1.0,104.0,44.0,107.37347592126233,0.24564888055007147,0.6198871650211566,0.6149418991711367,0.6130950861038087,-0.24402462257500232,0.40404613618027535,0.39804875020955416,,
TCGA-HNSC,17,location_shift_1sd,B7,ood_only,100,1.0,104.0,44.0,107.37347592126233,0.24564888055007147,0.6184767277856136,0.6136043492934761,0.6130950861038087,-0.24402462257500232,0.40404613618027535,0.3965882495699948,0.24223428148312662,0.24564888055007147
TCGA-HNSC,17,location_shift_1sd,B7,ood_only,90,0.9038461538461539,94.0,41.0,94.6175947737623,0.23623787177343483,0.6213653603034134,0.6243862504083546,0.6185362329647277,-0.06151800813540393,0.5387913281537217,0.3819437097588285,0.2442691963942515,0.2506056996192068
TCGA-HNSC,17,location_shift_1sd,B7,ood_only,80,0.8076923076923077,84.0,40.0,85.70052014733362,0.25797679120409345,0.5878444881889764,0.5833156873322968,0.5519274501474274,0.15104654306864893,0.23302154654033438,0.3717201090405571,0.25669755176278547,0.26331615667517755
TCGA-HNSC,17,location_shift_1sd,B7,uncertainty_only,100,1.0,104.0,44.0,107.37347592126233,0.24564888055007147,0.6198871650211566,0.6149418991711367,0.6130950861038087,-0.24402462257500232,0.40404613618027535,0.39804875020955416,0.24223428148312662,0.24564888055007147
TCGA-HNSC,17,location_shift_1sd,B7,uncertainty_only,90,0.9038461538461539,94.0,39.0,95.1626949472016,0.23727030254939582,0.6298415492957746,0.624395869652106,0.6262629750307435,-0.07431896706971984,0.43425327418011517,0.37505155934141005,0.24102126663563056,0.25022010696515234
TCGA-HNSC,17,location_shift_1sd,B7,uncertainty_only,80,0.8076923076923077,84.0,34.0,84.60665637788173,0.2350846960241912,0.6287073307218802,0.6265762477043969,0.6231667544230016,0.05433345181768345,0.4830362671413179,0.3519416998640321,0.2390373673885522,0.23937313089402684
TCGA-HNSC,17,location_shift_1sd,B7,full_equal_weight,100,1.0,104.0,44.0,107.37347592126233,0.24915928013906477,0.613540197461213,0.6070389560599739,0.6019019209962784,-0.22613557008209728,0.3467561943091392,0.394880734350057,0.24223428148312662,0.24564888055007147
TCGA-HNSC,17,location_shift_1sd,B7,full_equal_weight,90,0.9038461538461539,94.0,41.0,96.64863463352317,0.23827858073270777,0.5723404255319149,0.5800209173265536,0.5838449549926864,-0.059251848431092914,0.4913467551236756,0.3617399042612749,0.2424619287629438,0.253032145079842
TCGA-HNSC,17,location_shift_1sd,B7,full_equal_weight,80,0.8076923076923077,84.0,34.0,84.75965255117292,0.23748435945714905,0.57374715261959,0.5779084278306157,0.553328197413493,-0.03546830004109086,0.356917543440374,0.34875667842424934,0.2362833217777061,0.23867499763246133
TCGA-HNSC,17,location_shift_1sd,B7,full_learned_nonnegative,100,1.0,104.0,44.0,107.37347592126233,0.24865808935400688,0.5997884344146686,0.5999960220887179,0.602383763029062,-0.19436182185883588,0.33619538354565986,0.38946627082264684,0.24223428148312662,0.24564888055007147
TCGA-HNSC,17,location_shift_1sd,B7,full_learned_nonnegative,90,0.9038461538461539,94.0,41.0,96.64863463352317,0.24071936803910424,0.5876595744680851,0.5950014879242683,0.5994076676404604,-0.07286089419208241,0.43286986591967636,0.3661113539696343,0.2424619287629438,0.253032145079842
TCGA-HNSC,17,location_shift_1sd,B7,full_learned_nonnegative,80,0.8076923076923077,84.0,34.0,85.14835050796304,0.22890127813734842,0.5982142857142857,0.6064349570711977,0.5904861370173725,-0.0937459034071956,0.5266323300540651,0.3503076939568156,0.23187418166003923,0.23673262857432908
TCGA-HNSC,17,row_permutation_negative_control,B2,none,full,1.0,104.0,44.0,107.37347592126233,0.24223428148312662,0.48977433004231313,0.4610972889812611,0.43680216979269626,0.06823441320275524,-0.6438354328494704,0.3330177162914441,,
TCGA-HNSC,17,row_permutation_negative_control,B3,none,full,1.0,104.0,44.0,107.37347592126233,0.2305749715465622,0.6117771509167842,0.6128244920003874,0.61377499377367,0.0728774535888481,1.2697970664214537,0.3308658880237667,,
TCGA-HNSC,17,row_permutation_negative_control,B4,none,full,1.0,104.0,44.0,107.37347592126233,0.2654943507038088,0.4710860366713681,0.465919466352694,0.4862869089524533,0.010474296521545662,-0.10143245944262483,0.364295124866863,,
TCGA-HNSC,17,row_permutation_negative_control,B5,none,full,1.0,104.0,44.0,107.37347592126233,0.2822740016921092,0.45098730606488013,0.44015586806814,0.4616703211075758,0.004379585743020386,-0.1891828266026535,0.3612900734026429,,
TCGA-HNSC,17,row_permutation_negative_control,B6,none,full,1.0,104.0,44.0,107.37347592126233,0.27611790282997145,0.46544428772919605,0.45652864177684505,0.47822993980952955,-0.0045708238383550355,-0.15596048538313156,0.3633820662826286,,
TCGA-HNSC,17,row_permutation_negative_control,B7,ood_only,100,1.0,104.0,44.0,107.37347592126233,0.27611790282997145,0.46544428772919605,0.45652864177684505,0.47822993980952955,-0.0045708238383550355,-0.15596048538313156,0.3633820662826286,0.24223428148312662,0.27611790282997145
TCGA-HNSC,17,row_permutation_negative_control,B7,ood_only,90,0.9038461538461539,94.0,41.0,94.6175947737623,0.26257560021879434,0.48777918246944796,0.48392103796188324,0.4947740674249718,0.15322310650439802,-0.03207583911475169,0.35136757212668684,0.2442691963942515,0.2829151691925483
TCGA-HNSC,17,row_permutation_negative_control,B7,ood_only,80,0.8076923076923077,84.0,40.0,85.70052014733362,0.27095398363325873,0.500738188976378,0.5006322535973639,0.522948232087659,0.43670042486661603,0.1470829301272936,0.33058733921489064,0.25669755176278547,0.2889840605961814
TCGA-HNSC,17,row_permutation_negative_control,B7,uncertainty_only,100,1.0,104.0,44.0,107.37347592126233,0.27611790282997145,0.46544428772919605,0.45652864177684505,0.47822993980952955,-0.0045708238383550355,-0.15596048538313156,0.3633820662826286,0.24223428148312662,0.27611790282997145
TCGA-HNSC,17,row_permutation_negative_control,B7,uncertainty_only,90,0.9038461538461539,94.0,39.0,95.1626949472016,0.25501405065585636,0.46875,0.4627895089051235,0.4947457258325006,0.23066913772157088,0.017546968309393646,0.32891712250532923,0.24102126663563056,0.2614041014815597
TCGA-HNSC,17,row_permutation_negative_control,B7,uncertainty_only,80,0.8076923076923077,84.0,34.0,84.60665637788173,0.2645904129579081,0.4353665360940123,0.4316493148671181,0.4665842465331775,0.30938316240728,-0.14282990411269242,0.32041296151745646,0.2390373673885522,0.26404688405089133
TCGA-HNSC,17,row_permutation_negative_control,B7,full_equal_weight,100,1.0,104.0,44.0,107.37347592126233,0.27611790282997145,0.46544428772919605,0.45652864177684505,0.47822993980952955,-0.0045708238383550355,-0.15596048538313156,0.3633820662826286,0.24223428148312662,0.27611790282997145
TCGA-HNSC,17,row_permutation_negative_control,B7,full_equal_weight,90,0.9038461538461539,94.0,41.0,96.64863463352317,0.2789328774592346,0.4302127659574468,0.4251049090518709,0.44999257121555897,0.12234073493385145,-0.30386976918244424,0.3442841042905403,0.2424619287629438,0.28339316285286026
TCGA-HNSC,17,row_permutation_negative_control,B7,full_equal_weight,80,0.8076923076923077,84.0,34.0,84.75965255117292,0.26835693984168263,0.39863325740318906,0.3877530842788806,0.4093023399492281,0.20141677744924288,-0.39795222130435226,0.32766244195145083,0.2362833217777061,0.27377349640180043
TCGA-HNSC,17,row_permutation_negative_control,B7,full_learned_nonnegative,100,1.0,104.0,44.0,107.37347592126233,0.27611790282997145,0.46544428772919605,0.45652864177684505,0.47822993980952955,-0.0045708238383550355,-0.15596048538313156,0.3633820662826286,0.24223428148312662,0.27611790282997145
TCGA-HNSC,17,row_permutation_negative_control,B7,full_learned_nonnegative,90,0.9038461538461539,94.0,41.0,96.64863463352317,0.2709099441290311,0.43617021276595747,0.4320516906799962,0.45496022720034945,0.10679357377218039,-0.20109587479720245,0.34720701805345483,0.2424619287629438,0.28339316285286026
TCGA-HNSC,17,row_permutation_negative_control,B7,full_learned_nonnegative,80,0.8076923076923077,84.0,34.0,85.14835050796304,0.27430711379718453,0.3876728110599078,0.3689983340898615,0.37647929613186715,0.07826984159123293,-0.636810521664059,0.3356999344548956,0.23187418166003923,0.27368603148110554
TCGA-HNSC,17,complete_modality_dropout,B2,none,full,1.0,104.0,44.0,107.37347592126233,0.24223428148312662,0.48977433004231313,0.4610972889812611,0.43680216979269626,0.06823441320275524,-0.6438354328494704,0.3330177162914441,,
TCGA-HNSC,17,complete_modality_dropout,B3,none,full,1.0,104.0,44.0,107.37347592126233,0.2305749715465622,0.6117771509167842,0.6128244920003874,0.61377499377367,0.0728774535888481,1.2697970664214537,0.3308658880237667,,
TCGA-HNSC,17,complete_modality_dropout,B4,none,full,1.0,104.0,44.0,107.37347592126233,0.23472465841302814,0.5,0.5,0.5,0.014904693795897915,,0.3460822448954319,,
TCGA-HNSC,17,complete_modality_dropout,B5,none,full,1.0,104.0,44.0,107.37347592126233,0.2461640173054595,0.4756699576868829,0.44262174372111274,0.4156253476625621,-0.009625360637766481,-0.9117129493601935,0.3508972861761939,,
TCGA-HNSC,17,complete_modality_dropout,B6,none,full,1.0,104.0,44.0,107.37347592126233,0.24031693734664336,0.48977433004231313,0.4610972889812611,0.43680216979269626,-0.0008201253436158198,-0.7988596182645245,0.34860962219495395,,
TCGA-HNSC,17,complete_modality_dropout,B7,ood_only,100,1.0,104.0,44.0,107.37347592126233,0.24223428148312662,0.48977433004231313,0.4610972889812611,0.43680216979269626,0.06823441320275524,-0.6438354328494704,0.3330177162914441,0.24223428148312662,0.24031693734664336
TCGA-HNSC,17,complete_modality_dropout,B7,ood_only,90,0.9038461538461539,94.0,41.0,94.6175947737623,0.2442691963942515,0.4782975136957438,0.45423121053743254,0.4219461581748529,0.149464140966791,-0.7310660071516021,0.33572843511666217,0.2442691963942515,0.24164214724572353
TCGA-HNSC,17,complete_modality_dropout,B7,ood_only,80,0.8076923076923077,84.0,40.0,85.70052014733362,0.25669755176278547,0.500738188976378,0.4829684444387817,0.46069805990550095,0.3405381222776071,-0.09605185405775508,0.3306361794636207,0.25669755176278547,0.25342128945263276
TCGA-HNSC,17,complete_modality_dropout,B7,uncertainty_only,100,1.0,104.0,44.0,107.37347592126233,0.24223428148312662,0.48977433004231313,0.4610972889812611,0.43680216979269626,0.06823441320275524,-0.6438354328494704,0.3330177162914441,0.24223428148312662,0.24031693734664336
TCGA-HNSC,17,complete_modality_dropout,B7,uncertainty_only,90,0.9038461538461539,94.0,39.0,95.1626949472016,0.24102126663563056,0.4786531690140845,0.4553389469165306,0.4396235239964532,0.16982711171305329,-0.9490698215727527,0.32246127077585307,0.24102126663563056,0.2386072715966587
TCGA-HNSC,17,complete_modality_dropout,B7,uncertainty_only,80,0.8076923076923077,84.0,34.0,84.60665637788173,0.2390373673885522,0.48964745383324004,0.4760697446503545,0.481785135794053,0.2407615574430717,-0.13686638505474108,0.31518037967786866,0.2390373673885522,0.23683660901493775
TCGA-HNSC,17,complete_modality_dropout,B7,full_equal_weight,100,1.0,104.0,44.0,107.37347592126233,0.24223428148312662,0.48977433004231313,0.4610972889812611,0.43680216979269626,0.06823441320275524,-0.6438354328494704,0.3330177162914441,0.24223428148312662,0.24031693734664336
TCGA-HNSC,17,complete_modality_dropout,B7,full_equal_weight,90,0.9038461538461539,94.0,41.0,96.64863463352317,0.2424619287629438,0.4819148936170213,0.4561671132133571,0.44195437063800425,0.0997402847404306,-0.7295259886015885,0.3295381330129009,0.2424619287629438,0.24044393207090048
TCGA-HNSC,17,complete_modality_dropout,B7,full_equal_weight,80,0.8076923076923077,84.0,34.0,84.75965255117292,0.2362833217777061,0.4886104783599089,0.4698579522700638,0.45611943192106225,0.10146091650311016,-0.7427333925436381,0.32681986055336704,0.2362833217777061,0.2344113246526495
TCGA-HNSC,17,complete_modality_dropout,B7,full_learned_nonnegative,100,1.0,104.0,44.0,107.37347592126233,0.24223428148312662,0.48977433004231313,0.4610972889812611,0.43680216979269626,0.06823441320275524,-0.6438354328494704,0.3330177162914441,0.24223428148312662,0.24031693734664336
TCGA-HNSC,17,complete_modality_dropout,B7,full_learned_nonnegative,90,0.9038461538461539,94.0,41.0,96.64863463352317,0.2424619287629438,0.4819148936170213,0.4561671132133571,0.44195437063800425,0.0997402847404306,-0.7295259886015885,0.3295381330129009,0.2424619287629438,0.24044393207090048
TCGA-HNSC,17,complete_modality_dropout,B7,full_learned_nonnegative,80,0.8076923076923077,84.0,34.0,85.14835050796304,0.23187418166003923,0.5023041474654378,0.4778098813913883,0.4606686018111404,0.03110033911578945,-0.6674812845635517,0.32778152227211976,0.23187418166003923,0.23059313559030437
TCGA-HNSC,29,clean,B2,none,full,1.0,104.0,44.0,107.37347592126233,0.24223428148312662,0.48977433004231313,0.4610972889812611,0.43680216979269626,0.06823441320275524,-0.6438354328494704,0.3330177162914441,,
TCGA-HNSC,29,clean,B3,none,full,1.0,104.0,44.0,107.37347592126233,0.23012721302618097,0.607722143864598,0.6122530875402532,0.6196252647375443,0.07341950817694494,1.3482242556188486,0.3306043653061103,,
TCGA-HNSC,29,clean,B4,none,full,1.0,104.0,44.0,107.37347592126233,0.23822510121568954,0.6265867418899859,0.6274699781362812,0.6293282637411544,-0.07790394134839355,0.47384524553579216,0.364295124866863,,
TCGA-HNSC,29,clean,B5,none,full,1.0,104.0,44.0,107.37347592126233,0.24821463642229707,0.6103667136812412,0.6027886628327231,0.600084257225159,-0.041857401677977774,0.34622536733610476,0.3566847492814937,,
TCGA-HNSC,29,clean,B6,none,full,1.0,104.0,44.0,107.37347592126233,0.2434717829918892,0.6216502115655853,0.6167296371029404,0.611700582811197,-0.053579288100897085,0.41031667412558565,0.35889157224698526,,
TCGA-HNSC,29,clean,B7,ood_only,100,1.0,104.0,44.0,107.37347592126233,0.2434717829918892,0.6216502115655853,0.6167296371029404,0.611700582811197,-0.053579288100897085,0.41031667412558565,0.35889157224698526,0.24223428148312662,0.2434717829918892
TCGA-HNSC,29,clean,B7,ood_only,90,0.9038461538461539,94.0,41.0,94.6175947737623,0.24561651839328022,0.5957805907172996,0.5861233235118153,0.5685128022501347,0.046126026750227686,0.3829232661212176,0.3611427660997635,0.24290131108424207,0.25140284283360276
TCGA-HNSC,29,clean,B7,ood_only,80,0.8076923076923077,84.0,40.0,87.1866992517384,0.2562769705116846,0.6113013698630136,0.6000795266804736,0.5732088020343431,0.19964374100394583,0.4708098065032785,0.35880002295482327,0.25787835464551,0.2697337497793524
TCGA-HNSC,29,clean,B7,uncertainty_only,100,1.0,104.0,44.0,107.37347592126233,0.2434717829918892,0.6216502115655853,0.6167296371029404,0.611700582811197,-0.053579288100897085,0.41031667412558565,0.35889157224698526,0.24223428148312662,0.2434717829918892
TCGA-HNSC,29,clean,B7,uncertainty_only,90,0.9038461538461539,94.0,39.0,95.03490323777235,0.2409272184868336,0.6080666374397194,0.6013644728987835,0.591728187568269,-0.027370760556823345,0.377520911019533,0.3589255965914926,0.24117199124740166,0.24629829751709076
TCGA-HNSC,29,clean,B7,uncertainty_only,80,0.8076923076923077,84.0,34.0,83.27053061697029,0.2306113972608292,0.6102564102564103,0.604556956595305,0.6044008233394746,0.07785879305886328,0.5042497287049864,0.33520672982929917,0.23456085491823245,0.24424998139791157
TCGA-HNSC,29,clean,B7,full_equal_weight,100,1.0,104.0,44.0,107.37347592126233,0.2434717829918892,0.6216502115655853,0.6167296371029404,0.611700582811197,-0.053579288100897085,0.41031667412558565,0.35889157224698526,0.24223428148312662,0.2434717829918892
TCGA-HNSC,29,clean,B7,full_equal_weight,90,0.9038461538461539,94.0,40.0,95.0610840295342,0.23940017768788954,0.6065217391304348,0.6008898641382016,0.5839990840475106,0.011163095364417472,0.42186759909889265,0.3507907933861657,0.23754756853420783,0.2506493878091129
TCGA-HNSC,29,clean,B7,full_equal_weight,80,0.8076923076923077,84.0,35.0,83.04264123584926,0.237242413361241,0.625350532809871,0.6232630331203747,0.5954072277921277,0.12433635763986745,0.42945261610918184,0.34054483281213177,0.23643223020864698,0.2433157936382786
TCGA-HNSC,29,clean,B7,full_learned_nonnegative,100,1.0,104.0,44.0,107.37347592126233,0.2434717829918892,0.6216502115655853,0.6167296371029404,0.611700582811197,-0.053579288100897085,0.41031667412558565,0.35889157224698526,0.24223428148312662,0.2434717829918892
TCGA-HNSC,29,clean,B7,full_learned_nonnegative,90,0.9038461538461539,94.0,39.0,95.03490323777235,0.2317774171583783,0.6041209995615958,0.5971924115970013,0.5876574412014037,0.05262743958347781,0.5832586009302857,0.34531715079474584,0.24117199124740166,0.24629829751709076
TCGA-HNSC,29,clean,B7,full_learned_nonnegative,80,0.8076923076923077,84.0,34.0,83.27053061697029,0.23121166112073904,0.5826210826210826,0.5772000420187258,0.5665779436248526,0.09056119188419348,0.48054400296447913,0.33850016179303133,0.23456085491823245,0.24424998139791157
TCGA-HNSC,29,random_cell_dropout_10pct,B2,none,full,1.0,104.0,44.0,107.37347592126233,0.24223428148312662,0.48977433004231313,0.4610972889812611,0.43680216979269626,0.06823441320275524,-0.6438354328494704,0.3330177162914441,,
TCGA-HNSC,29,random_cell_dropout_10pct,B3,none,full,1.0,104.0,44.0,107.37347592126233,0.23012721302618097,0.607722143864598,0.6122530875402532,0.6196252647375443,0.07341950817694494,1.3482242556188486,0.3306043653061103,,
TCGA-HNSC,29,random_cell_dropout_10pct,B4,none,full,1.0,104.0,44.0,107.37347592126233,0.23609159822777157,0.6170662905500706,0.6217809817858043,0.6308616167133337,-0.08825132243758624,0.49037386048484327,0.36436662504204204,,
TCGA-HNSC,29,random_cell_dropout_10pct,B5,none,full,1.0,104.0,44.0,107.37347592126233,0.2452459904974013,0.5899153737658674,0.586190765059568,0.5850114694299603,-0.043710744770485976,0.3704224737808447,0.35530622917169513,,
TCGA-HNSC,29,random_cell_dropout_10pct,B6,none,full,1.0,104.0,44.0,107.37347592126233,0.24100777694926262,0.6011988716502116,0.5971572525247407,0.6015230112621481,-0.054769088636577236,0.4294108976242938,0.35741855411389856,,
TCGA-HNSC,29,random_cell_dropout_10pct,B7,ood_only,100,1.0,104.0,44.0,107.37347592126233,0.24100777694926262,0.6011988716502116,0.5971572525247407,0.6015230112621481,-0.054769088636577236,0.4294108976242938,0.35741855411389856,0.24223428148312662,0.24100777694926262
TCGA-HNSC,29,random_cell_dropout_10pct,B7,ood_only,90,0.9038461538461539,94.0,41.0,94.6175947737623,0.24603225154118863,0.5818565400843881,0.5775265701232396,0.5714282220322369,0.000489508592633603,0.34469729747061845,0.36486945936021825,0.24290131108424207,0.24846637624182752
TCGA-HNSC,29,random_cell_dropout_10pct,B7,ood_only,80,0.8076923076923077,84.0,40.0,87.1866992517384,0.27182608259828894,0.5726516634050881,0.5613961588443996,0.52975960437365,0.14147775927412135,0.20045163908417568,0.36351926130135026,0.25787835464551,0.2666045323895012
TCGA-HNSC,29,random_cell_dropout_10pct,B7,uncertainty_only,100,1.0,104.0,44.0,107.37347592126233,0.24100777694926262,0.6011988716502116,0.5971572525247407,0.6015230112621481,-0.054769088636577236,0.4294108976242938,0.35741855411389856,0.24223428148312662,0.24100777694926262
TCGA-HNSC,29,random_cell_dropout_10pct,B7,uncertainty_only,90,0.9038461538461539,94.0,39.0,95.03490323777235,0.2386646213733839,0.5918456817185445,0.5880311676678559,0.5902537096171934,-0.03375427338545316,0.39572330056720284,0.3597994153309879,0.24117199124740166,0.24407181917151316
TCGA-HNSC,29,random_cell_dropout_10pct,B7,uncertainty_only,80,0.8076923076923077,84.0,34.0,83.27053061697029,0.23030426517840533,0.6091168091168091,0.6076679463661688,0.6128999229706653,0.00011548375130897808,0.44504304220294194,0.3476565497820135,0.23456085491823245,0.24351221880582224
TCGA-HNSC,29,random_cell_dropout_10pct,B7,full_equal_weight,100,1.0,104.0,44.0,107.37347592126233,0.22064281523289975,0.6160084626234132,0.6186535962576419,0.6540071666745778,0.08322849909158504,0.9859727931803272,0.33486423807317567,0.24223428148312662,0.24100777694926262
TCGA-HNSC,29,random_cell_dropout_10pct,B7,full_equal_weight,90,0.9038461538461539,94.0,40.0,95.0610840295342,0.23155754803055031,0.57,0.5707722825654906,0.5808828388780194,0.1423857475699313,0.7018831555078443,0.32358646114399,0.23754756853420783,0.24855630501327503
TCGA-HNSC,29,random_cell_dropout_10pct,B7,full_equal_weight,80,0.8076923076923077,84.0,35.0,83.04264123584926,0.23210809023654408,0.5322490185081323,0.5359248614787296,0.5630192322043047,0.24981588172495867,0.7091349039779662,0.31675511504292586,0.23643223020864698,0.2432265314714545
TCGA-HNSC,29,random_cell_dropout_10pct,B7,full_learned_nonnegative,100,1.0,104.0,44.0,107.37347592126233,0.2388275911197214,0.6068406205923836,0.6035576952122449,0.6152136705749385,-0.041986805110117945,0.4617829168506081,0.3549219465828185,0.24223428148312662,0.24100777694926262
TCGA-HNSC,29,random_cell_dropout_10pct,B7,full_learned_nonnegative,90,0.9038461538461539,94.0,39.0,95.03490323777235,0.23433134880683473,0.5857080227970188,0.5748171313618194,0.584740840846546,0.01029029361292782,0.5353224548665537,0.3544988638106875,0.24117199124740166,0.24407181917151316
TCGA-HNSC,29,random_cell_dropout_10pct,B7,full_learned_nonnegative,80,0.8076923076923077,84.0,34.0,83.27053061697029,0.2300991436850101,0.5766381766381766,0.5741775341856186,0.5821234650552058,0.02282079839736405,0.5205350677839689,0.34627451815025073,0.23456085491823245,0.24351221880582224
TCGA-HNSC,29,random_cell_dropout_30pct,B2,none,full,1.0,104.0,44.0,107.37347592126233,0.24223428148312662,0.48977433004231313,0.4610972889812611,0.43680216979269626,0.06823441320275524,-0.6438354328494704,0.3330177162914441,,
TCGA-HNSC,29,random_cell_dropout_30pct,B3,none,full,1.0,104.0,44.0,107.37347592126233,0.23012721302618097,0.607722143864598,0.6122530875402532,0.6196252647375443,0.07341950817694494,1.3482242556188486,0.3306043653061103,,
TCGA-HNSC,29,random_cell_dropout_30pct,B4,none,full,1.0,104.0,44.0,107.37347592126233,0.22720959378768843,0.6329337094499294,0.6440587772085326,0.655151201850424,-0.06595235791255377,0.7197925464423316,0.3585540720411655,,
TCGA-HNSC,29,random_cell_dropout_30pct,B5,none,full,1.0,104.0,44.0,107.37347592126233,0.2385056442927304,0.616361071932299,0.6108175500823994,0.5976444828681646,-0.042366361074298815,0.46547395313659945,0.3532412919290117,,
TCGA-HNSC,29,random_cell_dropout_30pct,B6,none,full,1.0,104.0,44.0,107.37347592126233,0.23339004433294525,0.6311706629055007,0.6289659567771961,0.6256080633918466,-0.04626930060135026,0.5809272645626302,0.3538761085978824,,
TCGA-HNSC,29,random_cell_dropout_30pct,B7,ood_only,100,1.0,104.0,44.0,107.37347592126233,0.23339004433294525,0.6311706629055007,0.6289659567771961,0.6256080633918466,-0.04626930060135026,0.5809272645626302,0.3538761085978824,0.24223428148312662,0.23339004433294525
TCGA-HNSC,29,random_cell_dropout_30pct,B7,ood_only,90,0.9038461538461539,94.0,41.0,94.6175947737623,0.23989242199966362,0.6122362869198312,0.6101609362294738,0.5889896992234525,-0.006683563067936021,0.44939418970858375,0.3613075485170431,0.24290131108424207,0.23989242199966362
TCGA-HNSC,29,random_cell_dropout_30pct,B7,ood_only,80,0.8076923076923077,84.0,40.0,87.1866992517384,0.25031075632253735,0.6110567514677103,0.6056506129962176,0.5906473240771422,0.15128531481012125,0.5749527125829232,0.3646416328536849,0.25787835464551,0.25031075632253735
TCGA-HNSC,29,random_cell_dropout_30pct,B7,uncertainty_only,100,1.0,104.0,44.0,107.37347592126233,0.23339004433294525,0.6311706629055007,0.6289659567771961,0.6256080633918466,-0.04626930060135026,0.5809272645626302,0.3538761085978824,0.24223428148312662,0.23339004433294525
TCGA-HNSC,29,random_cell_dropout_30pct,B7,uncertainty_only,90,0.9038461538461539,94.0,39.0,95.03490323777235,0.22835368548151064,0.6313020604997808,0.6276362596976004,0.6337850921860874,0.00487793832139471,0.6346186151661788,0.35556523008880386,0.24117199124740166,0.22897946767108837
TCGA-HNSC,29,random_cell_dropout_30pct,B7,uncertainty_only,80,0.8076923076923077,84.0,34.0,83.27053061697029,0.221692364658534,0.6484330484330484,0.652039460848335,0.6649055514358128,0.017705104765731606,0.6958184088198042,0.3470372925092447,0.23456085491823245,0.2227968164494206
TCGA-HNSC,29,random_cell_dropout_30pct,B7,full_equal_weight,100,1.0,104.0,44.0,107.37347592126233,0.22906489308896003,0.6382228490832158,0.6356098469108374,0.6376828260974869,-0.0015189722152977626,0.6924438195657423,0.3469801603400197,0.24223428148312662,0.23339004433294525
TCGA-HNSC,29,random_cell_dropout_30pct,B7,full_equal_weight,90,0.9038461538461539,94.0,40.0,95.0610840295342,0.21765041458755902,0.64,0.6328934756565504,0.6258306937236091,0.06274746475712366,1.1265577962934668,0.34042286469836097,0.23754756853420783,0.23460453840458315
TCGA-HNSC,29,random_cell_dropout_30pct,B7,full_equal_weight,80,0.8076923076923077,84.0,35.0,83.04264123584926,0.2271219689743836,0.5614133482893999,0.5583107183236065,0.5790310103984299,0.21996220610070136,0.8659340087523495,0.3255953899753231,0.23643223020864698,0.23514515453270332
TCGA-HNSC,29,random_cell_dropout_30pct,B7,full_learned_nonnegative,100,1.0,104.0,44.0,107.37347592126233,0.23339004433294525,0.6311706629055007,0.6289659567771961,0.6256080633918466,-0.04626930060135026,0.5809272645626302,0.3538761085978824,0.24223428148312662,0.23339004433294525
TCGA-HNSC,29,random_cell_dropout_30pct,B7,full_learned_nonnegative,90,0.9038461538461539,94.0,39.0,95.03490323777235,0.22897946767108837,0.628233231039018,0.624355277430149,0.6241962853011123,-0.024760694758180758,0.6175976678479626,0.3586054659341306,0.24117199124740166,0.22897946767108837
TCGA-HNSC,29,random_cell_dropout_30pct,B7,full_learned_nonnegative,80,0.8076923076923077,84.0,34.0,83.27053061697029,0.2227968164494206,0.6393162393162393,0.64105647531597,0.6380155578748564,-0.054333009977082014,0.660559749281737,0.3574426056343757,0.23456085491823245,0.2227968164494206
TCGA-HNSC,29,measurement_noise_0.5sd,B2,none,full,1.0,104.0,44.0,107.37347592126233,0.24223428148312662,0.48977433004231313,0.4610972889812611,0.43680216979269626,0.06823441320275524,-0.6438354328494704,0.3330177162914441,,
TCGA-HNSC,29,measurement_noise_0.5sd,B3,none,full,1.0,104.0,44.0,107.37347592126233,0.23012721302618097,0.607722143864598,0.6122530875402532,0.6196252647375443,0.07341950817694494,1.3482242556188486,0.3306043653061103,,
TCGA-HNSC,29,measurement_noise_0.5sd,B4,none,full,1.0,104.0,44.0,107.37347592126233,0.2373275130346662,0.6315232722143864,0.6259693552957708,0.6235394278192322,-0.027661862811134686,0.44437855615770816,0.35664898944923773,,
TCGA-HNSC,29,measurement_noise_0.5sd,B5,none,full,1.0,104.0,44.0,107.37347592126233,0.24748763742268842,0.6050775740479548,0.5927298495025884,0.5885248139104327,0.004224281194391776,0.34084833761923505,0.3497438113864368,,
TCGA-HNSC,29,measurement_noise_0.5sd,B6,none,full,1.0,104.0,44.0,107.37347592126233,0.2443490577309716,0.6188293370944993,0.6091435684605472,0.6048175722110545,-0.00531532151076961,0.37073736156464243,0.35086522806986875,,
TCGA-HNSC,29,measurement_noise_0.5sd,B7,ood_only,100,1.0,104.0,44.0,107.37347592126233,0.2478722415240852,0.6061354019746121,0.5944341043465871,0.5955996715342649,0.012780802365397215,0.3186697364261513,0.3485023807769713,0.24223428148312662,0.2443490577309716
TCGA-HNSC,29,measurement_noise_0.5sd,B7,ood_only,90,0.9038461538461539,94.0,41.0,94.6175947737623,0.2404370234433967,0.6071729957805907,0.6031536045510714,0.5922586640019997,0.12268096228535091,0.44842865670535154,0.3448596707039398,0.24290131108424207,0.24898360538302478
TCGA-HNSC,29,measurement_noise_0.5sd,B7,ood_only,80,0.8076923076923077,84.0,40.0,87.1866992517384,0.25176270906785936,0.6196183953033269,0.612029372595145,0.6012062703156745,0.26206724120760866,0.5463670380781213,0.3455426087909465,0.25787835464551,0.2681017543499029
TCGA-HNSC,29,measurement_noise_0.5sd,B7,uncertainty_only,100,1.0,104.0,44.0,107.37347592126233,0.2443490577309716,0.6188293370944993,0.6091435684605472,0.6048175722110545,-0.00531532151076961,0.37073736156464243,0.35086522806986875,0.24223428148312662,0.2443490577309716
TCGA-HNSC,29,measurement_noise_0.5sd,B7,uncertainty_only,90,0.9038461538461539,94.0,39.0,95.03490323777235,0.24243084923844144,0.6234107847435335,0.6091921487003863,0.5902801740651993,0.04569849140640942,0.3282404106475241,0.34428653657883007,0.24117199124740166,0.2484425704005635
TCGA-HNSC,29,measurement_noise_0.5sd,B7,uncertainty_only,80,0.8076923076923077,84.0,34.0,83.27053061697029,0.23991511582195968,0.6002849002849003,0.5878370098181376,0.5747657496213255,0.15253795540136791,0.24731083801913162,0.314982067484532,0.23456085491823245,0.24896095200207494
TCGA-HNSC,29,measurement_noise_0.5sd,B7,full_equal_weight,100,1.0,104.0,44.0,107.37347592126233,0.23889032343460787,0.6177715091678421,0.6081943615064156,0.6032110566758648,0.0524110241022987,0.4724098616167762,0.3390050904416064,0.24223428148312662,0.2443490577309716
TCGA-HNSC,29,measurement_noise_0.5sd,B7,full_equal_weight,90,0.9038461538461539,94.0,40.0,95.0610840295342,0.24914408471574037,0.5658695652173913,0.5495455651445966,0.5216224426147574,0.13879306224127813,0.11845605046062646,0.3266415128195208,0.23754756853420783,0.25286691821543245
TCGA-HNSC,29,measurement_noise_0.5sd,B7,full_equal_weight,80,0.8076923076923077,84.0,35.0,83.04264123584926,0.24635015251693484,0.5692652832305104,0.5571268959899809,0.5222532007401787,0.2433521585629748,0.16442875894843254,0.31392601986770563,0.23643223020864698,0.24623557525020243
TCGA-HNSC,29,measurement_noise_0.5sd,B7,full_learned_nonnegative,100,1.0,104.0,44.0,107.37347592126233,0.23707059155394153,0.6117771509167842,0.6051672066910201,0.5984733199098488,0.057200274741690885,0.49865457998452534,0.3383016861523282,0.24223428148312662,0.2443490577309716
TCGA-HNSC,29,measurement_noise_0.5sd,B7,full_learned_nonnegative,90,0.9038461538461539,94.0,39.0,95.03490323777235,0.2366250809646388,0.5918456817185445,0.5790694002325131,0.5770544923162524,0.1147114399415618,0.44461627718652813,0.33391570977926993,0.24117199124740166,0.2484425704005635
TCGA-HNSC,29,measurement_noise_0.5sd,B7,full_learned_nonnegative,80,0.8076923076923077,84.0,34.0,83.27053061697029,0.23697939401723594,0.5792022792022792,0.566860632191903,0.5572233484564051,0.15639752223358186,0.29400223954113425,0.31864765577932247,0.23456085491823245,0.24896095200207494
TCGA-HNSC,29,location_shift_1sd,B2,none,full,1.0,104.0,44.0,107.37347592126233,0.24223428148312662,0.48977433004231313,0.4610972889812611,0.43680216979269626,0.06823441320275524,-0.6438354328494704,0.3330177162914441,,
TCGA-HNSC,29,location_shift_1sd,B3,none,full,1.0,104.0,44.0,107.37347592126233,0.23012721302618097,0.607722143864598,0.6122530875402532,0.6196252647375443,0.07341950817694494,1.3482242556188486,0.3306043653061103,,
TCGA-HNSC,29,location_shift_1sd,B4,none,full,1.0,104.0,44.0,107.37347592126233,0.24560552791729673,0.6265867418899859,0.6274699781362812,0.6293282637411544,-0.394991670730397,0.42641426401293553,0.4303009152434665,,
TCGA-HNSC,29,location_shift_1sd,B5,none,full,1.0,104.0,44.0,107.37347592126233,0.2555128849571523,0.6103667136812412,0.6027886628327231,0.600084257225159,-0.35412532443014477,0.3122141901192912,0.42057691976758965,,
TCGA-HNSC,29,location_shift_1sd,B6,none,full,1.0,104.0,44.0,107.37347592126233,0.25106854002040324,0.6216502115655853,0.6167296371029404,0.611700582811197,-0.3829042338378142,0.3676932597510394,0.42665642325369385,,
TCGA-HNSC,29,location_shift_1sd,B7,ood_only,100,1.0,104.0,44.0,107.37347592126233,0.25106854002040324,0.6205923836389281,0.6157111804918487,0.611700582811197,-0.3829042338378142,0.3676932597510394,0.428331578975448,0.24223428148312662,0.25106854002040324
TCGA-HNSC,29,location_shift_1sd,B7,ood_only,90,0.9038461538461539,94.0,41.0,94.6175947737623,0.22847616380533117,0.6580168776371308,0.6586453633391237,0.6474618632463345,-0.09901644652461843,0.6895070036562048,0.391408465466202,0.24290131108424207,0.2587437192867218
TCGA-HNSC,29,location_shift_1sd,B7,ood_only,80,0.8076923076923077,84.0,40.0,87.1866992517384,0.24575288149404514,0.6629158512720157,0.6588331722520131,0.624190988516598,0.02561728912376087,0.6129121091134683,0.39203309152110083,0.25787835464551,0.2733895910661858
TCGA-HNSC,29,location_shift_1sd,B7,uncertainty_only,100,1.0,104.0,44.0,107.37347592126233,0.25106854002040324,0.6216502115655853,0.6167296371029404,0.611700582811197,-0.3829042338378142,0.3676932597510394,0.42665642325369385,0.24223428148312662,0.25106854002040324
TCGA-HNSC,29,location_shift_1sd,B7,uncertainty_only,90,0.9038461538461539,94.0,39.0,95.03490323777235,0.2418087071736263,0.6383165278386672,0.6288305026391958,0.6396094529221082,-0.20123925496753398,0.36448115278851595,0.3975516129206385,0.24117199124740166,0.25473481204033577
TCGA-HNSC,29,location_shift_1sd,B7,uncertainty_only,80,0.8076923076923077,84.0,34.0,83.27053061697029,0.22483256132266907,0.6666666666666666,0.6637095268718782,0.6739915139729334,-0.12690017574483714,0.5168241482983522,0.3747074784368988,0.23456085491823245,0.2526750957606063
TCGA-HNSC,29,location_shift_1sd,B7,full_equal_weight,100,1.0,104.0,44.0,107.37347592126233,0.23840935481637054,0.6466854724964739,0.64445710482338,0.6431336753545296,-0.3264932417270543,0.5631887974110928,0.4170196849467684,0.24223428148312662,0.25106854002040324
TCGA-HNSC,29,location_shift_1sd,B7,full_equal_weight,90,0.9038461538461539,94.0,40.0,95.0610840295342,0.24383627013947715,0.6484782608695652,0.6408433460873726,0.6177221563059927,-0.2909033648391125,0.41712529989336133,0.40588540662409717,0.23754756853420783,0.26031499256781443
TCGA-HNSC,29,location_shift_1sd,B7,full_equal_weight,80,0.8076923076923077,84.0,35.0,83.04264123584926,0.22607966972769494,0.6079641054402692,0.6112562946844589,0.6145263884173723,0.031372964985161955,0.7555378596331725,0.3581187989684925,0.23643223020864698,0.25034159688702584
TCGA-HNSC,29,location_shift_1sd,B7,full_learned_nonnegative,100,1.0,104.0,44.0,107.37347592126233,0.23193686399728317,0.6526798307475318,0.6507011179669442,0.6552345908573252,-0.29879236245218344,0.6682338394203089,0.4114079832638575,0.24223428148312662,0.25106854002040324
TCGA-HNSC,29,location_shift_1sd,B7,full_learned_nonnegative,90,0.9038461538461539,94.0,39.0,95.03490323777235,0.21248535910528482,0.6714160455940377,0.6673411851198503,0.6944027665918298,-0.10965712721059788,1.0793190744852441,0.3848876021763331,0.24117199124740166,0.25473481204033577
TCGA-HNSC,29,location_shift_1sd,B7,full_learned_nonnegative,80,0.8076923076923077,84.0,34.0,83.27053061697029,0.21839841931291776,0.6384615384615384,0.6350674872928719,0.6240458570923646,-0.0211596795491897,0.86661870738365,0.35132154993240866,0.23456085491823245,0.2526750957606063
TCGA-HNSC,29,row_permutation_negative_control,B2,none,full,1.0,104.0,44.0,107.37347592126233,0.24223428148312662,0.48977433004231313,0.4610972889812611,0.43680216979269626,0.06823441320275524,-0.6438354328494704,0.3330177162914441,,
TCGA-HNSC,29,row_permutation_negative_control,B3,none,full,1.0,104.0,44.0,107.37347592126233,0.23012721302618097,0.607722143864598,0.6122530875402532,0.6196252647375443,0.07341950817694494,1.3482242556188486,0.3306043653061103,,
TCGA-HNSC,29,row_permutation_negative_control,B4,none,full,1.0,104.0,44.0,107.37347592126233,0.27346644603978987,0.5197461212976022,0.5037084493679875,0.46145715707455126,-0.12986325065940973,-0.1434086297630143,0.3642951248668631,,
TCGA-HNSC,29,row_permutation_negative_control,B5,none,full,1.0,104.0,44.0,107.37347592126233,0.2914152536348624,0.5063469675599436,0.4809973553436489,0.42703043254609807,-0.13373263422729934,-0.2764198417789949,0.36245137744927636,,
TCGA-HNSC,29,row_permutation_negative_control,B6,none,full,1.0,104.0,44.0,107.37347592126233,0.28280603343618427,0.5151622002820875,0.49335577506093004,0.4410949575209377,-0.1331826262553682,-0.21246941935255095,0.362631890836768,,
TCGA-HNSC,29,row_permutation_negative_control,B7,ood_only,100,1.0,104.0,44.0,107.37347592126233,0.28280603343618427,0.5151622002820875,0.49335577506093004,0.4410949575209377,-0.1331826262553682,-0.21246941935255095,0.362631890836768,0.24223428148312662,0.28280603343618427
TCGA-HNSC,29,row_permutation_negative_control,B7,ood_only,90,0.9038461538461539,94.0,41.0,94.6175947737623,0.28339488674795144,0.5071729957805907,0.48658743671038523,0.4335412865957963,0.0194063114127019,-0.3694900115869602,0.3536969117272448,0.24290131108424207,0.2795043268170362
TCGA-HNSC,29,row_permutation_negative_control,B7,ood_only,80,0.8076923076923077,84.0,40.0,87.1866992517384,0.2860887102449703,0.5313111545988258,0.5163937113550598,0.47073348569553675,0.25158462570536005,-0.18446131264935414,0.3408741962868273,0.25787835464551,0.28356858905962945
TCGA-HNSC,29,row_permutation_negative_control,B7,uncertainty_only,100,1.0,104.0,44.0,107.37347592126233,0.28280603343618427,0.5151622002820875,0.49335577506093004,0.4410949575209377,-0.1331826262553682,-0.21246941935255095,0.362631890836768,0.24223428148312662,0.28280603343618427
TCGA-HNSC,29,row_permutation_negative_control,B7,uncertainty_only,90,0.9038461538461539,94.0,39.0,95.03490323777235,0.267861725789074,0.5063568610258659,0.4902839264816002,0.4492766116458432,0.011347036007876047,-0.1482175471999872,0.3479661205350663,0.24117199124740166,0.2746504754837017
TCGA-HNSC,29,row_permutation_negative_control,B7,uncertainty_only,80,0.8076923076923077,84.0,34.0,83.27053061697029,0.25519651682111516,0.49572649572649574,0.48690347988050986,0.4559423086853186,0.07674369744365155,-0.07913752035864091,0.3357898549215039,0.23456085491823245,0.2732981060036469
TCGA-HNSC,29,row_permutation_negative_control,B7,full_equal_weight,100,1.0,104.0,44.0,107.37347592126233,0.28258472743831275,0.5162200282087447,0.4945550038599795,0.44173482866534003,-0.13395832255709333,-0.20950449822122674,0.3627783388997886,0.24223428148312662,0.28280603343618427
TCGA-HNSC,29,row_permutation_negative_control,B7,full_equal_weight,90,0.9038461538461539,94.0,40.0,95.0610840295342,0.26440459071337524,0.4973913043478261,0.48325240831012134,0.45266662666764695,0.0989778113109283,-0.24590463627280046,0.33715171462366644,0.23754756853420783,0.2654940426977805
TCGA-HNSC,29,row_permutation_negative_control,B7,full_equal_weight,80,0.8076923076923077,84.0,35.0,83.04264123584926,0.2649800964784492,0.501402131239484,0.49327346395476734,0.44153120398762385,0.1885323155330028,-0.3302751360998279,0.32977810858339185,0.23643223020864698,0.26245425294278746
TCGA-HNSC,29,row_permutation_negative_control,B7,full_learned_nonnegative,100,1.0,104.0,44.0,107.37347592126233,0.2787051563831699,0.5162200282087447,0.49373992137476763,0.44953709627584815,-0.11370715647743199,-0.1762737563240001,0.3621645944003615,0.24223428148312662,0.28280603343618427
TCGA-HNSC,29,row_permutation_negative_control,B7,full_learned_nonnegative,90,0.9038461538461539,94.0,39.0,95.03490323777235,0.2677026197113111,0.4975887768522578,0.48338650748882117,0.443545262643156,0.05985398476229808,-0.28632425449194976,0.34092899586293046,0.24117199124740166,0.2746504754837017
TCGA-HNSC,29,row_permutation_negative_control,B7,full_learned_nonnegative,80,0.8076923076923077,84.0,34.0,83.27053061697029,0.27625005736666897,0.45413105413105415,0.44494294415671065,0.39380101349063734,0.07403498545222682,-0.5620304782537294,0.33154038891252086,0.23456085491823245,0.2732981060036469
TCGA-HNSC,29,complete_modality_dropout,B2,none,full,1.0,104.0,44.0,107.37347592126233,0.24223428148312662,0.48977433004231313,0.4610972889812611,0.43680216979269626,0.06823441320275524,-0.6438354328494704,0.3330177162914441,,
TCGA-HNSC,29,complete_modality_dropout,B3,none,full,1.0,104.0,44.0,107.37347592126233,0.23012721302618097,0.607722143864598,0.6122530875402532,0.6196252647375443,0.07341950817694494,1.3482242556188486,0.3306043653061103,,
TCGA-HNSC,29,complete_modality_dropout,B4,none,full,1.0,104.0,44.0,107.37347592126233,0.23472465841302814,0.5,0.5,0.5,0.014904693795897915,,0.3460822448954319,,
TCGA-HNSC,29,complete_modality_dropout,B5,none,full,1.0,104.0,44.0,107.37347592126233,0.2461640173054595,0.4756699576868829,0.44262174372111274,0.4156253476625621,-0.009625360637766481,-0.9117129493601935,0.3508972861761939,,
TCGA-HNSC,29,complete_modality_dropout,B6,none,full,1.0,104.0,44.0,107.37347592126233,0.24036850764886253,0.48977433004231313,0.4610972889812611,0.43680216979269626,0.008128092208624305,-0.7915723811763861,0.34658762162859885,,
TCGA-HNSC,29,complete_modality_dropout,B7,ood_only,100,1.0,104.0,44.0,107.37347592126233,0.24223428148312662,0.48977433004231313,0.4610972889812611,0.43680216979269626,0.06823441320275524,-0.6438354328494704,0.3330177162914441,0.24223428148312662,0.24036850764886253
TCGA-HNSC,29,complete_modality_dropout,B7,ood_only,90,0.9038461538461539,94.0,41.0,94.6175947737623,0.24290131108424207,0.48565400843881856,0.4607830817223818,0.4332569224101209,0.15771491259185838,-0.5504911621031428,0.33448561024945556,0.24290131108424207,0.24063095368754525
TCGA-HNSC,29,complete_modality_dropout,B7,ood_only,80,0.8076923076923077,84.0,40.0,87.1866992517384,0.25787835464551,0.5046477495107632,0.48594388255065113,0.46473387651326503,0.3152538513818773,0.013024960784475103,0.3296890551831422,0.25787835464551,0.2552006669987111
TCGA-HNSC,29,complete_modality_dropout,B7,uncertainty_only,100,1.0,104.0,44.0,107.37347592126233,0.24223428148312662,0.48977433004231313,0.4610972889812611,0.43680216979269626,0.06823441320275524,-0.6438354328494704,0.3330177162914441,0.24223428148312662,0.24036850764886253
TCGA-HNSC,29,complete_modality_dropout,B7,uncertainty_only,90,0.9038461538461539,94.0,39.0,95.03490323777235,0.24117199124740166,0.48136782113108284,0.4563968001173079,0.42150456065714603,0.12931226474676413,-1.4184821771774265,0.32847618301980036,0.24117199124740166,0.23899787421267063
TCGA-HNSC,29,complete_modality_dropout,B7,uncertainty_only,80,0.8076923076923077,84.0,34.0,83.27053061697029,0.23456085491823245,0.45242165242165244,0.4336234133135909,0.41857906505960113,0.14969486957634745,-1.7333486245599896,0.32283102805643676,0.23456085491823245,0.23267171605722692
TCGA-HNSC,29,complete_modality_dropout,B7,full_equal_weight,100,1.0,104.0,44.0,107.37347592126233,0.24223428148312662,0.48977433004231313,0.4610972889812611,0.43680216979269626,0.06823441320275524,-0.6438354328494704,0.3330177162914441,0.24223428148312662,0.24036850764886253
TCGA-HNSC,29,complete_modality_dropout,B7,full_equal_weight,90,0.9038461538461539,94.0,40.0,95.0610840295342,0.23754756853420783,0.4880434782608696,0.4688335579409641,0.45252022032452943,0.11439416429246989,-0.38753149126658115,0.3317958175981004,0.23754756853420783,0.23601662475139137
TCGA-HNSC,29,complete_modality_dropout,B7,full_equal_weight,80,0.8076923076923077,84.0,35.0,83.04264123584926,0.23643223020864698,0.47728547392035897,0.46632028332265407,0.4538706514888882,0.18446008698224592,-0.40120179835782205,0.3295657845866734,0.23643223020864698,0.23469286090950284
TCGA-HNSC,29,complete_modality_dropout,B7,full_learned_nonnegative,100,1.0,104.0,44.0,107.37347592126233,0.24223428148312662,0.48977433004231313,0.4610972889812611,0.43680216979269626,0.06823441320275524,-0.6438354328494704,0.3330177162914441,0.24223428148312662,0.24036850764886253
TCGA-HNSC,29,complete_modality_dropout,B7,full_learned_nonnegative,90,0.9038461538461539,94.0,39.0,95.03490323777235,0.24117199124740166,0.48136782113108284,0.4563968001173079,0.42150456065714603,0.12931226474676413,-1.4184821771774265,0.32847618301980036,0.24117199124740166,0.23899787421267063
TCGA-HNSC,29,complete_modality_dropout,B7,full_learned_nonnegative,80,0.8076923076923077,84.0,34.0,83.27053061697029,0.23456085491823245,0.45242165242165244,0.4336234133135909,0.41857906505960113,0.14969486957634745,-1.7333486245599896,0.32283102805643676,0.23456085491823245,0.23267171605722692
TCGA-HNSC,43,clean,B2,none,full,1.0,104.0,44.0,107.37347592126233,0.24223428148312662,0.48977433004231313,0.4610972889812611,0.43680216979269626,0.06823441320275524,-0.6438354328494704,0.3330177162914441,,
TCGA-HNSC,43,clean,B3,none,full,1.0,104.0,44.0,107.37347592126233,0.22923649543678487,0.6188293370944993,0.6242699324522931,0.6301840197680986,0.0732567536439647,1.4043346733999778,0.33021066108234376,,
TCGA-HNSC,43,clean,B4,none,full,1.0,104.0,44.0,107.37347592126233,0.23822510121568954,0.6265867418899859,0.6274699781362812,0.6293282637411544,-0.07790394134839355,0.47384524553579216,0.364295124866863,,
TCGA-HNSC,43,clean,B5,none,full,1.0,104.0,44.0,107.37347592126233,0.24821463642229707,0.6103667136812412,0.6027886628327231,0.600084257225159,-0.041857401677977774,0.34622536733610476,0.3566847492814937,,
TCGA-HNSC,43,clean,B6,none,full,1.0,104.0,44.0,107.37347592126233,0.24482911264188226,0.6198871650211566,0.6136896134689341,0.6138409362630457,-0.05580096596773607,0.3980767082318032,0.35924306161553143,,
TCGA-HNSC,43,clean,B7,ood_only,100,1.0,104.0,44.0,107.37347592126233,0.24482911264188226,0.6198871650211566,0.6136896134689341,0.6138409362630457,-0.05580096596773607,0.3980767082318032,0.35924306161553143,0.24223428148312662,0.24482911264188226
TCGA-HNSC,43,clean,B7,ood_only,90,0.9038461538461539,94.0,42.0,94.36058177108156,0.25098778855081955,0.5962809917355372,0.5844724854055636,0.5710010876470226,0.13898202556816155,0.34784388343922606,0.3546873821283208,0.24838787709838708,0.25567607426286976
TCGA-HNSC,43,clean,B7,ood_only,80,0.8076923076923077,84.0,39.0,86.15011074847334,0.2633467278520869,0.5917384693360365,0.5774026590360332,0.5463327448748171,0.1798599842866261,0.26318234492082876,0.3527127070927098,0.2530863054994261,0.2664052817952821
TCGA-HNSC,43,clean,B7,uncertainty_only,100,1.0,104.0,44.0,107.37347592126233,0.24482911264188226,0.6198871650211566,0.6136896134689341,0.6138409362630457,-0.05580096596773607,0.3980767082318032,0.35924306161553143,0.24223428148312662,0.24482911264188226
TCGA-HNSC,43,clean,B7,uncertainty_only,90,0.9038461538461539,94.0,40.0,96.1700540576859,0.23974764376277558,0.600681140911026,0.5927341149300911,0.5911909824138544,0.10046564245981465,0.5230947721880927,0.34445535982384373,0.2445966319338937,0.25088592228374595
TCGA-HNSC,43,clean,B7,uncertainty_only,80,0.8076923076923077,84.0,34.0,84.50528487829756,0.236310717746698,0.5698324022346368,0.5662988371564662,0.5585468205280848,0.1611283090818333,0.5234861469699253,0.3328124911185447,0.2379585432541146,0.24945991755727398
TCGA-HNSC,43,clean,B7,full_equal_weight,100,1.0,104.0,44.0,107.37347592126233,0.24482911264188226,0.6198871650211566,0.6136896134689341,0.6138409362630457,-0.05580096596773607,0.3980767082318032,0.35924306161553143,0.24223428148312662,0.24482911264188226
TCGA-HNSC,43,clean,B7,full_equal_weight,90,0.9038461538461539,94.0,38.0,96.99966291801438,0.22877676242409525,0.6323595505617977,0.6230288600643165,0.6291415791172001,-0.011203524993646075,0.6512764373022242,0.343029416153731,0.2370703083415901,0.242043186586469
TCGA-HNSC,43,clean,B7,full_equal_weight,80,0.8076923076923077,84.0,33.0,83.66217140355825,0.22134867899695584,0.5985119047619047,0.5945527734935436,0.5799141361868422,0.045873783771136496,0.6674946313628023,0.33066667695086516,0.2281380473003436,0.23821684055968476
TCGA-HNSC,43,clean,B7,full_learned_nonnegative,100,1.0,104.0,44.0,107.37347592126233,0.24482911264188226,0.6198871650211566,0.6136896134689341,0.6138409362630457,-0.05580096596773607,0.3980767082318032,0.35924306161553143,0.24223428148312662,0.24482911264188226
TCGA-HNSC,43,clean,B7,full_learned_nonnegative,90,0.9038461538461539,94.0,39.0,96.9996629180144,0.22754547981800197,0.6204686118479222,0.6193626758918682,0.6278712964584338,0.0035773695531738435,0.6839989500819494,0.34063742716340967,0.23821633785979052,0.24204846531349794
TCGA-HNSC,43,clean,B7,full_learned_nonnegative,80,0.8076923076923077,84.0,34.0,84.52882034025403,0.22522303955306253,0.608314479638009,0.6078620209442471,0.6015317954029373,0.0636725060252393,0.833500473831372,0.3513477094312283,0.24063190679969562,0.24280963064789562
TCGA-HNSC,43,random_cell_dropout_10pct,B2,none,full,1.0,104.0,44.0,107.37347592126233,0.24223428148312662,0.48977433004231313,0.4610972889812611,0.43680216979269626,0.06823441320275524,-0.6438354328494704,0.3330177162914441,,
TCGA-HNSC,43,random_cell_dropout_10pct,B3,none,full,1.0,104.0,44.0,107.37347592126233,0.22923649543678487,0.6188293370944993,0.6242699324522931,0.6301840197680986,0.0732567536439647,1.4043346733999778,0.33021066108234376,,
TCGA-HNSC,43,random_cell_dropout_10pct,B4,none,full,1.0,104.0,44.0,107.37347592126233,0.2302976054299326,0.6473906911142454,0.6444445104556654,0.650275947300818,-0.07526154948340284,0.614643165031857,0.3621416085863203,,
TCGA-HNSC,43,random_cell_dropout_10pct,B5,none,full,1.0,104.0,44.0,107.37347592126233,0.2432495746229465,0.6230606488011283,0.6159207074840571,0.6112217751899154,-0.05346935581655575,0.41734275635066226,0.3561538153165771,,
TCGA-HNSC,43,random_cell_dropout_10pct,B6,none,full,1.0,104.0,44.0,107.37347592126233,0.23958395031601057,0.6262341325811002,0.6223426503828176,0.6207865608763469,-0.06452141719119142,0.47227613482282793,0.3579250008608685,,
TCGA-HNSC,43,random_cell_dropout_10pct,B7,ood_only,100,1.0,104.0,44.0,107.37347592126233,0.23958395031601057,0.6262341325811002,0.6223426503828176,0.6207865608763469,-0.06452141719119142,0.47227613482282793,0.3579250008608685,0.24223428148312662,0.23958395031601057
TCGA-HNSC,43,random_cell_dropout_10pct,B7,ood_only,90,0.9038461538461539,94.0,42.0,94.36058177108156,0.253414914434978,0.6066115702479339,0.5947208480799386,0.5781019171399324,0.11619856053538587,0.3167775001520338,0.35698075353192976,0.24838787709838708,0.2493692342291407
TCGA-HNSC,43,random_cell_dropout_10pct,B7,ood_only,80,0.8076923076923077,84.0,39.0,86.15011074847334,0.2561498640110421,0.6112519006588951,0.5943067510469124,0.5803172709932021,0.15198616214989089,0.39481379770904496,0.3604386412091319,0.2530863054994261,0.2583064535127116
TCGA-HNSC,43,random_cell_dropout_10pct,B7,uncertainty_only,100,1.0,104.0,44.0,107.37347592126233,0.23958395031601057,0.6262341325811002,0.6223426503828176,0.6207865608763469,-0.06452141719119142,0.47227613482282793,0.3579250008608685,0.24223428148312662,0.23958395031601057
TCGA-HNSC,43,random_cell_dropout_10pct,B7,uncertainty_only,90,0.9038461538461539,94.0,40.0,96.1700540576859,0.24125862639702023,0.6206896551724138,0.6108714728580622,0.601904639922702,0.03667774055860009,0.46935544089033465,0.35139030112979847,0.2445966319338937,0.24410439681900184
TCGA-HNSC,43,random_cell_dropout_10pct,B7,uncertainty_only,80,0.8076923076923077,84.0,34.0,84.50528487829756,0.22715706814166772,0.629608938547486,0.6228738262021875,0.6239750593663996,0.15313726614777257,0.7173400706764245,0.3326149326644833,0.2379585432541146,0.23806202419610573
TCGA-HNSC,43,random_cell_dropout_10pct,B7,full_equal_weight,100,1.0,104.0,44.0,107.37347592126233,0.23860447200982532,0.6287023977433004,0.6223004821782897,0.6175691346485161,0.0361068047351354,0.48806983239419255,0.33502286938234593,0.24223428148312662,0.23958395031601057
TCGA-HNSC,43,random_cell_dropout_10pct,B7,full_equal_weight,90,0.9038461538461539,94.0,38.0,96.99966291801438,0.22776947704868106,0.5975280898876405,0.5813359214067461,0.5867989087370381,0.14828374945589534,0.7657508218517873,0.3104724921959623,0.2370703083415901,0.2390466214411634
TCGA-HNSC,43,random_cell_dropout_10pct,B7,full_equal_weight,80,0.8076923076923077,84.0,33.0,83.66217140355825,0.21664936431994947,0.5520833333333334,0.5453959920760311,0.5404531790235315,0.11663094507793682,1.064444227095675,0.31668583384404236,0.2281380473003436,0.232119156556601
TCGA-HNSC,43,random_cell_dropout_10pct,B7,full_learned_nonnegative,100,1.0,104.0,44.0,107.37347592126233,0.23958395031601057,0.6262341325811002,0.6223426503828176,0.6207865608763469,-0.06452141719119142,0.47227613482282793,0.3579250008608685,0.24223428148312662,0.23958395031601057
TCGA-HNSC,43,random_cell_dropout_10pct,B7,full_learned_nonnegative,90,0.9038461538461539,94.0,39.0,96.9996629180144,0.24094698332910552,0.6078691423519009,0.6021789686248689,0.5974371683317848,-0.05604568778485792,0.40399485723026574,0.3462152499176719,0.23821633785979052,0.23856983815811467
TCGA-HNSC,43,random_cell_dropout_10pct,B7,full_learned_nonnegative,80,0.8076923076923077,84.0,34.0,84.52882034025403,0.22608602221404786,0.6134049773755657,0.6114747115108344,0.6242493241905084,0.07774109638942435,0.7952845070579359,0.3468268286338437,0.24063190679969562,0.23663517574435275
TCGA-HNSC,43,random_cell_dropout_30pct,B2,none,full,1.0,104.0,44.0,107.37347592126233,0.24223428148312662,0.48977433004231313,0.4610972889812611,0.43680216979269626,0.06823441320275524,-0.6438354328494704,0.3330177162914441,,
TCGA-HNSC,43,random_cell_dropout_30pct,B3,none,full,1.0,104.0,44.0,107.37347592126233,0.22923649543678487,0.6188293370944993,0.6242699324522931,0.6301840197680986,0.0732567536439647,1.4043346733999778,0.33021066108234376,,
TCGA-HNSC,43,random_cell_dropout_30pct,B4,none,full,1.0,104.0,44.0,107.37347592126233,0.22648187238764228,0.6096614950634697,0.6255846967140211,0.6361330438447443,0.006130792253642669,0.7588104274649705,0.34876649276710825,,
TCGA-HNSC,43,random_cell_dropout_30pct,B5,none,full,1.0,104.0,44.0,107.37347592126233,0.23494344021433877,0.6011988716502116,0.6079800526401059,0.6009880855685353,0.044810115560682574,0.5565436311701131,0.3409377918809894,,
TCGA-HNSC,43,random_cell_dropout_30pct,B6,none,full,1.0,104.0,44.0,107.37347592126233,0.23147647509187866,0.6100141043723555,0.6191699757016029,0.6168080784109411,0.033193646205936136,0.6529268042575759,0.34260350840673787,,
TCGA-HNSC,43,random_cell_dropout_30pct,B7,ood_only,100,1.0,104.0,44.0,107.37347592126233,0.23147647509187866,0.6100141043723555,0.6191699757016029,0.6168080784109411,0.033193646205936136,0.6529268042575759,0.34260350840673787,0.24223428148312662,0.23147647509187866
TCGA-HNSC,43,random_cell_dropout_30pct,B7,ood_only,90,0.9038461538461539,94.0,42.0,94.36058177108156,0.24038698940855013,0.5946280991735537,0.6020290927184897,0.5821652697509888,0.15389334756016318,0.4965268114349192,0.34746931938987446,0.24838787709838708,0.24038698940855013
TCGA-HNSC,43,random_cell_dropout_30pct,B7,ood_only,80,0.8076923076923077,84.0,39.0,86.15011074847334,0.24910716145322281,0.5995945261023822,0.6011425797486424,0.572516816767983,0.1558979509189407,0.4655801524070307,0.35481024631315866,0.2530863054994261,0.2478881786656271
TCGA-HNSC,43,random_cell_dropout_30pct,B7,uncertainty_only,100,1.0,104.0,44.0,107.37347592126233,0.23147647509187866,0.6100141043723555,0.6191699757016029,0.6168080784109411,0.033193646205936136,0.6529268042575759,0.34260350840673787,0.24223428148312662,0.23147647509187866
TCGA-HNSC,43,random_cell_dropout_30pct,B7,uncertainty_only,90,0.9038461538461539,94.0,40.0,96.1700540576859,0.23660108854524065,0.6070668369518945,0.6088754968623816,0.6003988155793915,0.10158035894755557,0.6000282472758379,0.34105524481491456,0.2445966319338937,0.23235161267610402
TCGA-HNSC,43,random_cell_dropout_30pct,B7,uncertainty_only,80,0.8076923076923077,84.0,34.0,84.50528487829756,0.24165990546259342,0.5653631284916201,0.5722229607233307,0.5519397046324134,0.09603835906443564,0.3320599944019331,0.34157166821138796,0.2379585432541146,0.23513293966401183
TCGA-HNSC,43,random_cell_dropout_30pct,B7,full_equal_weight,100,1.0,104.0,44.0,107.37347592126233,0.23229776004298094,0.6011988716502116,0.6086432537342867,0.6127802327690192,0.09074457035009767,0.6639299792928112,0.3322065346019429,0.24223428148312662,0.23147647509187866
TCGA-HNSC,43,random_cell_dropout_30pct,B7,full_equal_weight,90,0.9038461538461539,94.0,38.0,96.99966291801438,0.22505501110342102,0.6143820224719101,0.613233419032641,0.6020595399597811,0.07996188277852097,0.9044636458853292,0.3206144605056263,0.2370703083415901,0.22309250520457038
TCGA-HNSC,43,random_cell_dropout_30pct,B7,full_equal_weight,80,0.8076923076923077,84.0,33.0,83.66217140355825,0.21958045557431707,0.5943452380952381,0.6007611083057786,0.59427891724955,0.0899041790087896,0.950381604321592,0.319337789595617,0.2281380473003436,0.21347291600492235
TCGA-HNSC,43,random_cell_dropout_30pct,B7,full_learned_nonnegative,100,1.0,104.0,44.0,107.37347592126233,0.23147647509187866,0.6100141043723555,0.6191699757016029,0.6168080784109411,0.033193646205936136,0.6529268042575759,0.34260350840673787,0.24223428148312662,0.23147647509187866
TCGA-HNSC,43,random_cell_dropout_30pct,B7,full_learned_nonnegative,90,0.9038461538461539,94.0,39.0,96.9996629180144,0.2260778070214096,0.6317418213969939,0.6381742915031985,0.6246716932605155,-0.008589941907003674,0.7490737713986972,0.34053813450933224,0.23821633785979052,0.22309775208912744
TCGA-HNSC,43,random_cell_dropout_30pct,B7,full_learned_nonnegative,80,0.8076923076923077,84.0,34.0,84.52882034025403,0.23417697631317524,0.6323529411764706,0.6311345324732192,0.5925567759632763,0.07487404563401502,0.5528269295486095,0.3409987310464758,0.24063190679969562,0.22601010074422104
TCGA-HNSC,43,measurement_noise_0.5sd,B2,none,full,1.0,104.0,44.0,107.37347592126233,0.24223428148312662,0.48977433004231313,0.4610972889812611,0.43680216979269626,0.06823441320275524,-0.6438354328494704,0.3330177162914441,,
TCGA-HNSC,43,measurement_noise_0.5sd,B3,none,full,1.0,104.0,44.0,107.37347592126233,0.22923649543678487,0.6188293370944993,0.6242699324522931,0.6301840197680986,0.0732567536439647,1.4043346733999778,0.33021066108234376,,
TCGA-HNSC,43,measurement_noise_0.5sd,B4,none,full,1.0,104.0,44.0,107.37347592126233,0.2345323309562089,0.6357545839210155,0.6273591572237218,0.6146642659542616,-0.13116042013543935,0.5243016137246556,0.3726980561565494,,
TCGA-HNSC,43,measurement_noise_0.5sd,B5,none,full,1.0,104.0,44.0,107.37347592126233,0.24471416529166753,0.6209449929478138,0.6070068518793517,0.5993561285184288,-0.10597129674484917,0.3962773041559997,0.36673907460926664,,
TCGA-HNSC,43,measurement_noise_0.5sd,B6,none,full,1.0,104.0,44.0,107.37347592126233,0.24135623488406271,0.6297602256699577,0.6185205990655559,0.6116176677564809,-0.11869636896778407,0.4405116690105702,0.3690005236367905,,
TCGA-HNSC,43,measurement_noise_0.5sd,B7,ood_only,100,1.0,104.0,44.0,107.37347592126233,0.24135623488406271,0.6297602256699577,0.6185205990655559,0.6116176677564809,-0.11869636896778407,0.4405116690105702,0.3690005236367905,0.24223428148312662,0.24135623488406271
TCGA-HNSC,43,measurement_noise_0.5sd,B7,ood_only,90,0.9038461538461539,94.0,42.0,94.36058177108156,0.2287349000977218,0.6460743801652893,0.6330750109699274,0.6219017794650447,0.1433716551598288,0.6759710919949409,0.35187575709370117,0.24838787709838708,0.24904512006962443
TCGA-HNSC,43,measurement_noise_0.5sd,B7,ood_only,80,0.8076923076923077,84.0,39.0,86.15011074847334,0.24157815642814726,0.6246832235174861,0.6122713763510712,0.5946111522851231,0.17667356248580915,0.6008367039560162,0.3547314354756458,0.2530863054994261,0.2566353232044983
TCGA-HNSC,43,measurement_noise_0.5sd,B7,uncertainty_only,100,1.0,104.0,44.0,107.37347592126233,0.24135623488406271,0.6297602256699577,0.6185205990655559,0.6116176677564809,-0.11869636896778407,0.4405116690105702,0.3690005236367905,0.24223428148312662,0.24135623488406271
TCGA-HNSC,43,measurement_noise_0.5sd,B7,uncertainty_only,90,0.9038461538461539,94.0,40.0,96.1700540576859,0.2274744270307013,0.6413367390378885,0.6206399642745369,0.6074951520751345,0.05626226434519726,0.6776696432236335,0.3480199925677377,0.2445966319338937,0.24169693936085815
TCGA-HNSC,43,measurement_noise_0.5sd,B7,uncertainty_only,80,0.8076923076923077,84.0,34.0,84.50528487829756,0.24761570191233823,0.5689944134078212,0.5484524490055116,0.5094428796510915,0.2226069000122,0.25018752341029926,0.3132623502733365,0.2379585432541146,0.24437991855656296
TCGA-HNSC,43,measurement_noise_0.5sd,B7,full_equal_weight,100,1.0,104.0,44.0,107.37347592126233,0.23291086643228706,0.6361071932299013,0.625115003450709,0.6228401817303411,-0.08224968237985457,0.5626282042154674,0.3641154512779143,0.24223428148312662,0.24135623488406271
TCGA-HNSC,43,measurement_noise_0.5sd,B7,full_equal_weight,90,0.9038461538461539,94.0,38.0,96.99966291801438,0.22013642286904375,0.6395505617977528,0.626327371118898,0.6059824527618849,0.02525002082515545,0.7912429281235118,0.3288563981527953,0.2370703083415901,0.24133533218972145
TCGA-HNSC,43,measurement_noise_0.5sd,B7,full_equal_weight,80,0.8076923076923077,84.0,33.0,83.66217140355825,0.22233441890093725,0.6157738095238096,0.5953755500332113,0.5366829674086127,-0.007630354664199957,0.5598536732018443,0.32803980084051365,0.2281380473003436,0.2421149674852667
TCGA-HNSC,43,measurement_noise_0.5sd,B7,full_learned_nonnegative,100,1.0,104.0,44.0,107.37347592126233,0.24135623488406271,0.6297602256699577,0.6185205990655559,0.6116176677564809,-0.11869636896778407,0.4405116690105702,0.3690005236367905,0.24223428148312662,0.24135623488406271
TCGA-HNSC,43,measurement_noise_0.5sd,B7,full_learned_nonnegative,90,0.9038461538461539,94.0,39.0,96.9996629180144,0.23332027473638353,0.6160477453580901,0.6101645087213102,0.6010825610794822,-0.11023600779900328,0.5239341429586915,0.3560169957999164,0.23821633785979052,0.24189652189961305
TCGA-HNSC,43,measurement_noise_0.5sd,B7,full_learned_nonnegative,80,0.8076923076923077,84.0,34.0,84.52882034025403,0.24055986329188245,0.565893665158371,0.556686864256315,0.5289492330097916,0.0315395136019832,0.25327442705305636,0.3468189377727764,0.24063190679969562,0.24959285426636113
TCGA-HNSC,43,location_shift_1sd,B2,none,full,1.0,104.0,44.0,107.37347592126233,0.24223428148312662,0.48977433004231313,0.4610972889812611,0.43680216979269626,0.06823441320275524,-0.6438354328494704,0.3330177162914441,,
TCGA-HNSC,43,location_shift_1sd,B3,none,full,1.0,104.0,44.0,107.37347592126233,0.22923649543678487,0.6188293370944993,0.6242699324522931,0.6301840197680986,0.0732567536439647,1.4043346733999778,0.33021066108234376,,
TCGA-HNSC,43,location_shift_1sd,B4,none,full,1.0,104.0,44.0,107.37347592126233,0.23828028963560513,0.6265867418899859,0.6274699781362812,0.6293282637411544,-0.08304119634202377,0.47309779612594965,0.36534768707608334,,
TCGA-HNSC,43,location_shift_1sd,B5,none,full,1.0,104.0,44.0,107.37347592126233,0.25379972457127403,0.6103667136812412,0.6027886628327231,0.600084257225159,-0.30180153349216204,0.31801562501939945,0.4097682952312868,,
TCGA-HNSC,43,location_shift_1sd,B6,none,full,1.0,104.0,44.0,107.37347592126233,0.2482601012823307,0.6198871650211566,0.6136896134689341,0.6138409362630457,-0.23923142395686228,0.3760115921109643,0.39662435703594995,,
TCGA-HNSC,43,location_shift_1sd,B7,ood_only,100,1.0,104.0,44.0,107.37347592126233,0.2482601012823307,0.6198871650211566,0.6136896134689341,0.6138409362630457,-0.23923142395686228,0.3760115921109643,0.39662435703594995,0.24223428148312662,0.2482601012823307
TCGA-HNSC,43,location_shift_1sd,B7,ood_only,90,0.9038461538461539,94.0,42.0,94.36058177108156,0.24158731657342364,0.6227272727272727,0.6163070378720424,0.5991916965065804,0.1063309515582985,0.48267759674548943,0.3630499365359777,0.24838787709838708,0.2574433204276019
TCGA-HNSC,43,location_shift_1sd,B7,ood_only,80,0.8076923076923077,84.0,39.0,86.15011074847334,0.2506080462868106,0.6320324379118094,0.6316494156578843,0.6037907361280005,0.12822361183374797,0.4378429530084846,0.3559688407528582,0.2530863054994261,0.2682404792193718
TCGA-HNSC,43,location_shift_1sd,B7,uncertainty_only,100,1.0,104.0,44.0,107.37347592126233,0.2482601012823307,0.6198871650211566,0.6136896134689341,0.6138409362630457,-0.23923142395686228,0.3760115921109643,0.39662435703594995,0.24223428148312662,0.2482601012823307
TCGA-HNSC,43,location_shift_1sd,B7,uncertainty_only,90,0.9038461538461539,94.0,40.0,96.1700540576859,0.2185861053867458,0.6794380587484036,0.6702931245019093,0.6510909610886914,0.032664840203037844,0.9844662534013086,0.3545866171066278,0.2445966319338937,0.2538704483767209
TCGA-HNSC,43,location_shift_1sd,B7,uncertainty_only,80,0.8076923076923077,84.0,34.0,84.50528487829756,0.22843085267121424,0.5812849162011173,0.5741140053102732,0.5629819869623758,0.17330686458820746,0.7474016071257261,0.3302272448242617,0.2379585432541146,0.25204066362505956
TCGA-HNSC,43,location_shift_1sd,B7,full_equal_weight,100,1.0,104.0,44.0,107.37347592126233,0.2482601012823307,0.6198871650211566,0.6136896134689341,0.6138409362630457,-0.23923142395686228,0.3760115921109643,0.39662435703594995,0.24223428148312662,0.2482601012823307
TCGA-HNSC,43,location_shift_1sd,B7,full_equal_weight,90,0.9038461538461539,94.0,38.0,96.99966291801438,0.2240007017815102,0.6512359550561798,0.6466158775949622,0.6633386438101265,-0.1024253160756725,0.7698783823123679,0.3588454112725677,0.2370703083415901,0.24640589563524365
TCGA-HNSC,43,location_shift_1sd,B7,full_equal_weight,80,0.8076923076923077,84.0,33.0,83.66217140355825,0.21068604945027958,0.6089285714285714,0.6158233100121365,0.6367076633868702,-0.02646466029087136,1.1360741877257245,0.34653078245540325,0.2281380473003436,0.243751995147337
TCGA-HNSC,43,location_shift_1sd,B7,full_learned_nonnegative,100,1.0,104.0,44.0,107.37347592126233,0.2482601012823307,0.6198871650211566,0.6136896134689341,0.6138409362630457,-0.23923142395686228,0.3760115921109643,0.39662435703594995,0.24223428148312662,0.2482601012823307
TCGA-HNSC,43,location_shift_1sd,B7,full_learned_nonnegative,90,0.9038461538461539,94.0,39.0,96.9996629180144,0.23101687205518914,0.6348364279398763,0.634588627766634,0.6419787317475946,-0.17379540386324951,0.6161212151904273,0.3699036418042872,0.23821633785979052,0.24641255632124487
TCGA-HNSC,43,location_shift_1sd,B7,full_learned_nonnegative,80,0.8076923076923077,84.0,34.0,84.52882034025403,0.2277691758175148,0.627262443438914,0.6249385658072208,0.6379804132065523,-0.07989640664176244,0.7207835530371903,0.37756886461712724,0.24063190679969562,0.2457240715915255
TCGA-HNSC,43,row_permutation_negative_control,B2,none,full,1.0,104.0,44.0,107.37347592126233,0.24223428148312662,0.48977433004231313,0.4610972889812611,0.43680216979269626,0.06823441320275524,-0.6438354328494704,0.3330177162914441,,
TCGA-HNSC,43,row_permutation_negative_control,B3,none,full,1.0,104.0,44.0,107.37347592126233,0.22923649543678487,0.6188293370944993,0.6242699324522931,0.6301840197680986,0.0732567536439647,1.4043346733999778,0.33021066108234376,,
TCGA-HNSC,43,row_permutation_negative_control,B4,none,full,1.0,104.0,44.0,107.37347592126233,0.23431601744580782,0.5599435825105783,0.5935117983714722,0.6205148206324353,-0.060620317178076435,0.48941799398603114,0.364295124866863,,
TCGA-HNSC,43,row_permutation_negative_control,B5,none,full,1.0,104.0,44.0,107.37347592126233,0.24735332201117538,0.5405500705218618,0.5591929803143917,0.5811428498946729,-0.030440239300926823,0.3013121521206438,0.35867757788642546,,
TCGA-HNSC,43,row_permutation_negative_control,B6,none,full,1.0,104.0,44.0,107.37347592126233,0.24111505209847192,0.5543018335684062,0.5766050052897271,0.6038141821050627,-0.03860035332035926,0.39848343882616144,0.35983002631992345,,
TCGA-HNSC,43,row_permutation_negative_control,B7,ood_only,100,1.0,104.0,44.0,107.37347592126233,0.24111505209847192,0.5543018335684062,0.5766050052897271,0.6038141821050627,-0.03860035332035926,0.39848343882616144,0.35983002631992345,0.24223428148312662,0.24111505209847192
TCGA-HNSC,43,row_permutation_negative_control,B7,ood_only,90,0.9038461538461539,94.0,42.0,94.36058177108156,0.24395332371908462,0.5394628099173554,0.558449814526682,0.5902248249109611,0.1678778747973534,0.42066862101594527,0.35388804033951016,0.24838787709838708,0.24683590274727643
TCGA-HNSC,43,row_permutation_negative_control,B7,ood_only,80,0.8076923076923077,84.0,39.0,86.15011074847334,0.2506452920157514,0.5385200202736948,0.5575666123323942,0.6027327382573067,0.2505173318347424,0.4733198832705992,0.3454571597367047,0.2530863054994261,0.25038193815340126
TCGA-HNSC,43,row_permutation_negative_control,B7,uncertainty_only,100,1.0,104.0,44.0,107.37347592126233,0.24111505209847192,0.5543018335684062,0.5766050052897271,0.6038141821050627,-0.03860035332035926,0.39848343882616144,0.35983002631992345,0.24223428148312662,0.24111505209847192
TCGA-HNSC,43,row_permutation_negative_control,B7,uncertainty_only,90,0.9038461538461539,94.0,40.0,96.1700540576859,0.23138026642267767,0.5862068965517241,0.6024793499608239,0.6253741987989219,0.16645880190554638,0.670714621708628,0.33708926488170027,0.2445966319338937,0.24023930154543224
TCGA-HNSC,43,row_permutation_negative_control,B7,uncertainty_only,80,0.8076923076923077,84.0,34.0,84.50528487829756,0.2414624445988064,0.579050279329609,0.5812467624673282,0.5836887668527476,0.19975297582131668,0.3816750050317293,0.32668652477340754,0.2379585432541146,0.24150020438148412
TCGA-HNSC,43,row_permutation_negative_control,B7,full_equal_weight,100,1.0,104.0,44.0,107.37347592126233,0.24111505209847192,0.5543018335684062,0.5766050052897271,0.6038141821050627,-0.03860035332035926,0.39848343882616144,0.35983002631992345,0.24223428148312662,0.24111505209847192
TCGA-HNSC,43,row_permutation_negative_control,B7,full_equal_weight,90,0.9038461538461539,94.0,38.0,96.99966291801438,0.22469203350314595,0.588314606741573,0.603351684643468,0.6146275710115942,-0.04487643642646636,0.6709777150506555,0.3475560720342374,0.2370703083415901,0.2296831930623947
TCGA-HNSC,43,row_permutation_negative_control,B7,full_equal_weight,80,0.8076923076923077,84.0,33.0,83.66217140355825,0.22473532835408855,0.5598214285714286,0.566354140430774,0.5761920335785075,0.08263215821498113,0.5035603422372125,0.32383866217237295,0.2281380473003436,0.22338057721252327
TCGA-HNSC,43,row_permutation_negative_control,B7,full_learned_nonnegative,100,1.0,104.0,44.0,107.37347592126233,0.24111505209847192,0.5543018335684062,0.5766050052897271,0.6038141821050627,-0.03860035332035926,0.39848343882616144,0.35983002631992345,0.24223428148312662,0.24111505209847192
TCGA-HNSC,43,row_permutation_negative_control,B7,full_learned_nonnegative,90,0.9038461538461539,94.0,39.0,96.9996629180144,0.23596881322800609,0.5450928381962865,0.5650171726980869,0.5750156615327777,-0.054561507879438656,0.4200564694207522,0.3502652535382633,0.23821633785979052,0.23059499676445155
TCGA-HNSC,43,row_permutation_negative_control,B7,full_learned_nonnegative,80,0.8076923076923077,84.0,34.0,84.52882034025403,0.24663688447056517,0.4951923076923077,0.502450685882859,0.4752506555521125,0.104386624670951,-0.05781259807408689,0.3374987011805508,0.24063190679969562,0.23441838799789985
TCGA-HNSC,43,complete_modality_dropout,B2,none,full,1.0,104.0,44.0,107.37347592126233,0.24223428148312662,0.48977433004231313,0.4610972889812611,0.43680216979269626,0.06823441320275524,-0.6438354328494704,0.3330177162914441,,
TCGA-HNSC,43,complete_modality_dropout,B3,none,full,1.0,104.0,44.0,107.37347592126233,0.22923649543678487,0.6188293370944993,0.6242699324522931,0.6301840197680986,0.0732567536439647,1.4043346733999778,0.33021066108234376,,
TCGA-HNSC,43,complete_modality_dropout,B4,none,full,1.0,104.0,44.0,107.37347592126233,0.23472465841302814,0.5,0.5,0.5,0.014904693795897915,,0.3460822448954319,,
TCGA-HNSC,43,complete_modality_dropout,B5,none,full,1.0,104.0,44.0,107.37347592126233,0.2461640173054595,0.4756699576868829,0.44262174372111274,0.4156253476625621,-0.009625360637766481,-0.9117129493601935,0.3508972861761939,,
TCGA-HNSC,43,complete_modality_dropout,B6,none,full,1.0,104.0,44.0,107.37347592126233,0.24242751574500396,0.48977433004231313,0.4610972889812611,0.43680216979269626,-0.004055565026616569,-0.6322522945180972,0.3490202802956425,,
TCGA-HNSC,43,complete_modality_dropout,B7,ood_only,100,1.0,104.0,44.0,107.37347592126233,0.24223428148312662,0.48977433004231313,0.4610972889812611,0.43680216979269626,0.06823441320275524,-0.6438354328494704,0.3330177162914441,0.24223428148312662,0.24242751574500396
TCGA-HNSC,43,complete_modality_dropout,B7,ood_only,90,0.9038461538461539,94.0,42.0,94.36058177108156,0.24838787709838708,0.4818181818181818,0.45538062225225545,0.4241270575360294,0.22585034023360845,-0.720058321710814,0.3332003547783106,0.24838787709838708,0.2474500145390867
TCGA-HNSC,43,complete_modality_dropout,B7,ood_only,80,0.8076923076923077,84.0,39.0,86.15011074847334,0.2530863054994261,0.4908768373035986,0.47291372875326204,0.4554420685268099,0.28745440608090794,-0.0978124662551167,0.3296890551831422,0.2530863054994261,0.2514763188447987
TCGA-HNSC,43,complete_modality_dropout,B7,uncertainty_only,100,1.0,104.0,44.0,107.37347592126233,0.24223428148312662,0.48977433004231313,0.4610972889812611,0.43680216979269626,0.06823441320275524,-0.6438354328494704,0.3330177162914441,0.24223428148312662,0.24242751574500396
TCGA-HNSC,43,complete_modality_dropout,B7,uncertainty_only,90,0.9038461538461539,94.0,40.0,96.1700540576859,0.2445966319338937,0.5023414218816518,0.4769042022300281,0.45529588127764775,0.1936411840508088,-0.6110506711499348,0.32264481224564884,0.2445966319338937,0.243765855756342
TCGA-HNSC,43,complete_modality_dropout,B7,uncertainty_only,80,0.8076923076923077,84.0,34.0,84.50528487829756,0.2379585432541146,0.5027932960893855,0.48866091041370524,0.48213489276390914,0.21609606204152476,-0.031284563864347026,0.3187373680806373,0.2379585432541146,0.23684568952984378
TCGA-HNSC,43,complete_modality_dropout,B7,full_equal_weight,100,1.0,104.0,44.0,107.37347592126233,0.24223428148312662,0.48977433004231313,0.4610972889812611,0.43680216979269626,0.06823441320275524,-0.6438354328494704,0.3330177162914441,0.24223428148312662,0.24242751574500396
TCGA-HNSC,43,complete_modality_dropout,B7,full_equal_weight,90,0.9038461538461539,94.0,38.0,96.99966291801438,0.2370703083415901,0.47730337078651686,0.46442934270504344,0.45180917505522095,0.03769616877040802,-0.37592929998061675,0.330404765431817,0.2370703083415901,0.2373713185651692
TCGA-HNSC,43,complete_modality_dropout,B7,full_equal_weight,80,0.8076923076923077,84.0,33.0,83.66217140355825,0.2281380473003436,0.4955357142857143,0.48453463514735623,0.4742138201840548,0.06880945789774659,-0.3497239195241678,0.32650400894183845,0.2281380473003436,0.22812154213323418
TCGA-HNSC,43,complete_modality_dropout,B7,full_learned_nonnegative,100,1.0,104.0,44.0,107.37347592126233,0.24223428148312662,0.48977433004231313,0.4610972889812611,0.43680216979269626,0.06823441320275524,-0.6438354328494704,0.3330177162914441,0.24223428148312662,0.24242751574500396
TCGA-HNSC,43,complete_modality_dropout,B7,full_learned_nonnegative,90,0.9038461538461539,94.0,39.0,96.9996629180144,0.23821633785979052,0.482316534040672,0.46124644636790046,0.4464048696246907,0.03141759069095664,-0.5071542224291951,0.33136604381173695,0.23821633785979052,0.2386115477097754
TCGA-HNSC,43,complete_modality_dropout,B7,full_learned_nonnegative,80,0.8076923076923077,84.0,34.0,84.52882034025403,0.24063190679969562,0.4649321266968326,0.459037967077191,0.4388229071709676,0.1430498298302103,-0.8078696981587961,0.33124062000009663,0.24063190679969562,0.24017723858373147
TCGA-HNSC,71,clean,B2,none,full,1.0,104.0,44.0,107.37347592126233,0.24223428148312662,0.48977433004231313,0.4610972889812611,0.43680216979269626,0.06823441320275524,-0.6438354328494704,0.3330177162914441,,
TCGA-HNSC,71,clean,B3,none,full,1.0,104.0,44.0,107.37347592126233,0.22883062082381891,0.6137165021156559,0.6187066805057658,0.6250946731037789,0.07949020796358992,1.5421632305333905,0.3294842543536708,,
TCGA-HNSC,71,clean,B4,none,full,1.0,104.0,44.0,107.37347592126233,0.23822510121568954,0.6265867418899859,0.6274699781362812,0.6293282637411544,-0.07790394134839355,0.47384524553579216,0.364295124866863,,
TCGA-HNSC,71,clean,B5,none,full,1.0,104.0,44.0,107.37347592126233,0.24821463642229707,0.6103667136812412,0.6027886628327231,0.600084257225159,-0.041857401677977774,0.34622536733610476,0.3566847492814937,,
TCGA-HNSC,71,clean,B6,none,full,1.0,104.0,44.0,107.37347592126233,0.24427624307182963,0.6198871650211566,0.6130554432625903,0.6096180742253295,-0.05815265456439849,0.40920515775458993,0.3594050232144307,,
TCGA-HNSC,71,clean,B7,ood_only,100,1.0,104.0,44.0,107.37347592126233,0.24427624307182963,0.6198871650211566,0.6130554432625903,0.6096180742253295,-0.05815265456439849,0.40920515775458993,0.3594050232144307,0.24223428148312662,0.24427624307182963
TCGA-HNSC,71,clean,B7,ood_only,90,0.9038461538461539,94.0,41.0,94.6175947737623,0.2478031762266571,0.5928270042194093,0.5824528288386923,0.5677028948663105,0.04372408388341579,0.3527718591521352,0.3587866505449361,0.24290131108424207,0.2522628772957992
TCGA-HNSC,71,clean,B7,ood_only,80,0.8173076923076923,85.0,40.0,87.1866992517384,0.25598113361322283,0.6144170295113691,0.6044984417802156,0.5719907405840626,0.20038957652116912,0.4289371701718201,0.3562900371090315,0.2553216229425856,0.26769473879203676
TCGA-HNSC,71,clean,B7,uncertainty_only,100,1.0,104.0,44.0,107.37347592126233,0.24427624307182963,0.6198871650211566,0.6130554432625903,0.6096180742253295,-0.05815265456439849,0.40920515775458993,0.3594050232144307,0.24223428148312662,0.24427624307182963
TCGA-HNSC,71,clean,B7,uncertainty_only,90,0.9038461538461539,94.0,38.0,95.58851066830162,0.23825399319338275,0.6021650879566982,0.5901861111636628,0.5812917398086541,-0.028145695451264312,0.418936310511927,0.35133342379074856,0.2396215287285626,0.246328588396762
TCGA-HNSC,71,clean,B7,uncertainty_only,80,0.8076923076923077,84.0,34.0,86.43827560717452,0.23611281325158368,0.5918994413407821,0.5879365977243894,0.5693411447230777,0.03303312739273209,0.4948436529589207,0.3335175278683537,0.24019718436905235,0.25153916977106544
TCGA-HNSC,71,clean,B7,full_equal_weight,100,1.0,104.0,44.0,107.37347592126233,0.24427624307182963,0.6198871650211566,0.6130554432625903,0.6096180742253295,-0.05815265456439849,0.40920515775458993,0.3594050232144307,0.24223428148312662,0.24427624307182963
TCGA-HNSC,71,clean,B7,full_equal_weight,90,0.9038461538461539,94.0,39.0,97.44925351915411,0.23040193704332798,0.621307072515667,0.6180764565951274,0.6073251832749175,-0.13618664600160788,0.5600377164260675,0.3511878706639508,0.2342688756532012,0.2434655617999595
TCGA-HNSC,71,clean,B7,full_equal_weight,80,0.8076923076923077,84.0,35.0,85.98563640501588,0.2330099343265071,0.6213538800220143,0.618985666432352,0.6048007769110716,0.07766689389741725,0.6353256867139447,0.33314008409374235,0.2432071102681417,0.24062985195263462
TCGA-HNSC,71,clean,B7,full_learned_nonnegative,100,1.0,104.0,44.0,107.37347592126233,0.24427624307182963,0.6198871650211566,0.6130554432625903,0.6096180742253295,-0.05815265456439849,0.40920515775458993,0.3594050232144307,0.24223428148312662,0.24427624307182963
TCGA-HNSC,71,clean,B7,full_learned_nonnegative,90,0.9038461538461539,94.0,37.0,96.36270934408749,0.2323263433314009,0.619539689995303,0.6037696407456763,0.5862680569171409,-0.1923491168069287,0.44397700687510117,0.3513571478774049,0.2327898063304055,0.24063720839752684
TCGA-HNSC,71,clean,B7,full_learned_nonnegative,80,0.8076923076923077,84.0,36.0,86.21646861593479,0.23068668750693017,0.6048431480462301,0.5988894569828159,0.5681348169812872,-0.027277316248760772,0.5942617718203747,0.33827394106252573,0.23716748883595914,0.24997932087060004
TCGA-HNSC,71,random_cell_dropout_10pct,B2,none,full,1.0,104.0,44.0,107.37347592126233,0.24223428148312662,0.48977433004231313,0.4610972889812611,0.43680216979269626,0.06823441320275524,-0.6438354328494704,0.3330177162914441,,
TCGA-HNSC,71,random_cell_dropout_10pct,B3,none,full,1.0,104.0,44.0,107.37347592126233,0.22883062082381891,0.6137165021156559,0.6187066805057658,0.6250946731037789,0.07949020796358992,1.5421632305333905,0.3294842543536708,,
TCGA-HNSC,71,random_cell_dropout_10pct,B4,none,full,1.0,104.0,44.0,107.37347592126233,0.24493636390945106,0.593441466854725,0.5967532348032599,0.5957128981809351,-0.12624558465542726,0.37398079833560566,0.37482923206442725,,
TCGA-HNSC,71,random_cell_dropout_10pct,B5,none,full,1.0,104.0,44.0,107.37347592126233,0.2575332899487722,0.5832157968970381,0.5734296228846998,0.5614783765984965,-0.08982970964499064,0.2021351320678817,0.3656620409274038,,
TCGA-HNSC,71,random_cell_dropout_10pct,B6,none,full,1.0,104.0,44.0,107.37347592126233,0.253552112974383,0.5941466854724965,0.5863145939901135,0.5729109961630134,-0.1062693030339406,0.27283065779393373,0.36831293303560286,,
TCGA-HNSC,71,random_cell_dropout_10pct,B7,ood_only,100,1.0,104.0,44.0,107.37347592126233,0.253552112974383,0.5941466854724965,0.5863145939901135,0.5729109961630134,-0.1062693030339406,0.27283065779393373,0.36831293303560286,0.24223428148312662,0.253552112974383
TCGA-HNSC,71,random_cell_dropout_10pct,B7,ood_only,90,0.9038461538461539,94.0,41.0,94.6175947737623,0.26431222229044987,0.5662447257383966,0.5549674058510726,0.5242082839052278,-0.03696277663685738,0.1165564671480783,0.3726710436625905,0.24290131108424207,0.2623909418613561
TCGA-HNSC,71,random_cell_dropout_10pct,B7,ood_only,80,0.8173076923076923,85.0,40.0,87.1866992517384,0.28216661419289724,0.5587808417997098,0.5399838203797237,0.4923797552310496,0.09933486117658065,0.03816711169104175,0.37515919144977855,0.2553216229425856,0.2759880864110106
TCGA-HNSC,71,random_cell_dropout_10pct,B7,uncertainty_only,100,1.0,104.0,44.0,107.37347592126233,0.253552112974383,0.5941466854724965,0.5863145939901135,0.5729109961630134,-0.1062693030339406,0.27283065779393373,0.36831293303560286,0.24223428148312662,0.253552112974383
TCGA-HNSC,71,random_cell_dropout_10pct,B7,uncertainty_only,90,0.9038461538461539,94.0,38.0,95.58851066830162,0.254225266682299,0.5696887686062246,0.5555435340606949,0.5325231696852867,-0.09674142250526743,0.13873282649356086,0.3628349884798052,0.2396215287285626,0.257309503816629
TCGA-HNSC,71,random_cell_dropout_10pct,B7,uncertainty_only,80,0.8076923076923077,84.0,34.0,86.43827560717452,0.24029716667711726,0.5840782122905028,0.5750570820527766,0.5556145029319214,-0.017496819352448203,0.3810854595926146,0.34292746653342837,0.24019718436905235,0.26369907225320766
TCGA-HNSC,71,random_cell_dropout_10pct,B7,full_equal_weight,100,1.0,104.0,44.0,107.37347592126233,0.2455200987428359,0.5952045133991537,0.5882889470034292,0.5702275819782643,0.0415601834038553,0.3423720891986961,0.3351267360358519,0.24223428148312662,0.253552112974383
TCGA-HNSC,71,random_cell_dropout_10pct,B7,full_equal_weight,90,0.9038461538461539,94.0,39.0,97.44925351915411,0.23165456904584822,0.5346911369740376,0.5329860039651622,0.5203790707516722,0.041515872359868,0.48416720389200646,0.31792220747124944,0.2342688756532012,0.25392780501214857
TCGA-HNSC,71,random_cell_dropout_10pct,B7,full_equal_weight,80,0.8076923076923077,84.0,35.0,85.98563640501588,0.23661333858806474,0.4983489268024216,0.48859612526290463,0.4638347006166573,0.21083884257518873,0.628687217151191,0.31274946306713103,0.2432071102681417,0.2517477825790825
TCGA-HNSC,71,random_cell_dropout_10pct,B7,full_learned_nonnegative,100,1.0,104.0,44.0,107.37347592126233,0.2537028967625067,0.5923836389280677,0.5843470647218947,0.569682513054795,-0.10737605459351943,0.2704148804930547,0.3684725680633048,0.24223428148312662,0.253552112974383
TCGA-HNSC,71,random_cell_dropout_10pct,B7,full_learned_nonnegative,90,0.9038461538461539,94.0,37.0,96.36270934408749,0.244195264662783,0.5688116486613434,0.5584981821991503,0.5380500245578136,-0.22400171212209175,0.23224750122130844,0.3632222254475462,0.2327898063304055,0.2517710676431795
TCGA-HNSC,71,random_cell_dropout_10pct,B7,full_learned_nonnegative,80,0.8076923076923077,84.0,36.0,86.21646861593479,0.24728668731774886,0.5682443588332416,0.5564540617233373,0.51626983076367,-0.06169267601245158,0.22578749984233448,0.3448270414999313,0.23716748883595914,0.2599180714367092
TCGA-HNSC,71,random_cell_dropout_30pct,B2,none,full,1.0,104.0,44.0,107.37347592126233,0.24223428148312662,0.48977433004231313,0.4610972889812611,0.43680216979269626,0.06823441320275524,-0.6438354328494704,0.3330177162914441,,
TCGA-HNSC,71,random_cell_dropout_30pct,B3,none,full,1.0,104.0,44.0,107.37347592126233,0.22883062082381891,0.6137165021156559,0.6187066805057658,0.6250946731037789,0.07949020796358992,1.5421632305333905,0.3294842543536708,,
TCGA-HNSC,71,random_cell_dropout_30pct,B4,none,full,1.0,104.0,44.0,107.37347592126233,0.23212576079246675,0.6064880112834978,0.6119014202305065,0.6213742619561565,-0.03825988879435649,0.5745064810275029,0.35658461765775173,,
TCGA-HNSC,71,random_cell_dropout_30pct,B5,none,full,1.0,104.0,44.0,107.37347592126233,0.23591350558668694,0.6050775740479548,0.6038217152670695,0.6152749585028477,0.011103878409834287,0.49837717921689434,0.3496023052308385,,
TCGA-HNSC,71,random_cell_dropout_30pct,B6,none,full,1.0,104.0,44.0,107.37347592126233,0.23291111789821814,0.6110719322990127,0.610930438566167,0.6230017055012687,-0.003931239372774083,0.5680818529920387,0.351369261385879,,
TCGA-HNSC,71,random_cell_dropout_30pct,B7,ood_only,100,1.0,104.0,44.0,107.37347592126233,0.23291111789821814,0.6110719322990127,0.610930438566167,0.6230017055012687,-0.003931239372774083,0.5680818529920387,0.351369261385879,0.24223428148312662,0.23291111789821814
TCGA-HNSC,71,random_cell_dropout_30pct,B7,ood_only,90,0.9038461538461539,94.0,41.0,94.6175947737623,0.23960356551507453,0.5915611814345991,0.5918599504898372,0.5892455965480151,0.02827202185948103,0.42270330427229885,0.36028025216006504,0.24290131108424207,0.23960356551507453
TCGA-HNSC,71,random_cell_dropout_30pct,B7,ood_only,80,0.8173076923076923,85.0,40.0,87.1866992517384,0.257892961930487,0.5839380745041123,0.5786237760766442,0.5650117100540976,0.13673017418411126,0.3067370476959572,0.3682275444185053,0.2553216229425856,0.257892961930487
TCGA-HNSC,71,random_cell_dropout_30pct,B7,uncertainty_only,100,1.0,104.0,44.0,107.37347592126233,0.23291111789821814,0.6110719322990127,0.610930438566167,0.6230017055012687,-0.003931239372774083,0.5680818529920387,0.351369261385879,0.24223428148312662,0.23291111789821814
TCGA-HNSC,71,random_cell_dropout_30pct,B7,uncertainty_only,90,0.9038461538461539,94.0,38.0,95.58851066830162,0.22789967385156185,0.5751014884979703,0.5726525547264145,0.591019755296384,0.021013660110282256,0.5829872162141343,0.3454378378805413,0.2396215287285626,0.23132562866742074
TCGA-HNSC,71,random_cell_dropout_30pct,B7,uncertainty_only,80,0.8076923076923077,84.0,34.0,86.43827560717452,0.2285196649253976,0.6,0.5929549373973434,0.6001243412201991,0.01124176265278656,0.6392591835944396,0.3431408785964596,0.24019718436905235,0.2334242373969987
TCGA-HNSC,71,random_cell_dropout_30pct,B7,full_equal_weight,100,1.0,104.0,44.0,107.37347592126233,0.2297626644187625,0.6071932299012694,0.607631417328639,0.6270791687582513,0.03322021852181337,0.6380767318247355,0.3455707361975512,0.24223428148312662,0.23291111789821814
TCGA-HNSC,71,random_cell_dropout_30pct,B7,full_equal_weight,90,0.9038461538461539,94.0,39.0,97.44925351915411,0.22529706980449438,0.5991495076096688,0.6018102899700997,0.5886686113056068,0.0039062482748879026,0.6840302982661035,0.32557908501284777,0.2342688756532012,0.22897820702103058
TCGA-HNSC,71,random_cell_dropout_30pct,B7,full_equal_weight,80,0.8076923076923077,84.0,35.0,85.98563640501588,0.24323086181919057,0.5693450742982938,0.565430008003067,0.5224852194672462,0.16121775821354686,0.3118261029441064,0.31769763346537366,0.2432071102681417,0.23390619639526056
TCGA-HNSC,71,random_cell_dropout_30pct,B7,full_learned_nonnegative,100,1.0,104.0,44.0,107.37347592126233,0.23291111789821814,0.6110719322990127,0.610930438566167,0.6230017055012687,-0.003931239372774083,0.5680818529920387,0.351369261385879,0.24223428148312662,0.23291111789821814
TCGA-HNSC,71,random_cell_dropout_30pct,B7,full_learned_nonnegative,90,0.9038461538461539,94.0,37.0,96.36270934408749,0.22639356981102515,0.6134335368717708,0.6045200564631193,0.603938654234907,-0.18308035908400705,0.5128218466551363,0.35926248826083657,0.2327898063304055,0.22639356981102515
TCGA-HNSC,71,random_cell_dropout_30pct,B7,full_learned_nonnegative,80,0.8076923076923077,84.0,36.0,86.21646861593479,0.23356667991949648,0.6136488717666483,0.6048129900010047,0.5966088029143777,-0.0636881244662192,0.4995235656407157,0.3512548433805856,0.23716748883595914,0.23656815285467742
TCGA-HNSC,71,measurement_noise_0.5sd,B2,none,full,1.0,104.0,44.0,107.37347592126233,0.24223428148312662,0.48977433004231313,0.4610972889812611,0.43680216979269626,0.06823441320275524,-0.6438354328494704,0.3330177162914441,,
TCGA-HNSC,71,measurement_noise_0.5sd,B3,none,full,1.0,104.0,44.0,107.37347592126233,0.22883062082381891,0.6137165021156559,0.6187066805057658,0.6250946731037789,0.07949020796358992,1.5421632305333905,0.3294842543536708,,
TCGA-HNSC,71,measurement_noise_0.5sd,B4,none,full,1.0,104.0,44.0,107.37347592126233,0.22561821822343878,0.6720733427362482,0.6744275174112653,0.6928075765058761,-0.08515719689380354,0.685269328443928,0.37158777975225177,,
TCGA-HNSC,71,measurement_noise_0.5sd,B5,none,full,1.0,104.0,44.0,107.37347592126233,0.23309361947140467,0.6632581100141044,0.6575629171404512,0.6628112698929001,-0.056993560293722365,0.5614888184559326,0.36455138602725984,,
TCGA-HNSC,71,measurement_noise_0.5sd,B6,none,full,1.0,104.0,44.0,107.37347592126233,0.2306490527580216,0.668194640338505,0.6652781055270114,0.673645858403536,-0.06755054061826964,0.6007149420596845,0.36676488431471366,,
TCGA-HNSC,71,measurement_noise_0.5sd,B7,ood_only,100,1.0,104.0,44.0,107.37347592126233,0.2306490527580216,0.668194640338505,0.6652781055270114,0.673645858403536,-0.06755054061826964,0.6007149420596845,0.36676488431471366,0.24223428148312662,0.2306490527580216
TCGA-HNSC,71,measurement_noise_0.5sd,B7,ood_only,90,0.9038461538461539,94.0,41.0,94.6175947737623,0.23411532801635668,0.6485232067510549,0.6464709172847521,0.6379147512181362,0.07470792834037351,0.5651781765661875,0.3583761710082679,0.24290131108424207,0.23657919734425112
TCGA-HNSC,71,measurement_noise_0.5sd,B7,ood_only,80,0.8173076923076923,85.0,40.0,87.1866992517384,0.2393994679874381,0.6700532172230286,0.6618449132886578,0.6451176359340576,0.26063305492226246,0.784592604777972,0.34295897414120524,0.2553216229425856,0.25411684303286186
TCGA-HNSC,71,measurement_noise_0.5sd,B7,uncertainty_only,100,1.0,104.0,44.0,107.37347592126233,0.2306490527580216,0.668194640338505,0.6652781055270114,0.673645858403536,-0.06755054061826964,0.6007149420596845,0.36676488431471366,0.24223428148312662,0.2306490527580216
TCGA-HNSC,71,measurement_noise_0.5sd,B7,uncertainty_only,90,0.9038461538461539,94.0,38.0,95.58851066830162,0.2150027437592602,0.645466847090663,0.6320223351258393,0.6299376982747618,0.06625664061973277,0.9857035210102606,0.33939713250874454,0.2396215287285626,0.22768258766799776
TCGA-HNSC,71,measurement_noise_0.5sd,B7,uncertainty_only,80,0.8076923076923077,84.0,34.0,86.43827560717452,0.2188604220896763,0.5977653631284916,0.5877953754317835,0.5784484553243363,0.12121417902873917,1.0722052412780292,0.31913824467175356,0.24019718436905235,0.23813796969742745
TCGA-HNSC,71,measurement_noise_0.5sd,B7,full_equal_weight,100,1.0,104.0,44.0,107.37347592126233,0.22435822828428958,0.6755994358251057,0.6725019338368539,0.685714286648505,-0.038657662841498,0.7077861315379914,0.36279990912240295,0.24223428148312662,0.2306490527580216
TCGA-HNSC,71,measurement_noise_0.5sd,B7,full_equal_weight,90,0.9038461538461539,94.0,39.0,97.44925351915411,0.22115331573530655,0.6349597135183527,0.6402285058886699,0.6399336939968604,-0.06821746791648203,0.7154008300869419,0.3414063469667229,0.2342688756532012,0.2327783751289057
TCGA-HNSC,71,measurement_noise_0.5sd,B7,full_equal_weight,80,0.8076923076923077,84.0,35.0,85.98563640501588,0.23232067618151866,0.6073197578425977,0.6059495697022504,0.5872377070116566,0.10928530492528053,0.6169880282750194,0.33095292457142994,0.2432071102681417,0.23266197403741282
TCGA-HNSC,71,measurement_noise_0.5sd,B7,full_learned_nonnegative,100,1.0,104.0,44.0,107.37347592126233,0.22025012084277243,0.672425952045134,0.672768999045885,0.6892607328421857,-0.021007820278494703,0.7880625457929468,0.3624971287003337,0.24223428148312662,0.2306490527580216
TCGA-HNSC,71,measurement_noise_0.5sd,B7,full_learned_nonnegative,90,0.9038461538461539,94.0,37.0,96.36270934408749,0.20258469712565755,0.6836542977923908,0.6737134180871469,0.671416385118289,-0.09956013917900444,0.9918645588287673,0.3433814999315193,0.2327898063304055,0.23055714401548472
TCGA-HNSC,71,measurement_noise_0.5sd,B7,full_learned_nonnegative,80,0.8076923076923077,84.0,36.0,86.21646861593479,0.22986648146525154,0.5831040176114475,0.5715066156194817,0.5550835981973546,0.042322596707549134,0.5839689077881539,0.33184245974975585,0.23716748883595914,0.24133843055942578
TCGA-HNSC,71,location_shift_1sd,B2,none,full,1.0,104.0,44.0,107.37347592126233,0.24223428148312662,0.48977433004231313,0.4610972889812611,0.43680216979269626,0.06823441320275524,-0.6438354328494704,0.3330177162914441,,
TCGA-HNSC,71,location_shift_1sd,B3,none,full,1.0,104.0,44.0,107.37347592126233,0.22883062082381891,0.6137165021156559,0.6187066805057658,0.6250946731037789,0.07949020796358992,1.5421632305333905,0.3294842543536708,,
TCGA-HNSC,71,location_shift_1sd,B4,none,full,1.0,104.0,44.0,107.37347592126233,0.24453251071140736,0.6265867418899859,0.6274699781362812,0.6293282637411544,-0.3641235457582763,0.4311181242451865,0.42381875421984544,,
TCGA-HNSC,71,location_shift_1sd,B5,none,full,1.0,104.0,44.0,107.37347592126233,0.25360455192261777,0.6103667136812412,0.6027886628327231,0.600084257225159,-0.29543525827037714,0.3187194821478586,0.4084547105113111,,
TCGA-HNSC,71,location_shift_1sd,B6,none,full,1.0,104.0,44.0,107.37347592126233,0.24872376056738757,0.6198871650211566,0.6130554432625903,0.6096180742253295,-0.2791281788917829,0.3819498426890761,0.4045218939485376,,
TCGA-HNSC,71,location_shift_1sd,B7,ood_only,100,1.0,104.0,44.0,107.37347592126233,0.24872376056738757,0.6198871650211566,0.6130554432625903,0.6096180742253295,-0.2791281788917829,0.3819498426890761,0.4045218939485376,0.24223428148312662,0.24872376056738757
TCGA-HNSC,71,location_shift_1sd,B7,ood_only,90,0.9038461538461539,94.0,41.0,94.6175947737623,0.24191858276177783,0.6111814345991561,0.6083441133313644,0.5845853811020001,-0.0370323155811799,0.39714895423766966,0.37657975999786814,0.24290131108424207,0.2565721217753699
TCGA-HNSC,71,location_shift_1sd,B7,ood_only,80,0.8173076923076923,85.0,40.0,87.1866992517384,0.24763381908196594,0.6328011611030478,0.6299753193166137,0.6174558502123387,0.15301840756755486,0.564257867333585,0.3656779121219535,0.2553216229425856,0.26954157317721583
TCGA-HNSC,71,location_shift_1sd,B7,uncertainty_only,100,1.0,104.0,44.0,107.37347592126233,0.24872376056738757,0.6198871650211566,0.6130554432625903,0.6096180742253295,-0.2791281788917829,0.3819498426890761,0.4045218939485376,0.24223428148312662,0.24872376056738757
TCGA-HNSC,71,location_shift_1sd,B7,uncertainty_only,90,0.9038461538461539,94.0,38.0,95.58851066830162,0.23216133969770184,0.5703653585926928,0.560126236876041,0.5642457672997998,-0.028047307812966358,0.5045437631772826,0.35706830950553936,0.2396215287285626,0.25155055385469166
TCGA-HNSC,71,location_shift_1sd,B7,uncertainty_only,80,0.8076923076923077,84.0,34.0,86.43827560717452,0.2223620743077533,0.5698324022346368,0.5621760544491091,0.5586492941824525,0.08177612727460824,0.929921149373489,0.32519425589860135,0.24019718436905235,0.2574554682844339
TCGA-HNSC,71,location_shift_1sd,B7,full_equal_weight,100,1.0,104.0,44.0,107.37347592126233,0.24872376056738757,0.6234132581100141,0.6169359808981252,0.6096180742253297,-0.2791281788917829,0.3819498426890761,0.40375292289180315,0.24223428148312662,0.24872376056738757
TCGA-HNSC,71,location_shift_1sd,B7,full_equal_weight,90,0.9038461538461539,94.0,39.0,97.44925351915411,0.23632246186367026,0.6371978513876455,0.6331198742888162,0.5961067375757122,-0.23991257314199757,0.4773285917002424,0.36755442988357206,0.2342688756532012,0.25127835136639914
TCGA-HNSC,71,location_shift_1sd,B7,full_equal_weight,80,0.8076923076923077,84.0,35.0,85.98563640501588,0.2344637886755408,0.5795266923500275,0.5730616979098891,0.5366656381892347,0.06708777843036567,0.6404788345786104,0.3364146174956926,0.2432071102681417,0.2442900090057753
TCGA-HNSC,71,location_shift_1sd,B7,full_learned_nonnegative,100,1.0,104.0,44.0,107.37347592126233,0.23514794696881264,0.6315232722143864,0.631088395051219,0.6331882966452118,-0.22028507084946905,0.5851966025130433,0.3958631661981803,0.24223428148312662,0.24872376056738757
TCGA-HNSC,71,location_shift_1sd,B7,full_learned_nonnegative,90,0.9038461538461539,94.0,37.0,96.36270934408749,0.224721521285247,0.6200093940817285,0.607760158575612,0.5614877206443092,-0.1296100338966868,0.5844366096414043,0.34825654817035023,0.2327898063304055,0.24926683721738668
TCGA-HNSC,71,location_shift_1sd,B7,full_learned_nonnegative,80,0.8076923076923077,84.0,36.0,86.21646861593479,0.2355265534674634,0.5866813428728673,0.5663942609802267,0.5330229503528852,0.007025380882661245,0.44641833043880463,0.34136701226796423,0.23716748883595914,0.2576333802374955
TCGA-HNSC,71,row_permutation_negative_control,B2,none,full,1.0,104.0,44.0,107.37347592126233,0.24223428148312662,0.48977433004231313,0.4610972889812611,0.43680216979269626,0.06823441320275524,-0.6438354328494704,0.3330177162914441,,
TCGA-HNSC,71,row_permutation_negative_control,B3,none,full,1.0,104.0,44.0,107.37347592126233,0.22883062082381891,0.6137165021156559,0.6187066805057658,0.6250946731037789,0.07949020796358992,1.5421632305333905,0.3294842543536708,,
TCGA-HNSC,71,row_permutation_negative_control,B4,none,full,1.0,104.0,44.0,107.37347592126233,0.2817793061565081,0.4248942172073343,0.4170574530010295,0.38143322397186236,-0.0209414514062937,-0.4417973191352526,0.364295124866863,,
TCGA-HNSC,71,row_permutation_negative_control,B5,none,full,1.0,104.0,44.0,107.37347592126233,0.297790161554776,0.4333568406205924,0.4204718202311578,0.38750898800899547,-0.034680891605538444,-0.49012901204613313,0.36165340126615475,,
TCGA-HNSC,71,row_permutation_negative_control,B6,none,full,1.0,104.0,44.0,107.37347592126233,0.29582032597680535,0.4375881523272214,0.4265170595234177,0.3967329081878264,-0.04518235787861847,-0.48768812041950643,0.36316182505895017,,
TCGA-HNSC,71,row_permutation_negative_control,B7,ood_only,100,1.0,104.0,44.0,107.37347592126233,0.29582032597680535,0.4375881523272214,0.4265170595234177,0.3967329081878264,-0.04518235787861847,-0.48768812041950643,0.36316182505895017,0.24223428148312662,0.29582032597680535
TCGA-HNSC,71,row_permutation_negative_control,B7,ood_only,90,0.9038461538461539,94.0,41.0,94.6175947737623,0.2905608428931202,0.43670886075949367,0.42656653953324963,0.39598668930862735,0.10738174745721775,-0.4943772671215888,0.3570783342622416,0.24290131108424207,0.3074421825079276
TCGA-HNSC,71,row_permutation_negative_control,B7,ood_only,80,0.8173076923076923,85.0,40.0,87.1866992517384,0.30366761264728825,0.4564586357039187,0.4472660255255662,0.41573238282078634,0.2950762519938924,-0.4246237383630649,0.34505530364702347,0.2553216229425856,0.3166002503955871
TCGA-HNSC,71,row_permutation_negative_control,B7,uncertainty_only,100,1.0,104.0,44.0,107.37347592126233,0.29582032597680535,0.4375881523272214,0.4265170595234177,0.3967329081878264,-0.04518235787861847,-0.48768812041950643,0.36316182505895017,0.24223428148312662,0.29582032597680535
TCGA-HNSC,71,row_permutation_negative_control,B7,uncertainty_only,90,0.9038461538461539,94.0,38.0,95.58851066830162,0.28836013956567924,0.4167794316644114,0.40480766292245574,0.3822290703962676,0.08317268399531512,-0.6434696174145406,0.33856491812399336,0.2396215287285626,0.2831781612473843
TCGA-HNSC,71,row_permutation_negative_control,B7,uncertainty_only,80,0.8076923076923077,84.0,34.0,86.43827560717452,0.27718851704515535,0.4153631284916201,0.40869141099221096,0.3957355143260871,0.1980328719222597,-0.5878240161690079,0.3139384778981815,0.24019718436905235,0.2777383703346417
TCGA-HNSC,71,row_permutation_negative_control,B7,full_equal_weight,100,1.0,104.0,44.0,107.37347592126233,0.29582032597680535,0.4375881523272214,0.4265170595234177,0.3967329081878264,-0.04518235787861847,-0.48768812041950643,0.36316182505895017,0.24223428148312662,0.29582032597680535
TCGA-HNSC,71,row_permutation_negative_control,B7,full_equal_weight,90,0.9038461538461539,94.0,39.0,97.44925351915411,0.2856079109189169,0.4252461951656222,0.412497435559239,0.38751557952457405,-0.022744912095128314,-0.6452938725730043,0.3307986099431977,0.2342688756532012,0.29048553863043136
TCGA-HNSC,71,row_permutation_negative_control,B7,full_equal_weight,80,0.8076923076923077,84.0,35.0,85.98563640501588,0.28963855889723045,0.42294991744634014,0.41407576285226094,0.3921081613749201,0.2012156410332667,-0.6444119026776363,0.32003510559314796,0.2432071102681417,0.30912745697141486
TCGA-HNSC,71,row_permutation_negative_control,B7,full_learned_nonnegative,100,1.0,104.0,44.0,107.37347592126233,0.29547395788380043,0.43265162200282087,0.4190955362712069,0.3922837082428786,-0.02553273043995936,-0.5320290338968054,0.360110605572334,0.24223428148312662,0.29582032597680535
TCGA-HNSC,71,row_permutation_negative_control,B7,full_learned_nonnegative,90,0.9038461538461539,94.0,37.0,96.36270934408749,0.2744854147284699,0.4166275246594645,0.4013051148948586,0.3881413105486735,-0.032978221823856804,-0.6293786200685945,0.33548883418045383,0.2327898063304055,0.2816771426161751
TCGA-HNSC,71,row_permutation_negative_control,B7,full_learned_nonnegative,80,0.8076923076923077,84.0,36.0,86.21646861593479,0.2701400983404134,0.4372592184920198,0.4247268736555932,0.42676649502545894,0.21874918670185295,-0.5148246398854989,0.31080061200350867,0.23716748883595914,0.28691464210448825
TCGA-HNSC,71,complete_modality_dropout,B2,none,full,1.0,104.0,44.0,107.37347592126233,0.24223428148312662,0.48977433004231313,0.4610972889812611,0.43680216979269626,0.06823441320275524,-0.6438354328494704,0.3330177162914441,,
TCGA-HNSC,71,complete_modality_dropout,B3,none,full,1.0,104.0,44.0,107.37347592126233,0.22883062082381891,0.6137165021156559,0.6187066805057658,0.6250946731037789,0.07949020796358992,1.5421632305333905,0.3294842543536708,,
TCGA-HNSC,71,complete_modality_dropout,B4,none,full,1.0,104.0,44.0,107.37347592126233,0.23472465841302814,0.5,0.5,0.5,0.014904693795897915,,0.3460822448954319,,
TCGA-HNSC,71,complete_modality_dropout,B5,none,full,1.0,104.0,44.0,107.37347592126233,0.2461640173054595,0.4756699576868829,0.44262174372111274,0.4156253476625621,-0.009625360637766481,-0.9117129493601935,0.3508972861761939,,
TCGA-HNSC,71,complete_modality_dropout,B6,none,full,1.0,104.0,44.0,107.37347592126233,0.24296592149927898,0.48977433004231313,0.4610972889812611,0.43680216979269626,0.01055898055765696,-0.5996326204667101,0.34567251650864805,,
TCGA-HNSC,71,complete_modality_dropout,B7,ood_only,100,1.0,104.0,44.0,107.37347592126233,0.24223428148312662,0.48977433004231313,0.4610972889812611,0.43680216979269626,0.06823441320275524,-0.6438354328494704,0.3330177162914441,0.24223428148312662,0.24296592149927898
TCGA-HNSC,71,complete_modality_dropout,B7,ood_only,90,0.9038461538461539,94.0,41.0,94.6175947737623,0.24290131108424207,0.48565400843881856,0.4607830817223818,0.4332569224101209,0.15771491259185838,-0.5504911621031428,0.33448561024945556,0.24290131108424207,0.24303317767846758
TCGA-HNSC,71,complete_modality_dropout,B7,ood_only,80,0.8173076923076923,85.0,40.0,87.1866992517384,0.2553216229425856,0.5024189646831156,0.4847589588282967,0.46473387651326503,0.3127559345758151,-0.055303171049472424,0.33039282008046267,0.2553216229425856,0.2542166178852041
TCGA-HNSC,71,complete_modality_dropout,B7,uncertainty_only,100,1.0,104.0,44.0,107.37347592126233,0.24223428148312662,0.48977433004231313,0.4610972889812611,0.43680216979269626,0.06823441320275524,-0.6438354328494704,0.3330177162914441,0.24223428148312662,0.24296592149927898
TCGA-HNSC,71,complete_modality_dropout,B7,uncertainty_only,90,0.9038461538461539,94.0,38.0,95.58851066830162,0.2396215287285626,0.45579612088407756,0.43335405080637734,0.4154661977227359,0.10919410509105672,-1.3544667701637587,0.3229559062193062,0.2396215287285626,0.24017086556989192
TCGA-HNSC,71,complete_modality_dropout,B7,uncertainty_only,80,0.8076923076923077,84.0,34.0,86.43827560717452,0.24019718436905235,0.44692737430167595,0.4269542117137937,0.4182423723420581,0.12339850602809893,-1.4331560873463625,0.31814718169979866,0.24019718436905235,0.2404119713255374
TCGA-HNSC,71,complete_modality_dropout,B7,full_equal_weight,100,1.0,104.0,44.0,107.37347592126233,0.24223428148312662,0.48977433004231313,0.4610972889812611,0.43680216979269626,0.06823441320275524,-0.6438354328494704,0.3330177162914441,0.24223428148312662,0.24296592149927898
TCGA-HNSC,71,complete_modality_dropout,B7,full_equal_weight,90,0.9038461538461539,94.0,39.0,97.44925351915411,0.2342688756532012,0.48008057296329454,0.4548234367796763,0.4497637965090945,-0.013084768002408946,-0.41482399198272435,0.3301956356747409,0.2342688756532012,0.2352827285086849
TCGA-HNSC,71,complete_modality_dropout,B7,full_equal_weight,80,0.8076923076923077,84.0,35.0,85.98563640501588,0.2432071102681417,0.44551458447991193,0.43973061872373836,0.4294036990472229,0.12952074953735315,-0.7912591297941255,0.3281915053632904,0.2432071102681417,0.2434408210275702
TCGA-HNSC,71,complete_modality_dropout,B7,full_learned_nonnegative,100,1.0,104.0,44.0,107.37347592126233,0.24223428148312662,0.48977433004231313,0.4610972889812611,0.43680216979269626,0.06823441320275524,-0.6438354328494704,0.3330177162914441,0.24223428148312662,0.24296592149927898
TCGA-HNSC,71,complete_modality_dropout,B7,full_learned_nonnegative,90,0.9038461538461539,94.0,37.0,96.36270934408749,0.2327898063304055,0.44128698919680603,0.41705885282789956,0.4036058679065178,-0.02466450409599472,-1.3734350080115363,0.3263767378879334,0.2327898063304055,0.23413459335781706
TCGA-HNSC,71,complete_modality_dropout,B7,full_learned_nonnegative,80,0.8076923076923077,84.0,36.0,86.21646861593479,0.23716748883595914,0.47771051183269125,0.4546838479995679,0.44708471043354836,0.09617710854127302,-0.7222045485141257,0.3216999676732272,0.23716748883595914,0.23741076901252944
TCGA-HNSC,101,clean,B2,none,full,1.0,104.0,44.0,107.37347592126233,0.24223428148312662,0.48977433004231313,0.4610972889812611,0.43680216979269626,0.06823441320275524,-0.6438354328494704,0.3330177162914441,,
TCGA-HNSC,101,clean,B3,none,full,1.0,104.0,44.0,107.37347592126233,0.22913047002071557,0.6126586741889986,0.6154335515513981,0.6236818934293705,0.06953794993495187,1.4236106663682164,0.33151745499514446,,
TCGA-HNSC,101,clean,B4,none,full,1.0,104.0,44.0,107.37347592126233,0.23822510121568954,0.6265867418899859,0.6274699781362812,0.6293282637411544,-0.07790394134839355,0.47384524553579216,0.364295124866863,,
TCGA-HNSC,101,clean,B5,none,full,1.0,104.0,44.0,107.37347592126233,0.24821463642229707,0.6103667136812412,0.6027886628327231,0.600084257225159,-0.041857401677977774,0.34622536733610476,0.3566847492814937,,
TCGA-HNSC,101,clean,B6,none,full,1.0,104.0,44.0,107.37347592126233,0.2458536336157714,0.6181241184767278,0.6096197061838031,0.6055399026079339,-0.049503921435333456,0.3833386892449594,0.3572124200989473,,
TCGA-HNSC,101,clean,B7,ood_only,100,1.0,104.0,44.0,107.37347592126233,0.2458536336157714,0.6181241184767278,0.6096197061838031,0.6055399026079339,-0.049503921435333456,0.3833386892449594,0.3572124200989473,0.24223428148312662,0.2458536336157714
TCGA-HNSC,101,clean,B7,ood_only,90,0.9134615384615384,95.0,42.0,95.84676087548634,0.2524409431352074,0.5907241659886087,0.5775921102207617,0.5579686436716307,0.11013486495733664,0.3097922372496899,0.3538884922028058,0.24864837667473327,0.25476923764466114
TCGA-HNSC,101,clean,B7,ood_only,80,0.8076923076923077,84.0,40.0,85.70052014733362,0.2624863529891186,0.5971948818897638,0.5891698284199796,0.5582210743219663,0.25026428137584333,0.33851039920400317,0.3538053303528684,0.25669755176278547,0.2670263649749578
TCGA-HNSC,101,clean,B7,uncertainty_only,100,1.0,104.0,44.0,107.37347592126233,0.2458536336157714,0.6181241184767278,0.6096197061838031,0.6055399026079339,-0.049503921435333456,0.3833386892449594,0.3572124200989473,0.24223428148312662,0.2458536336157714
TCGA-HNSC,101,clean,B7,uncertainty_only,90,0.9038461538461539,94.0,39.0,95.1626949472016,0.2380869328247309,0.6117232260907889,0.6034288960646923,0.6056285900638476,0.07595746178741554,0.47481296782832777,0.34054632676291396,0.24063607089357145,0.2512356972877874
TCGA-HNSC,101,clean,B7,uncertainty_only,80,0.8173076923076923,85.0,35.0,85.66158346824386,0.2340760565859246,0.5988120950323974,0.6000798779557225,0.6040413850060701,0.2634204387828802,0.7016456960391099,0.3198717229819243,0.24291736102598277,0.24830060848714947
TCGA-HNSC,101,clean,B7,full_equal_weight,100,1.0,104.0,44.0,107.37347592126233,0.2458536336157714,0.6181241184767278,0.6096197061838031,0.6055399026079339,-0.049503921435333456,0.3833386892449594,0.3572124200989473,0.24223428148312662,0.2458536336157714
TCGA-HNSC,101,clean,B7,full_equal_weight,90,0.9038461538461539,94.0,39.0,95.03490323777235,0.23240638485273044,0.6210851345390384,0.6195630322371142,0.6213862132282931,0.09803049564662829,0.5732111084396572,0.3386200413680983,0.2402146128856349,0.24370553853032942
TCGA-HNSC,101,clean,B7,full_equal_weight,80,0.8076923076923077,84.0,34.0,83.27347344676815,0.2093422241064314,0.6412478336221837,0.6364003206128461,0.6257985145394627,0.10263936171765732,1.124711179502538,0.33125872878813345,0.23363049063869437,0.24362675851970983
TCGA-HNSC,101,clean,B7,full_learned_nonnegative,100,1.0,104.0,44.0,107.37347592126233,0.2458536336157714,0.6181241184767278,0.6096197061838031,0.6055399026079339,-0.049503921435333456,0.3833386892449594,0.3572124200989473,0.24223428148312662,0.2458536336157714
TCGA-HNSC,101,clean,B7,full_learned_nonnegative,90,0.9038461538461539,94.0,40.0,95.0610840295342,0.2325637983134691,0.6104347826086957,0.6081035790221295,0.6195362997846765,0.08502615768712526,0.5896481316963819,0.33789907121779134,0.2381357394865832,0.24724138812381868
TCGA-HNSC,101,clean,B7,full_learned_nonnegative,80,0.8076923076923077,84.0,35.0,84.30447379042998,0.22166278545775178,0.626391982182628,0.6203621151069878,0.6362168140929644,0.19480928843379425,0.9374470434108494,0.32417347283101927,0.23874982429653463,0.24416061523481092
TCGA-HNSC,101,random_cell_dropout_10pct,B2,none,full,1.0,104.0,44.0,107.37347592126233,0.24223428148312662,0.48977433004231313,0.4610972889812611,0.43680216979269626,0.06823441320275524,-0.6438354328494704,0.3330177162914441,,
TCGA-HNSC,101,random_cell_dropout_10pct,B3,none,full,1.0,104.0,44.0,107.37347592126233,0.22913047002071557,0.6126586741889986,0.6154335515513981,0.6236818934293705,0.06953794993495187,1.4236106663682164,0.33151745499514446,,
TCGA-HNSC,101,random_cell_dropout_10pct,B4,none,full,1.0,104.0,44.0,107.37347592126233,0.23525277234745617,0.6061354019746121,0.6099102771013156,0.621093599541886,-0.05135354340799157,0.4919434064935947,0.36422483278996365,,
TCGA-HNSC,101,random_cell_dropout_10pct,B5,none,full,1.0,104.0,44.0,107.37347592126233,0.24411915754863836,0.5842736248236954,0.5797306540067985,0.585275352544476,-0.027913066831956216,0.38028608266592606,0.3583531106961372,,
TCGA-HNSC,101,random_cell_dropout_10pct,B6,none,full,1.0,104.0,44.0,107.37347592126233,0.24134572104865454,0.593441466854725,0.588889622697128,0.5986487663700477,-0.03389018968830328,0.4233153991788942,0.3584345384384443,,
TCGA-HNSC,101,random_cell_dropout_10pct,B7,ood_only,100,1.0,104.0,44.0,107.37347592126233,0.24134572104865454,0.593441466854725,0.588889622697128,0.5986487663700477,-0.03389018968830328,0.4233153991788942,0.3584345384384443,0.24223428148312662,0.24134572104865454
TCGA-HNSC,101,random_cell_dropout_10pct,B7,ood_only,90,0.9134615384615384,95.0,42.0,95.84676087548634,0.2549731917112906,0.5622457282343368,0.5475618600745115,0.5365915398145583,0.11120573262745266,0.22756968028589833,0.357536132441704,0.24864837667473327,0.24900337206332546
TCGA-HNSC,101,random_cell_dropout_10pct,B7,ood_only,80,0.8076923076923077,84.0,40.0,85.70052014733362,0.25419904073087857,0.593996062992126,0.5795675334085246,0.5676096912851228,0.27370648259910946,0.4896185503649233,0.3515817164078599,0.25669755176278547,0.25631988266765227
TCGA-HNSC,101,random_cell_dropout_10pct,B7,uncertainty_only,100,1.0,104.0,44.0,107.37347592126233,0.24134572104865454,0.593441466854725,0.588889622697128,0.5986487663700477,-0.03389018968830328,0.4233153991788942,0.3584345384384443,0.24223428148312662,0.24134572104865454
TCGA-HNSC,101,random_cell_dropout_10pct,B7,uncertainty_only,90,0.9038461538461539,94.0,39.0,95.1626949472016,0.242098759173082,0.5808726311150286,0.5736840046170967,0.5880354420117143,0.046242929332435415,0.3862615475471222,0.3501491848804011,0.24063607089357145,0.24254420856547976
TCGA-HNSC,101,random_cell_dropout_10pct,B7,uncertainty_only,80,0.8173076923076923,85.0,35.0,85.66158346824386,0.2368158479337547,0.5745140388768899,0.5818804659058548,0.6007374087650847,0.2255395980767656,0.5503011154911505,0.3322570450662581,0.24291736102598277,0.24313922412253205
TCGA-HNSC,101,random_cell_dropout_10pct,B7,full_equal_weight,100,1.0,104.0,44.0,107.37347592126233,0.22536076717842662,0.6040197461212976,0.6053504746218268,0.5927480649765486,0.09403345223015958,0.8126554922083209,0.329294912797161,0.24223428148312662,0.24134572104865454
TCGA-HNSC,101,random_cell_dropout_10pct,B7,full_equal_weight,90,0.9038461538461539,94.0,39.0,95.03490323777235,0.2202292207134751,0.6104984561093957,0.6122007442373328,0.619303005049612,0.24477934352723255,1.2062012846034964,0.3098141690617066,0.2402146128856349,0.23819059674134246
TCGA-HNSC,101,random_cell_dropout_10pct,B7,full_equal_weight,80,0.8076923076923077,84.0,34.0,83.27347344676815,0.22351905873274283,0.5869439630271519,0.5784398878310483,0.5525019327750386,0.20876844251300802,0.9752959995890387,0.30866689076792536,0.23363049063869437,0.23560930077047426
TCGA-HNSC,101,random_cell_dropout_10pct,B7,full_learned_nonnegative,100,1.0,104.0,44.0,107.37347592126233,0.24134572104865454,0.593441466854725,0.588889622697128,0.5986487663700477,-0.03389018968830328,0.4233153991788942,0.3584345384384443,0.24223428148312662,0.24134572104865454
TCGA-HNSC,101,random_cell_dropout_10pct,B7,full_learned_nonnegative,90,0.9038461538461539,94.0,40.0,95.0610840295342,0.23133753482356564,0.5939130434782609,0.5912082550904211,0.6080220829382793,0.013899503478031932,0.5967978307711953,0.36049289124487305,0.2381357394865832,0.24067969691405885
TCGA-HNSC,101,random_cell_dropout_10pct,B7,full_learned_nonnegative,80,0.8076923076923077,84.0,35.0,84.30447379042998,0.22468268834244753,0.6152561247216035,0.615306941111849,0.6206761118692139,0.09893564287788291,0.7701531586643396,0.3403643145963904,0.23874982429653463,0.2372224743866111
TCGA-HNSC,101,random_cell_dropout_30pct,B2,none,full,1.0,104.0,44.0,107.37347592126233,0.24223428148312662,0.48977433004231313,0.4610972889812611,0.43680216979269626,0.06823441320275524,-0.6438354328494704,0.3330177162914441,,
TCGA-HNSC,101,random_cell_dropout_30pct,B3,none,full,1.0,104.0,44.0,107.37347592126233,0.22913047002071557,0.6126586741889986,0.6154335515513981,0.6236818934293705,0.06953794993495187,1.4236106663682164,0.33151745499514446,,
TCGA-HNSC,101,random_cell_dropout_30pct,B4,none,full,1.0,104.0,44.0,107.37347592126233,0.23331213384659136,0.5807475317348378,0.5890614024078551,0.5897478329680657,-0.03584176189835558,0.6106516755974926,0.35837542375086523,,
TCGA-HNSC,101,random_cell_dropout_30pct,B5,none,full,1.0,104.0,44.0,107.37347592126233,0.2443368806389934,0.5539492242595204,0.5520525619539864,0.5542137569496837,-0.022803422376667493,0.2706547365979907,0.355056404904295,,
TCGA-HNSC,101,random_cell_dropout_30pct,B6,none,full,1.0,104.0,44.0,107.37347592126233,0.24223644127983282,0.5652327221438646,0.5628854084045192,0.5681944662875182,-0.028740724962226682,0.3343046326150711,0.3553371936585347,,
TCGA-HNSC,101,random_cell_dropout_30pct,B7,ood_only,100,1.0,104.0,44.0,107.37347592126233,0.24223644127983282,0.5652327221438646,0.5628854084045192,0.5681944662875182,-0.028740724962226682,0.3343046326150711,0.3553371936585347,0.24223428148312662,0.24223644127983282
TCGA-HNSC,101,random_cell_dropout_30pct,B7,ood_only,90,0.9134615384615384,95.0,42.0,95.84676087548634,0.24858754997794122,0.5459723352318958,0.5411659555386776,0.5345892005163165,0.08390576214807978,0.23778664770835622,0.35952999764339383,0.24864837667473327,0.24779133512397347
TCGA-HNSC,101,random_cell_dropout_30pct,B7,ood_only,80,0.8076923076923077,84.0,40.0,85.70052014733362,0.2614838706943918,0.547736220472441,0.5388706603513274,0.5274044159837825,0.19554971130680252,0.19989918645926164,0.36446190487807,0.25669755176278547,0.2605833896095473
TCGA-HNSC,101,random_cell_dropout_30pct,B7,uncertainty_only,100,1.0,104.0,44.0,107.37347592126233,0.24223644127983282,0.5652327221438646,0.5628854084045192,0.5681944662875182,-0.028740724962226682,0.3343046326150711,0.3553371936585347,0.24223428148312662,0.24223644127983282
TCGA-HNSC,101,random_cell_dropout_30pct,B7,uncertainty_only,90,0.9038461538461539,94.0,39.0,95.1626949472016,0.24678364971183903,0.5491405905685324,0.5454645387175964,0.5367472579768393,0.06412784837576577,0.14004516850658288,0.33508599203327444,0.24063607089357145,0.25028976005123565
TCGA-HNSC,101,random_cell_dropout_30pct,B7,uncertainty_only,80,0.8173076923076923,85.0,35.0,85.66158346824386,0.2472994157423665,0.5226781857451404,0.5291332172075529,0.5253326388761489,0.2334277944565168,0.18567289551991387,0.3188555108621798,0.24291736102598277,0.24862428503440975
TCGA-HNSC,101,random_cell_dropout_30pct,B7,full_equal_weight,100,1.0,104.0,44.0,107.37347592126233,0.24039085787701328,0.5595909732016925,0.5637276961236639,0.5605973820410761,0.007443493236476264,0.35749490898312636,0.3408936630218449,0.24223428148312662,0.24223644127983282
TCGA-HNSC,101,random_cell_dropout_30pct,B7,full_equal_weight,90,0.9038461538461539,94.0,39.0,95.03490323777235,0.22353791972884995,0.5824878694309661,0.5868075078828021,0.5806134301627683,0.19106130907839788,1.1316281083914592,0.3139634470485721,0.2402146128856349,0.24071828704292017
TCGA-HNSC,101,random_cell_dropout_30pct,B7,full_equal_weight,80,0.8076923076923077,84.0,34.0,83.27347344676815,0.2201536973226656,0.5771230502599654,0.5741848068077862,0.5347454762536347,0.1316213313238466,0.9744369066459087,0.32181099544768854,0.23363049063869437,0.237248564517675
TCGA-HNSC,101,random_cell_dropout_30pct,B7,full_learned_nonnegative,100,1.0,104.0,44.0,107.37347592126233,0.24223644127983282,0.5652327221438646,0.5628854084045192,0.5681944662875182,-0.028740724962226682,0.3343046326150711,0.3553371936585347,0.24223428148312662,0.24223644127983282
TCGA-HNSC,101,random_cell_dropout_30pct,B7,full_learned_nonnegative,90,0.9038461538461539,94.0,40.0,95.0610840295342,0.2392142922445504,0.5656521739130435,0.566349555601743,0.5771032125594426,0.01023069353219356,0.3703983750551485,0.3520107694860025,0.2381357394865832,0.24217904661580442
TCGA-HNSC,101,random_cell_dropout_30pct,B7,full_learned_nonnegative,80,0.8076923076923077,84.0,35.0,84.30447379042998,0.23948625593903733,0.5818485523385301,0.5816458244623726,0.5686874286516046,0.0688971804531374,0.34281258436978584,0.3401576199546665,0.23874982429653463,0.2388930464867133
TCGA-HNSC,101,measurement_noise_0.5sd,B2,none,full,1.0,104.0,44.0,107.37347592126233,0.24223428148312662,0.48977433004231313,0.4610972889812611,0.43680216979269626,0.06823441320275524,-0.6438354328494704,0.3330177162914441,,
TCGA-HNSC,101,measurement_noise_0.5sd,B3,none,full,1.0,104.0,44.0,107.37347592126233,0.22913047002071557,0.6126586741889986,0.6154335515513981,0.6236818934293705,0.06953794993495187,1.4236106663682164,0.33151745499514446,,
TCGA-HNSC,101,measurement_noise_0.5sd,B4,none,full,1.0,104.0,44.0,107.37347592126233,0.23434869962287375,0.6184767277856136,0.6233600355867787,0.6533859224553205,-0.1251369986244513,0.487841940875696,0.37581472458024073,,
TCGA-HNSC,101,measurement_noise_0.5sd,B5,none,full,1.0,104.0,44.0,107.37347592126233,0.24301671586670334,0.5909732016925247,0.5926661621097576,0.6061073047425648,-0.10760076322820229,0.4111959756160142,0.36972538242234604,,
TCGA-HNSC,101,measurement_noise_0.5sd,B6,none,full,1.0,104.0,44.0,107.37347592126233,0.2406099878089714,0.596262341325811,0.5954224061094399,0.6057774555228913,-0.11290145184094687,0.4385212628144321,0.3701121701374488,,
TCGA-HNSC,101,measurement_noise_0.5sd,B7,ood_only,100,1.0,104.0,44.0,107.37347592126233,0.2406099878089714,0.5944992947813822,0.5937728720935106,0.6057774555228913,-0.11290145184094687,0.4385212628144321,0.3721558822277774,0.24223428148312662,0.2406099878089714
TCGA-HNSC,101,measurement_noise_0.5sd,B7,ood_only,90,0.9134615384615384,95.0,42.0,95.84676087548634,0.23430143338287285,0.5618388934092758,0.5624707438456681,0.5641473494166255,0.09362060303231222,0.6059704016307449,0.36278979962771496,0.24864837667473327,0.24604385169873375
TCGA-HNSC,101,measurement_noise_0.5sd,B7,ood_only,80,0.8076923076923077,84.0,40.0,85.70052014733362,0.24821892301328252,0.5762795275590551,0.575094745224084,0.5667416406594625,0.2712477433752352,0.6166090750153039,0.3470356095630108,0.25669755176278547,0.25209440114339704
TCGA-HNSC,101,measurement_noise_0.5sd,B7,uncertainty_only,100,1.0,104.0,44.0,107.37347592126233,0.2406099878089714,0.596262341325811,0.5954224061094399,0.6057774555228913,-0.11290145184094687,0.4385212628144321,0.3701121701374488,0.24223428148312662,0.2406099878089714
TCGA-HNSC,101,measurement_noise_0.5sd,B7,uncertainty_only,90,0.9038461538461539,94.0,39.0,95.1626949472016,0.2397414806512285,0.5652269722344645,0.563227880683276,0.5542742173577204,0.030741106542104168,0.38383164338463516,0.34474391722594855,0.24063607089357145,0.24865340200843275
TCGA-HNSC,101,measurement_noise_0.5sd,B7,uncertainty_only,80,0.8173076923076923,85.0,35.0,85.66158346824386,0.23549161651612105,0.5280777537796977,0.5312420432267352,0.5422339094016259,0.28882593762249126,0.64251004707539,0.31245350821809503,0.24291736102598277,0.24970179222696073
TCGA-HNSC,101,measurement_noise_0.5sd,B7,full_equal_weight,100,1.0,104.0,44.0,107.37347592126233,0.2406099878089714,0.596262341325811,0.5954224061094399,0.6057774555228913,-0.11290145184094687,0.4385212628144321,0.3701121701374488,0.24223428148312662,0.2406099878089714
TCGA-HNSC,101,measurement_noise_0.5sd,B7,full_equal_weight,90,0.9038461538461539,94.0,39.0,95.03490323777235,0.22672433064607792,0.5688134097926776,0.5813392296152957,0.5843916868976564,0.11955266426319265,0.6787502195315893,0.32843649884987497,0.2402146128856349,0.2392299334657764
TCGA-HNSC,101,measurement_noise_0.5sd,B7,full_equal_weight,80,0.8076923076923077,84.0,34.0,83.27347344676815,0.22959565378623742,0.5658578856152513,0.5668315471757392,0.5390026609852029,0.056653201405722636,0.49712920925446874,0.3324668363589489,0.23363049063869437,0.23680340906323508
TCGA-HNSC,101,measurement_noise_0.5sd,B7,full_learned_nonnegative,100,1.0,104.0,44.0,107.37347592126233,0.2267591390000226,0.6015514809590973,0.6069352049399891,0.6245783354208018,-0.05373882084908725,0.667918690514301,0.36208962509380915,0.24223428148312662,0.2406099878089714
TCGA-HNSC,101,measurement_noise_0.5sd,B7,full_learned_nonnegative,90,0.9038461538461539,94.0,40.0,95.0610840295342,0.23589412492624204,0.5558695652173913,0.5644178750833407,0.5614043864483709,0.03146668636013755,0.492927032549707,0.34391309556106303,0.2381357394865832,0.24263333244146612
TCGA-HNSC,101,measurement_noise_0.5sd,B7,full_learned_nonnegative,80,0.8076923076923077,84.0,35.0,84.30447379042998,0.23565774851046292,0.5286748329621381,0.5257257405715392,0.4983040004833378,0.19866814386104295,0.5363922791223462,0.31719151586042815,0.23874982429653463,0.23479558664171946
TCGA-HNSC,101,location_shift_1sd,B2,none,full,1.0,104.0,44.0,107.37347592126233,0.24223428148312662,0.48977433004231313,0.4610972889812611,0.43680216979269626,0.06823441320275524,-0.6438354328494704,0.3330177162914441,,
TCGA-HNSC,101,location_shift_1sd,B3,none,full,1.0,104.0,44.0,107.37347592126233,0.22913047002071557,0.6126586741889986,0.6154335515513981,0.6236818934293705,0.06953794993495187,1.4236106663682164,0.33151745499514446,,
TCGA-HNSC,101,location_shift_1sd,B4,none,full,1.0,104.0,44.0,107.37347592126233,0.24207379966860942,0.6265867418899859,0.6274699781362812,0.6293282637411544,0.4161473540826845,0.5405152473298099,0.26836059868431705,,
TCGA-HNSC,101,location_shift_1sd,B5,none,full,1.0,104.0,44.0,107.37347592126233,0.24934461236358096,0.6103667136812412,0.6027886628327231,0.600084257225159,0.38094647692732864,0.38835372656554484,0.27535328876166426,,
TCGA-HNSC,101,location_shift_1sd,B6,none,full,1.0,104.0,44.0,107.37347592126233,0.2467022647081375,0.6181241184767278,0.6096197061838031,0.6055399026079339,0.35079231138692135,0.4258383018384448,0.28005001194037493,,
TCGA-HNSC,101,location_shift_1sd,B7,ood_only,100,1.0,104.0,44.0,107.37347592126233,0.2467022647081375,0.6181241184767278,0.6096197061838031,0.6055399026079339,0.35079231138692135,0.4258383018384448,0.28005001194037493,0.24223428148312662,0.2467022647081375
TCGA-HNSC,101,location_shift_1sd,B7,ood_only,90,0.9134615384615384,95.0,42.0,95.84676087548634,0.25268204497584607,0.5567534580960131,0.55149537575672,0.5474365145621863,0.46215672281212244,0.40475895878492235,0.2883021874365196,0.24864837667473327,0.2583482317126017
TCGA-HNSC,101,location_shift_1sd,B7,ood_only,80,0.8076923076923077,84.0,40.0,85.70052014733362,0.26008707596529623,0.5519192913385826,0.5439299855895222,0.5308471944187081,0.4913187840162495,0.50449372065104,0.30351806174393636,0.25669755176278547,0.274536525593314
TCGA-HNSC,101,location_shift_1sd,B7,uncertainty_only,100,1.0,104.0,44.0,107.37347592126233,0.2467022647081375,0.6181241184767278,0.6096197061838031,0.6055399026079339,0.35079231138692135,0.4258383018384448,0.28005001194037493,0.24223428148312662,0.2467022647081375
TCGA-HNSC,101,location_shift_1sd,B7,uncertainty_only,90,0.9038461538461539,94.0,39.0,95.1626949472016,0.24476760666897665,0.5724988981930366,0.564476006652272,0.5657516139239154,0.4893520346892119,0.5059158539036817,0.2623221728387942,0.24063607089357145,0.25283891679267156
TCGA-HNSC,101,location_shift_1sd,B7,uncertainty_only,80,0.8173076923076923,85.0,35.0,85.66158346824386,0.24585343100849233,0.5674946004319654,0.5674411376451087,0.579716792996671,0.6101081725323372,0.7177709057050481,0.25458224711274124,0.24291736102598277,0.25520029617063883
TCGA-HNSC,101,location_shift_1sd,B7,full_equal_weight,100,1.0,104.0,44.0,107.37347592126233,0.2467022647081375,0.6181241184767278,0.6096197061838031,0.6055399026079339,0.35079231138692135,0.4258383018384448,0.28005001194037493,0.24223428148312662,0.2467022647081375
TCGA-HNSC,101,location_shift_1sd,B7,full_equal_weight,90,0.9038461538461539,94.0,39.0,95.03490323777235,0.23697688983790804,0.601896779885311,0.6014133652416367,0.6044524411939569,0.5042050636579746,0.7225591603735669,0.26294274740832796,0.2402146128856349,0.24593014342882127
TCGA-HNSC,101,location_shift_1sd,B7,full_equal_weight,80,0.8076923076923077,84.0,34.0,83.27347344676815,0.2320291795871134,0.6016753321779318,0.5940233775148895,0.5712648841699494,0.4163720052768942,0.6235154472116896,0.26841177621113155,0.23363049063869437,0.2420482967007543
TCGA-HNSC,101,location_shift_1sd,B7,full_learned_nonnegative,100,1.0,104.0,44.0,107.37347592126233,0.2467022647081375,0.6181241184767278,0.6096197061838031,0.6055399026079339,0.35079231138692135,0.4258383018384448,0.28005001194037493,0.24223428148312662,0.2467022647081375
TCGA-HNSC,101,location_shift_1sd,B7,full_learned_nonnegative,90,0.9038461538461539,94.0,40.0,95.0610840295342,0.23697177916312093,0.6060869565217392,0.6013846150226783,0.597131059936247,0.4384743926247304,0.6408812279840469,0.2703834398531251,0.2381357394865832,0.24786343333174674
TCGA-HNSC,101,location_shift_1sd,B7,full_learned_nonnegative,80,0.8076923076923077,84.0,35.0,84.30447379042998,0.23731919253200776,0.6074610244988864,0.5966226834073508,0.5958410542666107,0.502204095394436,0.8061876980539101,0.2601603407175506,0.23874982429653463,0.24583587858310643
TCGA-HNSC,101,row_permutation_negative_control,B2,none,full,1.0,104.0,44.0,107.37347592126233,0.24223428148312662,0.48977433004231313,0.4610972889812611,0.43680216979269626,0.06823441320275524,-0.6438354328494704,0.3330177162914441,,
TCGA-HNSC,101,row_permutation_negative_control,B3,none,full,1.0,104.0,44.0,107.37347592126233,0.22913047002071557,0.6126586741889986,0.6154335515513981,0.6236818934293705,0.06953794993495187,1.4236106663682164,0.33151745499514446,,
TCGA-HNSC,101,row_permutation_negative_control,B4,none,full,1.0,104.0,44.0,107.37347592126233,0.29036027986490937,0.43723554301833567,0.4116807201977692,0.3693273279780943,-0.0614804664784053,-0.4937593433342332,0.3642951248668631,,
TCGA-HNSC,101,row_permutation_negative_control,B5,none,full,1.0,104.0,44.0,107.37347592126233,0.3025561063089018,0.44111424541607896,0.41022088235212417,0.35496964399937025,-0.05515674237441043,-0.5364098439183078,0.36133160422736577,,
TCGA-HNSC,101,row_permutation_negative_control,B6,none,full,1.0,104.0,44.0,107.37347592126233,0.29982591078540566,0.4407616361071932,0.4096699380811457,0.3603415327556563,-0.05290793526212883,-0.5095185038972267,0.3607644874097375,,
TCGA-HNSC,101,row_permutation_negative_control,B7,ood_only,100,1.0,104.0,44.0,107.37347592126233,0.29982591078540566,0.4407616361071932,0.4096699380811457,0.3603415327556563,-0.05290793526212883,-0.5095185038972267,0.3607644874097375,0.24223428148312662,0.29982591078540566
TCGA-HNSC,101,row_permutation_negative_control,B7,ood_only,90,0.9134615384615384,95.0,42.0,95.84676087548634,0.31022933928721264,0.38344182262001625,0.3589830907139839,0.2842480836196844,0.13816232199037162,-0.9636449245320248,0.3476771216339792,0.24864837667473327,0.29902768165913246
TCGA-HNSC,101,row_permutation_negative_control,B7,ood_only,80,0.8076923076923077,84.0,40.0,85.70052014733362,0.31164084906212236,0.3971456692913386,0.3805863842006995,0.3056784857381435,0.31514667090040355,-0.8009878356593051,0.3353614875900229,0.25669755176278547,0.3039669795325076
TCGA-HNSC,101,row_permutation_negative_control,B7,uncertainty_only,100,1.0,104.0,44.0,107.37347592126233,0.29982591078540566,0.4407616361071932,0.4096699380811457,0.3603415327556563,-0.05290793526212883,-0.5095185038972267,0.3607644874097375,0.24223428148312662,0.29982591078540566
TCGA-HNSC,101,row_permutation_negative_control,B7,uncertainty_only,90,0.9038461538461539,94.0,39.0,95.1626949472016,0.29853122588901115,0.39753195240193917,0.37104449430754377,0.3192499933400987,0.1480093150844667,-0.8338170405164469,0.33229333241493336,0.24063607089357145,0.29489251018085133
TCGA-HNSC,101,row_permutation_negative_control,B7,uncertainty_only,80,0.8173076923076923,85.0,35.0,85.66158346824386,0.29408873346569164,0.39929805615550756,0.38632508679515065,0.34783862878225635,0.36363084018481423,-0.8263069454636642,0.30151197635263166,0.24291736102598277,0.2932337386432721
TCGA-HNSC,101,row_permutation_negative_control,B7,full_equal_weight,100,1.0,104.0,44.0,107.37347592126233,0.29982591078540566,0.4407616361071932,0.4096699380811457,0.3603415327556563,-0.05290793526212883,-0.5095185038972267,0.3607644874097375,0.24223428148312662,0.29982591078540566
TCGA-HNSC,101,row_permutation_negative_control,B7,full_equal_weight,90,0.9038461538461539,94.0,39.0,95.03490323777235,0.28837196809652316,0.396118217909131,0.3771955214622778,0.3352680077948525,0.19703888917691703,-0.8316439921728411,0.32371230462879014,0.2402146128856349,0.2918960672591219
TCGA-HNSC,101,row_permutation_negative_control,B7,full_equal_weight,80,0.8076923076923077,84.0,34.0,83.27347344676815,0.27851720744411645,0.3928365106874639,0.3764970237176677,0.32803861554422303,0.20676610342187868,-0.854714124623968,0.3190036924204601,0.23363049063869437,0.2842066733664061
TCGA-HNSC,101,row_permutation_negative_control,B7,full_learned_nonnegative,100,1.0,104.0,44.0,107.37347592126233,0.3042546313287063,0.423836389280677,0.39341821169977087,0.3429484925957369,-0.02933308940046435,-0.6516723197169653,0.35622106315707847,0.24223428148312662,0.29982591078540566
TCGA-HNSC,101,row_permutation_negative_control,B7,full_learned_nonnegative,90,0.9038461538461539,94.0,40.0,95.0610840295342,0.29239432389141584,0.3760869565217391,0.3500016393393472,0.29434980801157623,0.09400644607569876,-1.0155125784609267,0.3429714410260618,0.2381357394865832,0.2930352723317029
TCGA-HNSC,101,row_permutation_negative_control,B7,full_learned_nonnegative,80,0.8076923076923077,84.0,35.0,84.30447379042998,0.2813748607389397,0.40311804008908686,0.3914189319753813,0.34298965227793615,0.23337837091107025,-0.7749152115226283,0.31541561778179,0.23874982429653463,0.28562463020482226
TCGA-HNSC,101,complete_modality_dropout,B2,none,full,1.0,104.0,44.0,107.37347592126233,0.24223428148312662,0.48977433004231313,0.4610972889812611,0.43680216979269626,0.06823441320275524,-0.6438354328494704,0.3330177162914441,,
TCGA-HNSC,101,complete_modality_dropout,B3,none,full,1.0,104.0,44.0,107.37347592126233,0.22913047002071557,0.6126586741889986,0.6154335515513981,0.6236818934293705,0.06953794993495187,1.4236106663682164,0.33151745499514446,,
TCGA-HNSC,101,complete_modality_dropout,B4,none,full,1.0,104.0,44.0,107.37347592126233,0.23472465841302814,0.5,0.5,0.5,0.014904693795897915,,0.3460822448954319,,
TCGA-HNSC,101,complete_modality_dropout,B5,none,full,1.0,104.0,44.0,107.37347592126233,0.2461640173054595,0.4756699576868829,0.44262174372111274,0.4156253476625621,-0.009625360637766481,-0.9117129493601935,0.3508972861761939,,
TCGA-HNSC,101,complete_modality_dropout,B6,none,full,1.0,104.0,44.0,107.37347592126233,0.2435127463834221,0.48977433004231313,0.4610972889812611,0.43680216979269626,-0.0046847453579088975,-0.5750110128008927,0.3490046417235874,,
TCGA-HNSC,101,complete_modality_dropout,B7,ood_only,100,1.0,104.0,44.0,107.37347592126233,0.24223428148312662,0.48977433004231313,0.4610972889812611,0.43680216979269626,0.06823441320275524,-0.6438354328494704,0.3330177162914441,0.24223428148312662,0.2435127463834221
TCGA-HNSC,101,complete_modality_dropout,B7,ood_only,90,0.9134615384615384,95.0,42.0,95.84676087548634,0.24864837667473327,0.475793327908869,0.4499308052196209,0.4154421761571074,0.19357044002285115,-0.8563172894476471,0.3342056130207573,0.24864837667473327,0.2492476205363735
TCGA-HNSC,101,complete_modality_dropout,B7,ood_only,80,0.8076923076923077,84.0,40.0,85.70052014733362,0.25669755176278547,0.500738188976378,0.4829684444387817,0.46069805990550095,0.3405381222776071,-0.09605185405775508,0.3306361794636207,0.25669755176278547,0.255399251520616
TCGA-HNSC,101,complete_modality_dropout,B7,uncertainty_only,100,1.0,104.0,44.0,107.37347592126233,0.24223428148312662,0.48977433004231313,0.4610972889812611,0.43680216979269626,0.06823441320275524,-0.6438354328494704,0.3330177162914441,0.24223428148312662,0.2435127463834221
TCGA-HNSC,101,complete_modality_dropout,B7,uncertainty_only,90,0.9038461538461539,94.0,39.0,95.1626949472016,0.24063607089357145,0.47972675187307184,0.4553389469165306,0.4396235239964532,0.1719217554901082,-0.9082485072658528,0.32214364560474257,0.24063607089357145,0.24086948716749992
TCGA-HNSC,101,complete_modality_dropout,B7,uncertainty_only,80,0.8173076923076923,85.0,35.0,85.66158346824386,0.24291736102598277,0.47489200863930886,0.4657063660275379,0.469004708136024,0.27720264900150904,-0.3538057078207511,0.31447451998635895,0.24291736102598277,0.2420407371688136
TCGA-HNSC,101,complete_modality_dropout,B7,full_equal_weight,100,1.0,104.0,44.0,107.37347592126233,0.24223428148312662,0.48977433004231313,0.4610972889812611,0.43680216979269626,0.06823441320275524,-0.6438354328494704,0.3330177162914441,0.24223428148312662,0.2435127463834221
TCGA-HNSC,101,complete_modality_dropout,B7,full_equal_weight,90,0.9038461538461539,94.0,39.0,95.03490323777235,0.2402146128856349,0.4863255403617115,0.46457731966554927,0.44404986153039905,0.1390208717222148,-0.7858363253051577,0.32760459320711083,0.2402146128856349,0.2408120255139205
TCGA-HNSC,101,complete_modality_dropout,B7,full_equal_weight,80,0.8076923076923077,84.0,34.0,83.27347344676815,0.23363049063869437,0.47458116695551705,0.4632947695980992,0.44769186386143645,0.13167648957411834,-0.7948006383371297,0.3267467899004285,0.23363049063869437,0.23398285871725
TCGA-HNSC,101,complete_modality_dropout,B7,full_learned_nonnegative,100,1.0,104.0,44.0,107.37347592126233,0.24223428148312662,0.48977433004231313,0.4610972889812611,0.43680216979269626,0.06823441320275524,-0.6438354328494704,0.3330177162914441,0.24223428148312662,0.2435127463834221
TCGA-HNSC,101,complete_modality_dropout,B7,full_learned_nonnegative,90,0.9038461538461539,94.0,40.0,95.0610840295342,0.2381357394865832,0.4902173913043478,0.4676584725686384,0.4505166568766652,0.11268081617799822,-0.3601686440619703,0.3320760876959968,0.2381357394865832,0.23868057505104323
TCGA-HNSC,101,complete_modality_dropout,B7,full_learned_nonnegative,80,0.8076923076923077,84.0,35.0,84.30447379042998,0.23874982429653463,0.47243875278396436,0.46400086599306356,0.4583473064612489,0.1807508476520894,-0.46132490508399193,0.3240591777685936,0.23874982429653463,0.2387261745657919
